feature_0,feature_1,feature_2,feature_3,feature_4,feature_5,feature_6,feature_7,target
8.06142211152966,-0.9120044012490695,0.6582736303321193,-0.4717269183526399,-7.491176733482439,-1.439458909657917,1.1369281464083176,medium,0
0.9958147162830764,2.553534377106362,3.8465263502782547,-2.261893140808339,-12.943063589703009,-5.497655708172876,-3.4137916224360074,medium,1
0.8275587022459712,-0.4783566429113446,6.730025897300774,-2.334413226686844,2.4432142828703367,0.8839295720445395,-1.6792278156880271,medium,1
6.123885717651019,2.047476778361209,3.6554189649599897,0.8347224304770523,-4.1707306701813724,-2.048430448088637,-1.3748258802629347,medium,1
3.0245429161297426,1.70204451840243,4.336656460683262,1.2092922842333542,9.443510011887406,2.9513959297764263,-0.8354416870405458,very_high,0
-1.0674471267873717,0.785926159713825,4.46617155940624,-0.23895718852692213,4.04417429382536,1.3727479610609827,-1.7144202476451709,medium,0
8.174490180956544,0.9291120161429754,-0.1332777148834552,-0.46010015024136286,-3.981353074596226,0.1464135015758974,-0.09852978558276226,medium,1
5.923073641129701,-1.5469146434295988,2.301368872257778,0.19277168971236913,-4.557700008466165,-1.8814793890030208,2.2526955255429977,low,0
0.5352203076592577,5.028888366355224,5.074637032549501,-1.4474039524712394,8.110181018138775,-0.04516482697764701,-2.2534022430127143,high,0
3.745171743477705,2.564786552693632,4.622996438059829,1.758312387327526,-2.351438650767172,-2.06881016811934,-1.9457344141295854,low,1
6.641975297225759,2.1718608779346584,1.857988223493574,-1.0499770270517077,-4.624719419129609,-2.140680241829635,-0.5306128968230599,high,1
5.743981766822982,-1.369670703800783,1.530921403624604,-1.18325833517713,-3.8251366666187447,-1.4294289042169692,2.3498562167588313,high,0
6.9443316495459335,2.320501325197715,0.7319105342902201,0.21434957346831116,-3.510404683343065,-0.44430342318627325,-1.23624096885082,very_high,1
0.021522235596946437,2.612938108372515,5.0689465773141515,0.8524107560632451,4.229581716851764,0.4382183612541093,-2.4524613420428873,very_high,0
1.6924054498704746,-1.4681681963830004,1.7566585824638243,-0.8002957026367744,-2.208971507303046,0.018009172492290837,0.8168113054468878,medium,0
9.097370503490156,3.0343785344727507,5.17714393464389,0.5974748852471767,-7.135188242351481,-3.495938369327328,-2.4334006633028418,low,1
7.165671864768959,0.9340037829861083,6.4693661651390455,-0.1325564977575697,-6.520278523554744,-3.680439805407612,-1.0994809235785188,low,1
-1.2104376764352156,-0.48899050105626807,4.42773635355776,-0.09227653763099433,3.622839306846957,1.5875066816500867,-0.9753071052027384,high,0
9.81103059744279,-0.31954975698351284,-0.6194295037428033,0.30683622004601147,-6.333885575304498,-0.9658768298949316,1.665681934181581,medium,0
5.184095485683538,1.1484369726403982,5.057357382592622,-1.309041733385802,-3.119284949867407,-1.68163019366503,-1.3807999592547013,low,1
3.7598231698205646,-0.12241765844874375,1.2448907091020072,-1.1127913612408449,-11.295376639645129,-2.0502316327086936,-1.8460985451012348,very_high,1
4.227534859414746,2.0278159921297725,0.9310409693695236,-1.1688955386199327,-6.239694969474479,-0.2789484633062098,-3.0282938083781255,high,1
4.307878756213226,1.7692113911348362,4.682217342591719,-2.434441306433904,-1.739604438040271,-1.0677502776880243,-1.8990865960396284,low,1
7.24916834117078,-1.3445178613821636,0.736468143011384,-1.235387685642994,-13.520376662601663,-1.9724660866167179,-0.9235919715781278,low,0
5.47030456033847,2.1824370205973156,1.9676720624191855,1.331824737561456,-4.256026026810031,-1.9714376277110444,-0.8213181126205771,high,1
-0.7641905431026674,1.3966919848400232,4.887822880606518,0.2589514610493346,4.812584988122215,0.4722380498733154,-1.1526923129355335,high,0
8.69865811996554,1.9985568942046052,4.785280634340252,-0.4575574730137398,-9.198997545454318,-5.1089745656659495,-0.6395846906956019,high,1
4.272798355183149,0.44954996564668503,1.7778440155563968,1.4734026707399983,-8.384631571306926,-2.20359326496006,-1.0450741076759156,medium,1
-0.31854951674854526,1.9787733135897874,4.842559444515484,-0.7615547458587468,4.874429306500448,0.9129407714875976,-2.0047170411193207,very_high,0
8.295336293926235,1.7266339180292896,5.038068195197633,-0.3722203974965443,-3.750056513605882,-0.7861094862598395,-2.5422691053264703,very_high,1
6.678498866078085,-0.5086695179033702,0.35312010164827345,1.5848258767315613,-3.4533102804904714,-0.12686312294725122,1.201234754649894,high,0
4.54689700371971,-0.9203870511846927,0.7395569532313346,0.437886371309074,2.5652902327949496,-0.18751643188685385,3.842699807729724,very_high,0
6.787193152386348,-1.2038502733280554,-0.5271578009762656,0.5199606623870694,-6.843179464274422,-1.5617801493460766,2.2404033687012985,very_high,0
6.633326775844299,-0.9136653083048512,-0.21330685223559787,0.13801394418813512,-3.084037100955851,-1.0427733355746631,2.992732097030027,medium,0
0.9619011520308163,-0.2914832170372308,4.705456314086193,-0.22016950950282257,3.9932961432391174,2.4113620728879748,-1.583743893537836,very_high,0
1.0386907190108443,-1.4357419604539827,5.502090636113083,0.4481011694506132,-0.7024452246607432,0.8604724784350529,-1.5418928325105055,very_high,0
4.7009189110146306,1.1640768501834515,1.983457479237308,0.40350190255013113,-7.573491813581609,-2.1598403356177767,-1.3964255304166033,medium,1
6.642459141439135,-1.2016936875114832,3.2065926286102258,0.31649953907913786,-7.814914482744118,-1.8273955268389335,0.0024243717481302607,high,0
-0.3581337508366276,-0.08301502839795227,4.775587134001478,2.1847455692036934,2.910675245842873,1.2673850814167977,-1.3771530854130867,low,0
5.469203648317323,-0.7418893546538379,4.464874240706133,-0.45997284867382393,-0.760343088349314,0.9983373142124954,-0.9568506199957988,medium,1
-1.141805086946773,2.190839918473533,3.843196158362729,1.1109185230431604,6.532804743306675,1.9296333386026074,-2.087965553474813,low,0
5.237291571390845,-1.6916770728867079,1.8270054336074815,0.16751443091491314,-6.494292997139668,-2.0903889398170707,1.8278935498860818,low,0
1.2580648435545818,3.607338733068928,6.447468995341622,1.118916349678527,-0.7874193348437828,-2.6470404181570046,-3.0232832473787012,low,1
4.692321856511371,-1.6058735103080912,0.5487155925582647,0.38788072043538796,-7.828064154818074,-1.334665824623958,0.9372865154370977,low,0
6.578545723045378,-1.8991325920725293,1.8991262414413717,0.7173903947363675,-19.053698833040656,-2.4665593828517793,-3.244999559807207,very_high,0
4.717238577391885,-1.6369115717163005,-0.23068691397292707,-0.01104022892738059,-2.1874430664584814,-1.399530494861278,4.094474944916163,high,0
0.8805997108463763,1.3186412251223814,4.529901113907423,-0.10193579543346,7.215927841249607,1.9408106495567214,-0.9814399577321131,very_high,0
5.844196332743447,4.574450079251564,3.9466723794389704,0.10781804934442499,-3.7238688016606494,-2.492900670172282,-3.223302817673792,low,1
4.299854922797701,2.5834834952974326,1.6818676090983071,-0.7730881477920717,-4.261161124397551,-0.9461910825128106,-2.315243887594493,medium,1
8.452954631561028,0.3701624219680435,-0.762957459577605,-1.1904496031016236,-8.644890269494912,-1.1451028452205116,-0.031695858848763914,low,1
6.696525322455028,0.8029092768389373,-0.18426855378442042,-0.6076935894372079,-6.096444186113389,0.21144919368568815,-1.2853189792241921,low,1
7.930726590587375,3.6615270941317877,1.1639862825944558,-0.291632267811213,-5.849970167950919,-2.475806482190161,-1.4980535440611302,medium,1
6.801154080167541,-0.18718737759231785,-0.8066563461401604,0.9663210639940264,-0.14136789852251858,0.5335987596281879,2.4225640071287375,low,0
5.274662285723728,1.0455606603843721,0.3776423883971649,-0.8485769463432735,-10.41849999525291,-1.318247577889576,-2.5086195900385984,medium,1
2.9379562336327436,-1.526414056056197,2.756282083344816,0.7774762916035834,-2.375667887011013,-0.7843305787052458,1.3121085214004273,very_high,1
4.486090443068398,1.4451016900483882,2.843239612530815,0.44114056246220834,-5.164355040211019,-2.2981771963056805,-0.8926582647329123,medium,1
4.387426543228254,3.4460768145901377,4.3929469209005285,-0.189833621107447,12.855231618524833,3.1688188901282013,-0.8378199349490654,very_high,0
-0.9568209519912902,1.9768774198581904,3.5015307472537893,-1.9195707191161073,9.451164049605968,2.9303712624764158,-1.347624253209219,medium,0
0.8354884073337621,2.744521206408609,4.067570436899074,2.0046091384428055,8.232165903107024,2.5262052669850155,-2.1729328155977936,low,0
1.090376080940971,-2.3020169871112426,3.319411465080035,-0.6579388801638609,-3.939526237917268,-1.562831954769175,1.447392461899549,very_high,0
7.92029576457096,0.6959204001627248,-3.4598329584315213,-0.7048042164811751,-12.863376351176205,0.4242031478605861,-2.557626836593875,very_high,1
6.690080667784377,3.0724792670634002,5.1188539251459115,0.3858321042955665,-5.598041636605206,-3.4449128933617796,-2.219796100693409,very_high,1
6.156061861452654,-0.9896228886845488,0.14730205723836498,-0.12463978205928761,-0.24970620266155225,-1.1331519051809595,4.193901794675636,high,0
5.614866954295063,1.081151144740287,4.5724221653596135,2.506553639927738,-2.5034256673655415,-0.8311649245571461,-1.5697253312736015,very_high,1
-0.037684461403229896,1.1034991933351022,4.758689644271309,0.6489907587746987,4.688849661792085,1.1266915034773253,-1.415849267712363,medium,1
1.7590039938953885,1.8739675531715483,3.2853214625345917,-0.13812269577174943,-7.5870001846052935,-2.598030526995065,-2.852164391455733,very_high,1
3.548648884071458,-0.7001842597274293,0.36952538436917237,-0.16680881336203626,1.65603497294306,0.9629123723286823,2.0399317746754644,medium,0
5.420163632370167,-0.962274756025776,1.6954878524906554,-0.19746943657780153,0.7299000334513662,-0.7255772038434557,3.2246038705237527,low,0
1.186955388725878,3.6604802124050657,3.699707082267819,0.791802764032338,14.22988785288636,2.702654470635177,-0.12705409418317992,medium,0
6.392871144781948,2.9664697303166117,3.2982410463807086,-1.1242660372007278,-3.2871608974298354,-1.3609355675225185,-2.2700045833485087,very_high,1
3.235031112717781,1.210069779239782,1.5333607480040667,0.6287602883297597,-10.926363123040236,-1.7048493719409545,-3.5032221906868832,medium,1
6.16653803534715,-0.9685887414246639,2.923591046297739,2.1040674448125696,-3.0350138882061337,-0.9415474121095793,1.1677304875485204,very_high,0
1.6490052426681285,1.6425091013825723,3.9788731285098047,1.5124045605978378,10.26791487866089,3.1415145519708876,-0.6547155919198591,high,0
-2.0583045565308202,0.6978476639911113,5.055292953018354,0.014037628086179062,0.6570008484878248,0.1019008269831787,-2.4023012763867246,medium,0
6.977462494678922,1.8053402924755897,-0.6508459978756833,-0.13655019572537863,-3.729259519820482,1.645224248245797,-2.2761616609741937,low,1
-0.6682113452442562,1.5279755540621407,4.204962911410911,0.24601874781834857,5.7153474094721375,1.8881958002521335,-1.9299600504416659,high,0
-1.9587119447039072,1.3157425933643438,4.420385596284006,1.0802231794596036,4.225265191557001,0.4423085253822445,-1.2899271543165414,very_high,0
6.627087609804914,0.6307644319475886,4.3620947230632865,0.267027722482989,-3.464003647125766,-0.9326843872109307,-1.1988523839007406,high,1
4.216708192151643,2.7495153868533104,4.852405873273026,0.24910212485172192,-1.715437224266658,-1.3630663848573885,-2.5862915216905082,very_high,1
6.821859773871432,1.1725549856598665,0.9371109273763887,-1.4687780705806925,-4.110205228374745,0.5101971191610741,-1.5920463864901306,high,1
5.383176663564717,0.9221149526375406,-0.2237800274168289,-0.7099222244561509,-8.016040088722029,0.1906414317642573,-2.4915490934075395,high,1
2.3990725480146047,1.906810228641072,2.905112082517003,0.6593260998463234,-7.95570282803425,-2.724027967111231,-2.5977215213595475,very_high,1
-1.113821919512981,-0.8443083706433421,4.488443835590601,-1.3540096320922133,0.9755110489699956,1.8560162550169426,-2.1800578884572883,high,0
4.986229811837346,2.2153567980819937,4.781560485919471,1.5962847852787079,10.641853204979537,3.3918002930208497,-1.0783596273484872,high,0
8.903279285395744,1.3424726050367386,3.160314704598086,-0.8676549169384887,-4.193960197313002,-0.350215900100866,-1.7161586998334564,very_high,1
8.11861689421075,-1.1903984378876715,-1.6260137652347701,0.1568625658532684,-11.367220010054922,-0.46597775570536504,-0.17438683476025751,high,1
2.637297621475061,-2.363105335876051,2.512248189296171,0.5100874314094882,-9.71559587544396,-1.9978945519374534,-0.01512032523090312,medium,0
2.4886826581269297,-0.353526339387896,5.875387425930314,0.512952895693761,-1.2326403446627465,-1.230028829109643,-0.5433655139469273,medium,1
3.9514875657797752,2.3970155896611396,5.1193831929686215,0.941162289147808,-0.07759406389392182,-0.1729521302360999,-2.928363370024172,low,1
0.22676427838877222,2.7034446989609116,4.660139416040156,-0.7126320106134559,8.163261594952683,1.0698580083260434,-1.0932155573011073,low,0
7.582616539348316,1.3814606041371442,1.0913191813053784,-0.0031408455311108673,-3.0249108369846285,-0.5411811396771908,-0.12843005920909345,very_high,1
1.397730540726626,1.2710177476033295,5.883345128083867,-1.296912765327226,1.6892338342929216,0.21340474895208295,-2.3667480873105786,low,1
4.276839850821233,0.4080113094302775,3.1487311548828103,0.6767758188035159,-6.50619248387173,-2.7233635101233884,-0.33629527042712315,low,1
2.786973959738999,-2.095993479793681,3.1448999762493703,-0.1907570704064489,-7.879309945849549,-1.762872373928343,0.038211225400700766,very_high,0
2.0481663814887456,0.2120587874056754,5.269470150217467,0.8714993532681475,-1.117618890050809,-1.3921289415439801,-0.5904544818629591,high,1
4.017675925349868,-1.429176936545623,2.5429777125210538,0.19382862443729976,-4.991779051554756,-0.9331580385491458,0.47336419927404716,medium,1
1.5485262649926375,4.370691501395944,5.5028566703000275,0.5072199834597575,-0.22440733477103766,-1.9958238440429754,-3.5648504338800686,very_high,1
4.87512139472057,1.8339777158202657,2.1216054111923333,-0.25186274788663937,-1.9507777426234754,-0.4977820017150698,-1.1494265446414396,high,1
1.7981999559927835,3.19553865144381,2.508694440799776,1.068299426099848,-10.58358482484497,-3.4668189638375093,-4.127232665176038,high,1
5.562797355437976,2.3177775918091497,1.5008905510128738,0.6465732432065855,-4.616005278711729,-0.93187371860524,-1.9196641057285948,very_high,1
6.633493053944705,-0.055082410442527596,1.3307799873852042,-0.15528194383006086,-6.0638198387255,-1.4162487636704941,0.3651781156672915,high,1
6.14819568317775,-1.0578112522169483,1.631935016483036,1.8616381282435233,-3.305598562831689,-0.9354532181591415,1.815721659947087,high,0
6.2945917444676205,1.1551579603049937,1.8077149940958175,-0.8809523713716348,-3.1814045619098446,-0.28821691315289066,-0.8864493399293766,very_high,1
6.09669182347765,2.156026708413724,6.369685199004097,-0.718233575576893,-0.2992049267620898,0.6204616617852361,-3.9152697789647726,low,0
5.421314194306226,-1.2315480055339556,0.34126881629480277,0.8800783713874624,-6.107976012414172,-0.866639882942444,1.1616427731621135,low,0
7.927060703160891,-0.8368411126134697,2.191064985891646,-0.6970998761696059,-5.495970792327767,-1.2302820896950553,0.9240541908134506,high,0
7.796693157738695,1.9015975176329216,2.473101438052289,-1.1795865104475178,-4.395575168121231,-1.1715831050237684,-1.3013410286147602,low,1
6.615261856955816,1.0125310725280103,3.7296621967426167,1.64911015563749,-5.29972159294641,-2.452922466822246,-0.48636964131262417,medium,0
7.682970087101765,-0.18918789984061601,2.1504122337508487,0.30095584727359065,-3.501273743246122,-0.1093353619209172,0.07826941256747633,low,0
6.979502296996523,-1.456890098165146,2.9001592880771727,0.8315259225338476,-10.372918364211003,-2.171262766263671,-0.37270148719404195,medium,0
1.3970783482852853,2.3017058548510327,4.042141252064514,0.8649960447500217,-0.15437212205584855,-1.2489742031936215,-1.6509257011143534,very_high,1
5.714356234917031,2.5535378345710953,6.0246899422935885,-0.3288461777684909,-4.605914606894744,-3.193939908348818,-2.2172916153867366,very_high,1
4.052198247113543,-1.9495990853279719,1.113108179257789,0.3370973405700532,-2.1885735021146355,-2.2342843155316015,4.390282067714811,medium,0
-0.05790788956441073,1.4544171746427899,5.484422728910236,1.1493439880789935,1.2829892555465365,-0.20279432103050432,-2.3462074755966977,very_high,0
2.806240811726558,-1.698023346847463,1.3131944064697236,-1.8054126316296617,-4.7587834862951714,-0.7815730997330113,1.1139365511611952,high,0
-0.8787479645299916,1.0143955468596806,5.1055975264109605,2.089741824385964,1.3882273230250304,0.656265647004201,-2.732658244810449,high,0
5.496123213589303,-0.9653382196330303,1.8164744479317227,0.5945941743082309,1.9091900647119213,-0.7176115506495419,3.7179583216412047,high,0
5.14823420132168,1.4007300832786598,0.4230229169705986,-0.8650736165331621,-6.918826053616128,-0.09218160201759429,-2.51870173473712,very_high,1
3.983292207122753,0.9067429539002159,0.3177655209616548,0.5655857248272574,-13.693524651944852,-1.8272809546082152,-3.5905886399807847,very_high,1
5.087710983167378,-1.2757571158539511,1.4016311318254013,0.6355947441715268,-8.04155374822263,-0.9526930887542101,-0.2501860465663761,very_high,0
5.3130935167349875,2.1549519761004046,1.2042888437393373,1.0744534225905316,-2.3153018893981296,0.37093843290105677,-1.9329269001401925,very_high,1
3.9686310316279463,-2.1848091643237835,2.200833047695109,-0.618521970042693,-7.020043853277715,-2.455226458429672,1.9716305296273613,low,0
6.3668790214453574,-1.9981324096777575,0.4718124125153689,0.8861887912368289,-8.55104835907982,-2.9531466000090507,2.9894625017834566,very_high,0
6.723108691917932,-0.41878255853985036,1.4228506292567784,1.1352183841602246,-0.9192947640040888,0.1037780191457558,1.4893477384200347,high,0
5.067656997620154,-2.200430004834877,2.5180911387442304,1.196577123783609,-6.757533563190657,-3.0572875147674883,2.764595766996406,low,0
4.889303227566079,-1.7746829402911946,0.18513951516718663,-0.07037299299851747,-6.027782582139417,-1.902653508377758,2.755101687598018,medium,0
6.782433973779211,2.0821265233076565,1.7748739177444262,-0.09221777746041823,-1.1747298052034418,-0.417970136247966,-0.553008050684673,high,1
-3.6992632897088455,1.2881408876592675,3.7931892098844457,1.6812132435587102,5.383769596311511,1.254204422632919,-1.5484494059479097,medium,0
5.350131649367455,0.9423952568114651,1.3052942281275643,-1.4361730743703192,-5.703113008823006,-0.16255733343779122,-1.9020461754288065,high,1
12.860712015266474,1.0158908181921935,2.5843010148578016,0.6010348757008377,-8.516747395949093,-1.765897845668049,-0.9183266222876597,high,1
2.0563500278687403,2.298895444634981,2.5025714581010745,0.2746746745346309,1.4465679140997454,0.6956329550875524,-1.9571517203762108,very_high,1
4.577767743605318,-1.4380540890063063,0.41997013972468,-1.042495698662893,0.46027997570877266,-1.2241081543407568,4.587104011083447,very_high,0
4.842912776898592,0.5844759288400158,3.388849306966718,-0.6904653703020709,-3.3464274982387234,-1.6510598200531663,-0.15950756722148474,low,1
7.4866278197822576,2.0601237482937798,1.3545771289910928,-0.6393255226899839,-4.038746016796983,-1.9718709766289826,0.10091111140020836,low,1
-1.5076642228549044,2.618902824970654,4.6651588480765716,1.006819722077847,6.604705744610354,0.31672791114793397,-1.2881626708023135,medium,0
3.4709890288976295,5.690886985912434,3.0597528797241886,-1.3385479226637653,-1.8661223388599684,-2.2961240618673435,-3.5387619648092032,medium,1
8.110102925756276,0.15905213146684405,0.4254743062133848,1.5080755818892022,0.39939720847593063,0.6700992679010258,1.790689883757863,very_high,0
6.095229904897858,0.34642750318305016,1.2099395616641722,1.1257498317298291,-11.85699326873934,-3.436745705376901,-0.6452459141858312,high,1
5.236126774259424,1.518261135491735,5.287090359688434,1.2440396294893685,-4.676369876061291,-3.0456073625116034,-1.1464281604459288,low,1
4.392344358185412,-3.2457976806280597,2.449963658923557,-1.1285027621107424,-14.401250719940201,-4.569504085766149,1.630358357407927,medium,1
2.8395098959978724,3.6690197974731373,4.775853323248701,0.08133978846406179,11.507162943969707,1.5524791848113326,-0.49113552640563274,medium,0
6.823134668972427,4.316658650974773,2.8415927003337673,-0.5699284047421741,-4.745287882555652,-2.6152991738908122,-2.5545639587741373,high,0
0.23955283875719546,3.537194352611955,3.721362573868847,1.1953415443682254,13.182319638784426,2.270331769081345,-0.24331304145555377,very_high,0
9.262100729741682,0.49759032023705774,3.6180894127939682,-0.09920145443594948,-5.7692994932590445,-1.3887663464072322,-0.7854866562632448,very_high,1
-1.26375125739481,-0.2266106677878965,5.09786811305702,-0.9090547463946368,0.19094493606881546,0.36649173578321026,-1.9253497920348188,low,0
4.6594105067361635,0.016141005566899125,5.233509925541627,-0.9239482206121884,-1.849762998717981,-0.6215776712876143,-1.046782387360402,high,1
1.6159720927223598,2.9216427606978534,5.289141284169974,-0.9135110303625347,5.750136645574468,0.5401575803361951,-1.9533261539226765,medium,0
-0.5935686277488466,0.46753152663997266,4.549914487883147,1.174550713454525,3.0069312789494553,1.8626482584158044,-2.3731732514848174,medium,0
4.509248679913409,-2.056976934283414,0.7923120080922312,1.0204253668158676,-11.609707192129319,-2.0989012486603538,0.2097438439235324,very_high,0
4.028359730288084,-1.001807801055405,4.2875323552990015,0.11167469937822788,-1.4095047488546357,-0.12390233060091638,-0.030639070031082793,low,1
5.544110366863237,2.453309631882036,6.527466925975791,-1.0705598697252976,-2.0805664410481852,-1.2507476086535356,-3.266816260487527,low,1
1.259262453920263,2.2538947354002192,4.419539244220666,1.4310532070058795,6.831098953720854,2.4733350238259946,-2.4367163704656565,low,0
5.644609943500365,1.916711894925076,0.874044736167114,-0.548078701828592,-2.430418361320589,1.6431781753707129,-2.8468757406670377,high,0
7.313502370790907,0.9023868291195503,1.7567834873436974,0.7866123436584692,-1.4809738464074718,-0.9567774361513789,1.048586071788003,low,1
9.808962238974612,0.8520780031461108,4.216366705467639,-1.0653300295671548,-5.8022565366427505,-1.3128253870067328,-1.4269558014543786,high,1
7.536153343846188,-1.6835891410828645,1.7676200657165944,-0.7989693987788306,-10.870586566274925,-2.865346381711545,1.0412177347312204,medium,0
6.532459870308319,1.703569426012006,3.089272948841354,-0.7251428603150535,-3.2153870746799136,-0.8417022449750335,-1.4820262467911065,medium,1
2.8713228273640654,-2.0847566732478726,2.5993005758023404,-0.7659107558207607,-7.814414369474925,-1.6753806155103694,0.2799901383617538,low,0
10.550073946478866,-0.6256552441183623,1.0692112747859266,0.338614348520669,-13.081915986385654,-2.000895867038337,-0.912617274868365,low,0
5.985196926597831,-1.6107465811948953,0.3520202277874067,0.1967133888093091,-5.646915551700827,-1.9399107698398352,2.9349744322521243,medium,0
7.342295386471517,-0.5223222152536752,1.850550905711931,-0.46758010213784384,-5.994671950028939,-0.5114230275498003,-0.2648507358326728,medium,0
1.8915297995171922,3.399910206735443,5.078034209845992,-0.472833199285991,6.934066431893022,0.9279267879753452,-2.0733307160626215,medium,0
6.758444823970972,-1.4590049561785834,2.083589068292139,0.5889505185562172,-9.92508104991847,-2.2299085671259715,0.30209969839395967,low,1
-1.1153565110577497,0.9267640924439506,4.063984471120968,1.3685388811557941,6.645269840316006,1.880677295406233,-0.9456218579473613,low,0
-0.3238418385197299,-1.7683971923146227,4.5144736682976045,-0.8335672179657946,2.646972568410872,1.2141871132951811,0.2422757337167616,medium,1
5.542741585822713,-1.083684933807806,0.5726364062664633,0.5861193081024151,-7.179111387336543,-0.7075067762411053,0.2583812274516759,high,0
5.083145037009012,1.0589228100004093,5.476199396961572,-2.1548839800101347,-0.4694983517798307,0.42328688757117017,-2.4911497944794196,high,1
4.52607997447767,1.0691666460775124,4.674351612628,-0.20840936185230277,-1.397386668378514,-0.5001977093724542,-1.6436762991021183,high,1
1.5840761270042774,2.3347687221900624,4.267757682886025,1.0259286185837684,10.560212917714754,2.3629741152872095,-0.5124047371486088,very_high,0
3.452696891389111,1.0537817662476499,2.1275592600984456,-2.5535464399854013,-8.235395619560881,-1.9545121856822665,-2.128218849915202,high,1
2.3602499917186717,-2.8798008350150974,1.6092650642316666,-0.40875363171029566,-15.411836372661593,-2.7203432613942975,-1.0136593210128249,medium,0
7.042030819308336,2.3541415564323875,4.812399948342591,0.19744241470321328,-3.464941072207876,-1.2776504248066738,-2.5830014555464276,medium,0
2.8723099809362833,0.5188517592126544,2.8763926566806775,0.7419491288816875,-8.865511794121737,-2.4256084227969215,-1.9607644011459349,medium,1
5.7841117134634,-0.395604367299067,1.174507560774637,-0.7066767726123805,-2.5498993539708943,0.5645930816995435,0.1895980943841309,medium,0
6.039906975471769,3.2000069444240573,1.0105385800735118,-0.007130928348108096,-5.159518675087695,-2.719396343132095,-0.7701465153735962,high,1
5.841615983990133,2.0265671925210755,0.2392669763075288,0.5796322896016491,-7.766307028959605,-1.3202632510650878,-1.9835120011654221,very_high,1
5.381399280810992,2.366506452270871,5.893872352754311,-0.8376470270147469,-5.326229027885841,-3.8409615910692194,-1.7027124284827737,low,1
1.5139562997938407,1.1434503640390499,3.555333769579021,1.1584961053842173,1.3372734110312499,0.4312026363943273,-1.352489461182881,very_high,1
8.566484016104788,1.5483913347266813,0.7447810802551564,0.3885705227091106,-0.45799362518708836,0.5564399732983691,0.15091147727364906,high,1
4.89501528695568,3.160112770571941,2.4833337940996922,-0.3372773961776115,-5.215256212532898,-3.601239685012391,-0.8595562735997327,high,1
3.3614538248767865,1.8469192290872065,2.906660253104624,-1.2415748944042433,-7.77399196467075,-3.150189596859902,-1.8381282229657119,medium,0
0.6411208499380538,-0.7392154688320605,4.607714486127955,2.26720549216833,4.773968812799467,2.090201421601644,-0.4840371264397678,low,0
0.5660946796309407,1.8437603181871214,2.211346782425674,-0.41761486195061287,-13.094501692438943,-2.97422213718949,-4.643241924724494,high,1
4.7252127450835335,3.4598651777388367,1.9532589032015273,-1.1634510576924852,-4.913756898210203,-1.900316977874734,-2.4993379150790993,very_high,1
6.718823783940777,0.051003339747383025,1.001741878045784,-0.39722406632871454,-7.031850398638242,-0.9429569056052544,-0.47942924905986883,medium,1
4.2262027584276085,-0.24899549014586309,5.4583676542605994,-1.8045528747621589,-0.8088676806423947,0.024528700338419585,-1.1915974691400952,medium,1
6.834604368016082,0.3928960094807892,2.971166780015004,0.2843218731140947,-4.859010134842777,-1.7226514535227828,-0.018618653427906473,very_high,1
11.25159172643948,1.3659986052915416,5.112443481587894,-0.06810577758475775,-7.120165344042691,-1.994068575047177,-2.0240604747281044,high,1
7.172215162182892,1.4955917458055912,5.30640766119927,1.0348943646321993,-2.9170914166408055,-0.6710937457105948,-2.416665723334578,high,1
-2.4741291719288823,2.9416113322049053,3.9937178187850146,-1.1855391524108942,5.939962204129823,1.3241794862456893,-2.7522964058573067,low,0
-0.9788606311935322,2.630995640598589,4.475610408197139,-0.4479586286912456,5.934933794775387,1.0439037587732742,-2.1642972870047608,medium,0
4.055176166146364,2.535944653083157,2.8582221092614173,0.0905882672518067,-7.914638698073855,-3.5139117030655775,-2.0004041302107085,high,1
8.422226802485667,2.0180016861580774,3.445253339972335,-0.3472995410370332,-5.390965360401847,-1.8586282408133814,-1.5723196420224543,medium,1
5.958305650014532,2.487553791970404,1.2866134224043626,0.7859051054521764,-7.3910368966771545,-2.357692343703342,-1.7016197960992898,very_high,1
-0.39229965897112473,1.8972138400451986,4.373162845130703,0.38341290624159735,5.7885625145595725,1.3137210390531562,-1.6774695971350082,medium,0
-1.4025738849957232,-0.5876607012456403,4.695136941594699,-0.7361943193968215,-1.5335012578224307,1.5162736919946218,-3.399514711655052,high,0
2.471119864097106,2.2122842175526056,2.5800378378585744,2.27630901564052,-3.2770091235122063,0.2971977254346594,-3.6348710414391525,high,1
5.986304988272048,1.671877786725069,6.5670719294107185,0.04966964980859958,-3.667392287274084,-2.1688712656732645,-2.2813384065977242,medium,1
4.431652223967879,-2.0500969216648826,2.3155491414445066,0.3027948991843149,-9.894854849028722,-2.2206813463065016,0.287251383551826,low,0
4.071413295898898,0.5247805197167211,0.7551977280362743,0.6088693445152831,-10.10989470834263,-0.9230405670491175,-2.7280389251697947,very_high,1
2.392998529437142,-2.580696838174619,2.365857807775132,-1.0610608909496546,-5.125229440864397,-2.638271562779149,3.024451498980169,low,0
4.276082298450595,0.6177639809172233,4.256708555932189,0.5910375889910462,-1.8095316995772737,-0.7634308395758499,-0.9703091110083806,very_high,1
2.333275852055944,1.4145590303097868,4.927495359471357,-0.8422626599546704,6.6607754545382205,1.6891176062493716,-1.0131608382321091,very_high,0
-0.39985448255457623,3.05214401421246,3.476576474818204,-0.5764956388593869,10.950472995206972,2.9024283520308147,-1.4834193921479637,very_high,0
6.792393809057751,0.4492556154807015,4.736604033906886,-0.3516348718257364,-3.7461363034137025,-1.1221947899502038,-1.1412689407326488,very_high,1
4.226361279054159,3.027026180790516,5.692052643072234,-0.11965707202359134,-3.5248216798355476,-3.083785478176359,-2.3551564377515803,medium,1
3.480162117977716,3.326661210896612,4.544512051948347,0.43512297692707363,-2.8006830379630347,-2.734018165529603,-2.1680549645284337,medium,1
3.4266253521721244,-1.0798786667366849,0.2782051728552908,-0.054558085577774265,-1.8871964654973388,0.1217082171162529,1.6318038803979458,medium,0
5.139770909060535,1.7415522090675821,1.6757502491229894,0.08844279071924156,-10.11391433082416,-4.110744638880492,-0.8378484744664245,high,1
1.2720610406684645,0.5960992025300923,2.6287146525228966,-1.5737039634274943,-10.129065823254368,-1.9683361243823674,-3.2582803120903634,medium,1
8.028706808929226,-0.18946501528454562,1.7738392186422773,-0.47059556989464096,-5.8303331902576,-0.025520376037820203,-0.8264154417023697,medium,0
-0.44899606939096337,3.5356534221824516,4.057751494604576,0.960082253856329,10.320758951874327,1.2854585144882273,-0.8676401872514066,very_high,0
0.4338381794445878,-0.12340652085916548,4.031036866229497,-0.3019256537406014,6.45203796593294,2.8246610168280424,-0.7494269686516645,medium,1
-1.7727679637634202,2.055686302117836,4.114407716488222,-0.742919448755533,7.483413682816943,1.159235027194148,-0.9869817929632039,very_high,0
0.10239906922625197,2.1454615057159945,4.94952020905955,-0.502182611943739,3.8752402550946363,0.8559646639706636,-2.5441182894384182,very_high,0
2.6884372274227344,1.650463678914703,4.26911490638646,-0.9648122052365855,9.588432614891547,2.8451024747105995,-0.6362908072938923,high,0
4.694003186865523,-1.4331564758858897,1.407389392375212,0.2757280257190266,-5.099493419230648,-0.9695352429499037,1.2079535929423817,very_high,0
6.060480828266406,-1.3222337214219477,0.8981328067004704,0.16496416967973948,-7.97194030631163,-1.447343192631733,0.7924798161124925,very_high,0
4.139294045248491,-1.3456679860433032,1.068277699894613,-1.0179065058935446,-4.575056134428525,-0.6093399842620446,1.0806492175921154,medium,0
5.250231479674293,-1.3909408556310847,2.7883738882941027,0.7836500389466821,-6.63480099712861,-1.153055171322297,-0.0046421067769102375,low,0
-0.01701583540998186,-3.0996871570212923,3.0365798359229164,1.110780636612595,-5.848399959133927,-2.6354088808875593,2.344543272903138,medium,0
7.179022286393832,2.11987657999689,4.349035036056467,1.3829840686776071,-5.737472490199158,-2.9562837499733865,-1.4119513296647939,medium,1
7.288279274208365,2.719480136714926,0.7452447700832572,0.27840630730933624,-5.821724318566614,-2.7116554077890513,-0.27191505643433245,very_high,1
8.332107712760962,2.2136800534186856,-0.4127440161215432,0.976275498193658,-3.473651918472866,-0.0729967277100112,-0.6256823819873243,high,1
-3.1426483046277545,0.2044977779555619,3.7954597730710957,-0.44823003381722376,3.5536695190612533,1.7188633057952012,-1.7926587562644118,medium,0
0.22192618879965043,-1.677563360965678,5.12715042860631,-0.4709801298122202,-0.4035629304104428,1.0894807533799136,-1.3670436882353576,medium,0
-0.1487721725019706,2.971866574239357,4.37510845533768,-1.0298330165061524,1.8696361823662992,-0.5961665443277436,-2.4636569548142937,medium,1
3.0976706773428737,0.477854882759601,2.016212878101087,1.1735639210649231,-10.760563603048254,-2.1442498339855773,-2.5898437526533264,very_high,1
-2.5326838953162634,0.6690667309038149,6.619913629087335,-0.030150791587359328,5.11565730112957,1.0753284730846766,-2.2432949123893664,medium,1
6.224059760438044,0.8248642543356842,1.0776733131843192,-1.008760913289674,-8.151349397328897,-2.3513900837283543,-0.38172684943994817,very_high,0
1.5318320440915594,-2.9302325912603795,2.2412162259026847,-1.809081657063394,-4.358955298199171,-3.0071084469718437,3.991280580874206,high,0
2.8270281859365776,0.16791058066527542,2.2256327214131812,0.12368996093279369,-10.164158863738635,-2.2633642606205546,-2.0691958801455463,high,1
4.838803826368408,-0.3371309302169494,1.4367200192128675,-0.10939406358845014,-8.50664464651543,-1.280666973097556,-1.049725793537581,low,1
5.241190000464255,2.5919336962954755,0.3730805010612013,0.9066790461802173,-8.695346440338529,-1.6158957544014467,-2.811429186603866,medium,1
2.874672663168213,-1.8296379311627735,1.2563399970143736,1.672174994619908,-7.810767939309448,-0.9036022403615894,-0.020360953333510734,low,0
11.216672889312871,-0.4571389061293787,5.898781210772766,1.1486365833993584,-10.082967855185018,-4.143322506239996,0.051825023546725024,very_high,1
7.301403097583972,3.3882176402120745,1.39732213292722,-0.17325254512491187,-2.671446852428735,-1.9862348634055824,-0.5163750608123642,high,0
-2.920965437691909,3.273328465123657,4.399468519889358,-1.2024279353911893,6.310786960883403,-0.31000864632558756,-1.4915964312463115,medium,1
-0.31729736359154215,1.3790654136473286,4.197447746385835,0.013837615574695601,6.845782996921899,1.7551738096337144,-1.058999770158312,high,0
3.574856240705918,1.8456963527445465,6.940953997355191,0.9270080235836287,0.15388142656773265,-0.32620041088894514,-3.2188738200458125,medium,1
7.383423904031409,-2.0334766975870275,1.6133313738434354,-1.4407984768920035,-14.930228960313006,-3.4061158815560444,0.0818563048832408,medium,0
5.483456960510167,2.3761843375200344,1.5821979999720694,-0.4324850341395971,-4.13668462249959,-0.8576246812012501,-1.8852217029807727,medium,1
7.404441956539446,-1.2146478393247977,1.1425906900331226,0.4550857796679078,-8.757047454965743,-1.7303557299255654,0.7382995321970667,very_high,0
0.7272386945283087,1.9209730215884628,5.137651425852663,-0.5618054205031231,1.1774955487427843,-0.5608315510475329,-2.115544172770976,low,1
4.173532049475146,-2.1002089863568636,1.952947505795601,-0.2072265959496719,-11.907197906114808,-2.1430625193580877,-0.5376248254165725,very_high,0
5.287244861369983,0.8817056354996176,1.9250922245031248,-1.4881896920470272,-5.735078474548926,-1.5317597906885803,-0.7907719544065701,very_high,1
-2.010221326883678,2.0842605549894264,4.3536563103837995,-0.5833301917013975,6.457715426881505,0.4618924535078124,-0.9431722061984651,high,0
5.527394280471919,-1.642503435242543,0.5010776812205697,-0.07326006439158944,-4.789438805914706,-1.8065278336208057,3.0596849875009466,medium,0
2.715786709100788,1.0669007996296866,4.254893017190304,0.09543880889560473,11.207246772015756,3.2684305834629424,0.22614572492272056,low,0
1.01781790406897,-2.272100669890578,1.4875919602880248,-1.69314657368186,-6.06091678816218,-1.096234370287949,0.9289088945824704,high,0
1.6157098498086193,3.7584102157418573,3.8753764474660786,0.07599958290292175,13.457793700178408,2.8906730866524186,-0.7875958452702655,high,0
4.721497559479387,2.084466756932507,1.9973664603319383,-0.6222161194090939,-4.9595664697920885,-1.196548455100218,-2.019169178462775,very_high,1
0.2220095432906395,1.1396559764651704,4.716233716078795,-0.19226924310035973,2.8196560289592822,1.7300383658354288,-2.8755384243541195,high,0
1.9983384547161815,-1.6269423369079947,1.1649957242739557,0.9269832033713273,-0.12696571195516654,-0.4484808472545134,2.7960720237597894,low,0
1.4517466828130323,1.0785781850106617,4.311148517317397,1.1605103207167078,9.950088235931629,2.747355812080394,-0.09690714009211754,very_high,0
7.737201000786932,3.531961994922952,2.323082665917888,-1.7428625614076336,-5.573577955158463,-2.5308562058698145,-1.8601178291176912,very_high,1
1.577497334883328,1.4840701499278581,4.55626736785349,0.12885948833046365,7.553564226821763,1.8740686457011884,-0.7903551556536688,high,0
6.835708535714624,2.3362418517684875,0.30386738506370436,-0.9351217448607463,-4.522016703064887,-0.7159631603180824,-1.2285623248660715,medium,1
-0.7421246702023843,-0.5330305261393744,5.156617861851531,-0.8951033904044122,0.3099697071807592,0.6617668754417161,-1.8310267423936293,medium,0
5.292568329177353,-0.14838399572165284,0.7581767259555923,-0.26407689299845505,5.01233394305155,1.0593333838408823,3.115917189034869,high,0
6.362865859578825,-0.7722875563836715,2.0190808470718338,-0.8965847031704491,-0.8920630671566031,-0.4648976748688547,2.023125902863223,medium,0
3.998032736625434,1.5604871040103194,3.3489491654501693,0.18297948223309016,-0.1300111374344245,0.3852175999189633,-1.7960548457635905,very_high,1
-2.8392774803625143,-0.4502713926258155,6.027451358798457,2.649466783351987,4.097813202855502,0.49674646268672173,-0.8312451879620717,high,1
6.860980851484384,2.802639186269894,1.036666021923997,0.5546795138745427,-5.713241407220795,-2.9021254913535994,-0.3377496806418929,very_high,1
2.6301859477584384,2.9170606947181263,4.481015852567287,-0.12083312869428357,-0.683677406766679,-1.2824911412329412,-2.4344083606786686,high,0
6.319333935279122,-1.4222710539833592,1.5396936507840087,-0.7262334454100828,-6.9664633676928585,-1.7702146976750421,1.3871437046605977,medium,0
7.9726117631731075,0.24297946884288746,5.029159785987126,-1.166280449422722,-7.006069656695089,-3.214975866061939,-0.2443410341833594,very_high,1
5.140699342997548,1.0716480346089872,2.0356892804956863,-0.5384332894205888,-5.612961365215209,-1.756371850441025,-0.7617539653876981,very_high,1
4.922523420178056,2.18745031421412,6.000524373586493,-1.2303901794807628,-3.5895962567306987,-2.6664178516966004,-2.0897318215439555,medium,1
4.952772324972564,3.1569646349880287,3.263527222768424,-0.4790516366855416,-5.204474561644821,-3.6910616145986226,-1.1721374258438755,medium,1
8.587167677888752,2.025650299086864,0.8217191897107874,-0.44170182309356865,-1.2358073186754412,-0.2641599010159308,0.16484013732157599,high,1
7.80350773791519,-0.7831712288381678,1.1148134172328712,-0.08367975211743213,-7.647453583588516,-0.9699619177510778,0.1632453323168772,medium,0
2.3376707319761185,-0.029867382378894636,5.314260873920442,1.8920503662627821,3.4866470259910045,1.4016642062578812,-1.0874123353668508,medium,0
-3.3080602336868346,0.6181944046070038,4.3427098356121,0.03583922534099017,2.956742053158337,1.1324541145873863,-2.1695047668733087,high,0
0.8334085548339163,1.4902946119873115,4.209755715836188,-0.46836753585964114,9.137919375956754,2.4435775030033846,-0.5969216024727729,medium,0
6.556197755083525,-1.7251378656415453,2.1617087518500515,-0.07608929129306179,-12.12711108867476,-2.353090480983084,-0.4351971822830176,very_high,0
0.7341956092443902,2.834630492045002,4.15216689951988,-1.0038724161052148,10.0552345585135,2.293394840707797,-1.2276930993905688,high,0
8.297780808371156,-0.8988359539512977,0.49402951141977125,0.020739359847914442,-9.255935878852416,-1.5290460097231553,0.5273213064712045,low,0
0.8766074188527886,1.5741425665547202,4.84904729052023,-0.5746856177518893,6.282579123395636,1.0579153210521726,-0.9093678012321805,very_high,0
-0.6018310486710496,1.3707580363886591,4.392923539095837,0.34437912479480864,4.7718708076639995,1.4851807513186304,-1.8988472161207304,high,0
10.462141493788348,-0.5656990501876296,3.593964384830506,-0.13558110944731375,-4.118501556957846,0.8650122609080855,-1.144301233261806,very_high,1
7.797941610019961,-0.5893425817940692,0.0013830446915710226,0.5880580155577998,-6.808575775345712,-0.757096575938069,0.7617237695324697,very_high,1
6.39946445476223,-0.369008856651186,-0.3049816919604833,-0.10574404851688664,-1.87385728791486,0.4554624315601352,1.513264386941921,very_high,0
5.333628174016972,1.5782926802821198,1.1928414457883252,-0.17303165978762763,-5.048075087997994,-0.4246587857595143,-1.8470856003011367,very_high,1
3.8946765757459296,1.2055323374038287,6.127811379765587,-0.31391058070448424,-2.8761244531650947,-2.355012918445445,-1.4434334869232912,high,1
4.654110116801135,0.38239960892024927,5.043942967337972,-0.47909406022739237,0.5933811847077269,1.311310469050647,-2.1426827683143155,high,0
6.801900380746048,3.1134059330457378,5.259428632649117,-0.6798644239117245,-5.844822747642102,-3.6642424082821825,-2.200615511817712,very_high,1
8.549848255505871,0.3686179734476285,-0.7103678509147886,0.22795954166638718,-6.981751683827568,-0.47018264978186375,0.03572381473204378,medium,1
6.966903970472066,0.9081314524080563,3.0632188419948356,0.6355961586514172,-2.3916860424491393,0.27455162584098636,-1.4335229846083561,low,1
7.2090691858574365,-1.648628600030751,1.3563188509708335,-3.347822059683759,-12.618390713022059,-2.559454293521996,0.039125965083369296,very_high,0
4.251437080267078,-2.0955770944976475,2.00180700138268,-0.8918634395336085,-6.064432161654175,-2.501081034363479,2.5446479222438123,low,0
10.848252722619875,0.757735708120946,4.567714927418651,1.369294740124708,-6.302613928498049,-1.2500003264589163,-1.6372302607273372,high,1
3.63750057594788,3.043828869327201,1.5485688579505459,0.560245488542212,-3.486662524516654,-0.10084032756813444,-3.3012749526818803,high,1
2.119418426859684,3.933475180502213,4.819659947533105,0.04300865547424491,9.871765864177249,1.2046954760430664,-1.2932486900624252,very_high,0
5.462435895323102,-1.7240300118954808,3.1454741073163044,0.8852888673166699,-12.506982075830134,-2.016191214525397,-1.701446967406369,medium,0
1.7970449107525606,-2.6151120756198427,2.0938154547889773,-0.5007080471909255,-5.662540830451219,-2.2933107145312173,2.4844793916084495,low,0
5.848880835805368,-1.3386953249025475,-0.17076000247859824,-0.3746373724113854,-7.725770923725236,-1.4324025163839522,1.4489517927155249,high,0
2.5722014218018874,3.8144922893731126,4.395220703750758,-0.8313938346810684,11.995715850001398,2.4053721485205064,-1.122907917090485,medium,0
8.180221122895638,3.8026821537911015,4.241349983583614,0.8153871851936554,-5.1752444499968995,-2.434327327950291,-2.9824112147305093,high,1
4.352256946905435,1.8220260937696253,1.1123155869951777,-0.4668220044029476,-5.441925630589488,0.6505364077553111,-3.5070758086630716,very_high,1
2.9539974837372585,-1.5300167717118396,1.3025421075632373,0.906394460638056,-1.2735584914748759,-0.5252798815952223,2.354978848353644,high,0
2.8301219248194993,1.605848644657239,5.9748506224457625,1.0462275101233132,-1.3334250566236672,-1.661722117839149,-1.9225453781002804,low,1
5.926213994878528,-1.4858499255799373,2.540372271014843,-0.7003744223473656,-7.733993547054454,-1.8380816536015514,0.5398420905130686,low,0
5.631887032805645,1.6948844038148785,0.9478209242061713,-0.919698950657401,-4.388161564573177,0.23940741550695677,-2.145241577284601,very_high,1
5.192024303890813,-1.5950548397340443,1.1087334666094313,-0.4368350320434695,-4.643604989097528,-1.6430253033331998,2.521990576004901,medium,0
7.361406987228071,1.4098151413491895,4.446510595845625,-0.30401964722478314,-3.503609987847491,-0.8285961644707094,-1.9459052482650145,low,1
4.478207544181158,0.24499820654587534,5.215479862535503,-0.6250673564558862,-3.6778959440399794,-2.291883005517217,-0.4012466892685085,high,1
-0.2858120827267574,1.6396259111144853,4.885267532045709,0.9042566774743209,4.188764385255003,0.6824550912817283,-1.7932682874719172,low,0
6.995730021916096,-1.1892220287358906,1.9234975175044333,0.7436262945590466,-6.825635030421969,-1.7120127497819175,1.096837650892988,low,0
2.9768282421424654,2.092156701195412,4.739748155788413,-0.12754155989438196,7.560013369425618,2.395342507023171,-1.7224801636496587,high,0
0.23768750844080877,-0.5404377835206793,4.386466260969728,0.7687137370797634,4.548278216888738,2.020538495459287,-0.6533981943006825,very_high,0
-1.0692278333352272,1.7928460036959053,4.008832124863346,0.4696594375359644,6.8824017575968,2.001497546683181,-1.712454674928364,high,0
-2.151943146876322,1.6141505912540386,4.774433882801104,-0.525016060273391,4.853455133644679,0.1916856832565328,-1.2378557534946764,low,0
0.2131817696235112,0.42815073240627544,5.049035871970836,-1.7382570227083578,5.132419136706754,0.5916359148527524,-0.14861042368405042,low,0
0.5560297397414997,4.8673345161901675,4.511724270330097,0.07652902434713853,11.135023590818914,0.9671722386865209,-1.4334444793734866,low,0
-3.1845232440529534,1.5934492152754747,3.898859324144274,-0.6885622579529683,4.64365710202706,1.149668156965184,-2.0260265644704107,high,0
4.85817953465147,-1.7622398778413508,0.8010664239439946,-1.63121499031035,-7.13330262383815,-1.6857690846405695,1.6620111737666508,low,0
7.210376880314719,-1.3456577852149638,1.407250660496115,0.22871658863832395,-7.967168770009101,-1.8639276483965321,1.1850639341163611,medium,0
4.319190161860178,3.5915415543033533,4.042448646694477,1.1366324323611985,-4.452583351868492,-3.670719113806502,-1.7806380123364782,high,1
6.6766808399087205,-1.4683844498404819,2.1453279686436164,2.0699945441930874,-5.965897355507547,-2.2000823814313106,2.079079261468139,medium,1
6.826601128625376,0.5553938653097602,4.313736438473442,0.10084050153555667,-5.213635535933766,-2.265926298898789,-0.5010068134677024,very_high,1
8.581535047557942,-0.08022736186655943,4.746711076820112,0.13600837682006808,-9.19983982466292,-4.607783846986298,0.7377545790117135,medium,1
5.961752159972861,-1.0427923388984608,1.6252588698254504,0.20856811097479558,-4.4002141834357476,-1.1027572579458484,1.4334452161221403,very_high,0
7.001480820408113,-0.9814627019282959,1.21345164119924,-1.3941391840168254,-6.768834989691333,-1.144376425772999,0.7323906179283568,very_high,0
2.7143609328895004,-0.0940443388400134,4.950089763550807,-0.2275642252627317,4.156047745534256,2.531953161022055,-1.6200568102695563,medium,0
4.125479102869789,1.8125375052297605,2.769661131102594,1.5090859685112243,-3.238571721205146,-0.8810158638913812,-1.8256295406668994,low,1
4.609859514436405,-1.3147070026006435,5.000516832214208,1.8513468898154088,-1.128107959659706,0.3170867634289505,-0.35039381942610115,high,1
-0.3684326287494075,1.4401184042357305,4.22046982493517,-0.5578283977737698,5.720328222458557,2.133037378712941,-2.0539172128281606,very_high,0
6.177611721264912,-1.3035394674538796,2.3895666112242475,0.3732777980610412,-5.371143572837274,-1.5044088153967619,1.2591918042757535,medium,0
2.0947009370734633,0.17862780007792844,5.192727320333824,0.09535023329840435,1.817127813813792,1.9644518932386619,-2.619730394042146,medium,0
-0.3760842962627571,2.6412277944039437,4.442001729628473,1.2337407420875777,3.7084288697607293,0.8987183300545118,-2.9319930631013884,low,0
2.336087878762532,2.9867072350281845,5.411104205665287,1.4406114815581748,-0.7675056457644671,-1.676112743859715,-2.689644588319383,low,1
5.859571972384528,0.9518685715133622,5.365835445408149,-1.7760962950498027,-3.0658222367632533,-1.2853857896839302,-1.629279586400016,very_high,1
7.688065971668957,-1.367363071827039,0.6338765121642784,1.3235711290715668,-8.101622133772207,-1.3418988143047277,1.1104187327622874,very_high,1
7.070232995593882,-1.0653438857132995,2.994415000320015,2.0460251053988996,-2.125233098219454,1.061838268235054,-0.2667319346794086,high,1
0.8159694198867473,4.6755326640588875,3.967912527302161,1.0296094185722717,13.811378131101776,1.9577016574501593,-0.6918221009759331,very_high,0
5.8786352991108135,-1.162572925475759,1.1591263161641747,-0.3997093708417185,-8.961332563502637,-0.965571973321384,-0.49045759118303933,very_high,0
10.307753267432279,2.90866481416528,1.4616406793265608,0.9036922153244521,1.2999825708586623,-1.789716726437482,2.0960434894667475,high,1
6.7475007005282945,-1.3599287374140432,1.8381486231053235,-0.7743942971160138,-6.791320531654764,-1.8800749864696806,1.443213667370053,low,1
-2.2914688190036596,-3.505922833575747,4.651855182932064,0.07733055833092109,-2.9502845342658164,1.8217050077021448,-1.8546661123341859,very_high,0
6.235601198937848,-1.451564536741374,0.3545049879594533,1.6980809614316554,-5.323820025304267,-1.946743221837477,2.9927684786887214,very_high,0
6.9079918848247575,2.1439199952049908,0.7655871883457408,-0.351097091894556,-7.323318388617038,-2.6287195947940845,-0.6151130431308028,very_high,1
-2.200385279290332,0.9155525800120611,5.158234820406823,0.5876316131774351,-2.0672550347257483,-0.2909774907319971,-3.547857235125661,high,0
3.0579488870381546,0.716012145205899,5.314541766761785,0.16623831139609596,-1.9163706665300773,-1.6744571141029774,-0.9673785211858742,low,1
6.251387463136918,3.19563484347662,2.9412214189672863,0.14244770556654185,-4.50799673321825,-2.441422401291895,-1.7610203482078262,very_high,1
-2.187485115226413,2.644450310477087,4.987813142169431,-0.8316184506951396,2.7113531071865933,-0.4418926246775643,-2.6443484052622006,medium,0
1.612431214709702,2.0539338212213067,3.9916289170310018,0.1814671145131966,12.093138097444555,2.769244470638537,0.19384064101578602,very_high,0
2.7111794762311647,1.6090426507353957,4.7473845676038975,-1.0066650840136326,2.1365937581887366,1.3382976735120966,-2.7706034860785644,low,1
6.077972991636621,1.3971408821920406,-0.2274737114865304,0.6434160459681274,-9.63088646975606,-1.1779962623535882,-2.1288006252470297,low,1
2.667559859454674,-1.3734997985695383,5.9599351343601015,-0.697672281274979,1.8853014886636772,1.6868902892599928,-1.1935495397302993,medium,1
-1.433436343094049,4.876321386155061,3.578123014576436,0.37615539459378294,12.685086435165683,1.750119987017669,-1.392241744486288,medium,0
4.972780210967558,-1.8307995114467257,1.3862862803579314,-0.37059708106629075,-12.73746248439574,-1.8745442782589699,-0.9926549675732557,low,0
8.387937393251494,2.1694760605882424,2.4445123515386715,-0.17977396956651012,-4.932485614284854,-1.32298017723839,-1.5140382098966016,low,1
5.375185621488873,-0.004904652385187003,6.089918691239834,2.6740493788467217,-3.0929129716351387,-1.4399282508932802,-1.0920200512136098,medium,1
5.813905282241516,-0.3315175297507511,1.3002642702032465,0.8298691044118033,-9.83957218874274,-2.1351289437478593,-0.5354785298016015,very_high,1
4.612139729583347,-2.612015115772107,2.7609541610175325,-1.1540436227034292,-14.693220156316846,-3.4994356100328803,-0.32236632771451346,low,0
9.6806834013347,1.0310524451659533,-0.26899884569834187,1.2279313904154296,-0.4511931561403721,1.7849587892381402,0.11148432443114609,medium,0
3.482555173463345,-1.6716216415968803,0.6866993864543329,1.0624649495353147,-1.0797685234282566,-1.2191160346996088,3.7274405674022595,very_high,0
-0.9685112014587132,2.6242710058230276,4.486742490376667,0.8367088191402238,7.1976931124281665,0.6775420578717564,-1.1929867534177756,high,0
4.755830753527485,1.6237550439706174,2.5136218726813926,-0.06217323544371485,-7.1780340098357085,-3.2292783390506363,-0.8009168306219167,medium,1
3.5102957825784493,2.5084782207906944,2.3363101564120674,-0.08909536642622146,-5.990011811112219,-1.972930022446866,-2.492128755922478,high,1
1.8972457299743994,1.1005146174738583,4.50874810448538,0.7780900373375788,7.6011964471343365,2.766332566809134,-1.2576499311351719,very_high,1
8.067504472384732,1.9822775513492796,4.31572156066803,0.05491393886127423,-3.6961288864494724,-0.7866133205498888,-2.399501989500728,high,1
6.750617243605142,-0.3678065791172218,-0.11023948308125009,-0.6566336979817178,-6.059286136457933,0.5260288101387895,-0.5553253839746404,low,1
9.222459790290957,0.39846287324811436,5.127245947714329,-1.2709003722287935,-5.964357539032006,-1.820577730744236,-1.166556678238446,high,1
-0.9960191486093124,0.4508440610385862,4.288431301855539,1.2884082903118605,3.2266925030316473,2.135767294534907,-2.471184492123455,high,1
7.721457188022102,2.362471232529649,5.007832297166136,0.5908449253222138,-6.552586939667821,-3.513222180781256,-1.6939235245948634,low,1
1.5503317380912316,2.8979296983707252,6.083827169534899,-0.6823694464589701,-2.7458978832875216,-3.822540869969465,-1.8187702090745825,very_high,1
-0.31120259249449544,0.7567271263488955,4.193912307889777,-0.1265482203537399,7.208048784002444,2.5193670576349216,-1.1108890862802636,low,0
4.0857599830903535,1.1143638094228825,4.129696572012102,-0.8010133768522649,-2.2038612805028275,-1.271062328998842,-1.0478509018612332,low,1
3.2019297862730087,0.7508658375832066,3.8830923870858043,1.6141423463242288,1.1515811333329802,1.1729280622740337,-1.713901507532691,medium,1
2.9800933974033574,-0.661856788472037,2.734230438834051,-0.3981669022434499,3.5658227058186536,1.1059701777573019,1.3560838788015293,medium,0
5.315544386778539,-1.0259999072261494,1.6337910335725303,0.8753483705848565,-8.25156293365025,-0.4487500389148762,-1.1826519057924862,very_high,0
-2.9310310101577697,1.1842981714463012,2.7562343467508486,-0.7295046360805546,-16.452490073005016,-2.612581342025219,-6.930633634689956,very_high,1
8.001752896680651,1.6179865237991722,2.7384503898883334,-2.4336537627961383,0.34749968065896725,-2.3210262601609704,2.2572645022921325,very_high,1
-1.2682878633047006,-1.9082078341380262,4.469335969030629,-1.1527726098593314,-0.20948624856049644,1.9113403670657712,-1.8374492591513492,low,0
0.9430582617116396,3.957730737609117,3.293209475160717,0.9597235949456105,16.65582037357916,3.565712286846331,0.014829979790076608,low,0
0.8980393106843418,-0.7314784177605991,6.073447407442541,0.3916428087472726,0.6046823087735554,-0.4292219905571357,-0.5745875096769933,low,1
4.405153638012901,3.4101198656923213,4.057079808538106,-0.07251305575169309,-1.559649982498802,-1.175263851119413,-2.8438389550985206,high,1
7.74931090343137,2.406727058575442,5.549462761562645,0.3257236080209732,-5.692259650108891,-2.940506394269956,-2.215955128058917,low,1
7.4672683026720295,2.596516925773816,-0.06299176626927716,-0.18133615810640782,-4.268122516686362,-0.839949950898356,-0.9020965034311939,high,1
-0.23032062637576933,-2.305509724656274,5.729084097675497,-1.198043260865427,-5.7069531336581445,0.746480017367187,-3.3251881946846638,very_high,0
7.453363689780737,2.604545698241985,1.929230385817514,-0.007203607672640587,-0.08635601569499016,-0.8582860572848963,-0.02458134329134043,medium,1
4.023626691597095,3.135175235670284,4.32273112136888,-0.5566741494989329,-2.2798406179787523,-1.966199716276009,-2.324400557664828,high,1
9.793422684780513,-0.9695581889585181,-1.298932464834376,1.1021941041701058,-13.83732272330467,-1.9691569403083955,0.16316907570203432,medium,0
12.365877629865889,1.6340637845895645,-1.2214318167702451,-2.1239960675212153,3.5995081353363148,2.4528823482325453,1.7769078503395699,medium,1
-2.516305878213613,-0.49820762923567563,4.569229722119521,-0.023505206184185154,1.4648462312948287,0.7471720518782832,-1.4229218361247655,low,0
3.2511995694265154,-1.2162254128136847,3.0379944475161684,0.3454711289782467,-5.178478011016682,-0.003313867922822178,-1.1841824118271975,low,0
4.571334600881138,2.7880587138934976,3.77705457320057,-0.39443542609107,-3.037554938325388,-2.0953860389901156,-1.8284762093370714,medium,1
4.217916143727094,-0.3439841805140327,5.657870669377876,1.35289584975443,-0.08162367435179411,0.6765245615360671,-1.5514371688793154,low,1
4.171742117790623,1.229086654468482,4.9133076905578035,-0.08873954168300682,8.671839442235092,2.6607179219944217,-0.5625940965991785,low,0
-2.375031927126999,0.8150386852637822,4.731169054553905,1.1949326981826978,3.8472013277344255,0.1314501398692307,-0.9334102813041191,very_high,0
-0.09844669183340571,3.088386775592668,1.5244223094360771,0.772833497024884,2.311832377488809,0.2942076327147074,-1.7268723591327135,high,1
4.716727660732846,2.1534787567853835,1.7391896471137571,-1.2417478741126637,-8.904380992650418,-3.435712560906092,-1.462486162492634,very_high,1
4.287660436072544,1.462343753625174,1.6345035253138636,-0.5145046380264591,-7.422542732132391,-1.0356432714484458,-2.6509897680900827,high,0
2.537985835352934,-0.22210849968919755,5.199655357717138,0.591715248502072,1.879301885471893,2.0959304350769066,-2.2823873226213784,medium,1
3.2957059952708434,1.9458882508031548,5.152573877223444,-0.9749483750867708,5.788900020857701,1.8314040034113244,-1.9961814857400104,high,0
7.028537455577732,-0.06306365505580036,0.6870310624452629,-1.3386207617618573,-1.6576076427109299,0.8689070960799081,0.48365887633376525,low,0
5.522140867471416,-0.03707538199256866,1.2450939270961605,0.3549002698403388,-11.708456068784114,-3.4330699087481977,-0.35529478269937753,low,1
2.0735524063011566,-2.36295842409233,1.9226255195256248,0.128195582462512,-5.771593999894405,-1.8345225542502477,1.87221608912542,high,0
1.5396618698098041,2.799819323995141,1.8264676130905824,-0.5985887952738033,-7.826418054881609,-0.771733644025949,-4.950174815681585,very_high,1
-0.6967808673194478,2.717031788525346,4.228752066168983,-0.24531467978301214,7.569158713774257,1.6289180054728096,-1.8997958764062977,high,0
2.4343462922811625,2.653148375817996,5.670227990402717,0.17344483687459744,-0.6162937638407238,-1.4779217473740531,-2.642624590789681,medium,1
6.197608365609028,2.613379300706289,2.6101091325755403,1.2765507988547309,-6.411363094981456,-4.564565713841134,0.2535522128791521,low,0
-0.1050582030741185,-0.7304624627601761,4.822722555561412,-0.7134236448098643,3.41260124702105,1.3389794998653153,-0.6044323148548312,high,0
5.025949694701425,-1.5222372063348482,0.8283076473871032,-0.033902611655177446,-3.2862753122745776,-1.4817988719970652,3.0435622522172503,high,0
1.4807919347525884,-3.1837546394551026,2.0408327193042184,-1.1878046359017709,-9.794793123756683,-3.2237428179517704,2.009449543952127,low,0
5.370065929451981,2.3469007940257716,2.972232262212395,-0.5632043914480949,-4.942901367550757,-2.91043205861603,-0.883621114233475,medium,1
3.6274106607869614,0.5746355980655639,1.0626506704296879,-0.8303666785427519,-7.309951167170812,0.12922617362489253,-2.807406872580061,low,1
8.05858399062834,1.7922235736601584,2.652134517459693,-0.13749878058130086,-4.387917977767151,-0.992787175463506,-1.4319201241538948,high,1
-1.818447656628563,-0.8087112828353451,4.394367610264279,0.6345453532855174,2.9365541681999616,1.5319887468920175,-1.0411435323196465,very_high,1
-1.037691202367287,0.31908907152714505,3.932643271244701,2.470680529496753,5.949090359498884,3.0198397608844765,-1.8109170847037315,very_high,0
3.575437288481549,-2.8947214773751915,2.515601546124192,0.7143069933524614,-11.456829747293575,-3.7388186313607457,1.6352569454446928,high,0
0.0983681860446941,-0.44948140892761757,4.729382184949904,-0.46698876895645447,2.6278541453931004,1.710706937229565,-1.5241078200354223,high,0
0.7688150213445273,0.8436757567472319,3.72339233680463,-0.6705602273109641,10.810639207636433,3.1408331766199753,0.30394467146615267,very_high,0
-0.9421857290167726,-0.6597811628634895,4.1572976080131205,1.0931531105068732,2.9135609633056276,2.517812253080496,-1.9179794693399532,medium,0
5.199848242341574,0.6313003943270363,2.830514570799486,-1.915403769076878,-5.020462558302235,-1.974580749709948,-0.2781610270830459,medium,1
-0.49204715710943203,1.8198183828261891,3.862652771147973,-0.7696731064977115,9.524792722701983,2.6057276817243578,-0.9431851781525931,high,0
10.101463831756746,3.937380480483808,3.826293471789655,0.41908778023232707,-7.7042017035678825,-3.499384796486866,-2.5983977780846628,medium,1
1.1868966106312595,3.3105159822309886,4.5452123174296215,-1.7686045524821663,4.040799636299608,1.735359817275922,-4.020727399785045,high,1
5.075445678308363,4.417544217289709,4.052617804603351,0.7679527204872824,-1.1611821806132552,-0.7612652077519046,-3.879822943192407,high,1
4.516715948468823,-1.6554544226783454,1.454664319354795,-0.052898107270054874,-5.057330869919293,-1.5570305805970142,1.981038088621253,very_high,0
1.6808313645444006,0.8434371611870954,4.852627832296148,0.17924287716252893,5.692949880958993,2.0869481626830932,-1.4365913008811673,low,0
4.237976965597868,-1.36117871325733,1.1459792474821664,0.5319154868780495,1.8849190959513042,-0.8758402315125323,4.362717597314772,medium,0
10.17514701935509,2.0381931280812804,2.529392532452916,1.3850401325641495,-5.986946212817741,-1.2518809537462836,-1.6737053168038707,very_high,1
3.4091613838677812,0.6842680134798758,3.6507492943088855,-0.13949636942589563,-0.855278537461933,-0.3292627174704854,-0.8674624209235189,high,1
7.415616440529004,-0.2831978186363777,4.853561561312163,0.3235893356786073,-3.0022139841754614,-0.03632777911893603,-1.1986731806768924,very_high,1
3.4423949875273236,-2.6736807011436827,1.3360951466549074,-0.027887008679558335,-10.993558005830655,-3.076333947673932,1.5796058923150158,low,0
-0.3901603956985733,1.9989121357503468,4.115934077750941,-0.15093568652003406,9.158352178067144,2.0645522930256814,-0.8354839137839706,high,0
4.985748826777286,1.4836543323266196,0.726579996838788,-0.4048936991623362,-8.834362377326231,-1.3799604031397013,-2.3487532121919763,low,0
9.010748434592376,4.231761117995493,2.6968569228951536,1.402743485530086,-4.468296008050485,-1.2291301462235864,-3.2991462857798286,very_high,1
5.798833963989646,0.6798629729839085,0.3700929884450197,-0.22246588207685525,-6.7918614579946945,-0.37540022465084477,-1.3576992244573898,medium,0
0.2361978764658983,2.666996023280233,4.00032991859261,-0.4395363402075201,9.334723967365303,2.4369696994658785,-1.569892504068403,very_high,0
7.497796388330163,-0.721276031629563,5.603818221494642,-0.5281084012956734,-4.05565975817131,-0.8677116888051961,-0.8212013348986362,high,1
6.21937942712385,-0.8303670193529905,0.45401240053303304,1.5038485930012222,-8.10517788102618,-0.3526286648023529,-0.5827262000482718,medium,0
9.744388473439354,1.5377644349171242,3.564704127622488,0.38970566116518995,-7.825981459123842,-3.087496185231249,-0.8153077757897467,low,0
-0.19788757355393072,0.50394475469291,4.9076049476915236,-1.0234536173981887,1.4343037610245597,0.800607617092168,-2.1603154226913324,high,0
4.087160697687223,-1.2202330368556797,0.7142721451905052,-1.5215295524327739,-2.8000533333089797,-0.4317482679860438,1.7933990807284361,high,0
1.8934599685387723,1.6487693095048204,4.815198113399726,0.6049617615056426,7.026247064768031,1.9302744313729288,-1.3272151369182204,low,0
5.8122010349332305,3.2841317926297884,2.066518107954762,0.5564552142586694,-2.2903192095945513,-1.2855429332043433,-1.6110031101255164,medium,1
5.5443461837011805,0.9759089217776213,3.4964579000248937,-0.2939802989678856,-3.1632810979778254,-1.1746359784289848,-0.8534126849327145,low,1
1.0458422607529219,1.9042670697848674,4.249766449979734,0.07626285457473642,1.9076053027122217,0.3951334594027711,-2.20840534468463,very_high,1
5.514957963041576,-1.8085457579544424,1.5812725282634272,1.2313956345710748,-9.276345270471381,-2.209144891864195,0.9444098988931499,high,0
3.1242609409781408,-2.019881159969224,0.2701744877306149,1.585329769490173,-4.793200679880775,-1.6580065006164317,2.9269583150942275,low,0
5.432742429089588,1.4691644279700697,0.18294626246476442,1.3838799666204664,-9.090059602425463,-1.8691787287587849,-1.5687852689150654,high,1
4.860451827585152,-1.4368091976433417,1.331394268087721,-0.1649895978727614,-5.750644375897762,-1.1944320802024202,1.2128165581656847,low,0
2.24115339114498,1.7332254464749732,3.9468284784298064,0.5697507311604803,0.3739145930008343,-0.20243725367473298,-1.7613838256225458,very_high,1
4.733004746512357,2.035053728578859,1.4968860351365936,-0.8991295858528288,-4.587793100345304,-0.42891902701952644,-2.3220282943155635,medium,1
1.8710615969427624,2.314060591991715,3.0840019483565992,-1.8169178287689773,-8.554266233213715,-3.150908534087036,-3.0019579903888394,high,1
2.4889244607217687,-2.498859080653608,1.2312675496550423,-0.26597157711415687,-5.070512769989718,-2.3750268105600414,3.337308316789968,low,0
-0.8801992694056318,0.6718883126246742,4.181840095174484,0.47286509595935033,6.104222336333393,2.0612291858901046,-1.1729928009118882,very_high,0
6.800720744968837,-0.7916290544298531,0.3321442712190672,-1.4146092945412576,-4.007699224774963,-0.6223569494488015,1.7487092365662165,medium,1
1.4361215083478525,-0.5345656536093895,4.89487237964102,1.0738776553235652,2.1387478629776986,2.207950752761141,-2.031364137600945,medium,0
8.961383475006109,3.9117043660470494,2.9374933649370174,0.4266545176872555,-9.286152530968673,-5.205401103745933,-1.2732936518354623,high,1
3.4996431155835914,3.1478030016833847,4.087581409202472,-1.0619616260057998,13.095618111291085,3.4391072407255106,-0.7325861626429732,high,0
-4.194569028105781,2.322813498561951,4.938331561249591,-0.865222448185944,-1.1221681674729598,-1.035419586028282,-3.8713139389733806,medium,0
5.977850524169369,2.637464056464051,1.6300939441546118,0.49160441170562774,-5.441022830548873,-2.1274215374575878,-1.3501824859331502,high,1
2.129560405673661,0.9491490299110972,5.699810219924263,0.9082602580925466,1.6544939868301438,0.6853585464206201,-2.3423793500102046,very_high,0
0.4566412598679608,0.8589932376729799,5.1383688768123665,0.2648024417411801,1.942843057348476,0.202148159901413,-1.6303703404716887,very_high,1
2.1485464351960335,1.1950130218402673,4.071334673184525,-1.4486248379755475,9.322944523204612,3.4514847873066112,-0.9659242898135352,medium,0
5.801457464431001,1.935142089222144,1.2776492659183316,-2.0638936004258177,-3.6964966984163503,-0.5338353409154495,-1.3879018591838375,low,1
8.14126390659094,1.1675421284673497,3.117398808972256,-0.7434755407133312,-7.627978948756234,-3.518873205595931,0.007427857506344893,low,1
10.104817925035078,-0.5107231819483297,0.5553602256623451,-0.05644362570436562,-3.7685156729435922,-1.6886512115165422,3.202806205525759,very_high,0
5.365062147446626,-2.127836753245949,0.4884164927172421,-0.6637489784215126,-6.311991926240866,-2.8800075311053197,3.881805347672342,high,0
2.795666124842229,1.323643713478955,2.160473872975026,-1.1652502418244155,-5.0640052807514895,0.03571390686099174,-3.0978873174667196,medium,0
-3.5831602166708034,3.235761095926235,3.002240051971655,-0.7830144034311101,11.121942669372455,2.001172673653932,-0.9709511118077654,low,0
10.17694847722644,1.373184113361234,3.7618963217931447,0.2246397680651771,-10.283487431910904,-4.907814724729522,0.04837387682451033,medium,1
7.9262318329502275,-0.18646386216785937,-0.056812838219345796,-1.2300853032556494,-1.3799925644290814,0.2764810768671513,1.9117943138161249,medium,0
-2.4768272779148433,1.203799343110178,3.8654013810170538,0.334784799023138,5.510757057450963,1.6879711812541323,-1.6737016448462998,high,0
4.567528403921806,-1.2343004177882868,1.3644896585703714,-1.7858996318581057,-6.269154545468125,-0.6489984866422142,0.14784386097273083,very_high,0
-0.08756840233927976,2.3577499800991157,4.294953973412621,-0.07198426729131606,9.827074549906804,1.8715420379285104,-0.6919422103887527,very_high,0
1.632996800967324,0.9328518962622951,4.830884546184596,0.6098343082291107,-1.8459413267816092,-2.306716766336001,-0.4790504173972052,medium,1
2.288668153627208,0.25038290590090684,7.409791616984322,-0.22581868013474374,1.2578949674458395,0.2953608349777135,-2.3855871223634906,very_high,1
2.2692636386536544,2.6930485433742426,5.201791273711675,-0.771859062141761,0.10400207038223788,-0.8984385235714111,-2.719565349726624,medium,0
3.0238421123181625,2.9751244703332747,3.005813611857554,-0.49218403082514406,-5.900393407339388,-2.8532679382061095,-2.4183336030037257,very_high,1
5.392333590817806,0.31307767038136425,1.3991874987339832,-0.8728178078291665,-5.976612703052899,-0.7843692011015847,-0.8535877518117402,high,1
1.0632155033745747,-1.243608023152583,4.943482219238204,-0.41888663008352256,1.0482436724360824,2.387360984240207,-2.1748082298719122,medium,0
0.5876433957402187,0.9142852037858642,1.8488452522248924,0.5294545104555042,2.4558266070503514,1.2849954303219486,-0.7504860953257614,very_high,1
2.9081681047971957,0.821113421161331,1.8120218150106262,-0.31719345550364714,-7.004985214328805,-0.3375511107536462,-2.947589145049043,medium,1
7.658936728019518,1.1236891493801926,3.0298628968104886,-1.0198303104142152,-5.18046417933536,-1.7149793823247874,-0.7224679734961901,very_high,1
1.1890214963926096,4.025141413770529,3.6911349671145226,-0.8761477644483249,-11.682758365671493,-6.373362519950293,-3.1408310051670627,very_high,1
4.300385326817649,-1.6035383130508365,1.6144744618499607,0.18368777818680482,-11.3875902115615,-0.9830823805446017,-1.7435661178799577,low,0
7.272639290491991,1.7076783824681794,5.6247819784362925,-0.10249067220086916,-5.897827935912272,-3.151055169850177,-1.5849624843280525,high,1
2.563365057783923,-0.8724417587535767,4.194923259210409,1.0333935832629702,7.740073078554225,4.298990607311307,-0.6856983567488077,low,0
1.3304810701685645,2.013245278961524,4.553977393690183,-1.2286367774616562,8.379389271215468,1.905874498308764,-0.9657599626035593,medium,0
8.842088093844605,-0.8971447305284783,1.7325246645821493,0.9064297553190361,-11.146110560465834,-1.6606345535169658,-0.7924795936610787,high,0
2.764688262499377,0.7396934358522902,2.441618829781185,0.8837815557953231,-8.441958125485039,-1.7293884706163085,-2.470096949561573,low,1
6.737520815348776,-0.691563063179747,1.7431714136429042,0.4710316057157181,-3.8534338569869,-0.610837620864297,0.9381555925860893,high,0
7.2370983130210265,-0.5692384338066216,5.013725480019864,0.8435793126107906,-4.920267850377494,-1.652323368246107,-0.2776798221407859,very_high,1
5.257332285677643,-1.3745897807380534,0.20846874558981465,0.6116524526826868,-5.16710551138761,-1.2388621367072536,2.159096023231154,very_high,0
5.118865887405379,1.8408580710923497,2.4329567463056385,0.9221783215531411,-5.2197737261525585,-2.3585482897555776,-0.8764019224074717,low,1
4.819876026873475,1.557438874078817,3.447095426068028,-0.4012660208807868,-3.9698209590858538,-2.3575295620295504,-0.6424345467970255,very_high,1
4.756313763835864,0.39158486256476266,1.3440908039703732,-0.8327023727207389,-6.721361254882378,-0.23628595482617754,-1.9295590326516812,low,1
-0.46465008304726885,-1.2162692515234976,4.9953626659816095,1.132851667041487,-0.3387933980742119,1.22178730930421,-1.9512785237345946,high,0
6.229405128825746,1.2068279629179741,0.9120471859450836,-1.6138156806424087,-4.051720169487783,0.7967465798314839,-1.989747871559365,low,1
2.444374388364833,-2.8553044899810724,3.380289336433976,-1.4004842427252373,-11.84444676790851,-3.003066897770253,-0.025295578550428077,very_high,0
5.680096506572729,0.860060026655615,2.289526611451955,0.009813413504198244,-0.6019660451267008,0.3511752535304833,-0.45225367554770557,high,1
7.192672989572985,2.0847643378465803,2.64793631675595,0.6026809942594156,-4.959259720111707,-3.804250566032049,0.7903621486907717,low,1
-1.7615683437192082,4.8507031401650575,3.538791410366043,-0.5955663899157287,12.353636961897664,1.5937947189678405,-1.4011537425783516,high,0
5.566408116007999,2.5342995718631336,1.9730998949624758,1.1176167165380075,-7.0137333026101825,-4.051882946649073,-0.25794579165873577,very_high,1
-1.6158036817312222,0.9781139343841972,4.723938825487766,-0.9675033094398905,1.7796579088294207,0.7121717101917892,-2.5043307585289125,very_high,0
5.70173049986062,1.1631415769678097,1.2571735427307458,0.08310800071128481,-9.129323002380373,-2.6925295027070586,-0.988261881412533,medium,1
6.08816484392047,2.5030945311172053,4.383156569040038,-0.018139171797317683,-4.544778947673355,-2.6080369633353246,-1.7877395620911876,high,1
5.478436489332571,-2.212496484385257,0.18382677371338296,-0.7155473231146358,-8.183765180990845,-3.2095714257869163,3.613836475144421,high,0
2.263019781772082,-3.64612652682744,4.871753780481122,0.6799757743092941,-0.8396454754859722,3.557776534659454,-1.8134998487033018,medium,0
5.666798689735257,-0.9013209647603851,-0.23514276119427446,-1.4304901006500228,-0.644749835150053,-0.4536477495433826,3.3413292384112063,very_high,0
-0.037370270171039444,2.9723382372427096,4.293200698857797,0.5760876496299399,9.775190353981527,1.5153391391903623,-0.8977477253214663,very_high,0
8.361723260912393,0.5432203226935873,0.2595476464247257,0.8179632302783307,-6.490649563379073,-0.7312664507494443,-0.18633444902246898,very_high,1
9.054492133164258,1.0425569217400006,5.862015512289931,1.3522851826752884,-4.16182722969096,-0.710134319876304,-2.495508646646864,low,1
6.194507828939306,2.746697676599765,3.6119448360085897,0.5931769480353866,-5.7845046079235445,-3.5059212804534883,-1.2186778085335208,high,1
5.541676894671559,2.2222591275306445,2.193920934693721,-0.5077813249183756,-4.523111849017317,-1.9510024414249578,-1.1133237335382262,very_high,1
8.484591211641462,1.1189675177394585,-0.07126357884582202,-0.7234417528478294,-7.487557535640832,-1.8254090388973838,0.15979924710020676,low,1
5.782601851532704,0.7507603109720986,6.103972515689222,0.3962834506273622,-3.881306916001361,-2.0958342052362133,-1.4018392676678832,medium,1
9.149896283580901,-0.21204668163961649,1.4406881755742484,-1.5443251366584425,-0.9480328950119937,-0.9038812870295637,2.7737753544764345,low,0
5.340455936076006,-0.8990435488023709,0.9533279113324644,-0.5411872287236704,0.1395868082878079,-0.44692942849009665,2.9912500958543475,very_high,0
-3.6065842395144188,-0.6689700259747355,4.388398046518443,0.9908742159960623,-0.18616791984623327,0.7342774003792347,-2.1288311692524413,very_high,0
-2.7869950102411236,2.070556972138056,4.571457894344207,1.0150226234313513,3.443540060227538,0.08351095449157131,-2.2083640757017067,high,0
0.9185487036121407,0.9486950225868304,2.7100103194633265,-0.7864672164129584,-6.803994492924058,-0.5054743582744513,-3.654818663451226,low,1
4.074721347204304,-2.133771418490294,0.9115670036273995,-0.9968368926682786,-10.61715919308983,-2.0774273680987747,0.5751997074793757,very_high,0
-1.075149377509932,2.2632315744188487,4.150065052798747,-0.07824419804325725,7.531878017855994,1.4456241823470017,-1.3403881545611027,high,0
5.8238582701338455,-1.2814823535340234,0.966827020235026,-1.3515403330870055,-7.088942015205651,-1.393889014925996,1.0306335205606465,very_high,0
5.455734863509951,-1.6682975865980996,0.4294330833516731,0.863290564273547,-12.440836881230888,-1.7781813819532306,-0.492165366094351,very_high,0
6.884832852804855,2.5055345239680222,2.4363142222681566,1.0522950871145937,-5.147728251318694,-3.6705354469373783,0.23735725453983014,low,1
6.0049070452287125,-1.0954754388984846,1.7169568715855015,-0.8205298343383844,-1.3507655482650291,-1.2627548140725473,3.029065003075323,low,0
2.310716469523605,-2.2876275964309825,2.187476230950222,0.332440492464667,-9.878910948147485,-1.6393777058456522,-0.41610815006247703,high,0
4.953938871052576,-1.555286509901678,2.8644129625057215,-0.25158252817961374,-7.5096703526359985,-1.4597887569591652,-0.04142883343585346,very_high,0
1.2853174956632827,1.4207830482744452,5.996748251353289,-0.1637373689370009,-0.1425629381087421,-1.3790524816902878,-1.7901047456276373,medium,1
2.7677976830908735,3.041851541350246,2.105004620920872,0.8597087557250666,-7.8017046318073655,-2.3972933642141365,-3.3972229283507556,very_high,1
3.9018432528159033,2.1398231934194603,3.259702625210375,-0.5081260566150058,-3.8526823379816424,-1.1667563632835138,-2.4230459849917287,high,1
4.239005860019262,2.337812805091682,1.833490969734937,-0.3568817941765456,-10.744969289760073,-4.523333821353432,-1.5025165420458308,very_high,1
6.496314004697423,1.4475459002908515,4.413291717130626,0.3199472363057062,-6.985939955853687,-4.207534989119203,-0.24548915093434043,high,1
3.1760861838726484,-1.8706218192840423,1.437887435046139,-0.9148239229139604,-2.764166557469559,-1.4260470906253078,2.871814324273048,medium,0
6.424276226314702,2.9071238909642507,1.90147472965633,2.0360390934763704,-4.360986486505204,-2.6063364759217222,-0.6602544747188246,low,1
-1.0482364170778329,1.1355341518635593,6.619794004399081,1.4259557543836343,0.6634890428643561,-1.970229445828382,-1.3135459731636472,low,1
4.4298931656216265,2.4703070101029043,3.962229552664435,-2.289234740332571,-4.432274431013347,-3.269415323708734,-1.0991755716666691,low,1
4.941742653449472,-0.8652365541403773,0.6981020020776278,-0.2931893549572881,-1.6373258007957907,0.007800509877976536,1.7240861745367642,medium,0
4.5959580978974355,-1.745605074937269,1.2961069997281756,0.047164187489457936,-8.315296658861888,-1.62094977872231,0.7098084886260895,very_high,0
8.943473525059083,0.6445183610018685,-2.789375808835162,-1.0048760325504427,-7.310524095817899,1.6349421564726843,-1.3482280950259289,low,1
4.608103152110073,0.22593792794477063,0.6518153935829933,0.6168745276323976,-11.938157111772504,-2.4579414044960712,-1.561088865398581,high,1
2.5335894951166535,1.3905124702455862,4.5256577649030465,0.08596210579328117,-0.02140146825784938,-0.41799042277020537,-1.6699114503603032,high,1
-3.574098498369784,1.2400596192352518,4.305982723042682,0.21039559757041437,1.938947883524352,0.3661167238189904,-2.447428856631438,very_high,0
2.73556958487863,0.8859616632070717,4.659349695390814,1.2124127083376735,-2.6631282582276823,-2.3704677262146414,-0.45313149708226175,medium,1
7.132064059740894,-0.090199131371268,0.8941473278626306,-0.8501438357095945,-5.871519130653349,-0.8120675853019601,0.1908553292159667,high,1
2.0630771607547382,-1.4191530098668166,2.48013728286381,0.630653232397296,-0.09470876134033054,-0.05459528516045675,1.5097203573863218,low,0
9.444176013567585,1.3767460572711532,0.5399298217126836,1.7356308679915455,1.2346467238724417,1.524854442356252,0.3684443070099359,high,1
5.547133235024391,-1.0410535749159813,1.5046338854507932,-0.6574442630445496,-2.328955400721804,-1.0251669820508686,2.3067277488261033,very_high,0
-1.9566485082139211,-0.5723413938641708,4.414173620190908,0.14813680448647823,1.6474380758566967,1.5295687484938094,-1.8927136296860116,high,0
-3.2136441042231922,1.2148109318630882,7.47449622852244,0.8111419385669557,4.897049042236326,0.22894263491059186,-2.557668790266889,high,1
-3.298393407430317,2.020463492119275,3.6266959362912052,0.3720747826124278,6.870190466350392,1.5597521337008602,-1.6749364890857648,medium,0
5.697626386483504,-1.6361014419449318,1.8967833468144177,-0.572784137198619,-6.2806544078239845,-2.0466160718346416,1.8791918869992037,low,0
0.6105917910522847,1.3570941569951427,3.3323015744982594,-0.41776561650441923,12.66689670845372,3.712890786781628,0.2917918184534889,medium,0
6.272714076205629,1.6560538969930345,1.5214199272707034,-0.16678155308319811,-3.9404768778297203,-0.8570178600058992,-0.9567725025238645,very_high,1
8.09583682957658,4.364330779875088,2.45067634302263,-0.10758137232970827,-4.1640289614728365,-1.4182063904210123,-3.118472989508459,medium,1
-0.012126120648644712,1.4694600027387539,3.930323267141965,0.887372619397637,9.89400148704707,2.0676092082766315,0.15950187399006133,very_high,0
8.883176285685206,0.9577071503385325,-0.5827854521293618,0.31370565249192517,-6.600357027558891,-1.2070149974568696,0.43243097881345904,medium,1
0.9578436421054701,1.2559877065534755,6.197258597008101,1.1795877479489012,-0.06759881762726005,-1.5128900367172446,-1.6358665123694889,low,1
4.42827740409661,-1.9204901211174392,2.22255311417797,2.1715680122570116,-10.08465791777256,-2.0155078447432153,-0.08246632295200529,medium,0
7.487650447325943,1.512373304793644,1.6297994419951278,2.245020254714076,-2.472926842694371,-1.437852519372834,0.6288099998287149,high,1
0.9450507334260554,0.05684889244361724,6.05592169653907,0.6215582953234302,1.1248032810470932,-0.17799607853566668,-1.2938298546017784,medium,1
8.90128723842614,-0.5799274016692756,-1.6241917592223265,1.5372143308126596,-8.426501898022558,-1.1744706816074564,1.5201137432301146,very_high,0
8.76654134968941,0.11552495793857442,-0.08092683736204931,0.1155077101677806,-6.4994945159880615,-0.6340904363295299,0.3598412621005982,low,1
7.4380343708076975,-0.18536966404568145,0.547134742468574,0.9390080321674462,-4.529357435589334,0.4168441084846761,-0.12419068765178265,low,0
1.8827268009517337,0.5264971696012372,3.374645358330109,0.2916145739091396,-9.754357203314889,-2.558642856380631,-2.6998737084710287,high,1
5.297190319420485,-0.5597909146722393,2.1437573523317646,-1.0857101130244142,-8.48329641669001,-1.5356317074923997,-0.8704387389633491,medium,1
8.458931493505322,1.4297196921347215,4.7299985071526915,-0.7022881363401342,-5.158844864251816,-1.7264054615493607,-1.7558530373760401,medium,1
0.8639981909954195,1.1154267152466768,2.8320950483938008,-0.8728719412102302,-11.789540950974388,-2.81710682817464,-3.8141358421384806,very_high,0
5.513897713267407,-1.666408685141634,1.7786476633426485,-0.41019205085587873,-8.641030904170874,-2.113070047239997,0.9040187611430178,low,0
5.5656178021008635,-1.628936755863556,1.1404070434745377,0.8278037844054748,-6.712967828975339,-2.0886074803775,2.101229856596499,medium,0
0.97015671882388,2.113302502722979,4.825844324406155,-0.9179137453290466,6.6431209878268955,1.1789628091850965,-1.3288627765844914,very_high,0
1.5384812389579445,-1.2136538463294313,5.543171535221597,-1.6075528357547268,-1.3612274219173899,0.9360915842172903,-2.059951985431704,very_high,0
0.7829814807603064,-2.358031041891114,2.9625996039381395,-0.04073594492497537,-1.0381786369480297,-1.4456029995193365,2.868214701764435,high,0
7.234284577758653,2.2161340960059652,0.5991163966365054,1.6225541454906363,-2.3303186502852182,0.39555318464695843,-1.3346682707706972,very_high,1
3.88821439934166,2.057089433367723,1.5981235512582441,0.8779424995322749,-6.221183188219429,-0.9286877481397674,-2.798707535134672,low,1
3.9209547507507576,3.1339226159014855,2.1019768230090294,-0.44619757739960525,-6.03649445176964,-2.728404471414893,-2.0977785508239304,low,1
3.7321875472887216,0.3766056774086268,2.188572862823747,1.1821109427194805,-5.640561530093832,-0.06584807608234833,-2.2379773486625325,high,1
1.3170909182377222,2.8274002027702645,2.926404446970831,-1.1298882858401076,-8.15040950182085,-1.9136215434774149,-4.582372594251183,medium,1
-0.49043729219079646,-0.47823278575436623,4.545737361792133,-0.45436049158049324,3.076815083274174,1.7379092352087508,-1.3261591140814155,very_high,0
0.959988681335276,1.5088134657408203,3.760462057139514,1.146786220456111,-6.382674318775152,-1.2989591083313101,-3.710565096984543,medium,1
6.4689176104710295,-1.8725007998770435,0.5189611437614721,1.818531285110326,-14.376377940944437,-2.6229009239722187,-0.1935601946979022,high,0
-0.41392609221300214,2.0623569655009395,4.982615317457264,1.0096738492520168,2.816879401462236,0.6190295093380253,-2.8306939667386697,very_high,0
-2.45909659978137,4.453175170408208,4.355514134865237,1.0215744505823048,7.256747780753897,0.018755401596164623,-2.358385299786179,low,0
0.2792766570623364,0.9026419776099575,2.627637040680189,-1.7095343314483054,-13.127794908967353,-2.732179086476391,-4.330177861281549,very_high,1
2.398733344416634,2.033373694230363,4.071487465397502,-0.520221439670395,-4.031192027130661,-3.875158265360589,-0.3223176338540723,very_high,1
6.56170740942425,1.8891620249988412,0.23174363173421053,-1.0021014746799877,-7.074360455513072,-1.3930476669759002,-1.3214974411419662,low,1
5.112814396052281,3.4079742101749453,6.528337709452311,0.8102326035495936,-3.202482088431306,-2.6679498240836494,-3.273609133750594,high,1
10.485420778894042,-0.16029587011282076,0.7635631466609443,0.9946494851059423,-3.859314792605711,-1.4569482920009444,2.557781705617992,very_high,0
2.9944903597639723,1.862807431302771,2.4540195490441166,1.2964263124030073,-7.996552276283512,-2.0496766149658594,-2.919631061458786,medium,1
9.87299077695177,2.010214630793568,0.008011256262535849,-1.1085964104702395,-6.047934381836617,-2.8053865121839934,1.249271937708028,very_high,1
7.562596525215111,1.7109475688653006,0.9567590736049199,0.8576137919869715,-4.967474041493949,-1.3572079608697474,-0.4205456759703914,low,1
3.780965940738807,2.8073083516859327,4.1494136824197945,-1.2289970490857691,-1.144045183844446,-1.004840484628577,-2.4424605378491897,low,0
2.0269144493299183,0.8290086426108298,3.956594481634345,-0.18904166943199388,8.875443278246065,3.8199027564166332,-1.1828116928141983,low,1
2.568821051427643,0.8020309370538121,6.681203431291317,1.549265000936077,-1.4193779784512714,-1.7724042389709058,-1.5467495450999171,low,1
5.22995013399443,4.833855487042452,6.172981036910095,-0.1316282421497978,-4.752499990659071,-4.140526853525833,-3.5572943075738226,low,1
1.2298342382037701,2.098346841900671,4.208709534713933,0.16059470028688613,10.757015022588742,2.5377603127503194,-0.41967444539452403,medium,0
6.000813905185042,-2.173422315260807,2.138587673826263,0.03227903757347715,-14.30229961459926,-3.2359510689176494,-0.21663939535841203,medium,0
2.2428569289303675,3.5552635503003422,3.9196497101039154,0.35122744889841045,14.841578242369895,2.756407473222218,0.275672780112002,high,0
-2.2474982592978945,-1.2542796797279507,3.932857337712112,-0.5310684162306574,3.0160043576627,2.1989522274925966,-1.1175224496987983,low,0
5.56276630806178,0.7246065344576744,1.257606005313131,-1.0923191313299112,-9.180635437073805,-2.13442962620174,-1.2165141292648918,high,1
4.591091221800248,3.9791698879178132,1.8318419311380802,-1.0629882561696384,-4.367207783267776,-2.045091562529667,-2.527211821784867,medium,1
4.986127127252079,-0.7849698973131884,0.7104779862141353,-0.22231422912920254,3.4807402178801676,-0.09580832906930992,4.148839933317314,high,0
3.4058991820380906,0.05720436522728245,4.341143384529993,0.008239902237321965,0.5462696492661432,0.8772430512268161,-1.2676812830394777,medium,1
1.239899486717286,1.7383062666307738,2.9650363698484683,0.772163070265129,-10.232068740147433,-2.453661342101095,-4.035065353319294,very_high,1
7.654238049155362,-0.9950038264599051,1.8947522701986645,0.7501718259347306,-4.226633112515464,-1.4706341071382856,2.0206031871223646,medium,0
-0.0030414881407643257,2.714091028517791,4.514425169868657,0.10198996820564976,8.278589983478241,1.316337999052656,-1.2681592387479461,very_high,0
3.248631533322358,-1.9023525507039132,2.1365270476381717,-1.373459788389101,-9.1759340493163,-1.3457139840044434,-0.5420008399313647,low,0
9.900464858125778,0.4869244397758503,4.927783160839682,-1.6874590508410068,-6.805171569147637,-2.1667840500255857,-1.0462190968121456,high,1
4.166887851998312,-2.462072738919666,3.7229479970282395,0.5513142118814452,-10.72193222309326,-3.1075913084953664,0.3821342436526256,high,0
1.6413295552993383,1.4682154466249837,4.626950074018414,-1.5690515513805345,6.643976180799664,2.2290070457940585,-1.5950422693349762,low,1
5.813577051895591,-1.48783322554117,1.0239048419587709,-0.691610752923135,-6.785113740383622,-1.8014437313260128,1.7504809870925295,medium,0
3.7617688797671933,0.6148914558929944,5.591961945173968,-1.1743881435111299,-0.8132690762376293,-0.4215146082882344,-1.6791109783523184,very_high,1
5.738913750421608,-1.1218086537132845,2.1984348327169405,0.3103090779217747,-4.069922952247898,-0.931102336535778,1.1285744209613968,medium,0
4.044595518452729,0.9275443072527805,1.2782418853456172,-0.2870210321005965,-7.590529212132976,-0.7203308172335731,-2.4194366641900853,very_high,1
-0.890020534260958,1.4112321337206122,4.611274790454767,-0.7232026876536015,4.671897944119984,1.1484793713011017,-1.8057684010775286,low,0
6.664995765271543,-1.1405650042539561,1.1976357169776946,-1.452603069648612,-5.756924725302849,-1.565788430738901,1.732941547966415,medium,0
7.327267835490089,1.5111518071010803,2.35061882717922,-0.8591543931160232,-5.111605928084484,-1.8429425860913298,-0.6037133973440693,medium,1
5.244023218585694,-1.1935325111080173,0.5476478432218443,-0.634977319663221,-1.8778730001966968,-0.9674939078789057,3.060851320830184,low,0
5.7112369450051155,1.0227636141859886,-0.10498531393920008,-0.023772088871539414,-6.873283503676867,0.5771128298005954,-2.454286213271974,low,1
5.151592932986314,-2.0465288373434265,1.1125272914909219,-0.5975611332957903,-10.361383445173473,-2.3035511213627267,0.9404534587041462,very_high,0
-0.19581626132325303,1.5784484908903371,4.566979541218232,0.7324083971602016,7.153164951911165,0.9209107920480901,-0.41099606089095464,low,0
4.126883055852737,-1.7334955079428251,1.1544110642336785,0.5276425078150908,-2.8324411576708624,-1.637367128779398,3.264939728818719,medium,0
3.669776729994788,-2.143654423317345,3.3132960809822163,-0.9591853295438222,-9.85233880225749,-2.110003160205376,-0.4066886202288127,medium,0
4.3272670031962335,-1.0294487086028274,4.003138250865264,-1.669242815081354,-2.1778318642293732,-0.5569709536165509,0.2952652841264427,high,1
6.0399894171751,-0.9811736351848789,2.440062414088838,-0.5324554945640882,-1.2982715036662769,-1.0106592829695487,2.3010376695264654,high,0
6.18521637992924,-1.4496861567817207,1.9372245891330635,-0.5339947643171324,-8.264760674135772,-1.735682675299863,0.5291509588892587,very_high,0
1.5180369375695753,1.6204478162105016,4.971420480421001,0.3095660876048921,6.631294612787296,1.3580052184884783,-1.0472129995880726,high,0
6.880682955020973,-2.1610306194582947,1.8208140528502386,0.6361640796900059,-10.233252417071935,-3.7646653086021917,2.556207177313224,high,0
-2.649816360970049,0.964470493167704,4.319076477900193,0.7069430768811739,4.999486657576611,0.595060261735689,-0.8396370909985601,high,0
6.7696181701360025,-1.221677363519753,-0.4266951326666133,1.068336280509462,-7.848241811182587,-1.3409733899535716,1.5006731330162009,high,0
6.267271794328877,-0.9097279269793802,0.46792428877752545,1.6566425336406732,-1.4245872870801874,-0.8563541199006947,3.1318307562883883,very_high,0
-2.185183123420124,-0.7650577797748439,3.6567402499536454,0.20139119102243352,5.635441776957874,2.432520688697609,-0.4218817600151763,high,0
6.531795259159454,1.762574819395293,2.033123198919409,2.0171929318633146,-4.534483278255118,-1.778936152413213,-0.6055835530726729,low,1
0.7707621359692576,2.9686645512130188,4.00879654160107,0.2128388333031901,11.348447886648696,2.188261861241666,-0.5526255397337123,low,0
3.1373173462420536,2.3940883671221442,2.1959752992865615,1.1171632345763107,-7.5938900463427705,-2.1602320533170425,-2.9352371084058717,medium,1
3.2787644088301837,4.225267816246536,7.172670050612211,-0.41396085723194626,-4.1376523137934935,-4.652086489265532,-3.0910033259152287,low,1
9.732520685496677,1.3765458119068197,0.20941135338812256,-1.6341681879462102,-4.190681396399753,-1.5577472824136855,1.2656016052916526,medium,1
4.242732634198003,2.546612565129347,1.2316919131413746,-0.06017498115294533,-7.631056168284877,-1.7676360047113027,-2.768719719426767,high,1
3.083171034694753,4.033334114961364,4.357222026689199,0.8574920196332158,-0.295710710114216,-1.0252592437599142,-3.387678338317281,medium,1
1.114333888726316,-2.994980108027188,6.25751106694846,-0.8307964558104799,-5.711198152096043,0.07166115515510185,-2.0351531624939936,medium,0
4.645840345438842,0.15249319547636953,3.347980826083311,-0.6420772205581654,-0.5098927573103699,0.82855341629383,-1.0262959169444121,medium,1
5.299031232317438,2.451252956689814,2.5865619411484504,-0.6582676513931404,-5.442061423335444,-3.02638511813278,-0.8951361535746813,low,1
5.6372579760926165,-0.7003862552555344,1.2730797173675148,0.5527630568749383,-8.671755421293932,-1.7231380304420647,-0.09876238439583762,low,1
5.790638837925048,2.3113747243310017,3.3647945128037433,0.343684782575382,-3.7249324146155605,-1.8709865633879605,-1.4956082112447102,medium,1
-2.4649343698602477,3.3858493636875,4.221461720115809,-0.26089914242467094,6.819052115012889,0.5412444242952716,-2.0579937309661576,high,0
2.434183362494868,3.895852734197621,4.25095993970429,1.6362530520057004,12.91547723687744,2.5481338055350564,-0.863090378788588,high,0
1.6538169557162046,-1.0839837694078986,6.995507569540626,-0.31049313962988495,-0.1589084571628541,-0.7924474609915002,-0.5934484101716879,low,1
13.558312993069118,3.8720327222023827,1.1927824395343012,0.6241301886015536,-10.079199808553907,-3.2112459992740074,-1.8704497347773066,medium,1
9.023551634871708,0.3978094101001406,3.268253779086532,0.40625881939235275,-4.787417419232497,-0.5961364130027842,-0.911946313306598,medium,1
2.0318140190069713,-1.7705693221656578,2.9766808439997066,-0.12925987190522462,-3.1916491075884434,-0.6863900025611885,0.7641172939456771,high,0
7.482788002282412,2.085555743616771,2.0408958996941893,-1.701068881045201,-3.8307529809792484,-2.8147666330279377,0.6746829559071719,very_high,1
0.4085282794964833,0.20534228325440163,4.582705152812291,0.9479203797812449,4.125090164681246,1.8894699933110801,-1.4709863366086204,low,0
3.9207739433357824,1.767080213940155,2.1302448659825104,-1.0495399125643858,-8.40599605687684,-3.466281614433493,-1.2061299268293086,low,1
4.233080341546825,-1.2481558745053691,0.6638165357905166,-0.24579838723285788,-3.579571150323325,-0.6281563659730038,1.7132535507005626,very_high,0
4.0140943397791435,1.3277687160463874,1.544628951359067,1.5330992006847817,-6.07340390382682,-0.895843425414565,-2.04529780377259,medium,1
-1.9805012294751254,1.6767733570007488,4.3284948500516585,0.5431979761931105,5.168683113237636,0.8946211511451565,-1.6022433519618493,high,0
5.034998010741694,-2.390384846479482,2.8157300193684796,-0.23250899588628876,-12.976525440973079,-3.2342120808123136,0.05050981633297824,very_high,0
4.063425704743057,-1.7631981790907418,0.431551042022972,0.11097822147132856,-5.179342386532223,-1.5623017662843182,2.5000786041391487,very_high,1
8.309048636662926,2.431308228269434,2.9988712567778935,-1.86754884267264,-4.717729935060734,-1.407440168232744,-1.8815143369944887,low,1
4.256994214255957,-1.290374469634123,1.3980451466386667,0.3223741533520989,-5.436826413207002,-0.6501859464432131,0.512770869385021,high,0
0.5569049032210964,-3.669637787686855,3.2554799546016904,-0.0630664323414849,-12.559349064674997,-3.7684473615784766,0.8948024083055086,medium,0
2.993055204444292,-1.356626178042605,5.854747532144755,0.4663024152149667,-1.4906968943949275,-0.9159067682683303,0.03152251588153998,low,1
-1.253057069377506,3.2549847589976046,3.138345444350602,0.24732367880720044,2.9491464321299112,-0.062460620234145336,-2.3043980166412856,medium,1
5.31996255945975,0.609444417898582,1.5250257405874554,-0.7234402586010723,-9.694376899056445,-3.0327428121298756,-0.6104259430863258,low,1
3.8303857071856218,-1.196090880624102,1.3972128723820898,0.13398400538601338,-5.741075101755294,-0.2555116131347208,-0.20347541517728862,low,0
3.275150336989565,1.0818565199930412,2.1780991295267453,1.8220293978188606,-7.438727359769252,-1.9603834203071855,-1.8364120487317062,medium,1
6.272149551445782,0.378302544983689,0.9768740761325767,0.6513959145705362,-8.025846435050916,-2.0271083230356943,-0.18781951837372968,very_high,1
5.747931936843223,0.23534748288545226,3.043082373052084,0.37852569523019436,-3.5349104575010317,-1.1106876650241149,-0.13248285023989803,medium,1
9.091323781400988,-1.0383099293450038,1.09918971806363,-0.7750500974266233,-11.693984594602222,-2.1289636646562213,-0.04289459754825886,medium,0
2.5835857006558394,-0.16890223672227078,4.76085990304049,-0.10723613149766352,0.20661216685232248,0.17461926455233168,-0.8725888152422078,high,1
-5.137704661634513,1.4502771015647073,3.9052208405310407,-0.43436651420180517,2.3947027516745574,0.19673190910307858,-2.3239869036622864,medium,0
0.8956358160359859,0.41955297868642183,5.248183144177544,0.4218043146348249,2.4836470038049843,0.9175687411647266,-1.6964597642624022,low,0
4.540575687145567,-3.243982477196378,2.2316464151704287,-0.09504676162321289,-21.803473432330414,-4.637858482264087,-1.609433073305723,high,0
3.0071701325278855,1.7392318033868512,5.205040819638382,-1.4428526026547475,-2.6836412174150097,-2.566185684463302,-1.2852002754677354,medium,1
5.921186676785579,1.3625868720071246,-0.186132391106566,0.8028569813422711,-8.366680609649444,-1.5962203068840426,-1.125163425935505,high,1
8.59120513996789,1.1573128843431562,0.2788449235127426,-0.7730111380227677,-2.148055188008062,0.9369609928918972,-0.4173959623033612,medium,1
6.032686432834405,-0.654124171979981,0.7638437370940343,0.5706738875872851,1.1662953275817816,-0.34696028587842886,3.3750966201277377,low,0
4.98722967460693,-1.2685194430540976,1.1460453333567844,-1.370678364136445,-5.487454050127708,-0.8245227944463783,0.9228840171765054,high,0
0.33311197825593686,1.2747552323685325,6.034736040152104,0.7241948581283401,0.6937845145522331,-1.195138563955281,-1.654888620661603,high,0
10.35543524121192,-1.4563357727000612,1.5769710696125243,-1.2884874022027641,-15.229599535454021,-3.7806381529828745,0.3762186689544127,low,0
3.454203297745375,1.9311785863646196,2.8398662644170134,1.0205607310631075,-7.935879441142079,-2.571392535913986,-2.5371489069732656,low,1
7.718225635864133,1.355984555652246,0.5001171099677895,0.151898197194949,-2.6446958441977353,0.6653620475753574,-0.8318379422961605,very_high,1
4.736464699051654,0.43948581670055686,6.4220082478078995,1.4574893476546935,-2.508252046090001,-1.4432098413158245,-1.5209651911723072,low,1
6.557362351989051,-0.6039859817594061,1.1814789323332577,-0.952297572765658,-1.8812827361591642,-0.2157940872243138,1.641189393334937,low,0
-1.6578562868858207,3.4711141905550202,3.2029142070630017,-0.6494047697796104,13.089803750141634,2.5764052954058805,-0.6145687673562422,high,0
4.922766297710317,2.8390921307933006,2.4576817769775716,-0.6726712653226358,-6.172816233725417,-3.1785032402331694,-1.4325913559913508,very_high,1
4.1796515756097445,3.562944458229778,2.954554436095337,-0.3494568191989133,-1.8250641400664933,-1.3683546768699237,-2.349356155564545,very_high,1
5.011579052993467,-1.7841791072388706,2.274801492365179,-1.326762088437368,-5.625026649353789,-2.195622838273922,2.141671714281129,medium,0
5.201847179925547,-0.20019481531613104,6.788891966262567,-0.8830264077930016,-1.5942479936052132,-0.35708565724671404,-1.749266179992879,medium,1
3.5839354968471455,-0.5724351983897837,1.5661869615241315,-0.6244315071800652,-13.088101243547445,-1.7749514457419728,-2.7649168869755254,high,1
5.487515061162924,1.3120468901898217,0.3731042063417642,0.23263979656204414,-7.77415477333899,-1.0758695442917205,-1.726806732358779,very_high,1
6.54705004892415,3.0271183244819158,2.7779628957246656,-0.2289333745927414,-0.3829623256299016,-1.7714371575892642,-0.23242188466559277,very_high,0
1.9686505788384983,-2.32456429835588,2.3519818892145574,-0.4301915035576536,-5.9761094956596175,-1.7832421969773893,1.4354663142843012,medium,0
3.984924274680486,2.375058413441652,2.5039323519679852,-1.326899643121957,-5.853175743100848,-2.0965553289449788,-2.1811053364870543,high,1
0.36874392544762724,2.855958182449046,4.672038145141906,1.4243484486319131,6.990082759823966,1.1060830413490934,-1.7977266676723491,high,0
7.528989867953689,1.9345729186491851,3.180633997426388,0.7906405985406281,-4.848895284664939,-1.7674721856909796,-1.3598924468253593,high,1
2.522437117017528,3.2879112561198616,4.411217065521424,2.5978955196674125,11.602227485866571,2.1584358594751283,-0.5876884655113245,low,0
2.3551201846516636,0.21976647537866256,5.306772273489031,0.7971896256065104,3.1506428224674643,1.587913507902071,-1.6579894332429712,medium,0
4.48589069302041,0.898399142664107,0.9588982418265051,-0.3925385476812056,-7.72442772639401,-0.3377156893671447,-2.5962130090265223,low,1
4.385284339191637,1.4849651462982156,7.423190326656636,-0.6384234579012289,-2.909492109154372,-2.4433279501051146,-2.235894018734638,very_high,1
7.632808981533975,0.24056505652501725,0.8812064094824033,0.9361091930536938,0.41558507343887613,0.9826877491114967,1.063024292729927,very_high,0
5.968902344642261,-1.1741188273593361,0.13735955347663253,-0.4403189975195888,-7.477431558094841,-0.8342349188999171,0.6491517962623127,medium,0
3.7122255658870325,0.9713965353126596,4.417737291495438,0.9711522057003257,-2.8289656291675085,-2.0321431686076434,-0.6461829725434384,high,1
-0.642285506579801,3.1508998385592224,3.707851852904615,-1.0564060172973933,9.654263722984366,2.6117815353780687,-2.0482233024201637,very_high,0
-0.6070953668354768,0.42745067396879066,4.6757329607572,-0.5880239755981116,1.953442733650986,1.8290539997789375,-2.8644611989170254,high,0
4.812008766641975,-1.9413260912516492,1.674458734686529,0.27969882147974084,-7.398840241219926,-2.3310981750196094,1.8870217559785085,high,0
6.405119394525315,2.0215276005849687,1.258980617332332,-0.6417015317868664,-3.1435089853259077,-1.0880827347374151,-0.5115187873021552,low,1
7.662813852591004,-2.7907513519645306,4.686237442871426,1.233366743144109,-6.024771407874824,-1.7341157378381609,1.577403848327811,high,1
5.261254729573844,1.3151306819123652,2.1025632468448174,-0.20945756085286435,-5.115216648136457,-1.493174483641905,-1.0385650961524713,high,1
4.320326830216099,-0.22758706549261865,1.4680645627469902,-0.518327158765086,-17.3467344177472,-6.106482680639716,-0.38635415010465723,low,1
2.332195091530237,0.6992059844632081,1.2360031370757618,-0.559015059401318,-9.633632843704337,-0.8200208665290729,-3.356954288756272,medium,1
5.682850516962269,0.721525942178821,2.6348040962791504,0.2599650428383733,-1.993629084525744,-0.4632435400583488,-0.3182733615820035,low,1
8.457702208474775,0.12962210258065388,-0.38457892657449033,-0.7266626942075453,0.3818490727048221,0.5191970959106489,2.4711142520705907,very_high,0
2.1534968900677245,1.4286539837074335,4.567305816404472,0.5357678486269576,1.8236876535280797,0.9253218424961975,-2.329595986794502,high,1
1.0211173165336493,1.9959461367525484,3.9518665974240372,0.5366397216596849,12.433535385589636,2.598442442738768,0.4943736902653544,low,0
7.930649606662123,0.9272585532488526,7.1041229032830495,1.097832514487319,-6.632389254099351,-3.4781758806503786,-1.55827685352655,very_high,1
1.202488511036213,0.3673863616480464,5.559304157590768,0.5894466106285353,2.1128638161946136,0.3081734230126989,-1.302206103893894,very_high,0
-0.7126303767729114,0.058222878077602847,5.09067384990435,-0.8577528018855373,1.139238915917002,0.4124704501259491,-1.6839844135916642,very_high,0
-1.1446560397144845,-0.4060205625539346,4.46835601355921,2.3523761377891437,2.960541169116774,1.6916016568318986,-1.4780076915057416,low,0
3.8114116068630817,3.2026875852323515,4.91403140729555,0.3785751614471342,9.63100628631113,2.135412651187469,-1.4398009109602612,high,0
6.676952246475596,-0.8150854049470602,1.34044528048286,-1.0943792866910602,-6.883901011271232,-0.6424798719849291,-0.12307778959869942,medium,0
0.6738046011822578,0.9142894056031923,6.446600840078732,-1.2212984307015942,0.597451186048562,-1.076162908556711,-1.6546890588389636,very_high,1
4.777031803486676,1.4422560017203483,5.578165909687644,-0.4213723920639327,-1.549855145355434,-0.7451878031476288,-2.2464245395890403,medium,1
0.24720357875455434,0.19960782404652022,4.262010149906718,-1.6292625275995385,6.4978309539493315,2.2072193548863472,-0.543193476533262,low,0
3.9068376806970475,-2.0455007673270744,2.6106029245414906,1.3123089060097872,-7.968060625941784,-2.1267069625910318,0.8269004042128179,very_high,0
0.20386472638859487,2.0873462842535866,5.048123351643605,0.6492339449358702,5.753258454846982,0.26910475723699534,-1.0406890626947405,high,0
10.628122645167796,1.831225332912049,3.3877455194502435,-1.846091427352934,-6.680245654768311,-1.7589075096380187,-1.66524671476617,low,1
-0.9027498010170087,-1.7694859460767645,5.180501699382814,0.018197803928850644,-3.226146803133228,0.8397885185098203,-2.5800924273623265,very_high,0
7.071741103091817,0.34484361438910294,-0.38252244761961185,1.4467049905340863,-10.782156271346206,-2.1987970021274266,-0.3777048692726279,low,1
5.039658818271944,-2.4151353412546994,1.9415756356662504,-1.150935737926975,-12.524385027361442,-3.133048491873358,0.6556192217019534,medium,0
6.400242386798865,1.5686542595320567,1.0547752987631154,0.845365013101713,-8.447061744207055,-3.1845916019579508,-0.2898272224422569,very_high,1
7.174419002064304,1.8710392930102202,4.092159447501595,0.6684438320775568,-4.703214807774537,-1.9965355883221994,-1.5581560952818578,very_high,1
7.72713109040384,0.7674415025979627,1.0673092395523462,0.35117640059824606,-1.3066655581430822,0.2768822192261233,0.4260913958554895,low,1
2.6104358472834077,1.2530689346391748,3.2902760943665674,-1.1540058413317404,-6.35846518770239,-1.782965751584233,-2.4010606960843304,medium,1
2.3353977777356745,0.587204474446523,1.3280532709023056,-0.6089584695379725,-9.403185213035293,-0.18655611614340817,-3.853365099510024,low,1
7.3035546792046455,0.1878880186871119,7.172554654881431,0.46089871809103755,-4.70788600365667,-2.0459803613468077,-1.6236112990578093,very_high,1
4.099533164957007,-0.15611938294134564,6.093311412554272,-0.09606893957442625,0.3308622676064254,0.796400218626161,-1.9135959906472984,very_high,1
7.770785314745513,0.3522080620372201,1.0660694346286144,-1.5751857879665976,-3.240681941265275,-0.24529213770864788,0.4526506580071985,low,1
1.437493241671872,2.341657026869112,5.741830881643654,-0.7187442856448362,5.2729070961970494,-0.33630025209837555,-1.0172156913260149,high,0
5.743218014087681,1.5392816781399226,1.1589039011392408,-1.1605790496091448,-2.283748719250373,1.0835645730695371,-1.9901502004344291,high,1
6.627791425713538,-0.8509753667811303,1.1713712352407701,-0.6819860736182985,-0.9479752661135346,-0.8523260185681414,2.9809514514482647,high,0
0.8826816767981469,-0.34014231224851565,6.805211152944332,-0.310655623434256,1.0557349681429358,-0.32448950916614017,-1.230843196623993,high,1
3.8472873816114883,-1.659753388426208,0.65865030801044,-1.0605100497032989,-4.009782309368331,-1.2073591082996118,2.4198172656834425,high,0
2.5733879695730795,2.6491622392324254,4.233311695818963,-0.7018050097964876,11.495971133776132,2.909561761028884,-0.7265588059998149,low,0
2.84081706304194,1.69000090303177,2.0272207110193414,-0.8316028927921619,-10.305275037904433,-1.9878054626929198,-3.7001404343339432,low,1
4.2848385388384225,3.2701938966897597,3.6762725971604553,-0.27079989625877166,-3.061532168574656,-2.454207740745177,-1.9063808475993689,very_high,1
1.9521142374869007,2.6644103424496395,4.083616143457554,-1.3673749359870357,12.341873848751812,2.689693568131121,-0.1518382452676139,very_high,0
3.536536468566751,-2.090288124134659,2.543064590617191,-0.461216007641872,-1.4875454069557486,-2.0674432071775772,3.799266735438197,medium,0
2.6597086878758436,0.5061034857153756,6.311921583358544,0.2086060651449,-1.972866802422506,-2.0325360327420046,-1.0474185223944723,very_high,1
4.479827300615235,-1.8955395967716202,2.07786628030852,-0.885889566977056,-8.075290941777254,-1.9490180075658383,0.8520702413695315,medium,0
2.2736990279811615,2.0932936080242017,4.952517467180637,-0.6247773908147779,7.665345362962983,1.3969025253725893,-0.8857238836352711,medium,0
2.2349867644146726,2.7539864387656836,4.939423362648865,-1.4369485381777383,6.200573276395031,1.5458501790518935,-2.32728064979084,high,0
7.814308868909168,0.6664808298330939,-0.007180072388059955,-0.6820195471954856,-4.131231632169419,-0.1269219905890766,0.2191101281503971,very_high,1
0.918451258536394,-1.45216165222855,4.828878595397775,-1.5833327484630861,1.623284697835191,2.1065740491890645,-1.3894250803620845,medium,1
4.540220950828435,0.8131631154095064,0.9850781454970812,0.8072549472183428,-10.97209252742972,-1.5467667320937122,-2.7849565763768527,very_high,1
2.5627460389148133,-0.7857299449429043,5.979483266316889,-2.259352775008726,0.5205292634672085,0.36888729807494136,-1.0309457524504677,low,1
2.8867063968979467,-1.1111417650458146,5.251764075544756,0.47507524025622594,3.3807770732838986,2.282189435003062,-0.9262754722032819,medium,1
0.39361739283679187,1.3250434993699804,4.528921774175303,-0.2930939766913997,7.173567190567445,1.8341136043781363,-0.9865189243077181,high,0
7.68325046922572,2.29131375710035,3.2081484853444295,1.2770510847620375,-3.7570339062221514,-0.8895956453905626,-2.0724153347500347,medium,1
-0.8547885163949513,0.4565804563715645,4.495462023053682,-0.4592191732837612,5.527597233105343,1.468005143582625,-0.7963541306636008,high,0
3.8582126093423312,1.5009418396838536,1.9869646743634526,-0.685936631932036,-7.530524871934363,-2.174778354987604,-1.8271961301664845,high,1
5.484201166641424,-1.2390201508324945,1.1212285793417427,1.3291039546673873,-4.071380770687284,-1.1801908554494676,2.0316994105504773,medium,0
-1.5617687113999397,2.012260669412015,5.00299226649488,-1.1686268977522438,3.1109245665253034,-0.2305637142437511,-1.9914950342105562,medium,0
7.652064372399134,0.7355241247089909,0.40055571352819896,0.2920593082602994,-3.9045726557315854,0.01448134943585866,-0.13670583142130566,very_high,1
3.238492732607722,4.188426586255302,2.9804090751551806,-0.21474646027585934,-1.456439339823604,-1.703990816717482,-2.589626009410527,very_high,1
3.758661831261282,1.121301159754417,2.214702286122969,1.1379376216315065,-9.286154955141585,-2.603013311199149,-1.9984574778529003,very_high,1
3.821945826169743,1.127241750212808,1.3815450126444413,0.37622988390102374,-5.899502978198393,-0.34345454664844777,-2.300786984305247,very_high,1
5.072072192043265,-1.88257189333324,3.319932373071886,-1.4827801249715582,-3.79379323687912,-2.4510504950514425,2.7939473226472797,medium,0
5.2412888738094585,2.528681393477193,1.0115377425150476,1.0709167919107805,-3.3590765678635663,0.1787250701948182,-2.4706498556198184,medium,1
4.7214848694438,1.392312122675476,5.422302873254697,-1.3205492026570234,-1.1499383953177191,-0.4062796867742158,-2.291081540220956,low,1
14.441725486386096,2.578340459237394,3.803989525791542,0.2936321432143022,-9.66840966961961,-2.5660764218093077,-2.4222204591426566,high,1
5.342955072237852,0.6699834512411169,0.7479020976541717,-0.7106599010213542,-10.067735655214594,-2.3970385756016297,-1.0721195499535452,high,1
5.394001615545406,1.4591657302909948,1.806677595326348,-0.5493609490184581,-5.814040845400608,-1.0797752354600554,-1.7392722366550228,high,1
5.997088851723827,-1.6193562540415736,0.9024138836727023,0.2544588243730908,-5.375802664032121,-2.017420631490393,2.852595502187406,low,0
8.35679991506976,2.153487712716906,1.8990393034432267,-0.2914579677068314,-2.813618265506344,-2.4097482768206167,0.9073136461006177,medium,1
5.066020072051407,2.6335175812391958,1.8467987383842206,0.6309348029018119,-2.7858590367081626,-0.7451885472113956,-1.8278099301658748,low,1
2.7822300688514976,1.8218797959952908,4.285830530825656,0.8643547505589365,11.563735332043947,2.961251400003647,0.01718664250206503,medium,0
2.716902508620351,-3.2077123627942923,3.0388534958801516,0.23311337473396282,-17.698151454314512,-3.902227120587616,-1.2673113894608758,medium,1
6.15843383022372,-1.4083869472680874,0.6822652779640843,-2.3308344422092566,-5.619658424735632,-1.8338668830232512,2.505579335472776,low,0
8.187492727198174,2.0046363136061434,3.4317934958522818,0.17018834471280725,-5.893659738115432,-2.385583739584801,-1.2847767416189255,high,1
2.375410843345591,1.703395056364285,6.1208132976797245,-0.8483484928702344,-1.8738201493464208,-2.3819299027262684,-1.681157485508205,very_high,1
5.652324265886606,-1.5989966261944675,2.1604212303012598,-2.2431060697297385,-10.92931497990472,-1.7674209025105276,-0.7659697425987377,high,0
11.353239480929846,0.48856908884199624,3.0746819454202146,-1.1480810428164114,-7.034314504737287,-1.2743578653394865,-0.8016898689530083,medium,1
0.06412844668541462,1.4505888246894671,5.727227859143074,-0.024142616291021407,-0.039061900915796165,-0.35275025797969417,-2.9137241440361263,medium,0
0.6400070470022323,5.032188303932065,3.2926932078993465,1.0178869229775207,16.399017860446083,2.682809080817411,-0.2268649065569004,low,0
7.504798003051999,-0.8508776329892362,-0.3551965296500077,-0.3604882112504711,-9.87915966212547,-0.490043074040021,-0.5702808601407938,high,1
9.984962090517133,-0.37240363615598326,1.0372822634875443,1.9020672145446793,-9.628347802389618,-1.1453668547699767,-0.5065603925795452,low,0
0.542991707708167,1.185281181929538,4.78003687502353,-1.8871305558370313,5.83425614820193,1.5348844660437375,-1.2826331142121115,high,0
6.444472628921117,-0.41450885333588516,0.8131974506088211,0.041923042134412065,3.01663256907512,-0.12791596798310856,3.8427021007208437,medium,0
0.12691764881664236,0.39086344997936684,4.9898393252232225,1.374428878152368,1.5913554664647147,1.355455105570859,-2.5433082615030465,high,0
1.259718561218171,2.755190060147541,3.9849587001814903,-0.24521843552457867,13.033443391123438,2.497410365359382,0.21227511219525774,very_high,0
6.612754431244571,0.5055030841762704,0.2045583103207136,1.399379266314764,-7.752223740430228,-0.7735208111842302,-0.9925162438310953,medium,1
1.4804961975010205,0.3911478685872085,5.566427167390557,-1.3035146595675655,0.2746994763108199,0.6870086321753388,-2.5268760003436173,medium,0
6.697180289814618,-1.0600584487541211,0.35512260047082833,0.0669865392397184,-5.887111002378367,-1.2522335167497158,1.7378118607802786,high,0
7.028996639722499,2.1766041333718755,0.2291776147858009,0.3559666157585536,-5.1154233724603895,-0.08279246151472841,-1.9396791347967572,high,1
8.325689447924423,3.3732451636485297,1.4916912386091186,0.43802391044540817,0.510097693395106,-1.4953936005297157,0.6127897101446775,low,1
8.168306383092325,-0.6850990708029201,-0.4303315327566244,0.19999019312648803,-8.197891756450845,-0.47000842978720225,0.2067125801838985,low,1
-0.7931942442456403,3.747442483889151,3.4413443616121127,-0.41963275715892157,12.702294615970864,2.4552642273744203,-0.8909720149632684,low,0
5.298809384741054,1.2411474986378523,2.1544246915984386,-1.838378606443873,-6.664797689360977,-2.062746171790697,-1.125032165888699,low,1
-0.8729078221526008,2.089994482036206,4.467908614831097,-0.876950367192291,3.8746363129292454,1.7148937246193068,-3.3038208844717643,very_high,0
1.3357015679850466,0.47928172018321424,6.518558093996892,-0.10308664943772247,-1.0616597566998862,-1.9925904489004103,-0.9977557656383693,low,1
7.428263928695654,-0.21871115608504987,1.2489016795126788,-2.435142056481025,-0.9534781128471999,0.01262208680721666,1.611040313014888,high,0
4.440238013752699,0.9374312120243699,1.3689736377562418,-0.2310363056063323,-5.987207547874368,-0.30152305804131196,-2.0899938440102526,high,1
2.429056335656528,3.71005588425815,4.932545963198357,0.16161911596031422,10.305567270748012,1.4813340178230099,-1.177348184397803,high,0
7.521172923449786,0.9537003538876637,5.638327600342365,0.7043292777085836,-5.123864638557839,-2.1939385601166843,-1.4886725287863574,medium,1
-2.5058798271451703,-0.19612158760320053,4.750817041809189,-0.7177809645408204,-0.3758059849559376,0.4329370885211039,-2.32900187269219,medium,0
7.6332464473172115,-1.4014539423942762,1.2001486477826933,-1.307654916292248,-6.277792149079106,-2.502563368765733,2.8780854747419373,low,0
8.374823956028335,3.542814905077902,2.6842546969118217,-0.8629493920533268,4.00593739577782,-1.3279960062213918,1.276720931332096,very_high,1
4.447819843822648,1.161218659802778,4.0256008986712875,2.6030150380914736,-3.5783305839606805,-2.228498844873252,-0.6155631153358285,low,1
0.3879535882897174,0.8982301062997788,4.660486388178731,1.8587191459734371,4.878145267104319,1.6730020066783047,-1.5738540844249045,very_high,0
-0.9892273494319168,1.9145551906452998,3.74628645775897,0.1928761086311602,-12.258898441149178,-4.518209992941813,-3.841305188373396,high,0
6.790527474728404,-1.1567750155726133,0.5879632792948173,-2.021476320304345,-7.852205523089753,-1.3542384629577295,0.90530843560379,very_high,0
1.369414672644107,1.6587325076634554,6.35110751473543,0.407591295814799,-0.5828406744933432,-1.8694642313488867,-1.881533914995398,high,1
6.4037892390443565,0.37402335549221855,0.3236806788266344,0.7111240171481411,-8.206251139938335,-1.3961469635535975,-0.5425298732021284,very_high,1
7.147816224416104,-0.5765724473359116,0.9511885821697579,-1.8620504589527163,-2.900026784755134,-0.36731629899894913,1.5328404096416948,very_high,0
7.63188048758671,-1.2225741384025839,1.8647672286501331,1.5010187278371674,-9.203468251901988,-1.9850892643008504,0.45077313034047384,high,0
7.003000301984431,0.9105733489256718,3.975160950336574,-0.25182879455260276,-3.3755532443430996,-0.7351931024689883,-1.337414508822135,low,1
1.252144622595633,4.1394833419287025,4.770386251198246,1.970180687961745,8.770870391221163,1.2255950625119154,-2.151501773222131,high,0
1.7766122826249533,0.9658687625870662,1.6666261666787279,0.7528608098096199,-13.413423586633378,-3.060944770273276,-3.3790404985691183,high,1
6.380319728906237,0.3090585557471046,3.2314004481918026,0.1849886791398782,-4.086991501458577,-1.3179298347138406,-0.22738665439273098,medium,1
0.4520872323916807,-1.8507186582464517,5.033536849243661,-0.6156211063458148,2.5203942403198387,1.3999324479961959,-0.07217053842493204,high,1
-0.4559338673088762,1.087624344919667,5.80460628099557,-2.4012698455157264,2.74643567029306,0.22284153653704597,-2.0176696266352376,low,1
11.130362797519476,3.1551368993242823,3.3137141387765423,-0.9529757939412979,-9.612496627238041,-4.218753041994306,-1.5587936664931987,very_high,1
-1.3586080483435503,1.7415647537897943,3.829154739957186,1.4204326898442852,8.747083756611506,2.466100939115476,-1.2330225758777291,medium,0
5.207445275167926,-1.3146764823570452,2.011578864690396,0.9103078648378388,-2.6840229004920517,-1.1940551140362716,2.226993143129649,high,0
5.65353172651203,-1.3832444984209444,5.4724273921750175,1.8993532974209593,-2.7702685364106063,-0.5321483016507382,-0.23635010828237335,high,1
2.5790849542269063,2.3273472462077107,2.3344417336726853,0.16046847082691632,-6.470662334899387,-1.1070617079034881,-3.6211009992809693,very_high,1
5.267373236406222,1.2964924544317302,1.4540844956032357,0.15081724644190994,-6.537017947545623,-1.4516880124709588,-1.3743918852295727,low,1
8.355672615157697,3.186010496543987,1.6971393901204024,-0.12049504427867608,1.9712218000784674,-1.0778349859813654,0.9267090622126477,very_high,1
7.847357800220471,1.0395264285252885,0.2805634132842836,-0.8017661537290187,-6.2173730837705365,-1.661409392616225,0.3452796723322429,high,1
-1.3581810602916402,1.3715861033055246,4.744089489477584,2.363591617338595,4.2144149242531075,0.12377342586531825,-1.0800484149055962,low,0
4.661989874001625,-2.174027478895216,0.98135342686796,1.0746587009586133,-2.5595483268734047,-2.7852676089001447,5.178440132226161,very_high,0
-1.0633368199762807,0.7233234165081692,5.059139570861989,-0.2112032508649611,1.6068284073566805,0.5939578215785705,-2.309308081517932,very_high,0
-0.5629016039185126,-0.22045831686217343,6.7340252859151795,0.629250010049423,3.6108459530697496,1.0688214591469185,-1.8222798230041517,very_high,1
1.9070633125300822,0.13041128940433677,4.672156537057409,-0.5526892306369037,5.762094074197218,2.365164728824279,-0.9014330265288375,high,0
-1.991031606336632,2.225403154516126,5.471981884396167,-1.3908384919145735,-0.04104565623013214,-1.027489930483295,-3.1661593489767865,high,0
4.1139639665086465,0.9878468941072635,2.022913996631214,-0.3271376582946875,-8.246341744730062,-1.7173062539721327,-2.139093621614078,high,1
6.679357008136108,0.3003758821951512,3.8414630232763898,-1.0104885627321851,-4.076881884619813,-1.2518406788688476,-0.5594432741615674,high,1
-2.555922397283105,-1.8376501608948352,4.976782601917517,0.5644660417266827,-2.423993084921246,0.5054033158378947,-1.9935238755683595,very_high,0
7.109732246213769,2.4861714931179866,1.2592273939691774,-0.38244678042407215,0.15339699333780127,0.5922035803921633,-1.0079690534827104,low,1
6.9909755796460225,-0.3581130609472363,0.490584480313105,-1.2076487075909048,-10.143433616311658,-1.8305988580768144,-0.3093465201946195,medium,1
1.7534137881393672,1.4650182994432672,2.052463892298085,-1.1754120330607285,-9.753235651871279,-2.1257542378731937,-3.3100578589510867,low,1
3.2937289018974125,-2.554437681324348,2.492104344586592,-1.448092733450767,-8.248294088789123,-3.009693208494847,2.026667342661036,medium,0
0.8147613096453934,2.3268719460677754,5.8800325846345585,2.2486853357603955,-0.4762627793485114,-2.150542671069063,-1.9974331950589357,low,1
3.4360361947464417,-1.8761208254565989,1.057658053844765,0.18002406304129295,-1.3029484801926874,-1.607882265332154,4.002641742525011,high,0
8.658461507843937,0.04741608256110741,4.634659867271882,0.2494666176234959,-7.8902911588952005,-3.497228245665232,0.15632052784994732,high,1
9.312290020417574,0.11051574245247053,2.835595504508733,0.9101800686911865,-6.650323357587929,-1.8077251205348883,0.026035866834142718,high,1
8.49283096933031,1.869566454819508,0.24724340280117207,-0.9519263867754398,-4.628501304035221,-0.8734857042593244,-0.3496643687172871,low,1
3.054347376890156,-1.1632152677720626,0.29530952135452626,0.18746719596879374,2.6084628439493245,0.05011191294402817,3.8021160298854983,very_high,1
4.107288873720698,-2.2446837788185263,1.6161141462493833,-1.7505624671126763,-7.462575699118904,-2.6468612278837296,2.3622619997453125,very_high,0
5.815903698418532,-1.4899893457052353,1.0994803467110452,-1.552935149520627,-6.357012389981186,-1.7542079497060048,1.8626374426195222,low,0
1.7268310985478408,-2.7552861076173354,2.8475307245533004,-1.3606984844737342,-8.49235224306672,-2.5838531247158683,1.1697383368056442,medium,0
3.373406729534523,-0.10140927424240376,5.198155529979535,-1.282652222945589,1.2635608305876143,1.3416259097415462,-1.7416881979377075,very_high,1
-0.4987220950874711,1.9552697210419316,5.809210967456802,-0.7806512038596342,1.5034679195741232,-1.1065294088624849,-2.022312801323679,low,0
5.097270865204452,2.2326864949750513,3.297142352744941,0.19895869489552076,-3.284895572339057,-1.8062194116387618,-1.3777219273115708,medium,1
6.362092253171099,-2.141079548830558,1.4394924686373223,0.13325962986397294,-13.712497941699919,-3.060548829588305,0.2947652091453563,low,0
0.4829736640764306,1.554385450086758,6.225328133064504,0.2688897574425709,-0.5951601210158511,-2.273291102373443,-1.469843627033397,very_high,1
-0.10502447750275401,1.9545979822537967,4.060840666573977,-0.6321305344631005,8.926805406634559,1.6882472029152462,-0.4299245518074488,medium,0
5.310175767156991,1.2029401071528585,4.611192905297887,0.6128315308544704,-5.563654321201602,-3.531849828724941,-0.3871279273659527,low,1
-0.3375310663692854,0.9838587312085678,4.458608584437286,-0.8954106348203444,5.755178221468613,1.6058936440670406,-1.1982591527182054,medium,0
3.252592167252242,-1.5165748783949171,0.1574971914789689,1.8058043139785784,-1.6190869291189554,-0.7986832558908943,3.143256664188171,very_high,0
4.1678879624778755,1.0719410146167794,4.2110437741837545,-0.7061330561169062,-0.6489219876677289,0.00375968475126931,-1.6339845432875024,low,1
3.7523532534122612,2.611510354112318,3.5358440091307366,-0.08602491514767527,-1.6583961629325135,-1.2971432570891102,-1.8722983127425317,medium,1
5.970889878185559,-0.9582451195613466,0.3900316235774959,-0.10299150329344733,-4.392530714462052,-0.5818695015851713,1.4933356892557865,medium,0
6.196349704655665,2.7056009140308213,1.211578349967182,0.9248217558519707,-5.126140313868451,-1.6540242760797477,-1.4879389713657398,medium,1
1.9936743783635484,-1.9701715162620959,2.7821516422428507,-0.38653060098361486,-2.104380237331371,-1.1333575530563331,2.0160442824726874,medium,0
7.008864747780272,1.8629369931723716,1.2512949380427028,-0.04677873204548354,-2.990010251906407,-1.2266620846956346,-0.03484930861701052,high,1
-0.5182976578632514,1.188286901196352,4.416484850395944,0.8247214628370141,4.290250722032869,1.7399600407136275,-2.21847667126466,low,0
1.9237891245998233,-2.442389135812367,0.3819138663462107,0.25910372843319457,-6.846822231902423,-1.8269537042091677,2.2451444385815487,very_high,0
5.8836302613317875,-1.1128527163778905,-0.6084508433045714,0.4095280003493108,-3.8637609493869123,-0.8186973212482189,2.6537440892974358,low,0
4.781465817267392,-2.383979015414596,1.551939516041695,-0.4631475028654031,-13.721806300844309,-2.869706610233437,-0.040930430933101114,high,0
0.573354280461478,-0.019781545629985242,4.724166199690636,-1.9165561947398693,2.3591596671929365,2.086042344543241,-2.3398327176502507,low,0
0.804972980988504,-0.0008533598429838474,4.823633108375073,-1.270664554295015,3.211568429655349,2.029411493408531,-1.911502633409674,very_high,0
5.641838631805933,-1.9998262455975984,0.005355899056763036,-2.7243886013732674,-10.755036824462167,-2.3710532555019332,1.477476892976622,medium,0
-2.466683414144141,-1.241043626679609,4.9538020549357595,-0.6172471945743275,-2.4188914344340047,0.49054386608859546,-2.4914065197420983,medium,0
4.874290033050182,-2.223750616016607,1.3894332962437999,0.3242846939809015,-10.874824748953355,-2.735590690425577,1.1083337874922412,medium,0
-0.5131838156809496,0.9453986217830949,4.693635925863275,-1.2125841395738142,3.591475702226658,1.2625846425280596,-1.9777253202433536,high,0
4.762840746732944,-2.0254073543469855,2.5817533253917806,-0.769185087539062,-8.20286466785147,-2.19653882207476,0.9463236481733381,very_high,0
0.6323563162621688,-0.6302364402438676,4.705258843227707,-0.6145881345223154,1.7573250750779854,1.919937747949937,-1.869864675438201,very_high,0
-1.1439387798517058,1.4721410373838562,4.388714949406701,0.45321797561579963,3.1960045441420046,1.168652646670969,-2.497437248775911,low,0
5.790855246262845,-1.7681650904232633,1.9629058755669877,1.021499217625204,-12.549195827672504,-2.1576533092427965,-0.8298464354339359,high,0
2.819173988905968,-2.406397469440733,2.07747172466367,1.3001515766094456,-3.9925224198716958,-2.3214368892155606,3.301702525998416,medium,0
8.69637815166563,2.192967754076762,3.0715888052429,-2.530354010628302,-8.34067422844713,-4.097058593381984,-0.5339172135700855,high,1
3.9591959325906947,1.9376062066238267,4.425623710840223,0.11978948073929915,11.503023555692984,3.015493762385708,-0.030095069267690677,medium,0
4.3579780431245885,1.0234484829892394,3.6791941886864357,-0.42023908183601666,-1.184208036879689,-0.1731497148261465,-1.331497496342754,high,1
-0.8183200408776723,2.8039155197663463,3.1591354973343493,-0.46244689249196375,-6.301791710443632,-0.5054040071033487,-5.681990730361598,very_high,1
2.6832098672656435,-3.2308833867500057,5.998734324130702,-0.7168168488259901,-4.8987919702150045,1.769321746510507,-2.767979799407384,high,1
0.7897738807656327,0.07789887044331034,4.51350591196168,-0.09578578644135716,6.0978529130126615,2.085258672308521,-0.5281507865266002,medium,0
6.916818742314567,-0.19322010793972444,0.6436037484431489,-1.291541905390595,-0.44667811368354127,0.3599812671742786,1.6982576843638943,very_high,0
0.9729667934531658,0.8977242210295139,3.9755003963437314,-1.1809543958971533,7.9979108455563015,2.943909419532271,-0.953347707985615,medium,0
5.56265200101247,-2.2195807021569705,2.3112520310789755,2.633839553973648,-11.233503845543613,-3.125994672139683,0.9685615571494187,high,0
-1.2812773713752965,2.7331806159237964,3.969811606624548,-0.8912345760180853,8.979449669054288,1.1535165478806646,-0.7312397963095615,high,0
3.9949913428988473,1.2579917233181206,4.975285174930335,-2.1980450685701327,-2.444934395313609,-1.719453212762065,-1.3034611824448974,medium,1
5.90260565455112,0.4600420779946788,0.308271453612984,0.9924837016032629,-5.685297217152532,0.7332598134360548,-1.7369683053352296,medium,1
1.403785436511611,-0.7752992538155654,5.003320765199593,1.0186658848840267,1.2405374646223772,1.8683033345441737,-1.9436812568379302,low,0
1.855818110042036,1.9395506345447266,4.394726531000675,-0.7375555090230795,9.044020405990448,2.468012669771846,-0.986676820711226,medium,0
0.16647287995901783,0.8000265858862555,1.1815580613473178,-0.006841077602403543,-16.95723607446848,-2.6350928693816256,-5.3591448702689135,low,0
-2.6982651857268314,-0.7481888414907649,3.8636694333958594,0.2975664670635451,2.468036230491567,2.207756093441444,-1.890808212928776,very_high,0
-2.230824659412823,1.3062107466234982,4.118952516797206,1.3661796508868786,5.168860932223134,1.262896279006358,-1.578226837289626,medium,0
1.7535852355191972,4.29031073910725,5.127478408034919,-0.24552572854302596,0.21632970924176453,-1.4751582222376358,-3.583216012653258,low,1
7.457100310650224,-1.6576677087503457,2.076503391405055,-0.8318021300515616,-8.471293265665118,-2.9871242827910356,2.081073018846954,medium,0
1.9791932885189305,3.102675244241286,2.838921376196047,-0.24597502550875242,0.988619333432839,0.006387646897669574,-2.387560066488827,high,1
2.789066653215559,-1.3837438701607778,1.1043130186285866,-0.8636782132253527,-3.7086506888176984,0.018479560739738554,0.5980766361027203,medium,0
8.143633563335742,-0.2700763416287617,1.5512874594221293,0.98277284741794,-0.9927184820047852,-0.38146200308556044,2.0168555590813,medium,0
2.660253693599588,2.600474216507315,4.227300268429234,-0.82693640058901,11.627395859298694,3.0407358349194085,-0.7373210107911643,low,0
5.681486263584806,-1.719844589562256,1.8229578352169402,0.7561252394920948,-7.819752981889685,-2.291167315169628,1.5279183263359806,very_high,0
4.596310669323747,-1.7142702673977313,2.2083158937240923,-1.7738640739480511,-6.156954015541286,-1.8035789095859842,1.3819505236737961,low,0
-0.9329400928876486,1.7205001532450916,5.247421211417242,-0.130654327145654,3.504824063582004,-0.35641731579131597,-1.4266640186637476,low,0
7.846912039250644,3.729241213596438,-0.5555370396523478,-0.6679337524640188,-5.301885746419539,-1.2946554584654755,-1.6089791553085258,low,1
-1.273664534401119,1.4328938878390947,3.931410574585387,-0.44213835151357644,7.4805180654173995,1.9677272553928478,-1.0654915036298904,medium,0
6.593116187346365,2.4638925042571524,1.8792856173752317,-2.075741303486289,-4.735223150256134,-3.2223711806154887,0.25197490711536785,medium,1
6.186477773860485,0.7553661425656256,1.684679406083573,0.16216243886329496,-3.9172116112149173,-0.7393860380385417,-0.35028193387659123,low,1
5.531992446786887,0.9287513485503603,3.3271655334220127,1.4942172188098222,-3.55445693558047,-1.4834586738960984,-0.5829783743494185,low,1
0.4116196377069161,0.16039312968075392,4.781193484450618,-1.1083582630816153,4.005825424163657,1.5395137202314855,-1.230163572063252,high,0
4.332476655355451,1.3512104568782812,2.2149173605450017,0.043957543954670455,-4.091899546650874,-0.5536056837493553,-1.8019189894063097,medium,1
3.798604411162974,-0.9557912883189074,1.792125438201695,-0.4556644478853548,4.361875454385244,-0.07796406481662976,3.8883287782093543,low,0
4.500765548934396,-1.1129240244484493,0.9487880199303431,1.0799854628034988,-2.057346754022112,-0.5005157615144264,2.0628087006638283,very_high,0
7.078900899580018,2.4519461581354545,1.369000621771633,-0.06938339849796421,-1.7539367145715923,-0.9868738973540345,-0.29529733293338234,low,1
4.632700265604932,-1.5091552840127629,1.792330961925903,-0.16543886128595214,-3.521153457467276,-1.2382306145013562,2.0719147619872706,high,0
5.754025109228234,2.6864222521568,0.9242642790050928,-0.05760737173156001,-2.230713889615168,0.005922814996129011,-1.7659292062255272,low,1
0.7605719959633077,3.5059760560214976,4.574749223823895,-0.5584226420081502,7.167354174424368,1.4452327553963165,-2.534329313271134,medium,0
1.9918267413675697,0.3296047980173271,4.842921472255686,-1.158086123526441,-3.0279810357001113,-2.943161215949916,0.24011065545261157,very_high,1
1.6650423833102068,1.4098944978818124,3.0901659075992987,-0.10667352632930058,-8.534627468354422,-2.6023358760751254,-2.777628769241334,low,1
1.11878391100936,4.215161176924035,3.3635748901520497,-0.18206314501759058,15.624763889788305,3.5183357456099684,-0.6579840501437534,low,0
-1.3196797904629007,1.7013481698820894,4.269107383635539,0.2368396521423254,-10.868037362624737,-3.2011322847355634,-4.708792915797538,high,1
8.50561424247083,2.5839796184805035,3.9316490133004036,-1.3375877996647993,-5.738393085636963,-2.35345628153984,-1.9873078990776247,very_high,1
1.4142891556020356,1.1191142983722697,4.023900533309357,0.21061699008560453,-1.0561500730424447,-1.6755164828427516,-0.5366536313680735,high,1
-3.3978216239745036,-0.4218670366391366,3.673299034219097,-1.3769891829637124,3.976992275155959,1.8926223967644673,-1.18429567238075,very_high,0
4.5336371041656,2.3567601541393466,2.546828502553918,-1.1555008328299199,-3.210775145690257,-1.9114904876315808,-1.0440386658637948,medium,1
9.934859388186545,0.2512088504685952,2.2028575247767828,-0.5065161195476956,-6.6192725131251615,-1.4116124611725231,-0.038627376862966134,high,1
0.2801458792159104,2.26329915807887,4.881246326279418,-1.5922606722087393,5.611868468662136,1.0482731036023694,-1.9702429422334578,very_high,0
-0.31073296727476496,0.05616396196755358,4.768571345758905,-0.557687365222419,2.423702013691412,1.5492095881988075,-2.011120294550583,low,1
3.5027242476525453,1.8236681362279463,5.150339737965098,-0.766698435063259,8.579323607299408,1.8341545248329345,-0.5451336712803689,medium,0
7.322954046216978,1.3997401504719311,4.933128628451423,-0.39253126363256563,-5.916333114283634,-2.9028385542039254,-1.1842006434328514,low,1
3.0669327691738255,2.4422856439956866,4.621061049194271,1.2846011743102994,0.23142203507384013,-0.2366294209387616,-2.6529787446042414,low,1
5.288625477198292,-0.7311239762854718,0.12212155549881976,1.1776125426909014,1.6544858729654435,0.08502534921102134,3.4359999410548427,medium,0
3.7726288000755117,-2.191130437658123,2.186884468834651,0.557456425104099,-6.926155541619526,-2.440699805717792,1.9772834429382993,very_high,0
1.8504972562851103,1.5428587687627893,6.724177188974743,0.5063139010272918,-1.2570322039502047,-2.2180947127915016,-1.8423762790598497,low,1
9.035407919259113,0.5263937738655816,0.33921281421688887,0.19312858088344123,-2.161730645605961,0.07221412237886748,1.0987255819607924,very_high,1
5.4903709719872715,-2.0190826675150433,2.075575093500217,-0.4485076350328032,-9.646303023654506,-2.780928101108226,1.2833541749339983,high,0
4.53140025952564,1.541668173837135,1.8217053991770884,0.5013599595470827,-9.582901252615612,-2.7665365670376123,-1.993733848154048,low,1
7.785474361401461,-0.961468829831324,1.9013962296770135,0.7836047306988988,-3.227860623427519,-1.580441027145896,2.59086056920688,medium,0
-1.3610220796755095,1.0703297540587553,4.461057939760133,1.0623554659615237,4.733761610458913,1.1505737194060055,-1.4737125025974773,very_high,0
6.313547733471399,1.5280660245589122,4.045522574090557,-0.3873978760098888,-5.295565807271778,-2.8202347623267983,-0.8022893949912911,low,1
2.2671961450530325,2.425955636912554,3.048466045499169,0.060162895287319614,-10.776982872918259,-4.293136969695501,-2.86437577429167,very_high,1
5.902988220944311,-0.9522388160119759,2.9398384774933386,3.3106447435851325,-7.095978643242107,-0.694841135334932,-1.056509886732031,high,0
-0.6534394290485341,3.5484023585848825,3.523617034721597,0.8257893137645753,12.673565376566142,2.269840956584486,-0.5491306696863055,very_high,0
1.5723244611205929,0.6823243646370211,4.848956952462717,0.6395539803105116,1.5951966167019371,0.5627189398068295,-1.6401527472621535,medium,1
-0.4725064494667994,3.872407983078628,4.68233906759577,-1.2386795703426159,7.74983528797377,0.23352315600644302,-1.6286828855927449,high,0
5.593510561055044,-1.759333166542965,4.627772954364021,-0.10762599326109652,-2.212163887916613,0.10638638549504509,0.15380537062188981,high,0
0.6443304200113062,4.3933886677610605,4.3163542329968845,0.4135855490114246,10.677657249943376,1.489847705817406,-1.6333886148782024,medium,0
6.762315186101033,-1.5166927170781344,1.7897489645495188,-1.0222169684248363,-11.389085323365506,-2.159929332423679,-0.2406257908315339,medium,0
6.043321114776145,-0.48120214996497124,0.7054904101877906,-0.2203764104043783,-6.3850666594850285,-0.21714599715931926,-0.4086287670540256,low,1
0.7979294973653908,3.223607339600373,3.9782517707144236,-0.4267681459691664,11.360211253486884,2.5798024294234105,-1.1642123977561942,low,0
3.9439843917647233,1.6652392361801804,1.7914718186628495,-0.2312955043454034,-7.788445626892936,-1.4296358829894489,-2.747894215550826,very_high,1
5.2312890113607535,0.42767514612482427,4.425718651584185,-0.1853911318849909,-2.006463378825506,-0.4232182214073621,-1.155583388949888,very_high,1
5.980007520535736,-2.3396255002320165,0.6714771272298794,-0.7457277038575422,-12.949078184217326,-3.497505987889587,1.6321083299675827,high,0
9.103731496860288,0.2943418872264987,2.689615164567667,1.2301527064493543,4.978041538648102,0.07647808801491607,3.3732986519929336,low,0
-3.3118549571873634,2.0635903466030925,3.279269120550664,-1.4983591636555345,9.179205091833563,1.9802074576623356,-0.885939754653924,very_high,0
6.239640560667015,-1.2431048755179588,1.6865361355629074,-0.018329363648544934,-3.3806141362013125,-1.3115878293840428,2.3271975098355684,very_high,0
5.5006544689810415,1.2654480898687899,4.282680153509993,1.8958064970120114,-5.340563599681825,-3.2176798419810537,-0.4516728238553942,medium,1
5.490982658437062,1.3171462072799633,0.009458537329096295,-2.3375516004228034,-8.251292471680898,-1.2816531827614224,-1.5423910360351973,high,1
3.633027021307785,1.2102028394253828,2.4233254994756726,0.7935725254056294,-8.808394002449234,-2.516174798250615,-2.083505796992915,low,1
-0.03204737898488741,2.538521464520516,3.4944144416177574,-0.033082244209824106,-1.3022995554324317,-2.8618948142711202,-0.6987325322827994,very_high,1
7.226387082050388,2.325283195688427,5.831590175679848,-0.9465729728148286,-5.358686309266304,-2.961941039216389,-2.214411549069243,medium,1
5.722286747780903,0.9221488406291452,1.3654680431531805,0.8091083164193965,-5.152349234421591,-0.46945106826075755,-1.2717539249504688,low,1
4.821577827399022,1.833931722465755,3.5318481952498084,-0.39872534933860826,-2.7214825655146058,-1.3991995027353061,-1.3515739243589857,high,1
5.738581010707382,2.0830777311982143,1.5693067841990995,-1.425640394442678,-5.476126297827588,-1.4656984596899159,-1.5578852521696542,high,1
3.205478359792436,-2.229247786404639,2.126444282474419,-1.0146457755268992,-6.774791741231993,-2.0840243671512013,1.6402820522224375,very_high,0
6.679557526940531,1.8752642111524458,0.5714898301076738,-0.4589712568777782,-4.79772241322899,-0.8357384996589144,-0.9867689568971242,low,1
6.02014208457819,1.8520740237230415,1.2948723566512559,0.34655163329126876,-3.0032130469760085,-0.32499012404420613,-1.173636299581401,low,1
1.635364178021181,3.4023878313016738,4.347411583282573,0.2520130937710832,10.774413104368808,1.8673516374602286,-0.907200812701952,medium,0
0.9510241110418356,0.384094043025077,4.4723599580788616,1.0465797035317541,4.584776289658375,2.309869541637275,-1.6945376970659218,high,0
7.210450816875213,-2.015316035156892,2.806581863786338,0.21996743317148668,-11.327826208620117,-3.7252736659112378,1.396548319239209,very_high,0
4.414611170639907,2.8371211709761273,1.799409019874417,2.021051096581907,-5.738244456394456,-1.662791223990851,-2.5359463990742785,low,1
-1.6631158135592852,0.9354718806559004,4.044023735117733,0.7835234658501639,5.969960139967681,1.9603792695676416,-1.4425097196768126,medium,0
5.025522767398967,0.8609337715839752,1.220799263255058,0.3314016693193915,-8.992280655035445,-2.3302776769671034,-1.1299659630841545,medium,1
5.77251763107996,-0.7435968524726854,1.9487456840903634,0.7151184224001491,0.06529885905649357,-0.45779579407944326,2.3648645319321826,medium,0
1.6820182031363866,2.391083281478723,2.750305190725366,-1.1724088362437772,-7.742712779874884,-1.4303973999939266,-4.330972287373806,medium,1
7.255484934794147,2.2715081836713704,2.7438578437399532,-1.2612112629628947,-1.8689999854503891,-2.5663200583061987,0.7383817216197421,low,1
4.296296890717243,3.1013722618873527,0.7984973558024082,-0.289341023447056,-8.215649899994437,-2.4278840930961234,-2.6180280175388324,very_high,1
0.390393140406573,2.215361474538786,4.189805701538244,1.9142106293772143,8.487048180936375,1.7513324592139585,-0.9166795018249384,low,0
3.1290493731024904,3.920996785083216,1.1274892783938881,-0.4316594075788252,1.1711587145353766,0.8230202558453659,-2.7514252977748614,high,1
3.579537471977318,4.370573255294913,2.7268759113578964,1.1958393695180876,-4.418107424152051,-2.542182135640937,-3.068038443139381,very_high,1
6.21930384003946,-1.0557747685390986,1.0965669465392094,0.5404217812151317,-7.893152824446802,-0.8215142223762943,-0.1412969551409382,low,0
-1.1264104837546993,2.8262134402124923,4.873611485280019,-0.7911111804738438,3.9176017686125677,0.35522190493009753,-2.8141448139361716,medium,0
5.299315210020286,-0.4072174599577383,1.670859943292247,0.44221317822781975,0.9537414172028542,0.6419848286582228,1.395263983484679,very_high,0
8.231913501996932,1.2265300565090624,3.988372421221751,0.17046676659909824,-2.5738957697463367,0.516441946341387,-2.3279310649613403,low,1
3.6495346765742855,1.3336639963344457,0.166953492991877,2.2668700521800464,-11.714542769262735,-1.4401574880653727,-3.438085648446918,very_high,1
5.7833469708428185,1.7948331246055098,4.65213789040277,-0.6518457112853773,-4.793732519649286,-2.8530274594866256,-1.206236146391547,very_high,1
8.357994743713762,0.5134399500894706,2.9930397873775947,0.22866522242413306,-3.525285169302879,0.11874250580662293,-1.143715044136509,high,1
-0.023373254088780993,0.5617084324333568,4.348688739119264,0.821784252518222,6.17607188723732,1.8319562711592594,-0.7324504315587501,low,0
-0.15449061938087416,1.6591412351304833,4.318833886620244,0.031005845416456387,7.0699263648747435,1.5974429516467272,-1.082307288306109,very_high,0
2.3958391409977624,1.2996104885708042,5.231729849351009,-0.5493804733460049,3.741005318364618,1.7412423788498828,-2.479019741518385,low,0
6.041792489903559,1.9010808131351733,4.6717025232491505,-0.43871427675282026,-1.1348901957834694,0.2887706457036845,-2.815313586419583,high,1
2.108719637461992,1.9133383837708067,5.380138717828558,0.7763468555677555,-0.05054849484894256,-0.9490672494134335,-2.1541256697443574,medium,1
7.6914968353136945,1.202907338912774,0.6392721240190129,-1.5185641244323014,-3.713268513569628,-0.8258135157627449,0.2745357225231164,high,1
5.312254462580785,0.004243968916533225,1.7164016644784568,0.15719181122424286,-8.8684697465676,-2.592890890584747,-0.23384269665217872,low,0
6.752743891154488,1.7823309948668054,3.5146798145545852,0.901777977291326,-2.1802547394780776,0.005470798405911914,-2.1395038375026614,medium,1
3.997746854833901,1.853408023048141,1.6313148886749667,0.6288380369946455,-6.5487517944278375,-0.729182445606874,-2.9701502092295042,very_high,1
10.37010598857928,1.9977700231656554,3.8693732057263794,-0.6683212877745469,-6.808426675931978,-2.101803835695424,-1.831617703898158,medium,1
3.9610812121166656,3.5016794537828577,5.387179922843671,0.6091713545193611,-3.2194651430694616,-3.0578386187039186,-2.5564716312590567,low,1
8.099405558235269,-0.45299774483890465,-0.43859192734762864,0.48404602462155827,-0.1608942464573507,-0.3933651071551829,3.6586282541543977,high,0
5.620571694967981,-1.046194465350545,-0.7696847006111187,0.5039493741647828,-1.6686225352988098,-0.8214663349957897,3.6591809501117565,low,0
6.891351583021355,2.227250433541875,1.00997663105125,0.450598445741631,-4.383432825665855,-1.128510759286543,-1.0103302135913754,low,1
7.29335848229699,0.7380292448308435,0.9766132591440426,-0.4727620312812917,-4.635740869144884,-0.5836103010769016,-0.2402704868080563,very_high,1
3.275031426473384,2.2366176386464582,4.311895299225074,-0.4126962826779041,11.367646781017065,3.3003535660206773,-0.7271161695711228,low,0
5.696841856519244,-1.38078056905362,1.3182259044468074,-0.25163440134997783,-10.760042939818513,-1.2473776376836716,-0.9590260002624724,medium,0
7.506976244718628,1.1674066080178536,1.1417537069034447,0.1113821785960379,-2.7456190558454185,-0.15711029121536124,-0.24231537942408177,low,1
4.08476707353152,3.995902128717145,1.5899061125164442,-0.37621124750816454,-1.7515484046710013,-1.1890398363331265,-2.171692408366952,medium,1
3.6034082243150456,3.7502895390585547,4.174681840667753,-1.2801579054801286,-4.252040375495965,-3.677864485250057,-2.0296884243880458,medium,1
-0.596665091659208,1.2550035468876588,4.043799053918724,0.406359585349744,8.06104765673535,2.2959015114403742,-0.9074768219138613,high,0
13.222456231174016,0.5354416115623044,5.045426990440852,-0.056871813592856334,-10.098229222345605,-3.246788623233994,-0.9537940122791849,very_high,1
-1.3599342275784037,1.9052206332980446,4.457951722419702,1.243956827494188,5.199904484140116,0.6976240153886071,-1.54696252356271,very_high,0
11.318115502982891,1.1904033525027966,5.332228866206213,-0.06345201450065693,-5.927641228446281,-0.9614842933379354,-2.4848142633682353,low,0
6.843126526824954,-1.193299335425856,1.3382801314261041,-1.6761357742256018,-5.686819434918618,-1.691860898977421,1.901179050848874,low,0
3.860166776591279,3.692610604853311,2.575230814671722,-0.5412717043394165,-4.051886278484232,-3.322195902097562,-1.3345966853860587,very_high,0
8.690357866361225,0.8975688681963766,4.209395270129712,0.03521130582638979,-3.4805228409109,0.01131699059226099,-1.961954423049229,very_high,1
-2.375259151984398,1.1576173667359417,5.046898765235653,0.5743424145701,0.8434477350128926,-0.45798660950415204,-2.209010684973609,high,0
1.2968175389497403,1.438117159860344,5.0864764986703985,-0.5692367744271246,5.769571742191644,1.0238520876256885,-1.0402643777273597,high,1
3.1162343270921675,0.4326719106445167,4.87169545675361,-0.4512418525705167,0.5798203524950875,0.5878474583651734,-1.6372988725167175,high,1
-1.530275675547533,1.6001742142843258,4.663009443126081,0.5486062985918551,3.3486962415097574,0.45597365353674113,-2.025242306329332,very_high,0
3.4932987849678536,1.2791030065068434,2.026010220989267,0.020874428937104925,-7.095250059251308,-0.4116492669336118,-3.3386133984226225,low,1
4.543433831373019,-1.081502847319313,1.7803270037538999,-0.07953836462887204,0.08255915909915111,-0.37891969522559754,2.462594247349243,medium,0
2.8142986364991223,-2.482990607212612,2.9324113304906447,0.02667982436536915,-7.208029580258357,-2.550058100861356,1.641762106671393,medium,0
9.732176725278364,4.302965459231514,3.4523667398145355,-1.4167829026698693,-9.404220206690152,-5.089594911075611,-1.9423697182895086,very_high,1
6.165037174697561,1.733239046081846,2.749759836353635,0.10641308196697294,-2.2537731751821,-1.8983406012127584,0.15159212658966137,very_high,1
1.9187547166913577,1.4873235554948656,2.831508292393326,0.6698657589940172,-3.445528453905043,-0.37299083358231466,-2.596261727577904,high,1
-3.4398566301415485,3.917018167973922,3.188343843693374,1.3729107310275022,12.833941920384945,1.4749051628576748,-0.32278839615248955,high,0
1.9660676193672493,-2.464376803877504,2.183774589324647,0.4553003299181069,-5.492438159323205,-2.152834904320402,2.2631167744688,very_high,0
2.539141839184591,1.3714823089619557,4.892822855219547,-0.46254694345402725,7.3924933008200195,1.9978694504067622,-0.8952135879180736,low,0
5.000823270653911,-2.1290500860156882,1.9684154918387191,-0.47015160211343743,-10.06940797750303,-2.6208511090059092,0.987487448061131,medium,0
9.511864726730666,0.8963685216580041,-0.7997807254294895,1.1300466811468186,-3.8388131360317828,0.9106952893994329,-0.18312800745843094,high,1
4.664871175824018,5.134184956225823,2.3671096390658404,-1.2432572584497124,-2.0199960978397478,-1.5837819546148975,-3.2419171908068787,high,1
2.3593231241187755,0.5181529147888329,4.650239396528211,-0.5065126192115516,6.6900851961260654,2.740994111310508,-1.1158926677138787,very_high,0
2.6612893627132066,3.0057226967638986,6.083361226372726,0.34589248771007897,-0.09526051570207578,-1.1192903781813617,-3.2756673432034447,medium,1
4.7409413833972485,0.026607704533870624,3.4715141238005787,-1.1743285054293748,-1.62492739904688,-0.05468448274817783,-0.5655886437210738,high,1
5.145323779050329,-1.0478813434588368,5.960402178159431,0.5662633325323346,-1.995760865896553,-0.3608531819044798,-0.7186266139920268,very_high,1
6.839560371923773,-0.589483593700829,2.941229278599142,-2.523099367095286,-8.694075872012805,-0.44237137588828523,-2.2219818310983666,high,0
4.367030655951564,0.6009401610375726,5.567564566763837,-2.88229235313252,-0.5874459142888943,0.0302043055779897,-1.90340893331634,medium,1
2.5371059272934176,1.3903884830686808,4.768071891695104,-0.12296657243880961,7.160218480223469,2.616933442063294,-1.5952777989621976,high,0
1.3110709319497158,5.081980064427013,3.287948420025045,-0.627767645756398,17.716553859404677,4.014751403314428,-0.9108290268807026,low,0
4.3775216393129615,1.3422679270696434,0.6712908911025219,0.45194089952252037,-7.892551107739107,-0.6607625109220673,-2.6087906764961346,very_high,1
5.015047438315097,-1.3682096674007649,1.2607009450201898,-0.5794349755087657,-6.169133733124841,-1.0344546784452722,0.8561794717606538,very_high,0
8.553300617013225,-0.23025730242808806,0.2020204172722182,0.3567159801649732,-0.8559161326813896,-0.5378131375216487,3.0165862918876853,very_high,0
5.533904179371038,2.215760670541952,2.577496367149462,1.1018289555108052,-1.911735360619093,-1.6359283143687529,-0.42516058093129994,low,1
5.143715452033992,-1.082145066707072,-0.31336747695620293,0.1941513520380131,-2.7172128111632254,-0.5278764591544525,2.561200087175213,high,0
4.128189272869037,-0.6407786904758667,2.5153891486124733,0.3866368546685092,-1.629491143031079,0.5407412748087088,-0.16961779457535608,high,0
2.1159151676882493,1.6855261104189658,1.8400633447944488,-0.39015801730282273,-8.757320023235879,-1.6496235844343916,-3.3571926559385012,high,1
6.482418041913286,2.6568728712874328,3.047133035754384,-1.1623840182072844,2.5960168629570872,0.1600929502992614,-0.6648262876074541,low,1
0.9765477078362368,2.343916685058479,6.221789361004147,0.3072664380575167,-0.30691551285856844,-1.9552290551272007,-2.2922335149525708,high,1
7.575675385557424,-0.09440262804021482,5.5532459710654685,0.5068697873412391,-6.059294718426505,-2.627638580655501,-0.4621972903638403,very_high,1
6.261023247395345,1.8670478090494917,1.1158457409343026,0.9548100366522343,-5.999095290685622,-1.6971443472680305,-1.0209164816300083,medium,1
3.8340836716806654,-1.9743367877504026,1.5989018242070365,0.5590898797638004,-4.800842990271402,-1.929761244551872,2.5729192889289836,high,0
4.441327993068175,-1.5771050080318296,1.662338930236862,-2.0672928867448994,-7.014223160004106,-1.1646949671094904,0.46226032074142864,very_high,1
6.0856513321851615,0.25241156418136534,0.8336061354633619,-0.2279028376814196,-8.782022130320762,-0.517794806868924,-1.9474927295367175,low,1
-1.5898900567170822,0.9617538288268656,4.905302476978504,-0.48212601019178725,0.836291328259517,0.30580174210248434,-2.6022500494830196,medium,1
1.7921316229170257,-1.8474593418549592,2.3357122541522566,-0.35581473303987265,-2.613463051678959,-0.6777783630266982,1.3993314799723855,very_high,0
4.5397092876280665,-1.4738213282311612,3.4306121025112066,0.6762001098924636,-5.313087219863416,-1.3518161707864278,0.4125479184076659,low,0
5.85296639600392,0.4890815807018771,3.1977913132516766,-0.212591624440506,-5.228326484254064,-2.543692148409389,0.26649261914693945,very_high,1
7.664659885916379,-1.1603923157434983,1.4516268020299847,-0.917345535827108,-8.20740790893829,-1.891127852596954,0.9923467450762344,very_high,0
-1.7405082188656102,0.7042243132036445,4.498168200549892,0.514523015929727,1.267413450413494,1.0857746294022603,-2.7811079184441905,high,0
6.041702906113336,0.7022645055605793,0.5085919903730112,-0.27748477142874595,-7.384577084038321,-1.264191137260674,-0.7634659717553443,medium,1
6.235409539033874,-1.0788570528131483,2.0876518550197893,-0.7278638670044317,-6.082688262586715,-1.1318683288721896,0.5106015728693982,high,0
5.211907398746591,1.7390103986653191,1.5918623866956014,-0.4041901661591097,-6.1837776722803595,-1.564586606300584,-1.5817809533500056,medium,1
-1.875196137017741,-0.7922003104477819,4.967087174467245,1.073012545419882,-0.6889120529090533,0.6765968620798691,-2.1837722576504177,very_high,0
-1.6772693525310878,2.4279284501846847,4.075002240595086,1.0888779713555863,7.365148950493392,1.465724792562787,-1.6606582887263253,low,0
3.6424683815687615,-0.3760316228423288,6.657747193055079,-0.2940111600367821,-3.368185288706008,-2.5226022985803107,-0.3903782414286856,low,1
10.891372094595212,1.8752998429643974,2.6180258822238107,1.51301861228879,-8.553613227972635,-3.0552260397455413,-0.7682873257148022,very_high,1
4.204584234268348,-2.137275522295922,2.2238626028217476,-0.18610192481525942,-8.142965338570907,-2.5116885514756144,1.4939698533127617,low,0
3.744457022900292,-1.5872375250587192,0.657799771269274,-0.20450289281692857,2.6400150497283343,-1.2072045079154476,5.438873824352315,very_high,0
3.23353291285346,2.2001688430824755,3.2749298192693885,-1.7325373660950576,-4.986602293935593,-2.0946153795877462,-2.1780860895401823,low,1
0.26236957041326026,0.8483624551078128,4.6833216144273955,1.2161926626844914,3.680511593012505,1.7104581591322643,-2.161994170248566,medium,0
0.49315561299232513,1.0240448917606617,4.100983340456853,1.1802587130434778,7.123918586112461,2.4312499314981126,-1.102675563587754,medium,0
-3.1313302043193616,2.69883467106168,2.912156136345211,-0.15295920587623665,13.289266473478826,2.391628565626905,0.25927448035580714,very_high,0
-0.6387755127218044,-1.3559986298667988,4.330517883667198,0.2394218602163694,1.8642566704002774,2.390226055561187,-1.677536910485543,medium,0
3.572239222325776,2.0806739118384088,5.253078316785135,-1.3898222959910451,0.07157046622678512,-0.13806576547577643,-2.7493344262364894,high,1
-2.373215581271749,2.206608994467079,3.9349764682576245,-1.6527619707558683,9.56051091661068,1.10118057250777,-0.10915198444277308,low,0
5.30266218756231,-1.314444052330475,0.5903763046377923,0.8538938298621707,-6.978357258899452,-1.0969153325791121,0.9122242139033849,medium,0
0.5331385900060899,3.029818783832117,4.379748342363864,-1.8326439276588857,9.582478819073119,1.7933094655799944,-1.2693104279656668,high,0
5.247164522728509,1.7745321424675051,1.0536467167755554,-1.1290218815517143,-1.9022701055125666,0.038974283465879944,-0.9789015198245219,low,1
5.583578423546528,3.240610076188643,4.300388332746769,-0.34056949047529467,-4.669660290074116,-3.179999745923818,-1.9753327613004519,very_high,1
4.313433679965545,0.3734709558234741,2.481903154551299,-1.9556425126016452,-3.8788940371765164,-0.4059461328417622,-1.1115493897123534,high,1
1.697452626659108,-1.3538811208203234,1.0585671814417643,-0.6439832076514266,-0.2956463570067613,0.4262267448458952,1.562989691743386,low,0
1.3871598478900686,-2.4619746998394625,0.4550154274853089,1.0638542961764657,-6.621040806310585,-1.5627734637641442,1.9549020750587478,low,0
4.8084880244110755,1.4304050791392133,1.772887571606533,0.19810067175087973,-6.944027542983061,-2.5370635657049787,-0.8201259178536942,very_high,1
6.1090856740371695,-2.22157072058274,1.9845336917008038,2.491856956896047,-11.117564543057249,-3.2698491292358107,1.4530363971025588,high,0
5.613795925174708,0.9025974082872106,4.079773435985173,-2.3249741190271696,-1.863247098834314,-0.18406160754560608,-1.5110100837739335,low,1
9.160671384028351,-0.5147362755190938,4.617286754947969,0.8647863906178481,-1.7012607565345088,2.0155225004695585,-2.054116791226156,high,1
8.177729318234231,4.256358003082944,3.9264172004559024,0.6247751623473753,-2.059832670951391,-6.5618275457266595,2.5078568044410066,low,1
6.2076712372704,2.5322607171513902,2.499931219458882,-0.050362921327101746,-3.5669736863239137,-2.6471141016570123,-0.27085547149921774,high,1
2.6089003622200155,0.7846925301886684,4.772697098799231,0.10161198627259511,7.340195826771186,2.367138587144302,-0.68835656045317,high,0
-1.9703644225192578,3.4001274246896207,3.212563782513217,-1.1926746804352975,10.373439793018765,2.4396132689304486,-1.7393112274375357,high,1
2.430805486402139,3.834550904953576,4.245555444805002,-0.7593387374908571,14.18009941369333,2.5160768426460085,-0.18124454203587015,low,0
-0.31127714579104104,1.6922271004462912,4.206430679629648,0.1696976096761864,7.667663241054038,2.0073204413098615,-1.2264977014335936,low,0
2.985847919418468,1.0399090352711973,5.446541882207724,0.25397988098132807,-1.089179969982406,-1.1153140545307254,-1.5419451362517345,low,1
-0.5179696959365625,1.3000061808365873,5.914462677808589,-1.2217180600708295,-0.4801053997452723,-2.5515352121062715,-0.9125368542190909,medium,1
3.343036974628796,-2.419694751350253,2.324948283548229,-0.9897881295811801,-8.476100244520502,-2.548106656749857,1.4188088897870823,low,0
2.558450642819452,-2.786418116602772,2.6387957121568686,0.7320135561660318,-7.307012636831748,-2.9438543850941774,2.3930120017182883,very_high,0
6.708568360276287,1.5651566858862274,0.9904319245548896,1.5250125443170743,-6.682864160076825,-1.691543747171798,-0.9187473389525938,medium,1
6.589364366966092,-1.1550141563362475,7.086515978369392,0.06931479746533326,-5.7204252306107435,-2.863483758551885,-0.1085269497346526,low,0
8.58322909507153,-0.8691942611255058,1.5952860454373814,1.0297932511545944,-5.94922221722912,-1.8699591868161782,1.8513983960947353,medium,0
5.611021315586532,1.1459803323842634,4.691272813697444,0.6039816989962019,-3.474576608703665,-1.6765609218787525,-1.2710992018165022,very_high,1
5.00269869274187,0.049695154259300045,4.070684340690784,-0.40474365899511777,-3.0425999518927505,-1.2069466012884913,-0.3309539868622098,very_high,1
7.284301562228836,1.4846308130069878,1.925339872431688,-0.518337697506928,-3.748899210743862,-2.249722053386694,0.7016868882550513,medium,1
1.7049112427221504,0.7107542860341431,5.1075254934213365,0.5900918164592501,5.770764647971017,1.3156781515508418,-0.6136154951710641,low,0
0.2727750302351639,3.805280963293515,4.304670512696973,1.3175313931354855,9.458986137823997,1.4201587158618545,-1.6557742296448887,medium,0
-0.312877748350997,-0.9614417857724109,5.406409405188019,-1.6601677735854419,2.311797713344659,0.5393233399941821,-0.43443074416071004,medium,1
10.46941189823162,4.96828607388821,0.0965969389466208,0.5831745802860019,-6.788396123975351,-2.155529401620823,-2.408439056481041,medium,1
2.4296958441599243,1.677125893848608,4.421871039865167,-1.39785394448074,10.33717353473471,2.709359185725103,-0.30162010049528654,low,0
6.415195198190396,-1.1581415933899661,2.7123361227390035,-1.7507450310942245,-9.853600734839613,-1.293818647453976,-1.3156656724881999,medium,0
5.12918905594508,1.3632823266841152,4.251511139571473,-0.4779426694629021,0.01232395817997425,0.982085902695458,-2.448820283340232,high,1
-0.5139703494826708,1.446235310817627,4.277430544193024,-0.0496888963468759,6.526314330792109,1.9055774117641024,-1.5055017160750082,medium,0
-0.023125786185836272,-0.05538605850834988,5.007588010909711,-0.5663413538205982,0.5275134843065272,1.114807533729995,-2.420493353255253,medium,0
6.862752270125398,2.137235572577519,0.7853948952218168,-1.7506876938094114,-6.781520002810623,-1.9887319466566429,-1.0388365879164057,low,1
4.903709547800033,-2.101060914739439,1.849711474111495,0.6970593617828171,-10.420623804727793,-2.438015496361898,0.654912818158054,high,0
6.435975596774392,-0.09411647994981798,-0.08775555034553673,2.5931747749066067,-10.042922618237807,-0.992500821674396,-1.1611387236533837,medium,1
4.4716769648197285,0.8687064872603847,3.348702176093748,0.6425253619037226,-3.6712806975048293,-1.6133443301409591,-0.6570309766161123,low,1
9.748418214209867,2.8350027551209678,4.12205349967304,-0.9717150583238772,-6.078339431907185,-2.0659005457848285,-2.5456571450700602,very_high,1
4.713799218462052,-0.8870102709388914,-0.6298146172937757,0.05988343587526799,-12.241662341968446,0.04600120126459495,-2.565842024014217,high,1
4.026059084441913,0.9753473523393026,1.8995496323519563,0.9310842403540857,-8.868536199339855,-2.6870863370028664,-1.3618979531616864,medium,1
-0.35190885453004084,1.5284073274672518,4.208423605338062,-1.0506812001513202,8.440374556892582,1.6538258576646734,-0.35834895938724465,low,0
5.118278300409626,4.1843089954493085,4.61952895260482,-0.6207118504471756,-4.067400898423509,-3.2228986541919555,-2.7716048200815573,very_high,1
2.2162630855481456,4.107635146381638,5.018265459179656,0.6906119309081826,9.260487321245325,0.9800905156210727,-1.594753909108202,very_high,0
7.053133468488647,-0.5755106725131776,4.791029837715314,0.5081015222492813,-4.1571967067348,-1.077630653647461,-0.424702682965175,low,1
3.694685620925166,1.6066781221685673,5.704673120953095,0.3515985569740476,0.15136960704062838,0.02358979303506281,-2.669721456253944,high,1
3.801556736838985,-2.3812579242371683,1.6022043648654254,-0.27928909211463243,-5.718189157212873,-2.8780895272715448,3.4916609567716366,very_high,0
3.5002397789192417,-1.4470811652325204,5.435047557909049,-0.14707358138866025,0.2559696896207987,0.8721120887429379,-0.601717653991335,high,1
7.1565047091013,1.2749391822409963,3.699510048270784,0.1530639952759562,-5.031350868063587,-2.0198013750743296,-0.9326567081023494,high,1
5.741845191114148,0.4315992916870284,-0.19857370278395248,0.06292879455381388,-9.505181110081445,-0.807354596968922,-1.6510127940726345,very_high,1
-2.1828946641806084,1.3036790344269418,4.138843752979866,-1.3104081241107706,3.717945282367596,1.3660721084032141,-2.362072201325946,high,0
3.309220902342356,2.9102117771103844,2.1681380565171784,1.1748517887506356,-7.743240944329086,-2.596295321657514,-2.9769950097876077,low,1
3.4915482899733847,1.3698394373549077,3.5100837645484964,-0.21658996465560548,-0.8678761987912174,-0.4277546237911325,-1.3053956750341058,low,1
6.228023604477538,1.3821728670170828,1.361106652782802,-1.2405051513285836,-5.289871309376527,-0.7205830448795567,-1.3991532803239268,very_high,1
13.4701605325794,0.11401248938687392,2.954739875237663,-0.3433104623077906,-8.002596904116348,-0.8745463969705554,-0.867043270865113,medium,1
1.227036673054466,0.07534942984327397,1.5561247831786218,-1.2580565899063452,-9.132117964706708,0.7548614928746491,-4.565809056899932,low,1
1.6527580017739765,0.9146335535761339,4.712487769143163,-0.5302548683154884,8.36995217179098,1.8092251695171804,0.10696105257492028,high,0
2.363164169169263,3.356117162764684,3.892505384121871,0.11521471256859549,14.156504708648924,2.9804805678629505,-0.05744240842530224,medium,0
8.894512534058613,2.2771091957574634,5.241770133820561,-0.8881069313231242,-5.460649486656289,-2.060103592601893,-2.521836447117144,very_high,1
5.849006879785637,1.0988790389524747,4.183423127525622,0.8680355772460847,-5.221117532850949,-2.869554922990506,-0.48594836207213676,medium,1
5.588057696746828,0.16618366232876625,5.034443722865691,1.6536641841610171,-2.889313737186307,-1.002989846781557,-0.9925208132541246,medium,1
3.9153044972993793,1.5513254570209596,1.0495656569097769,1.2538580110882755,-7.696377522752599,-0.8245518743512666,-2.8300543287108075,medium,1
6.086330558008832,1.5870352492777915,2.1774361362479584,-0.08731638782623405,-2.7794782033882113,-0.5083265765804198,-1.1048289032477028,low,1
9.232070309210997,-0.45250579933450985,2.081269312743749,0.08228574614064171,-5.7600588600645555,-1.2378877373254937,0.7602713459942492,very_high,0
3.9959266187840727,-0.27148997469445724,0.8235665880699683,-0.8116872398975662,-7.8262808055608115,0.2577491327530288,-2.2104492008912784,very_high,1
-2.453359108264194,0.40697160655334264,3.4596849017721123,0.8323277187508815,7.240968823746252,2.279589722495871,-0.5267928280542197,high,0
9.762712979188455,2.6719594348271984,4.296960397430893,0.8269710461135825,-7.3462005033908255,-3.1151060636624734,-1.9932617237617722,medium,1
-0.8358213310560076,2.8036281961786904,7.619736240929556,0.19810932562480624,0.4971690343362851,-2.603934808850154,-2.7616925394343763,high,1
4.399570717292494,-2.144441425616305,2.495460433524815,-1.821882174000034,-12.41423980216995,-2.3094233267449242,-0.8144601943838481,low,0
1.7465219857912015,1.3083008644173806,3.0030634229101127,0.25555257303526285,-9.003662443753017,-2.8022644196887505,-2.633979104479332,medium,1
4.733381824309846,1.8125286844528627,7.11015070862566,-0.83361018429629,-4.309166958635264,-3.4609221275009956,-1.8982707185931698,medium,1
4.992322416100288,3.099050892263163,2.7622867791512893,2.362741487787318,-1.585811033588222,-0.5988109066793756,-2.356153605010668,low,1
-3.2515846431999647,1.532703658353004,4.278212048131636,-0.8115492661248124,3.793173486813432,0.8533885017411158,-2.2791927053708285,high,0
4.855578908523916,0.4233374625398847,4.131638385132941,0.3172332929162421,-2.397405481087886,-0.8866033600719516,-0.7636254957168728,very_high,1
-4.700769830173664,0.984172033901869,4.789684074796391,0.2982917906057156,-1.6646510055607115,-0.9274773490941621,-3.0274535558133384,very_high,1
5.059034387264721,2.0990306692728247,1.3981675011125714,-1.7158845229095898,-8.142004486779049,-3.5213646707441817,-0.7189037017296921,low,1
4.6091933127162665,1.753646897112065,2.7059869061266406,-1.4175226546380522,-2.9140506106395083,-1.2616876227356273,-1.101043769814202,low,1
6.121456857299981,-2.338827491176188,2.0849228523836754,0.46047904773701814,-11.084305545810532,-3.595187909285324,1.860643928413838,medium,0
3.3533289120490686,-1.2908242143031055,-0.5442118224915085,0.2864562980361085,-1.4668389529858845,0.023503279690411327,2.5561562000861233,medium,0
3.235091851108968,-2.164705031440963,2.0108617571955145,-0.3555119685735587,-7.949952262531933,-1.9037770835067511,0.9142814764936646,high,1
-0.9550915604191497,2.062216805217721,3.9684488346204603,-0.005208608548326648,8.261371041750644,2.11371738797178,-1.387872029950253,low,0
4.361799410628271,5.596231103522175,2.5518490323158045,-0.4478654245967405,-5.549594725433239,-4.792758247203139,-2.1412099881442175,medium,1
2.918557297832042,-2.4619969537303366,1.6835399948933176,-1.0238122444116171,-8.851598599969178,-2.303052896132796,1.2979704717194007,medium,0
2.131353390776745,0.2823957818959917,4.606677482234995,0.8475282984385363,4.6969260115731695,2.963642891378485,-2.080587742072496,low,0
0.19479314379296486,3.525557507688427,4.3978170371911895,-0.6415571093802386,10.119801519358907,1.3318477145729952,-1.0654990131054711,low,0
4.26023461438742,3.30057726972439,1.993485821994235,-1.1743867553504304,-6.398166421649659,-2.8930858717989407,-2.125896150729623,low,1
2.7081368078052592,2.2903474425542045,6.416626883953238,-0.22816464749018836,-1.251950246790459,-1.8941289028015538,-2.5315739230034153,low,1
6.141359835203884,-0.3343235776652478,-0.18579023355976254,-0.3691894142254106,2.6402593936713585,0.2357987027884243,3.7036591654996887,medium,0
5.681739798095507,1.3466771585968615,3.559867911518367,-0.19169258814209686,-3.5352619248702304,-1.5291083410268276,-1.007013391215957,low,1
-1.6785434179854093,1.8654984845725777,4.437847106876313,-0.851161673363771,4.657431982925857,0.721847260918615,-1.837381178361898,low,0
5.304141498388377,1.1463588565923624,5.44843414616175,0.1420187038982245,-2.0871913424606827,-0.8216452669149212,-1.9791419936823584,medium,0
-0.985705328339872,1.5310101626779464,7.3839299149415885,-1.0552238731377386,2.326664598157298,-0.7897713737595121,-2.526203639625257,very_high,1
8.628642611184102,-0.7418477022028205,1.4648489768791653,-1.2684602113643895,-1.7984317229356601,-1.622619972797056,3.495645603888335,medium,0
4.939195747300208,-1.9113930884899748,0.966495563598055,-0.9659295489634278,-10.059736665163971,-1.9232465412137565,0.6034698504422688,medium,0
5.476187563841981,2.3375557708118304,0.7253337436748657,1.2496843018308021,-6.497170054757272,-1.0517060602572799,-2.2858765088892765,medium,1
0.9691048127575659,0.3838185684530053,5.513738054009766,0.17541496683046287,0.8843755585652415,0.5163383731684642,-2.125135523381285,high,0
10.983352296364062,2.050105734679441,-0.2734103590449406,-0.5664394613237184,-3.6004704677287913,-2.08887348223473,1.9721116938138157,very_high,1
4.47245258084949,1.7721292931482158,2.440431122836107,-2.1097295863207286,-8.050101180716998,-3.910763911206053,-0.649828642442754,very_high,0
4.748322359485734,2.479781264410091,4.077568919204475,-1.173044667644545,-2.2912030358817415,-1.3461604105906009,-2.105913086687441,low,1
3.0314141487288415,-2.1642510100457804,2.231221697731554,1.8185062703326837,-0.8613204740348684,-2.25567859681844,4.429914429357375,medium,0
6.5031581811120756,-2.54073927972041,1.2569406781281969,-1.5733876243193863,-11.882460714333378,-4.0356460422853875,2.650492388153021,high,0
-0.1024998785203195,1.3075063948868682,5.2119216883161545,-0.6100816864946451,3.830871443147837,-7.05147924484617e-05,-1.0929806382140483,very_high,0
-4.452199807370826,0.8643620064100033,4.2976667711471475,-0.5502478878014789,0.8048178152160741,0.10551146228189534,-2.5224522508409843,high,1
2.2196398528676777,1.6590488254665823,4.45153680671341,-0.4621142761850285,0.013933792982382828,-0.5806914022589041,-1.7480368701880271,medium,1
-1.8935419135369091,2.760609848050974,3.942145298173728,-1.257983381067715,7.875549179095929,1.0043321228325657,-1.2157876586988166,medium,0
6.077092138423375,1.4523785255582813,0.5853284168065116,0.16258630465866633,-8.01159702522664,-1.354058229839554,-1.6830820878662105,medium,1
6.297515347992544,1.9330546681677,4.070677998205828,-0.17669189545216177,-5.905053979720547,-3.4297785338624216,-0.8412864012197554,low,1
-2.756324391634723,-1.3154196608724682,5.772033454443423,0.2764285837811026,-7.066411434370146,-0.7673840714411759,-3.7876577244925405,low,0
6.93934780408126,1.5943848775347704,6.727497217481705,-1.9510997871877303,-3.401761479921248,-1.424024342447653,-2.7687657467874676,very_high,1
8.842738473851988,1.7465163375172565,1.9751933250216211,0.28061576081378,0.3348543527758105,-0.7297741617313949,1.0558133511905057,medium,1
4.871042474348648,1.2389585706551436,2.4362424574701933,1.0993813664542096,-7.285964685773162,-3.3499101995483738,-0.3113329974990331,high,1
4.848387496249288,2.45842495758352,4.992847508188666,0.8967033932741281,-2.6568557987617942,-1.7927281353830662,-2.2733121553833895,low,1
5.14048248306057,0.46325459027973315,1.3584049059042713,-2.2430530346034256,-9.735221334923516,-2.188706531068367,-1.3138757369372387,very_high,1
9.573057835589816,1.7265123693260491,2.769608776744465,-1.2637658727373833,-5.910910805825984,-1.5139012596914896,-1.3246379383204892,medium,1
8.314427316555935,1.632454934133296,1.3207182879787707,-1.3909946706101926,-3.373706479480749,-1.3895306633094866,0.37053915324471753,low,1
4.784693356654641,-2.5528534387378268,3.5005259903936032,1.090685677615084,-18.068686498664196,-3.2042240964803,-2.6282842361942045,very_high,0
4.380850226618271,-2.0214473175759275,0.9389598273011552,-1.2226912337815456,-11.579042883094006,-2.148301411337081,0.13917653178514588,high,0
4.984431437125735,1.5699615928883286,5.187554006732038,0.7010848818910258,-1.6934019768546933,-0.6968266518845333,-2.229129422709791,very_high,1
6.365400946163385,1.035470816151566,4.3808680258231085,-0.19079958864890603,-4.165438431831384,-1.7642338424631603,-1.0925737466963674,high,1
-0.6358541008976379,1.7336800579293814,4.571158849334035,-0.22955248107516663,5.332739549614168,1.5866869208383263,-2.1769475661072244,very_high,0
1.260330199873504,3.9928063751464227,3.7710624383558016,-0.8019839427291284,13.90276032129046,2.7904967479277216,-0.6994450663782406,low,0
-0.2244221412494718,1.0188088543197047,3.9820711048784547,0.12147298179635752,8.523983760098844,2.322807998957937,-0.40076062262328294,very_high,0
5.419389972702234,1.614190105488898,0.6716690154186535,1.9450446493983642,-7.462017652385419,-1.1636531906185295,-1.9410536554285087,very_high,1
2.2031585581107898,1.6463338011523685,4.602969539872516,-1.4914981080344292,8.092921538521564,2.167507202851093,-0.8999725319562668,high,0
-3.942157651116931,2.0943226273803957,3.428985209277449,-1.0731848749558366,8.512619916373378,1.13523470905241,-0.5478051099879393,high,0
1.6430011092495698,4.443443961641924,4.976172064496104,1.2360737573070106,9.741489550348353,0.6550510983438429,-1.4236300203447345,low,0
5.137344683969906,-1.2067489220683554,0.4516462520776887,-0.9612575415061313,-1.8695785206710127,-0.8692940079925481,3.0073437181577702,low,0
4.658464760987373,0.41293598858165326,1.5293430943452375,-0.3880794248590608,-9.06703423450092,-2.363697062617822,-0.9572586272448498,medium,1
6.521679650153006,-0.6356474621779238,1.5945751762234632,0.005771301527321713,-2.241510939262351,-0.31508298881991137,1.3735587691167854,medium,1
4.075317168977054,-1.7168692549936657,-0.24505159644886731,-0.4339882884700331,-6.122931113884304,-1.4630064521795636,2.284591571704109,high,0
5.971842013116811,-1.6676596006878124,0.019599043387196424,0.7993297704883358,-6.9201991187726115,-1.9811101446866957,2.6136202067195597,medium,0
6.049722141404722,-2.6180297979323837,3.4782025694603096,0.6160132392796581,-11.60235946471264,-4.303138030647629,1.8365902326870223,low,0
-2.110952667471084,1.839892240307208,3.6449086858328688,0.9719191532117277,7.392420974774331,2.2097255690719244,-1.729126361728179,low,0
5.530538562736403,-1.4456318621615236,1.1239454820709902,0.966569011194982,-4.4602561490419115,-1.642963111533837,2.5257867304062835,medium,0
-0.9447261271329226,2.1360666424394763,4.41145079598709,1.2180667185883651,6.799924536076942,1.0668730686730938,-1.2911563710961,low,0
-2.6159596865773143,-0.04543568333886738,4.559712612315541,-0.28960509746466345,-1.4017218670927256,0.803428868381635,-3.2461578460051363,low,0
0.33643123307560563,1.5683384369259317,4.52014292746664,2.1169730570860126,5.943322308057661,1.4193462609230767,-1.358783092512564,low,0
4.854499210904516,1.5307870685858245,1.7430609536297021,-0.03920269496074997,-7.550617865927279,-2.232494666235024,-1.4859364220841973,high,1
0.2335710545730083,-0.48996984330579463,4.428676932789402,1.3081701605994296,5.464146737782687,2.0622746469284046,-0.3389548107650826,high,0
-1.1991019527861035,2.652781806384287,3.7420429246392803,-1.5276627819173447,9.525785304723854,1.8411870578717862,-0.9766018847724158,high,0
7.392479687544048,-1.9254063992201567,1.269410362459766,-1.9163173702275884,-10.06293081262772,-3.273760043404666,2.306737673585303,medium,0
5.576078848262177,-0.6996399159200731,1.1381653335723527,0.6864563099131746,-4.064186506149458,-0.14341915227983693,0.47548644043448696,high,0
3.5939762471584267,3.545267110864145,4.747667329906316,2.4743992066431884,-3.3130221866218204,-3.1937996436662823,-2.2194441003035443,medium,1
1.6759011012479066,-1.1430289626765138,5.877187123084431,-0.7715255722681074,2.1799916195724407,1.3824230349534723,-1.0902795087487342,high,1
2.6656681087993674,2.084954084943722,1.7535961145621375,-0.33438413692210733,-9.745088719514426,-1.7456376031593372,-3.934130997327799,medium,1
8.038289730386555,0.19282121442813183,1.548584474410136,-2.450139695008022,-3.2150650515585273,0.5984375932135215,-0.47731234141438317,high,1
2.7102327286714356,-2.6539117715231733,2.376453933983589,-0.045272969847297555,-8.692908709261085,-2.8371018842838676,1.6853399672511484,low,0
2.3573269544477276,2.4598313646180223,4.0396009551949295,1.2985467191706808,11.821367001627179,3.032666930248153,-0.46425968762284797,very_high,0
1.747775012990057,2.6992401856368513,4.745391355026074,0.04474276197365567,8.557826431595773,1.4395121111544638,-1.0518006226462864,medium,0
2.155443927423704,1.749733181620889,5.067589445363441,1.2253729213863918,8.58589193136355,1.1402585106093794,0.03919365366698213,high,0
3.550362154316191,3.3672882547399943,5.8295071907744465,1.309413822627461,-0.14761907508667568,-0.7384132316600702,-3.7216463373259243,low,1
2.992917049028051,2.19839997976199,2.977026873303432,1.1117436569516455,-4.24780239057296,-1.3587032060150679,-2.4773392350313888,high,1
2.6448988807598424,-2.872585020175393,2.167816695208008,0.29652807552206295,-13.097522692637378,-3.2043088675190274,0.31100445508457275,low,0
0.5846965085597071,2.8847324304689197,4.241414099194649,-0.5064543281414238,7.592818300553685,1.9686260639099766,-2.16252909520689,very_high,0
3.1525652304356035,0.6567274674849485,4.780041585068319,-0.7025135538492802,-0.5877928001103329,-0.4214743780977024,-1.283840291137616,high,1
8.843313842197897,1.191251448484497,0.6337099946408995,-1.726783217152736,-2.2377993554702797,0.05927588800678518,0.27360656647359405,very_high,1
-0.3618832877795737,-0.3862402801138347,4.57864653946748,1.42526518642258,3.415817183708164,1.6289576909441297,-1.132931601971881,medium,0
7.282314893801071,1.8927895529355954,1.060872085315332,-0.1599662095101872,-4.38862257719392,-1.5672108569276815,-0.20743417541397258,high,1
5.401022475214168,-1.92961618896324,2.269463785990446,0.7174011858949169,-6.4088298019462755,-2.547456682706466,2.3487512686684733,high,0
5.655656822375829,-1.75950664251352,3.6546727487398227,-0.10540500227895253,-6.882633322606263,-2.381798127757639,1.0944303857604578,low,0
2.8572084226392978,2.3278790187566827,4.286025397325276,1.045831579650925,-5.884013288089545,-3.3151529439167096,-2.0681273511366194,medium,1
5.175471502639319,1.7413332710595757,2.998058095415633,0.36432500113843236,-2.082984979097728,-0.7623594952127024,-1.2730615680698156,medium,1
1.7841207183761085,2.181668333214066,4.456835328727286,0.596886070317393,9.634400125630165,2.261523631632927,-0.7652065883864979,low,0
4.6957106213756035,-1.9610882459713257,1.0494333957917723,-1.5680482291283189,-9.322916974147908,-2.152459970924561,1.1400247115953421,high,0
3.5353812499268944,2.658821201981853,1.3565726308027153,0.3578237540791054,-10.37773328339937,-3.292659960944916,-2.7717085301755295,very_high,1
0.9402958479225987,1.4755045408869505,5.049545082039975,2.211747925537664,4.592849623835384,1.039933540720936,-1.686619986455106,low,0
1.8089055203463904,0.9556534900892425,4.386650589560631,0.7137262607987283,7.033439303589498,3.0598423981577767,-1.6447414111080536,high,0
3.059953304992481,2.1443348160689895,4.177512249402969,0.9490204447998251,12.093440654065386,3.38484534161615,-0.3585813718608388,medium,0
-0.9258052160893566,2.0094853047888575,4.0613661958572145,-1.1592901092441323,-13.48781447445207,-4.594601927864726,-4.582015672401185,low,1
8.404318220140379,-1.1832041201288999,1.6331112453309682,0.8772680174490367,-14.328409916358435,-1.9849964216807714,-1.7078438313866702,very_high,0
7.287941385151995,2.3582434770389598,2.3821106018056257,-0.6760139297444111,-4.074895014224912,-1.2144212859533352,-1.569382830842484,high,1
3.740612767090071,-1.7334832608692976,1.871278878216138,-1.195824802875232,-5.595954372470987,-1.465987404868712,1.3354451812272536,low,0
7.7503175889271,1.1012105785445405,-0.29162869016842574,-0.9808233887145414,-3.8127305366783277,1.4396887793410587,-1.510642650345761,very_high,1
8.120718556272962,1.2520981758137042,3.799139303673715,-0.0981209423048079,-6.313225203254196,-2.6372655098535223,-0.7447548187423866,very_high,1
7.716315689115879,-0.837217699542544,0.3295802350086352,-0.043429241992887585,-10.582078233313958,-0.896230035253803,-0.8228421518985396,very_high,0
6.721965560464359,-0.31368431715334166,0.15548979360406534,1.0651522392285728,-1.1624003504963694,0.3736144903670895,1.6892624752767933,very_high,0
5.634340716337258,-1.2961752224258598,1.3443305628883075,1.2344759152318965,-7.086749960381507,-1.2181544613662942,0.6222727243572342,low,0
4.791583916787372,-2.2732942203818163,1.5336531595126464,-0.7202666570405162,-9.496116430703804,-2.7760697218502672,1.7452849477816645,high,0
3.7059971268968983,-0.5408031177159752,0.3859133842033273,0.02960395903309584,3.5953023839882325,0.8633459239442973,2.9232375842792773,medium,0
-0.7625572214747254,1.5159097131989505,5.289488403993989,-0.8938994931861451,1.4705819568210248,-0.006902051521773478,-2.542983093104461,medium,0
5.264126331221186,-1.9858497775267443,0.7401169250035275,0.6256120412991184,-6.215801282582952,-2.607474593643661,3.3588033555573897,very_high,0
5.529980185049803,0.6872797885320745,6.0290883952079355,-0.802731163022948,-3.7221979451676486,-2.0304217012044226,-1.343698444425061,low,1
4.180008444942781,-2.7474139884851225,3.4242045020361047,-1.112014521265233,-9.22208017483977,-3.7166059329851078,2.1391787878537363,very_high,1
10.802492698407947,3.230035082059172,-0.5126472645523088,0.44396437970602987,2.034008839677907,0.9646750247186864,0.455372599081993,low,1
3.6659991725461634,1.9471876449587915,1.5134909762755635,0.3363624553350572,-6.733246735759852,-0.8333196361286067,-3.031577503773282,high,1
0.18668818119092911,1.8397401470814392,5.13971653642613,-0.35060454544676806,3.3015787980810036,0.6390899665355281,-2.3956502309376866,high,0
3.78345326106461,1.1887701277133897,1.630490465108428,-0.22689277525085538,-6.423817640262851,-0.4115675681555133,-2.6736676238562556,high,1
6.570392476032907,-0.4513519672462707,0.885261483121178,-1.896481578997232,-6.344054448308087,0.20779179105391998,-0.8570262191610922,high,0
6.455065166416713,1.1404004227892914,3.7679066511819412,-1.000233276922777,-4.166271687935106,-1.6552427121701379,-0.9516919897047286,low,1
5.018961314653996,-2.3276373846314233,2.2753200724592704,0.1955043389175136,-11.25798153376502,-3.093718731547605,0.94071633936148,medium,0
1.2256297807690704,2.9865058936625015,4.30044037253385,0.8368712523734851,8.880732752459156,1.9212750350677779,-1.51801509541506,medium,0
5.976150070788364,-1.505741756578607,1.409678707836545,-0.41439889841104266,-6.881613539392846,-2.0672259888979356,1.81777375139636,low,0
-2.9784485615506915,1.7024398983541345,6.556979198867938,0.4651950718800036,2.723224762170315,-1.3950932288537097,-1.791031254438911,medium,1
2.2661881734509377,1.9040751390928263,5.254598833974185,2.0318890958561635,-1.9227408252277758,-2.379011833884392,-1.439435712844245,high,1
12.888112304890107,-0.8314943317940933,5.212454418764269,1.6283808769933281,-8.351276127618997,-1.6128437964474425,-0.7372932214598423,low,1
0.4163052502809048,0.00482435183160046,4.532449079633592,-0.8448464693640166,6.090083285345638,1.943297735885507,-0.39766270223311095,low,0
-0.35501308448809743,3.3866168094766476,5.2872481289272315,0.8764993891097819,2.6235370491240544,-0.3284788904483982,-3.302506855594051,high,1
4.491506990174537,3.0880404501061047,0.7970995442657607,0.16825378586105125,-4.9935255703994095,-0.3173052008974848,-3.252960273482209,low,1
3.330708135759539,-0.3677996281479141,1.1345168925811833,-0.07823461309924756,-11.656745813447545,-1.6135581325068147,-2.26328140847563,medium,1
0.8992580834642037,1.8660781019160064,4.657025196501676,1.5119496083648842,7.834536102499215,1.7119871171530159,-1.0209803174293666,medium,0
4.867630644492509,-2.3971094615226294,1.916118535140277,-0.5355107680527105,-8.986402641475289,-3.1803459585630285,2.3215530602963064,medium,0
3.249319876869354,1.3177164305824103,5.48890909067303,0.9194730033641767,-3.383070982450347,-2.947161228847601,-0.9411409034437247,high,1
5.347216644999472,2.1996624611571285,1.6088255422031288,0.058721914318214455,-4.738098190356225,-1.0964442136773203,-1.7969975857154985,medium,1
1.2954067682475645,4.89835435500574,4.010540545388076,-0.5288630533728033,13.23802734597432,1.763731408986581,-0.8957880091711128,very_high,0
-2.8528504334418514,2.7999952641656476,3.7214519061961777,1.1450769005304287,10.323719269658277,1.0288887399669735,-0.19287924330514228,high,1
-0.19350882909216915,3.7646753436036104,3.963429629446112,-0.7214001050859374,11.704784339194443,2.0296585616202893,-1.1034562703841875,low,0
2.9214463085569764,-1.0977994640245567,0.944089307502987,-0.3344598488157024,-1.5269676345462244,0.4020117117288229,1.0695091550705675,very_high,0
1.272419463953454,-0.40064823254966697,4.762896137542356,0.05800766982932887,4.285196902496642,2.1195937560069984,-1.0187587146087624,very_high,0
-0.7865304003007112,0.9479537699382817,5.201834285391464,-0.10572100838043082,1.121787551342269,0.23184297715838742,-2.391502262084945,medium,0
6.429423374788254,-0.8246171621263243,0.42574310731475506,-0.5845107289256163,-4.4177420379283046,-0.5057979339326745,1.3465749166805332,medium,1
-1.2142300294589612,1.0747604593433744,4.533633571192844,-0.10297745164527203,3.493687418991052,1.2444628643508775,-2.1661269819508977,low,0
-5.036571851963136,2.109152884160115,3.902482309519925,-2.1269814784775076,4.078195965403822,0.17508296905822873,-2.0970186429273934,high,0
3.74023234090144,2.0397963126476535,1.3115917158477068,-0.029552365153418903,-4.983282565850681,0.9413164135573568,-4.01559153811982,low,1
1.081392702737812,2.2636690990683683,4.755693541859211,0.03329880442463071,7.675983057858657,1.0982994489795437,-0.8415417564324151,low,0
-2.3065188638387877,1.8224652050640637,4.059013114762429,-0.8417614575264937,5.3986766429020685,1.594547388929105,-2.267695227831762,high,0
6.1583005093097,0.4732210881079335,-0.18073132142930337,-0.5398801909898955,-5.451140438306598,1.7008497423882223,-2.3293467909719032,very_high,1
4.68221788319228,0.40122863501619466,2.188066580006152,0.49658399592607455,-0.34452108604995046,1.069537674792247,-0.7884103259936994,low,1
0.0915275419589987,3.4623765730570355,4.163286397951172,-0.40924688559738504,10.562783515789976,1.6812281751767504,-1.0549143872235103,medium,0
2.3567202661742455,1.9228039169296711,3.186374265874937,1.692279507365241,-8.263388777735353,-3.138278050205985,-2.4873196178610355,medium,1
1.9683978700053086,2.4905946297360058,5.660296066404312,-1.0704973517053025,-0.3342627700225304,-1.4189597576772899,-2.5049742400384067,medium,1
7.691563963778236,-1.2390235046735152,1.0945900615915005,-0.5269375011470192,-13.700890482945795,-2.0322404345715825,-1.1546806099011273,low,0
6.053190814567145,1.2515956498836966,1.14735591518607,-0.3116970909811041,-7.043479613432532,-1.9210284154110846,-0.770134820382133,high,0
5.2141433964125055,3.6405097201670746,2.345241889843888,-0.70191632093096,-1.6402440061396508,-1.1249933859059145,-2.062315090370638,low,1
8.096294181762012,-1.928464954302842,1.0335928423362135,-0.5952904735529321,-15.330571456750675,-3.534571721530045,0.3802543709094828,high,0
5.944623320751669,-2.0989845555983906,1.9433892138727884,0.7905931995925742,-9.682776433140168,-3.142176473687523,1.8702591781818576,very_high,1
2.3377753245120516,-1.6169362433026948,0.19058866635364602,-0.4425355072791699,0.437797611016126,-0.5575799399997865,3.756842449481686,high,0
4.706089740772159,3.7569088285287786,2.1633479899942185,0.10016977096913221,-6.390409831249462,-2.952344886414605,-2.4869504557605167,low,1
6.63221519373494,-0.9563708235558251,0.2760490545142327,1.009209517690353,-6.666399348346742,-0.9336583632957093,0.9799825205372933,medium,0
5.9264340470794945,0.2542390272155408,5.548841522767937,-0.8218391288306554,-3.5702206440485718,-1.5277202862873642,-1.063554066295735,low,1
6.714349939571867,4.133187627245214,1.7662271400464897,-0.4741519234877302,-2.850513873248892,-2.211089898070821,-1.3569733567565587,low,1
2.11908695751827,-1.8598610148313641,1.110717150403247,2.305095212954185,-1.5912315370893197,-0.782133705708542,2.723167052889588,medium,0
4.187769010282034,-1.6074477143104413,2.5965297418819446,-0.40638658411725376,-1.4632360489274552,-1.426396367503487,2.797176631614002,medium,0
-3.2764416819227753,-0.9913892093297303,4.777895846418916,-0.4973603407768384,-2.8763686379855393,0.5526620759754299,-3.0523237579310516,high,0
-4.055784318425474,0.8814220479721948,5.153096739465447,1.1214626666530854,-2.6498966007701146,-1.1084961358046717,-3.2835087140461345,high,0
8.31419146760947,1.506202729720769,-0.21000777751759303,-0.4715990848738477,-3.0906172021830547,0.1548141174040869,-0.1506716481635184,very_high,1
7.491108518800226,1.5730575018300312,3.757603199286798,-0.2539250547358671,-6.44569640853753,-3.1174830212765396,-0.6963371024935465,medium,1
3.8638754851490154,-0.19816600436750686,4.444092108307311,2.3695119102669913,-0.20003492983541654,0.5512216506585048,-1.0156243615746872,low,1
0.3067002146446738,2.1769926556892374,4.633960595135058,0.5231659531690122,-10.915670876638064,-4.9732235705518555,-3.2238490460818636,low,1
4.6349711657540675,-1.987320253926387,1.3298903495755166,0.42168999515521094,-7.327730213380539,-2.121461358288249,1.8993362108360512,very_high,0
-3.5871833114154654,0.46584354138607975,3.731591682260059,-1.433901265331761,4.834391978268987,1.6288067723501667,-1.388069579991519,high,0
4.673852659770901,-1.630219689123988,0.9627155365660363,0.6519369248675854,-5.506178952210995,-1.528406200716429,2.0156179002155215,high,0
8.0547524677371,1.314250911303825,0.7648382387628376,0.43112236275337185,-3.3091961789428654,-0.191847313898466,-0.2965216359700322,medium,1
-3.2328501266735667,1.145909968342374,3.721293654746905,0.005575198766762014,4.909758046748761,1.3372960221888568,-1.6000979048790032,very_high,1
4.723892836651563,-0.9400760137761297,1.3418233497075427,-0.7086310495767218,1.4487943849208686,-0.20968044767345662,3.067830495294885,medium,0
4.668985968707158,0.8727410900795289,0.38870486885381705,-0.16404072119429738,-9.449918578540672,-0.6132684820316276,-2.748331698254704,very_high,0
-0.8339347104046397,2.1923669607121177,5.649857261301818,-0.5973120019224507,1.6891593905186395,-1.1093745530051744,-2.124881248874139,high,1
0.008842600796710176,1.0642266652562598,4.79199399153033,-1.1848598365973397,0.6403170327243386,-1.088203816219552,-0.9828642212267009,high,1
7.575462073488698,-0.18478676075896328,-0.36992516714633616,-0.6861949792167945,-5.7259288003103865,0.3573377101103212,-0.09720102953535026,medium,1
1.5515016632383052,0.5165716751051554,2.9491392213672865,-0.1205271267457175,-11.325247085424401,-2.57109676253319,-3.2413760541407868,medium,1
-0.45735173828544395,0.4011042435639267,5.368784680347892,1.2832033651506822,0.2955950547167728,0.017619327558584752,-2.0852714361768476,low,0
0.5335547768502389,2.7391921636172887,4.986961724780647,-0.44925723272239854,6.579028444923987,0.40919656316008246,-1.3010715954373637,medium,0
-0.018684048717550805,-0.03567964810738977,5.427133527048694,0.5860117934831395,-0.6049864890949018,0.5381195776986393,-2.596593130251552,high,0
4.088529803840813,3.1275468075855395,3.2139784045652897,1.8698788640903874,-3.3098377133154147,-3.069183761514113,-1.0394985735613056,low,1
1.742740336945793,1.206338991571565,3.6033083366133067,-0.492981783646384,-8.013160809460691,-3.246712720380737,-1.9448940287836574,very_high,1
1.5167705229412487,1.058804446346042,4.842588143622295,2.119078564611962,6.132965317519733,1.1667598490055424,-0.4988577731917443,low,0
5.0045390662918665,-1.4538277535377175,2.012605051004578,1.4259243487028217,-3.9278365759008533,-1.238534601420867,1.7812495017021392,very_high,0
7.509163465369354,1.3516200829257825,1.8681525708836553,0.22046709192331726,-4.174519953698101,-1.5635166855004985,-0.014053354966555354,very_high,1
6.342020969202011,1.950920960702033,4.366980840953198,1.9928107733549019,-4.172490076725649,-2.064092445560396,-1.6176852173984881,high,1
5.924604725027605,0.7067532883754477,4.65768502671869,-0.5855592944084166,-3.103642021551694,-1.0823935397410498,-1.2362980162120296,high,1
5.66236969062882,-1.2606881002681738,1.04534258687878,-0.25869165779249226,-6.769249547991087,-1.0328294936617315,0.7137717328067464,very_high,0
5.2702932855223805,2.5760645013390153,1.2518212071836787,-0.05263026933609597,-5.313187942469428,-1.3439760891176409,-1.9726371603397572,low,1
9.17430590011448,1.3251523150873676,-2.3114715409218523,0.742912287904417,-2.876940366922987,2.5593636068617673,-1.0755865878649076,very_high,1
11.063349186435763,-0.004209655765856635,1.8613075626709903,1.430317198582738,-8.815947780190724,-0.8998711470167706,-0.9656154883631345,high,0
4.003837234099099,-0.7445177513531779,2.100328159582625,-0.03624859754333969,2.9361984537813806,0.44946721045073934,2.3536137459564808,low,0
9.848530823085898,2.2357180973880473,0.1364859964202454,1.5568105015440727,-3.502418397807143,-2.2714688366412057,1.6035958617733592,high,1
2.865884116818278,1.9343271200528485,1.174754510641357,-1.726644382692171,-9.290926458848732,-1.4875501939258269,-3.500075786360971,very_high,1
5.387010465453809,0.7382546312550035,0.4997346764223236,0.5360901426737983,-5.8359093242743745,0.327099272754485,-1.8402864066675155,high,1
4.724396379438906,-1.0326198839343557,1.336935545397765,-1.1607877887588107,-4.612741646654586,-0.47236267752664873,0.597932137937076,medium,0
-2.7050552764715077,-0.42646642553012515,4.540015827416751,-0.256203671738796,0.6851886881689224,0.6971284086157826,-1.819718263196985,medium,0
5.797640859778448,0.6527741708772726,1.7387144148671845,-0.10563385358141007,-5.52437861962234,-1.7686023253209997,-0.04146675682841772,very_high,1
2.642029186815599,3.6127476049779297,4.361600217775006,-0.28617365890602026,12.42164860084463,2.5063950359135445,-0.8133272454454405,low,0
0.18011053808341604,1.1589994988284227,4.654148404447603,-0.16818531710645554,4.772913097021064,1.6688331411089,-1.8919959339705774,medium,0
-3.1444714077128513,-0.5410196068863944,4.783209010987664,0.8113554117659567,0.23119709071566902,-0.07864737709256442,-1.3367506892117147,low,0
5.900964059301753,-0.9888435573829297,5.558278171919847,-0.9371522476843386,-6.614164637077343,-3.699483035794849,0.8924619513953553,medium,1
4.260456877744219,-0.9901160626477293,0.3548039416395943,0.7916644355452881,-0.21250472810514998,0.028335189295503938,2.541883621409524,medium,0
5.089696664041201,-1.0232749918677153,4.861405356396318,-0.147155210866166,0.9690893905915001,2.2787340109832477,-1.50644373458517,low,1
-1.1722148856612313,3.2034369842023747,3.600820185388403,2.1799736846312183,12.277440833854778,1.9961826228473274,-0.2738375663681245,low,0
3.5193502890071118,1.1430395900526344,2.4122832094949103,-0.9742624766685076,-9.485969273665678,-2.8395373533705897,-2.0183486606109735,very_high,1
-0.2513360385888399,3.530540691532939,3.790258092642409,-3.5827510441347377,12.120483634277663,2.1599625659743973,-0.7472842648054021,medium,0
6.5112320866688025,-2.050692359262539,2.926872323960381,-1.7639012956233933,-13.477958939205845,-3.0343973566510134,-0.48666808507460657,very_high,0
4.110233765120645,-0.46529498250302703,0.28622899123933543,0.24776283064938498,1.3211084601510699,1.1832706615204254,1.5904414840819887,medium,0
5.253450857905211,-2.335117635763648,0.05062612722737203,1.175710217597696,-15.821590639637348,-2.987262136013129,-0.03941451506052229,low,0
9.021863754822661,2.610602031156871,4.96585774448692,-0.8852157195473955,-5.7302513844057295,-2.2502847690712184,-2.5812524306731754,low,1
0.41834046731159,0.7258748769274246,3.093704379475228,-0.8790360279847835,-10.364753944167195,-2.63033883710751,-3.21220526489667,high,1
3.4286593390994775,1.2032060927415544,4.870952488225386,-0.9393707373439568,0.14113454920179413,0.16559760447244676,-2.0493370675097147,very_high,1
4.408812136002562,-1.5193866891650896,2.7716334352423377,1.5867132764196428,-6.361247820981102,-1.162712194709194,0.10288768941142412,low,0
7.305229650688207,0.82833782008212,1.1286230272390618,0.7517030939719805,-4.899482840021762,-1.507451973913993,0.43152788179460755,medium,1
11.438431611787795,2.0953215965948053,4.474050824701132,1.429205547206772,-6.559920322914411,-1.5052286270583415,-2.5533333983528324,low,1
6.647797050642259,-1.395403865970729,1.9084419423538743,-0.5430073692703224,-4.719696214210891,-2.0703158474871755,2.5830914381436374,medium,0
4.55160781052294,0.1609401893432496,4.657617160784069,0.045057437383985134,-2.3477937847319024,-1.0272369562026027,-0.6977088826663268,high,1
6.35354686314016,1.7887601311770536,4.743970317236059,0.5006476638915411,-5.111374667457609,-2.8107853156195626,-1.336610667617938,low,1
-1.4735558329315532,2.4216906505733053,3.926343492365403,0.0999720923759913,6.952008560133587,2.023858315016565,-2.307727933449171,very_high,0
-0.0007415775960235571,2.3835270934420207,4.989234913928016,-0.3034037857422834,5.7712273755824075,0.04242062785215395,-1.0737645196699053,very_high,0
7.112938850014547,3.3604033883748508,0.920289127552687,-0.08976515812606713,-8.157766384042874,-4.367955270250542,-0.35818441014315483,medium,1
5.379793001382991,2.5270870063303983,3.425443415887724,-2.3929369353654772,-4.365063057260039,-2.6285465807152493,-1.315383125520818,medium,1
4.2294463807576985,0.5752459684448998,4.788966354525371,-0.9350055452467468,-2.3469119769025633,-1.3000916500508293,-0.9241018484438619,medium,1
6.2067941764567935,-0.7024411753741057,2.0734326184895386,-0.20682623630778,-0.2342471949874095,-0.44985037912629866,2.1922082700941035,very_high,0
8.034667439652733,1.5282386841235587,4.48599658650882,1.7658467545927297,-5.80494286027449,-2.4349003757381205,-1.359063344157562,very_high,1
5.246747678642866,-1.0350984561062346,0.4712480794797935,0.08859538424312531,-1.861233337061621,-0.6409861133222627,2.627484937624143,high,1
-1.2473049575398854,3.8253222386113785,4.099047901303885,-0.3410452047634395,9.992198239453018,0.9514758138250514,-1.1102473358445573,low,0
1.4649919380402567,-2.5493368920799657,2.239193464256097,-0.44914716388487497,-10.06790435058004,-1.9101682196389695,-0.1700987340157576,high,0
5.9208017938901625,2.3577521511193518,5.70889031998469,-0.9728277110532674,-2.901283797994683,-1.5800235655180366,-2.705937208465876,high,0
6.453085101802815,-0.23456370660057724,1.729386171667704,0.4976942209647861,1.6102897333286446,0.6335976624087536,1.7356368307495256,high,0
7.351280960410204,1.2652296091727906,0.049024265741008044,0.5903497098762217,-4.585592909835339,-0.22009415341129213,-0.5598437445071672,medium,1
2.104117764858686,4.091613386036009,4.129276341895862,-1.4645446943744653,12.938425315023252,2.4807865972344683,-0.9565370283786722,very_high,0
-1.4491169686043524,1.980402954880972,3.913195213216304,0.6330016028355056,8.231032550159734,1.9428675301380027,-1.2120622432590482,low,0
7.229147840089343,0.7223013569845411,5.255395312019203,-2.919595389361377,-4.224187846428763,-1.492619260455643,-1.4305987424510982,low,1
5.695857476897595,-1.617351867206559,2.0967940373618292,0.7363458552217378,-8.959302703788728,-1.6824790678331554,0.12502666495495762,high,0
7.1025470991626545,1.683525411640305,1.1631002091104627,-0.9935840303879647,-8.472091321739919,-3.61812113562717,0.11484750086428708,medium,1
5.116720013426271,-2.323728188064076,0.6172489883620531,-1.7888932045880448,-12.196595484446124,-2.8123520159517943,1.1273325142929203,low,0
3.5263920883640116,1.8356642153761342,1.8144827719515961,-1.2738622451380193,-8.85898969224544,-2.94107803561118,-1.926383131849256,very_high,1
4.311944879089418,2.0748786953177953,4.696312492393635,-0.12342032342607984,11.529155724687541,3.0878289231390377,-0.29983614863278696,very_high,0
7.198554318497135,1.2506202393029862,1.923125360989529,-0.687670854490729,-2.256357670542809,-1.04499810362891,0.3482610899040375,medium,1
-1.1974160188845504,4.120597997335068,4.030838039749471,-0.062260427741725674,9.317517340668173,1.200106651002351,-1.9062082454558347,medium,0
7.255598300518592,2.5551827226887602,4.972474406177619,-0.10909582660873851,-5.286296702235369,-2.765253627949571,-2.1217470904484044,high,1
4.175414462545184,-1.7922930249413536,2.9390747754837845,1.3912250045066714,-3.144401296286517,-1.8371269216921224,2.4184332589673367,high,0
4.8056813761884385,2.200494657121695,5.522478256642007,-0.3708368598931965,-2.8128422241060136,-1.9801792326937457,-2.2122771384207716,high,1
3.658023838967313,-1.8325187100582934,0.6709465209960435,0.6982997042276722,-3.034048654003973,-1.5022680287606978,3.2969012694208595,low,0
7.489946866534547,2.7742423844592485,4.061203132471564,0.3211353556318172,-5.208337331552578,-2.4789711142116535,-2.042937713655836,low,1
-1.323079083470832,1.6545285002475396,4.487631181884352,0.3384431120825966,3.06986370481026,1.4269279230882974,-3.077780466209436,low,0
7.652892417344383,2.6168877085517037,0.23247515759184845,1.357368064192998,-3.306780761446366,-1.0235975407119822,-0.4077091664452981,medium,1
6.226688512670852,-0.6396035526453265,5.28613792814806,0.45416547672901936,-2.8247755271156345,-0.4635535431786997,-0.8039712796152824,very_high,1
-0.34270643810005996,1.346805771227449,4.283457180095039,-0.3928128237910463,6.961078427029161,1.6398736427836744,-0.9076893443273469,high,0
4.964504157997622,-1.708334154272853,-0.18387326560982054,-0.09438964619269737,-4.589022659206482,-1.8186437863104519,3.493730821949696,high,0
3.303287145221139,3.512170288578929,2.7314033315207182,0.09936884935198993,-3.8067118743084323,-2.201573988363072,-2.4058251144952916,medium,1
12.232843050019426,0.8235629845266715,2.0568725623215274,0.2630978960704616,-7.886673911885093,-1.4090999383162492,-0.6484748906638074,medium,1
8.408280110824617,2.6542659528110546,4.741777956007679,-0.25036419401719107,-9.312933593155922,-5.49025180441439,-0.9265718886883948,medium,0
-0.6825843039855553,3.595011399854982,3.869769348633981,0.7789780813343921,-8.779206319179501,-2.7849474800702776,-5.558628312452835,high,1
6.021836292390763,-2.180910393016229,0.17288960839341483,-0.17546937260447373,-12.941899512647357,-3.0496657170918766,1.3051837914835058,very_high,0
4.18289814123993,-0.34559578600288776,4.654082581444934,-0.5358704375276243,-2.2389125692472405,-0.9694142199989546,-0.3109906124068964,high,1
6.090041941287888,-0.9129110683733234,1.2823704496204487,0.9809862733550718,-5.15009257834684,-0.8199004277857385,0.8819143336201942,high,0
3.3504585131190145,-1.2403339888964948,0.9180641545105406,-0.2524866022573014,-1.1504977065276654,-0.14788583473810513,2.039519628982199,very_high,0
-2.1051398883958132,-1.4031523430795096,5.0560890755870895,-1.7099118878483042,-2.1326730640953633,0.260510018493731,-1.9596353347585382,low,0
3.2095142769516833,-1.8164340846526934,0.8410916699524069,1.3022694236257504,1.0511131786584769,-1.3871782039327956,4.893825557827887,medium,0
8.477278640163561,1.7117503646523853,3.8198297337306855,0.9315377990081586,-6.670245561320418,-2.8825396421123037,-1.0217338249407424,high,0
3.7176935870639642,-0.6985601339261978,4.451160445681867,0.37373317450225485,0.05242910504426873,0.8078654186477148,-0.7379896739435898,very_high,1
4.796948679873041,0.06319619912762131,1.3145062837230173,-1.4850497637434057,-7.489874670460248,-0.1889176113368607,-2.0138983304543494,low,1
6.628506715865282,2.8496154892591647,0.9930478882143197,0.012362603552773497,-3.730543603481195,-1.3671915549834548,-1.0660947586096141,low,1
-3.1613332197213557,0.6819927662607927,3.7309829692124907,0.12036664003901798,4.593556345380149,1.858498787868466,-1.856436609691407,very_high,1
-0.018994423764257196,2.319101042942211,4.336569781749675,-0.7263332348508608,6.829836591791514,1.7669214005818854,-1.9571562744458633,very_high,0
-0.0706914477529228,1.8495088133972457,5.346130715545787,-0.4476348127965225,0.06876374926785515,-1.8980323425216639,-1.443291768452283,high,1
5.0990413317535985,1.216778884726218,0.3331126113269143,-0.37793111038395133,-9.831235038168497,-1.646108396330936,-2.0593587182334208,high,1
10.137638449746845,0.0997952568854914,1.0493798759243287,-1.3266357145325374,-8.644922989189112,-0.26382005338354153,-1.3708431702319315,very_high,0
1.3578826611858301,-0.1784346514677142,5.595571887449381,1.0118623198474597,1.856053571632127,0.9549501538271826,-1.585077964973206,medium,0
11.825681075690511,-0.7191208177897416,1.0404982899996698,-0.23758128562803113,-10.90475653462679,-2.4828387185911382,0.9416812356419313,medium,0
-3.7241954096287024,0.18951787763486938,4.779147130223921,-0.09960825804265655,-1.1326448188509854,-0.5597301842282687,-2.247331637986828,low,0
8.071689072837703,1.7619095431461114,3.8814542330977995,1.066247784342413,-3.0748801193708486,-0.11278127746715572,-2.3699310680469265,low,1
4.520791007611475,0.9498170031470817,2.610219912998133,-1.5093101692839577,-9.182560377276193,-3.591613855369315,-0.8418392401182822,high,1
7.207177259315607,2.3261038299789893,1.9099499828842779,-0.03826366968641762,-0.7372307784844667,-0.9184720445115317,-0.04707706402308576,high,1
5.788542617888449,1.151714822933623,-0.4756857229320133,0.12025873525270227,-3.0247947879103014,2.906680567240266,-2.9748728087704617,very_high,1
5.019734870689158,2.1414051894820156,2.427387973952171,-0.507303921230467,-4.997501377090407,-2.189752206475111,-1.2375089035961242,very_high,1
9.327278948712834,0.8578209998656298,3.7115574428793923,1.3497595327335752,-4.867538609607336,-0.7270805595608832,-1.4182356836848917,medium,1
-0.5635633841281429,0.1318240470852814,5.057963814160326,-0.0004467879508527512,0.4598432159782846,0.7714414075885626,-2.3949859242238203,very_high,0
9.469684759338882,2.7526289791561673,4.483671896946311,0.22338262368510317,-7.300094712933096,-3.2598769896958917,-2.051383367046693,very_high,1
-3.0107253225628607,0.5451814344498329,6.765435129038189,-0.8783011056262023,4.301640909977141,0.18402928796774698,-1.7541502139056924,low,1
6.365792294039528,2.394973668758434,1.7715872293867054,-1.0585139920872417,-3.4219089081125227,-1.5533816958719584,-0.7861868005059318,medium,1
3.726811247365057,0.5741108721831122,0.09566284799328706,-0.9818084893327013,-8.767643325165,0.981207194581958,-3.82625390303557,high,1
1.0711546554074114,0.5291277229451621,3.4692607530615147,0.11267229276519995,2.260978104084492,1.14647010084082,-1.137528788387249,high,1
-2.3701668422258244,-2.014608693624939,4.436963093691395,2.043373018757548,0.29573244293217704,1.515329086165128,-1.2812955864127047,medium,0
6.755420585318685,1.1620727422191712,4.044966790627434,0.29155115213578287,-6.419508823831121,-3.415334283351643,-0.29321597650489495,very_high,1
1.599273781165801,-2.1939455368158685,2.9888641402322778,0.1832844854137468,-8.26178332569446,-1.2641323482712814,-0.7041146361688182,high,0
8.667074780644736,2.338028049294639,1.8986859867541792,-0.8622926706398404,2.2886041850822663,-0.384043972834881,1.0781651400604395,high,1
5.720501356283902,-0.5603745378154693,0.08148199986244453,-0.6751240924637588,2.802597669473685,0.10268767492765418,3.900174078446811,very_high,0
5.071589968412197,-0.06402425693699776,5.370135367201602,0.6062676272089088,-2.040601490551136,-0.5782057567453843,-1.105249197852329,very_high,1
6.535261323567014,4.663846125079068,4.795253101890256,0.2821207249565427,-5.997481840544515,-4.2341712417816515,-2.893852446909925,high,1
7.100602734932448,-0.8968940162461144,2.466829480329579,2.769665912800229,-5.610330629413747,-1.2366992055097448,0.6283812463818348,medium,0
7.7496171300425205,1.1744325851707786,3.9432907356990956,-0.6470478987750709,-4.65066333523815,-1.4676707215665488,-1.25786517969514,low,1
4.277908667158654,2.0084917276678516,2.7751988400524477,-0.16291717937803366,-3.2916266210562997,-1.4652526648030948,-1.3982320939347754,low,1
4.480104395740062,-1.7836032639592978,1.528416522634235,0.14070450584551192,-9.84400541842615,-1.5044539445624368,-0.23779078639469375,very_high,0
-2.4236493621235002,2.4259506313330235,4.0631751548654655,0.3755799879072388,6.6918371095757125,0.9156592673338437,-1.5352903162346387,high,0
7.674605902062461,2.124341258270562,6.545504445287085,0.4026887383728774,-6.0467479527871815,-3.3687119979428464,-2.235278031898918,medium,1
1.551730690010512,1.5856981916028723,4.438407552316868,-2.151864151195949,7.841771132104169,3.0374797677589758,-1.895543562016457,very_high,0
8.036294752592603,3.2057964249276205,0.694189730686595,-1.6194094209795933,-4.774108042239292,-1.6387347242820711,-1.1724135387193788,high,1
6.969751226318881,0.5853406292822212,4.26092020608328,0.2836781352354202,-6.045232698289648,-2.8935164550604737,-0.21048270364796062,very_high,1
-2.7980246071744608,0.4207226147035237,4.2968445276788065,-2.2089141821162053,4.817312354193449,0.650491739113778,-0.5011241132710778,very_high,1
-2.6028939948935186,1.217078271636699,4.7784438904128885,-0.4611312888535103,1.655862358888761,-0.2614041594535472,-1.984230956273315,low,0
-0.8039139008530451,0.3617072409192288,4.2027977490751045,0.17756119087200758,5.492361383735149,2.2073996730055403,-1.3241292311821753,low,0
6.88340555858969,0.8977797435780867,4.007013466707698,-0.35996495801520034,-3.0882295895980687,-0.548099510452739,-1.4251700760577315,low,1
-1.1566185951670582,3.022596808834171,4.565822746731505,0.05944737843398089,2.024652319469393,-1.0019175438700156,-2.308203234694552,low,1
4.0654541884729225,2.2286492265758744,5.239771476785407,-1.3644146163296815,-2.8694198478372557,-2.318745479175933,-1.8973363460767585,very_high,1
-1.5418420624054034,2.7391260632614145,4.382838156390608,-0.8701221033908969,7.0030646788852815,0.7073128279679807,-1.4697500777119201,medium,0
-0.5294102421918803,2.1622433747278635,4.431171823249581,-0.7257183688182026,7.4381436409510995,0.8481690504777865,-0.723831850677512,medium,0
0.755369675724658,1.9847183472934173,1.1123900097149484,-0.7338414418202674,-14.676593786395545,-2.856043143797425,-5.000032586018925,high,1
-1.4521988152831158,2.1730733329847975,4.222249182331852,-1.87391929012728,7.230834964538909,1.1005751676893782,-1.1502612489040998,high,0
4.549313537643341,-1.5043497522227853,2.118167342451011,-1.0273731286572503,-4.454538814968844,-1.2757141713965627,1.4779428391250558,medium,0
1.2751790296648653,1.8273642874717826,4.151389711722505,0.12752491261473084,-6.012704552675281,-2.064152212878268,-3.1893656069725336,medium,1
3.1912662183215037,5.192958764887818,4.289934037303279,-1.8542456651918178,17.271681357374938,2.324535978647881,0.3374592671453991,very_high,0
0.37344270661416834,0.3020204531710329,4.817047975776402,0.4547005739866058,3.966607318986142,1.3852612561582636,-1.2444691957019223,medium,0
7.961276051222045,0.9042381457896271,5.764417499815515,1.3135529579909182,-4.4801946535333705,-1.48910649244792,-1.8605106477874795,low,1
0.27140366941827576,2.7769362803841346,3.8943110471585296,0.4030931805656837,9.494338146848243,2.657278461703277,-1.759975356676287,very_high,0
1.5128717848316673,-1.9507127422500963,1.6933882385230699,-0.4648228412037655,1.4180025047270808,-0.9715518147114225,3.9774871820970485,very_high,0
6.332523586572135,-0.8980618440947175,0.9004157307442586,-1.2293273668503057,-7.5530552481351245,-0.7743457194937436,-0.04769809694892868,high,0
2.4617519952361397,-2.3278983773305435,1.2565727157208075,0.28362708809362763,-4.518038029591099,-2.0631940292242383,3.0969622323093464,very_high,0
-4.397726739968461,-0.04875319454432803,3.781536386610773,-0.039838037260562856,3.327159882529952,1.4848820517631498,-1.6505175048063865,high,1
2.016569875762136,0.979074369354098,4.411294207715536,0.03192942590393773,-0.43381204892279346,-0.86884339970305,-1.0532817564217751,medium,0
7.827686409943499,-1.293729185433581,1.7330646676746537,-0.267629281048808,-12.560948102190483,-1.925695358413926,-1.0050238632858202,low,0
2.6676047963870957,0.5585398721001259,2.1444179606940885,2.0321562476348176,-6.972008404570574,-0.07691979150942907,-3.188219352660286,high,1
7.657632366618381,0.07597169927924785,2.278881563197972,-0.1613147770212997,-2.4745762992436915,0.9013867133913824,-0.8071129565265038,low,1
6.5858019831318275,-0.5141424876156293,0.40647555040870786,1.6162203839997413,-6.7625864786740415,-0.06322843571299219,-0.4507744761462209,low,1
-0.4030033774389348,1.9138672088700597,4.965961447009174,1.055278814774923,3.237918454728399,0.6699498737310073,-2.5402686120687945,low,0
9.935533863944368,1.9190904399364561,0.008000830195690867,-0.3850939912596104,-3.1476927897357005,-1.3821544537927026,1.2223265395628382,very_high,1
3.703224873604692,-1.8534504088169617,1.505429592778579,0.6324633614991821,-7.586351597775376,-1.2888001923596408,0.5242057956784248,high,0
-0.7653265248937755,2.2005335739970726,4.055359528020489,-1.1432272788697657,6.641952485201603,2.398326937876585,-2.577159327929489,very_high,0
5.615017515274948,-0.9471067053407487,1.5540439412424785,0.13153308562887805,-1.5175711177872164,-0.7300953568074734,2.2795178002940206,very_high,0
5.331277494304613,-1.226508650222348,1.66573809883138,1.430634748580239,-4.211937778054013,-0.762375939648636,1.1968427987533778,low,0
7.802428534894408,1.7679385269399344,-0.32688844445110465,-1.2161215461846724,-7.955752075995259,-1.862614980753483,-0.600662647600178,high,1
4.401238894539354,1.9163022169388373,1.8350985696538955,1.6077124520667325,-7.7460992853635435,-2.7979274802913863,-1.4773660931436237,low,1
5.368353080095574,-0.5755429828831242,0.8639098775481324,-0.7282881150607878,-6.624504294408627,-0.07717261601094583,-0.7911422407562166,high,1
6.1264346945302695,-0.15323900177891048,4.318673659293076,1.9888297925590874,-2.525287310343911,-0.1958379188928765,-0.8782822336450123,high,1
5.086066575013246,3.417759783173042,2.803222503006717,-0.41475864165547155,-0.7676878917468927,-2.1245790287323887,-0.6881684919993992,very_high,0
5.921611279913775,-1.0989848764849408,0.8707967291475684,-0.9978286419138477,-2.496540620985253,-1.104006445673541,2.777578954925958,low,0
5.616903571240378,3.4340870106952384,2.761911169103571,0.3180434232741456,-4.09985357677064,-2.462680930829443,-1.7867278260635875,very_high,1
6.961068222133918,0.591032026559393,-0.22656108814716536,0.0019327118600364426,-5.239580463765257,0.9432399088117194,-1.3783658003858155,very_high,1
4.336980790698994,-1.2731034262607472,2.8158280017533808,0.1693709630167761,-1.682359814141436,-0.7017155027738781,1.5467206919867489,medium,0
3.0064939561369206,1.2930514219352183,5.71384530895501,0.23496168950751098,-0.20232601143560294,-0.5093676548799744,-2.128915974957048,very_high,0
-5.607899458215696,0.23159965470989685,4.930725906720638,0.3692861430722396,-3.326372455750347,-1.1126687087660057,-3.1694520208713346,high,0
2.875710605356209,0.29761539373347223,1.5776409153359228,1.1158956227868337,-11.032087707181823,-2.1158064059218487,-2.384252746897401,very_high,1
-0.8256470314077915,0.6036423759500629,4.814162821814196,-0.26857655486443666,2.324633986786447,0.9661957614444939,-2.0734180904637385,low,1
7.716488672335508,-0.6774790627944676,0.09702584872911668,-0.1079538277970492,-2.89449794810759,-0.9324416246560401,2.783903163193463,medium,0
7.894675569179317,-0.7622696764672109,1.9186878399842682,-1.2486496387563113,-5.656932700552522,-1.2640274492810444,0.9579379462098818,medium,0
4.39320136657936,-2.031415981078119,1.876690952112057,-0.5771141911688273,-5.165684860966392,-2.3238490235286675,2.8162699411570893,high,0
-1.7303705520197799,2.4632248992424337,4.0996704959022,-0.2011670128586883,7.341865783030696,1.5745357327578497,-1.8398715233421237,medium,0
