feature_0,feature_1,feature_2,feature_3,feature_4,feature_5,feature_6,feature_7,target
-1.2926072350604112,0.006689945484421905,3.0823444827699893,0.40329960416682403,2.857762906120562,1.7113810686535489,-1.825657995664608,high,1
0.9070642062694163,0.7372381051142847,-2.4088472507671805,-1.4873744464039769,-2.091384519907943,-0.3912935658975929,0.087204992037267,medium,1
0.2912763167735377,1.496776450383749,-3.170064986405973,-1.3646763259005417,-0.6510809375135411,1.7663758060220172,-0.05247385606304944,high,1
1.8507985062310355,-1.4376529944298386,-1.8815920790471594,-0.2717300398697084,-1.1188647504184588,-1.4164608695255225,-1.869731661954991,high,0
-2.2515989544362633,1.738384230050308,-0.010178788798046012,-1.5693895953746837,1.5062373756622163,1.2767389621476717,-0.6368823889389575,high,1
2.6256396481469526,-1.766327061299264,-1.811882435923635,1.3106059128134633,1.646972643929516,1.7309885025485237,1.1711019716695594,high,0
0.3464811524885607,-1.4891280072874384,-0.7491235196091234,-0.2145376645179636,1.4547552874020744,2.9905547894572457,-3.601085104459518,very_high,0
2.5557901473861238,0.5700452374729593,-1.435997451636842,0.18496258734208662,2.5035436643595594,0.22927905241663815,2.4015836610303523,low,0
-0.03511177964299339,-0.571042895212341,-2.59521858891307,-0.0018287588441003935,2.660593063943923,1.8704704746247254,0.13998209632135372,very_high,0
4.247541783966051,-1.4385179582148122,-0.7257585988661326,1.0270604268730175,1.933527792419019,-4.460421865460846,-0.6478722896465213,low,0
0.6898216343867076,2.7485888307941755,-1.3293918635941606,-1.3157974082181412,-2.336659618087645,-0.33023523254305687,-0.46595097807205077,low,1
2.7005960293817606,-1.2728990019339759,-2.242026376479842,0.9758233372885634,0.3458691284961013,3.89840444396636,0.008857703668895378,very_high,0
0.5161527822136989,3.329613840502979,-1.6552587024948142,-2.476792066877087,-1.3553513562118162,2.3091649002986467,0.5010900093087719,low,1
4.306134916705342,-0.5726792563181367,-1.898293800826523,-0.19308207400661265,1.9911995543032064,-3.3647976788807314,1.050319552276355,low,0
1.8615866262429124,-0.7365318680167544,-0.29353021883021957,0.05389734703320638,-0.45495395892193424,2.5845883627552015,-1.326262161949157,high,0
0.0681286359358435,-0.3523731799388803,2.167552352988603,-0.20260577291807386,1.8252537283625305,2.0974298305369206,0.980004236133894,high,1
1.9156062005903154,-0.8296259674082519,-1.442365445414321,-0.6626914834880354,-1.1287620901623128,-1.4452748374117341,0.0867610754626467,medium,0
-2.655390763302403,1.5588503917778875,-1.4804247072546244,0.830498133985952,2.535927437746194,0.6318725419529106,-0.9057972133711476,high,1
2.061913834960486,-0.43592445139563213,-1.6920422929637848,1.1971785314619128,-0.9723191744366662,1.0492569571512675,-0.7710421571412046,high,1
-1.7713453277411015,6.126330583525973,-4.497377725502316,0.47803781519228344,-4.522525657769192,3.02300985338372,-1.4396081307988273,low,1
0.8754717256907184,-0.82865041337486,-0.9254594664522112,0.08551332963959903,2.097184104826648,1.5176697859581258,-1.7157083186381294,high,0
1.366063540276989,1.9014058647711138,-1.1195325543562855,1.5413211448013207,-1.3412717423219935,0.9286365339919332,1.3339981858769252,low,1
-0.8945637293339477,-1.2836936607533862,0.3712550252963718,1.257613112576651,-0.20485883436354135,-2.5004775077049923,-0.5334524457759005,high,0
1.6250234958380865,-0.9136612595837679,2.0172503684991874,1.20357805453346,2.3701510370141787,0.18824665360182902,-1.489284264440218,medium,0
0.9340022727981775,2.047434795366051,-1.3119538590493771,-2.072135116096487,2.6286651157549557,2.794061953575943,-0.20493247424160788,low,0
0.5291407892415254,-0.7735596166930279,0.7012415826573832,-2.044629003801268,2.581904920319676,0.08458678811965581,-0.5789842199399048,high,0
-0.1792276083834634,-1.070468449854407,1.2356913308007693,0.4764301667171248,0.8824837092070574,1.9486617426752055,-0.15326055339930547,very_high,1
-0.9707276308203817,1.48162182967012,0.39747470774525895,0.9280156591516868,2.039764564755265,2.1688619954362554,0.20849197057558072,medium,1
2.6717153066225254,0.2280280335599018,-1.1381658870856268,2.5303696686416894,2.5809182955259558,-0.2374646487076617,-0.22789255876583409,low,0
2.434662589100341,1.4537585572812712,0.0648678340287232,-0.7178532143540355,0.6595057210440083,3.817483263167466,0.7958638123412264,medium,1
-0.9620177447462968,-1.9328314265313284,2.1720512242609606,0.28727251402742693,-1.6642451344920102,1.5521643820064563,0.9437155057560443,very_high,1
0.7512720455088983,0.9117473979322556,-1.3308293255825427,-1.8829834466717266,1.8521518437962712,1.1642508208205,-1.5235978106681667,medium,0
2.0878939629009015,0.7477948921161942,-2.482474510335527,0.4202685290565615,1.104400136107405,-1.184559275884963,1.3049626887904189,low,0
0.9985610499653279,-0.7867562004233475,-2.03982832594668,-0.2459953383557008,0.12764669685241947,-4.130695460007185,0.44670361080914417,low,0
3.880544374081624,0.3143700463171508,0.777392644110884,-0.4265996362860371,-0.031212397779128098,2.942920387055042,-0.1247181582364859,low,1
0.833778739639886,-0.7054991863299848,-2.0224589043953616,0.5574085568511856,-0.5500784143190462,4.933404034090815,0.6322163140318503,very_high,0
-0.5800441337095252,-1.485402126701669,-1.5383247252026984,-1.0504376287559674,2.2108856841873226,1.714597092292305,0.8461184692959337,very_high,0
4.654826621222659,-2.5813021393166746,0.7502672562967168,1.1064617708120716,1.2487203114687304,1.788866735174818,-1.2502160258948012,high,1
-0.4912228376946137,2.293613830740782,-4.182109084506926,1.6742707660711302,-3.8789870966576525,0.26612277800025663,-0.9009211185541528,medium,1
1.05174846907782,0.2965070923458715,-1.7206285038283904,-1.2774366038453426,1.6126484900901843,-0.5124972852344968,1.1565816515942398,medium,0
1.4068516106500826,-1.7216603255777445,-1.6907568083147329,-0.547191788882491,1.8564308287934779,-3.2522183652764785,-1.251356182239287,medium,0
1.7520303675383524,0.891743411928052,-1.6906010904263136,-0.43479469337221693,-0.2184409062406012,3.455801597826671,0.8155942445961629,high,1
-0.15990157273966732,-1.1962750222070437,0.2705668902058662,0.31282223676684645,0.7704925694128505,-2.379189941780664,0.5737671099019008,high,0
0.48451339660740045,1.5802355904306224,-3.4059548396003745,-0.43884999047817147,-4.48412156547519,-0.17154797301778935,-1.139061507616351,medium,1
1.9121212622277866,-1.9755779548053523,-3.9456856361613992,0.3590550934803667,1.4706438886181132,2.3095025513349503,1.3342291941726905,very_high,0
2.0194938756678233,1.946209175015523,-0.6205026484570929,0.5043650657184098,-0.16493760117724343,3.53906451298589,-0.5412990949622398,low,1
1.915114763549791,1.0839034743993232,-1.008258111648085,1.612868370707128,-1.7849233702128942,-0.13654035915187457,0.9466183083304367,low,1
-2.5729851771918497,0.520663487628541,3.4029297688621565,0.4986899121355445,2.317444685354788,1.293773125871316,-1.94249769096177,high,1
-1.051920095788328,1.0630366827419329,-3.6279534031041805,-0.7074395448121878,0.5854931814307913,5.543869790087759,2.209855665748464,very_high,0
0.15816532642205616,-1.260602381636548,-0.5686165897909258,-0.8888596980356747,2.7822524271243454,0.9065756414760399,-0.15974849799158664,very_high,0
-1.4885382290764346,-0.450739491021338,1.538664020267277,-1.1565552170673363,2.826819878195005,1.294122261167452,1.2812386535229803,very_high,1
0.42188496989178326,-2.4144890826387395,2.4028332644515613,-0.627092824772296,0.002617202373776051,2.572867026418158,-0.04091753519506904,very_high,1
2.378062539455018,0.7291908201739888,-4.513620992700577,-0.8093466847948803,1.5491504677347239,-2.29358897580856,-1.0257233949746074,low,0
1.6374621230347302,-0.49576015793976586,-2.6981375837339074,-2.010216654566063,0.056794152257909625,5.467498755828844,-1.3239510842195628,very_high,0
-2.3546743056634574,3.292565020210959,0.3850708561412155,-0.49731714635766955,0.9618439553829264,1.6481397235054545,0.2940820387932141,medium,1
3.5834167680704985,0.71305438457395,1.0949318653394378,1.2473036506646777,-0.9023360710621684,2.708793236993767,0.13549137231676192,low,1
0.93852655023021,-2.098205354788434,0.9912666741957348,0.7034921482250248,2.2937431705348077,-2.2239552419697692,-0.07782143613647309,high,0
1.111865978187719,-0.16155257166264805,-1.0666266977554653,-1.2590649114481933,1.5401185904167718,-1.2693449984127088,-1.0053151259972355,medium,0
4.1397218338888075,-2.202781974262323,-3.4600492040057906,0.36022603707742873,-1.3780261520377328,4.33025791421264,0.5413212940082783,very_high,0
2.077039412556266,0.5523467023289831,-1.4907719147777576,-2.355703490127358,-1.4461480685393682,2.5255205776035563,1.5745863577623422,medium,1
2.6660488367404342,0.40864350150540696,-2.4865187685683274,0.0689061331209721,1.5660889102115063,-2.908478826981294,-0.13260407824049675,low,0
2.674920448839826,-0.44397695557174965,-1.384950754005176,-1.6880343251976782,2.052991752575214,-1.2127430342798415,-0.6007479306385678,low,0
-0.6481888924951466,-1.8760141988361818,1.5780902376624337,0.21871826614148773,0.2869136130746832,1.6686237614246042,-0.16681474069839325,very_high,1
-1.1730472925607853,4.288700551876518,-3.952023286377179,0.6992124386719866,-3.5342738230763713,0.8909153956150073,-1.6076413105231968,low,1
1.7601995094591731,-0.5767162863971206,-2.3273495678764147,-1.6522426773534897,1.8395097230136508,1.0859027581117426,0.9669566453448166,high,0
1.0868948635124749,0.7000700173676648,-1.7154829990929223,-0.28478940951539505,1.9183632215168331,1.0072112630347245,-0.9972649579684154,medium,0
4.3515762327934,1.0617132052960183,-3.3379019406351995,1.4239538455411669,2.387431484470071,-2.2193777676828965,1.4137696482912587,low,0
3.380098148849206,-1.748297575363261,-1.5198976751390156,1.6129781705930544,2.0131543298498875,-3.6493819425874694,0.729236949310753,low,0
2.2721784662965607,-2.733687290000228,-2.3503260864144884,-0.4047953794202932,1.3441501033027046,1.9584794934271188,1.1328046971748071,very_high,0
0.9818985835148634,-0.07440077710921253,-3.0519787930032356,0.8549039226364025,-1.656927590496647,0.7414806474761944,0.009395354575849457,high,1
-1.8463314738249799,1.244360894400375,0.22910760261669583,2.505448905356894,-0.4563711223106979,1.6443496289469153,-0.4516410891769469,high,1
0.02728829728517912,-0.5711819136245506,-1.200444485923467,-0.6547697756239492,3.4374335830440668,-0.3528535451641599,-0.5106084992975795,high,0
-1.0288600570533857,-0.6524531980075993,1.9352129109847909,1.762979652537399,-0.316118146761764,2.1237764265001924,-0.5077167691497139,very_high,1
1.4937298574257496,1.528927443046829,-1.2263401442522297,-0.6149441025160431,-1.7764898144038093,-0.1445072955472264,-0.8251658997455379,low,1
-1.0645479377360454,-0.6249821833749283,-1.561870434313902,-0.0682025303326691,0.5716889441738152,-1.0228223261319183,-1.406719432559558,high,0
-0.07047718675550696,4.251388849422427,-2.9622747569072443,-0.04020473453637896,-2.570242394188345,3.8087114245173694,-0.5019919601812046,low,1
1.0824085761500204,0.8416525664085172,-2.59787031824966,0.2335950812615763,-2.617876826142318,0.033377141387004094,2.1168030549638535,medium,1
-0.36166794645604483,-0.37855417296109906,-0.5035962950493686,-3.2415138253291205,1.4713241094098528,-0.6004441417921051,0.2971600238082216,high,0
1.030833737999943,-0.3572423787790393,0.4590425594031866,0.05651064846555637,1.996828930930667,1.7895617279930889,-0.12492159532356542,high,0
-1.7257131011667197,-0.9946582776005046,0.9817780183233518,-0.9885290078659005,1.7754469372623154,1.2649574523312301,2.2409265562057925,very_high,1
0.16216483642144208,3.6955833298155953,-2.6283822957298977,0.037563351381111706,-2.943561748781651,1.3533423865904732,-0.15201890563269788,low,1
2.007231759737104,-1.096724341328157,1.7183097388407873,0.11447605881877927,1.5267933286448723,-1.9840149545255936,-0.10852784256484785,low,0
2.124250943804456,2.476362343663106,0.37080017497601525,-0.944908722685067,0.2864999860172528,2.2641454627908755,0.6457976416037114,low,1
1.6691219330518736,0.1196096225141958,-1.8028207303010433,-0.31815850161792886,0.6085780532951849,1.2738671062556375,0.6007330151455916,medium,0
-4.227778517908062,2.4867443236140576,-0.41879782183902936,-0.578212098219754,2.8939124418703477,0.6386594066387147,0.2951409793374166,high,1
2.090607969133884,-0.9219496682265403,-1.3743949607404289,-2.3851136986930364,1.8887529650595005,1.73088842383005,-0.5652587392104036,high,0
-2.7221092537630103,-0.22844676794232935,0.9890626229384386,0.6937061125361853,2.1167655168375337,0.6082573318626384,1.5844943751570586,very_high,1
0.8099836941965586,-1.1306853006787818,-0.811525480427989,-0.9250846204786352,3.99963295837656,1.0565210456336374,-0.4502018916658434,high,0
-1.0604816326084623,-3.7712788302617586,2.2593105971978904,1.6010743061643926,-0.9707685441592573,1.079985523360913,0.8918405795948128,very_high,1
1.2204351242222897,-1.2733277901036282,0.5857462817688583,0.8687983383055493,1.8716604537978718,-0.7798524949784632,0.02310434600073103,medium,0
-1.5509356883291987,-0.8502978351256805,2.7706503720765747,-0.8644267053357196,3.5186495538075944,1.4718291111762953,1.5895230361038624,very_high,1
3.3392955310934234,-0.13148205108273506,-0.014361092222828331,1.3160074197184983,-0.4180051072399682,1.732577002491414,-0.5387848378473886,medium,1
1.2093460161477017,-0.21676679477206182,-2.5459312071041786,-2.1268334877992654,1.2759296570403404,-2.169775352582423,0.03162197391024777,medium,0
2.6085848334590533,-1.785546980302164,-1.4409045046471025,0.006381540963314977,1.4658568220885033,1.9733354222338453,-1.8482585300784151,high,0
0.1449747255170093,1.6795039455557408,-3.9845333025328697,0.1487806348073052,2.05987965397704,2.964642602145742,-0.17125630482493448,high,0
0.0674240953264893,-0.2905379902157575,-0.5573914822413434,1.745858970273136,2.038777448798998,0.19393241834590702,0.7226748248882985,high,0
0.44856059356524103,-0.9431314664825117,1.6911365703287895,0.48459137883927483,2.152392512963319,2.3404221723059826,0.2674753888980612,high,1
2.1988508381881466,1.60418022645382,-1.0072114885037067,1.0864801228903818,-2.0795771813104205,2.63800345729868,0.4457598512171287,medium,1
-2.0628065895170886,1.907958128587798,1.0623525146919928,-1.6872790796411685,2.8410610024723613,1.652798586483663,0.8312111031997558,medium,1
-2.4481177380293455,0.5747382597585797,1.5439533120184041,-2.1146935990737354,2.6710853874428055,1.1024328729048505,-0.42390107233259605,high,1
-1.7573589728521106,0.6040999435355229,-0.6081957194820395,-0.07022362057462567,0.853523776556381,1.298745100882668,-0.2871095048623429,high,1
1.0237762949801867,-1.1322017627046024,-1.4268527185493896,-1.5669593711673528,0.36695770590601007,-3.6014326122227787,0.4070903833988318,medium,0
1.6523027933725305,-0.4872819761971716,-1.1756509528396386,-0.38749131490543404,-1.2725212936197965,-0.8635209545662188,0.7125044420921607,medium,1
-0.3313470994375176,-0.7884739540425889,0.42204310807401435,0.4781405755558084,0.5103916838641204,1.5990978986827158,-0.5772287257105709,very_high,1
-3.0561364362367036,-0.4274277613017934,0.9288808316846199,-0.5459619271149279,-0.497173443985754,0.4819427887184693,-1.3496496702201406,very_high,0
0.02198067806875037,4.445615391680552,-2.10889464227822,-0.4507402773027516,-2.4767776137829802,1.2974871438723568,-2.0017060017255335,low,1
1.489390915875986,-3.625661575121913,1.7009829843624988,-0.22777097912363464,2.5242229242111573,-0.3319188472217134,-0.9400159321237541,very_high,0
1.157383931364613,1.4759740610594996,-1.9805250389015838,-0.1482228888431208,-1.876980624832552,1.2438252280381663,0.5052613431742017,medium,1
0.20917186101935248,-1.1058296512553745,-0.12554007325457817,-0.9864404990992466,0.38231117784984625,-2.60476065645548,0.5168252658244509,medium,1
-2.953014571485861,1.2927742787239407,-0.03337045165584929,-1.0575146702934315,0.23692587156246203,0.9919597904674888,0.6233423006748285,high,1
2.0418659928247394,-0.6450399542096401,-1.7993385722049946,0.9792597442869628,2.3937677654091236,-1.5910768473011485,-0.24965553821891934,medium,0
1.6700658221301914,-0.8631086389510517,-3.5207242960173315,0.6823387820596591,-0.058944660180864306,4.096852102182627,0.9465770035733866,very_high,0
0.5079989413758403,-0.5004925021151028,0.27936755023639503,0.6603430545626816,1.5693325757066765,-0.1833708377423482,0.7475461257864594,medium,0
-0.7622760309029004,-2.10988454105844,2.2839346806629255,0.7065054635472527,-0.26343318885360456,1.6773934138372237,-0.019122179853707483,very_high,1
-2.1745447002571474,0.3015313811215098,0.47401176418541824,0.9530094982140498,1.2627111329241096,1.3406447013091396,-0.29987747449661223,very_high,1
1.5574934185777016,0.2189189663196304,-0.8889518095365472,-0.7974381170700989,1.6853848507174118,-0.9191527673788692,1.0745297902299311,low,0
-1.4764547454579968,-1.3741135826420523,2.410583846950135,-0.2758957214401739,1.5032489331550742,1.5644155775459894,-1.2244022070472718,very_high,1
-2.660530957331844,0.2830687565205841,0.3436333433131664,0.20713943677856853,-0.5691470192799377,0.7338484742256377,-0.23927314715185138,very_high,1
2.663411694939045,0.07223822741409064,-3.1262286547883607,-0.29505618980564213,2.0301804551754143,-2.0838850049788302,-0.46285628571437976,low,0
0.12929923218162687,3.6070611289612846,-2.6635913357630074,-1.1283415702657829,-2.702885806988135,1.9427563629461493,1.2724833308487593,low,1
-1.9243756632209936,-1.3103717180611454,-0.04536380342848467,-3.1385146662340397,3.432393278575047,-1.61790725019064,-0.13698957769394238,very_high,0
-0.7723609216127613,-1.5150589023504726,3.2942072800415114,-1.1185234842116323,0.5838272322759686,2.309545546020175,0.6428554939629476,very_high,1
0.8850555410052154,-0.5554932066749918,-2.705374348539862,0.9389571782348514,0.6605933172704554,-3.1928704914709156,-1.5297740801093362,medium,0
1.8140916834519576,-2.094997624901366,-1.4263758500491788,1.495458245242957,-0.595730035659805,1.792828493813547,-0.2846255042536789,very_high,0
2.801007517493557,-2.027420569858218,-0.908891555201769,1.2991498205476675,-0.09694605507637721,2.1327899435513915,0.6675480803699957,very_high,0
-2.7681491560424085,0.8559418952763401,-0.6516764659754144,-0.10381248440296688,0.39178794573214937,1.085637482216412,-1.1804604852320821,very_high,1
-2.7789682576676102,0.6343680626771234,2.1180359992607856,0.49663461497989536,2.2824887065569683,1.0782747639089845,0.6351000115979253,high,1
-0.14691149639986234,1.8871186603448689,-3.212141889094937,0.3543093815188606,-1.9276353582368402,0.14094085242459342,0.9035206838035016,medium,1
-2.4371706203666834,-0.15328051990380606,0.3798291870579791,0.6190831693880101,2.3812467847967396,0.9498221874156269,-0.3755089806394995,very_high,1
1.2197042395516153,1.7477034385861347,-1.8355551336534273,-1.1173270089312346,-1.4566181207589521,1.270314971210162,-0.041491104577379236,low,1
5.650174585034868,0.2796020773532549,-1.1816914405871972,0.6069426083866378,3.1831069904234486,-0.957682436069837,-1.841919078931543,low,0
2.2521641556224195,-1.2004102877072196,-0.5275382603926412,0.7597872369530771,1.7565899572360342,2.4003415563484993,-0.8395275580176573,high,0
2.844469952377266,-0.3735115018057192,-1.0716171922103468,0.003582601832783283,-0.5898662912201513,1.9386546125130495,-0.19466369502467995,medium,1
1.2011867728306187,-0.6671984685117839,-0.39660770482920626,-0.4894142344944204,0.963821114619783,-2.210258910140258,-2.7452995536723845,medium,0
0.6422323691080458,-0.2428594690832849,-0.7978687453127694,0.7298193622676307,2.2473270554431424,3.686257790643311,1.391920887679919,very_high,0
1.7980840799826325,-0.09516790367914986,-1.367789153509923,0.03277363755578143,2.528019408262618,-0.3970815020003975,0.021222650834258405,medium,1
2.0720204075370554,-0.049487235271122886,-1.2253243679261834,0.4891305566492876,-2.4287844779573744,-0.6876118661751227,0.05517063787146392,medium,1
3.4635714356943232,-4.145684841210595,0.13821952991195596,1.1037200137225964,1.071650795098272,-0.31573383809681177,-0.38448912104151794,very_high,0
3.6486012164273016,-3.289152697813314,-1.8827368037695058,0.9625025919532985,0.8487996515937448,1.0137973944430745,1.1655948951441282,very_high,0
-1.1737692077271373,-1.3754059834142196,0.5910000266638766,-1.4822314236773086,-0.9495397990917014,1.3719436693958262,1.1516655830474756,very_high,1
2.409237252007128,-0.47616695421601496,-1.5337763781432252,-0.6784947304872218,-2.6220246551076585,0.46979032492304595,-0.3054994630536529,medium,1
2.213242583428289,-1.664943785222398,-2.473445783215205,-0.9085025115121911,1.181948404961377,-0.4542373537792954,0.6041074554390441,high,0
-0.11574452948329128,-1.5284326664654198,-0.14275369462307586,-1.4072934434924025,2.369187713166179,2.715683441166938,-1.2981039036871578,very_high,0
2.931537489479275,-1.5174787647684866,-0.9138233356433004,-0.9218236563202137,0.17408284379796135,0.23860661755210644,0.0999881637655518,high,1
1.297366534969056,2.008613917405742,-1.9111795046543,-2.102600691921022,-2.113120350620045,2.209151005303858,-0.6735396478972429,medium,1
0.26083013537407096,-0.16684036738411612,-1.7440398539095254,-0.470755099124782,1.8195655061163454,-0.11660454259423414,1.1211881425699046,high,0
1.0434968301700858,-3.4554051217220225,0.7099763299304436,-1.4587583925306935,1.2190572862360105,0.3770553556817806,0.23513529936618852,very_high,0
1.6200299924329076,0.3096270543363072,-1.6399690511801188,-0.8193415927345735,-3.5110768916724733,-1.9874280378641211,1.1584719964733277,low,1
-2.714155092118795,3.268547365290771,-0.38140443784606815,-0.26836879913738076,1.9197695452266736,1.5959890461598434,0.0812914250424811,medium,1
0.8113589987094492,0.2866324150028514,2.2605823708885295,0.06832212993981754,2.4655776249413837,2.745502101088278,0.12631251458699935,medium,1
-1.3582168955366416,-2.549511957357575,2.474378422048983,0.625318334021503,-0.8520624460604953,1.287564528449408,-0.1692744383326247,very_high,1
0.30022323316298194,-1.5091941394557944,1.8350299968201893,-1.6191730565158649,3.425053230434492,1.868123927448957,0.6297395144087381,very_high,1
2.473117942257812,0.6787738575517854,-0.44108369190367824,-1.4723540615107777,1.8428025573602937,-0.4783169390468227,0.7339504783642384,low,0
-0.7781552472636054,-0.6206483618447819,1.3070522214482516,-1.1241218588607733,0.7313913911277979,1.847101668394982,0.10254143981752241,very_high,1
1.090174939149299,0.19167800733436977,-0.27631253162787384,-0.7598021319877752,1.288512693540963,-0.22626726194876112,-0.7100154428915523,medium,0
1.2162492618854035,0.6837528650042317,-2.956873636494273,-0.8898447709411417,-1.9722567196108671,1.809508869799601,-0.9607795582448903,high,1
1.923455209177021,0.12205453423204192,-0.7124013756566318,0.28638674395539016,1.1381293270255592,-1.0356122799112835,-0.18859482914748824,low,0
-1.5862279006123159,0.6441294408681327,-0.977456832726243,0.1551553428653563,3.2145569376283563,0.8565894909254534,-0.39828303354254857,high,0
2.925621367670037,-1.6149479977811667,-2.3558744139142798,-1.3404886413664368,0.0487668511206627,0.7748928282184622,-0.3198262778887562,high,0
3.075081077566146,0.12601731159002044,1.491690391417373,0.4050353858557128,2.8385395059621032,1.7325986281215728,-0.8455521763546138,low,0
0.17695662520345734,0.6961218632772266,1.4702209052104676,-0.30226939208252646,3.4105994494118317,2.7886728739832702,0.5308671620671488,medium,1
1.3014612839786772,-0.8258493883522495,-1.1316526420171065,-1.4155240669137066,1.6443331054328696,1.5067325476222704,0.9778722722111376,high,0
2.0231526257803214,2.144399150783393,-1.2749782587727485,1.0974849713531636,-1.2580784260036715,3.9284614766888013,-1.1719339292231947,medium,1
-0.49906671063664065,-3.0668263241865032,1.8740460339973128,1.515413815348209,0.7177625893846373,1.5041506822547983,1.1464871587330383,very_high,1
0.9499047631695872,-0.33316655104625464,-1.6630563240016958,-0.3171028325739657,1.2935008048369718,-1.729291064543108,-0.8034342741712571,medium,0
1.7782580233873961,-1.7736351136594217,-0.2292836078268663,2.1209935658451093,1.1259513295923276,2.250216215046085,0.9778475646543314,very_high,0
-0.9511579925290898,0.2921171128509305,-2.49074622415516,0.19286184315019064,1.3231418202965757,-1.0354197688191031,1.5184220306521798,high,0
-1.2302445345565625,-0.27288504480750697,-1.3656388028962074,1.734041954422619,0.013686795541786978,-1.8609916735946974,0.38420922164946225,high,0
1.6004707496103476,3.6989272410830587,0.05959070513233189,-1.2629629368673227,-0.7333794092097533,2.69909882299363,-1.9111593252604877,low,1
0.8685383230423952,-1.3955556060341547,-0.5214026271491554,-1.4089607467920393,1.9161351249180991,-1.333334529781542,0.2750022982918108,high,0
0.10659349003025964,1.0905438346634155,-3.028708275101918,1.6158724901223136,1.7874934747885853,4.256891239776877,-0.9648933001863843,very_high,0
2.605949775921631,-1.7938879704423312,-0.44859331876573494,-0.4588768450249969,0.025420412371488288,0.6842836805076572,-1.0175847772133757,high,0
0.3878099614088921,1.0504794669831476,-3.7277286101680414,1.029604361419693,0.7100451691656992,-2.0602860665837506,1.9824704501689276,low,0
3.1827271070826617,-1.1276669076497514,0.07725098505579542,-0.6292337633874194,-1.0970746433399494,-1.4702320402279079,2.9141092157683617,low,1
-2.022355749742169,-3.642740638519549,2.1717134969607956,-2.2557913310947475,-0.3816290337388679,0.7895723403910679,0.43100969213007667,very_high,1
-0.9134157468485706,2.5913486063814757,-4.641072272269664,-0.07792273567851586,-4.1202120469318295,-0.33004433260145283,0.549574316064444,medium,1
-2.9202650267230226,2.78079813229797,1.148026888113762,0.7964303666421104,2.8515676048954943,1.1897447939667405,1.6639862798080995,medium,1
2.227742553087113,-1.1581305170690752,-0.15792210078300206,0.3149718715553322,2.004070064648725,-1.5159421329795715,0.21498281745454795,medium,0
0.27285236990839645,-0.44811220431553744,-0.8263442485954369,1.7379849851235203,-0.2241140956410883,2.2944546026336736,0.42896794854851705,very_high,1
1.1834540683347212,0.4760550940925756,-2.9156243101089787,-1.8582914882251074,1.578464045540447,-0.8417559344830222,-0.5076941283897106,medium,0
2.3012418522624207,0.789858164938713,-0.6885206334440319,-0.8361948507041709,-1.5420680600342629,1.443849327796819,-0.2658283656469923,medium,1
1.5936840927225382,-0.012383975728081566,-2.363546482422824,1.8955073459913552,-1.5906069641832614,1.331076495500519,-0.15032837376370992,high,1
2.7375689960848053,-0.03680868013365583,-2.3031590975693956,0.8766058798421794,1.5041592351118829,-2.2822521283295982,-0.31178557325602474,low,0
2.3730323737829186,2.572739381886037,-0.3027903997318633,-0.4434294182350357,-1.9746183826075412,3.344460371493157,-0.27027036767460905,low,1
0.6243747976463214,-0.8496068137702424,-0.8727778521614853,-0.4149162781203273,0.4637746903898161,3.756176786342825,1.5019529651885957,very_high,0
0.08800205569133945,-2.011451434299774,4.174754350371389,-0.2230256812664022,1.9895794441079722,1.8614695767133114,0.28203621046222055,very_high,1
1.9572921113548565,0.9455628379451062,-4.016431768445616,0.5095135639296859,1.4096338210503243,-2.048071724237744,-0.18733030982130086,low,0
0.5005824848499291,1.741324449045612,-3.79291081535854,0.014694095544366792,-3.2432684063455737,1.7378166602319693,0.3861664979983887,high,1
2.247402072438721,-0.3636782524727373,-1.899979521449856,1.4336250198209464,-0.4410225100390224,2.385137664463331,0.19145071595735258,high,1
0.0793529371903825,-1.699690470338153,-1.2997913498662867,-0.5044226832971694,0.676959791992746,3.772901799169393,-1.5198927996189848,very_high,0
-0.4463201076682968,0.6360085586983313,-0.7041353326846476,0.1929896417729295,1.7932430631710887,1.6380343787364477,1.6764549619146627,high,0
-1.4568154343803883,-0.30125026267959276,2.137160954179012,0.5163966677865788,1.8148714822169498,1.32029586868507,-1.245051223503995,high,1
-2.1929690240322035,0.36221191966724886,1.9789732150057688,0.410383276786892,0.24543439467457184,1.508639211946549,1.2146667801329025,high,1
1.5129706616543437,3.143817827075224,-0.6388062330173194,1.6857017540349715,-0.9173033749201914,3.4944642022520296,-0.6462423241465945,low,1
-2.2739646136981886,-0.23150795915560793,2.5912279464800108,-0.4238335382064832,-0.7590457538981163,1.38141297859129,-0.7656111570301878,very_high,1
0.33509902785498036,-0.16442328555312904,2.504115297741455,1.2304600477599754,2.94485751272817,2.22467478546259,0.5274808330277304,high,1
-0.3903770022088826,3.760815234834654,-3.3199296057201026,0.6858904564379201,-2.5447859443729226,2.0805313431467183,-0.2622335693828559,low,1
3.5206334108647392,-3.172051741086861,-2.499698924252683,1.1067745186243287,-0.0715300699900463,3.6352838268575924,0.41478446207924113,very_high,0
-0.20764846225131106,3.040889324089755,-3.3706690893445828,-0.6713075913710861,-2.396023968480784,2.100318688956298,0.08919819661257138,medium,1
-0.45846033209172754,5.37419462996208,-2.8079456722784144,-0.4357108323847371,-2.9647249361926287,3.5537278061370254,-0.03287448515243416,low,1
-1.7202597165830729,0.5862722398311354,2.535300659064565,1.2663302679562887,5.085157796855848,1.3722309365706429,0.7099327481472374,high,1
-1.8689992015748453,-0.6289490513634084,0.36329897549071877,1.6301299648744103,0.6751947764935424,1.1089321606953297,0.37034026732884573,very_high,1
-0.24670606342223556,-0.10758264219755032,-0.5970341186518041,0.3350543519121714,3.5731260524029502,-1.8232912097005274,0.5647891059076481,medium,0
-2.031186219157482,0.9365102002772812,1.8665919806015712,-0.024129110454973405,2.8382876657689415,1.1067395999129244,0.5106006904103135,high,1
-1.757311632912819,1.654434552376843,1.225268636365445,-0.3751089949435645,1.7409973390005697,1.7588241665317583,1.568518985472554,medium,1
0.9607246019103796,0.1882936145512058,-2.125615844078832,-0.11798109460737784,1.6862643271171969,-0.7045542428527651,-1.156996455664364,medium,0
0.9036801844430921,2.7705551473096652,-1.6173987965855643,0.10311758244563701,-2.649676872404313,2.785909182891075,-0.2712965631476405,low,1
1.864769330472743,1.5465095607213943,-2.3973672712826684,0.6185563569779244,-1.502373751164844,4.8582859367661495,1.9856764110148397,high,1
-0.20903972991486008,5.032147671653731,-2.782341644642975,0.11835006565517724,-2.79874468828038,4.061452138604178,0.3915511752600938,low,1
1.1371267149465054,2.141237256294545,-1.0706101812263809,-1.0736928461974642,-1.2357964744164849,-0.052650318848072475,0.4583179391254417,low,1
-2.097488434270438,-0.7643402595305462,0.6315645697657394,-0.43507724157631605,0.40301124723834625,1.18844286205695,-0.31167588576523414,very_high,1
-2.6352969514201185,-0.47991769703395915,2.0376739313436483,-0.18428900183271194,1.5277963608464562,0.9730768651406092,-0.20583985992134396,very_high,1
0.9788050677271802,2.5423187292928913,-2.4723879764827643,0.4728150699278325,-2.8774441457770594,3.465468610139512,-2.722454140991939,medium,1
-1.92236101464007,0.7257201016367575,1.7289950418938156,-0.06477225979787651,4.412534165194036,1.6621535394891245,0.09293565268297786,high,1
1.1678557562498264,-0.9773701382238166,-2.1781993846957333,-1.1068702915340567,2.1148408939918704,-1.7385694269701695,1.3345061333378379,medium,0
2.567412173690264,-1.0388067107187426,-0.7487670940176313,-0.430996200219813,1.5379802595489744,-2.032868875860655,-0.23860553171462742,low,0
0.7835266546280201,-1.2847392398924573,0.48642099030164787,1.4538402371218848,1.0638135284852575,2.5179010687097594,-0.47996464271220896,very_high,0
2.6091692055038793,-1.4338389266239937,-1.5673609221710056,-1.2243872733579544,2.1499658597455396,-3.134982537749237,-0.8927733072761507,low,0
2.4642112754587155,0.21677776732897258,-0.3311504714318769,0.7032538280959473,2.5401613270044057,0.941058346280744,-1.7737751322025186,low,0
2.089340347973856,-1.3668965820435177,-1.9524009167316678,-0.5434204297765169,0.2673792959630992,3.206891907955221,1.2638559390963884,very_high,0
1.6014567209845187,1.7611657000383751,-0.4161933412251406,-1.1044518278549962,-0.6975245015476971,0.5741948233010512,0.4335416104725293,low,1
-3.2537315162539935,0.4004775022808387,1.040126198512704,1.1572445477310251,1.6013952727286234,0.9062056260029857,-0.17149560038823927,very_high,1
-1.2182400060967042,-1.2296086227517984,3.5068424981920745,-1.323649570842179,2.5221420197708215,1.7293774072310317,-0.435901469090433,very_high,1
2.804564877088894,-2.649451040388499,1.0227250918658242,-2.3960822883304163,-0.04356729359441602,1.6660680999939388,-0.6789803464631321,very_high,0
2.2940645627870286,-0.6088560735178951,1.1261975702876654,1.1770006367903372,2.602656455663441,0.9683846942208789,-1.31246730344855,medium,0
-2.983782445913836,2.1679799624606755,-0.14221305109559368,1.0103793132832635,0.01736805064252911,1.0256769979541505,-0.4457574597968489,high,1
-1.0652340027994858,0.7818271087845197,-2.4803010888580284,0.10769944910661848,1.934220893943792,3.0859982201558473,0.9982176559717297,very_high,0
0.9772878288727362,-0.6487873915567126,0.4441793021121956,-0.16206210203682392,1.6788302792977698,-0.34509828295247846,1.1951774115114164,medium,0
3.502751519450416,0.8588415388299975,0.6058961639159013,-0.8216808263050224,-0.3941330580620903,2.9059857332011405,1.6235292108918062,low,1
1.8649298794810756,-1.4075553713938587,-1.2793764377940882,-1.6171718900455445,0.3426429185264772,3.3255312540617092,0.3463127102248866,very_high,0
-0.11370530398090195,4.8164742414389465,-1.3451645109688237,-0.18705751647366262,-1.4797359943803876,1.8464606556755874,0.09546204135829657,low,1
1.1506467911887615,-0.2996428622934076,-3.2023193179378424,2.1563496317292987,0.9462498539111964,-2.7250071417308686,-0.3806946237950925,medium,0
-1.276545978577471,1.065602414443106,-0.3398434944664823,-0.7532037815909708,1.055746672791906,1.8471303862104804,-0.11359216170196468,high,0
4.055860936692731,0.09343008201943807,-1.4596717316532943,-0.4351387479620344,3.6443155973854866,0.01563367234957136,-1.314878664404412,low,0
0.34315227141236715,-1.7408770265794802,-1.811954395786458,-1.5530352778398206,1.8035996118420967,3.1820834153608955,-1.4035586295636626,very_high,0
0.524894232985054,-2.156392642350623,-0.8199233287960633,0.9943515198154235,-0.7513407457531138,4.289290615492796,0.9022713999434526,very_high,0
2.9445596119567194,-0.8498392024911283,-1.913745003093548,-0.0016217169633801235,1.9571649779774147,-2.8091248768193307,-0.1771681151147619,low,0
0.37829326782694617,0.2614082734571918,-3.2930996083946873,-0.6973642279161708,3.41250491773694,1.4339413504376108,1.1381503309676184,high,0
-0.4836247014204076,4.281696562901141,-3.889705726053263,-1.2084822042690762,-2.953172901363498,3.6617489423196314,0.41208346487146014,medium,1
-0.5775923813457342,-0.06668433449201924,-1.6690982679630926,-1.4766572235180533,1.9812288662749262,0.92521999519794,1.0578010075419184,high,0
-0.38508423682114445,-1.5575845304271807,-0.39072806392136283,1.4336336088178778,0.6964313867978164,-2.7964136088545257,-1.8596630405497985,high,0
-1.3710563185270428,-0.5799188157576959,-3.0343798080951427,-2.4874567587061294,-0.28475764101304324,-3.44293377116983,-0.45822302925650094,high,0
-0.18680675506374866,-1.975897606864017,2.2568421724143586,-0.8819607642671741,0.3480630539363103,2.2579422596531584,-1.4427147860027125,very_high,1
0.05309374693568625,0.17845210357854538,-2.1938232401829403,0.9140771642240336,1.5721966390885067,1.6599721194119046,-0.9870461789363153,high,0
0.295943250139288,-2.3612923200536637,1.1867533128329728,0.8157544866520694,2.2867674177059865,-1.8771666834236473,0.6024734362823633,high,0
-0.5634954500697628,-2.4807447895370505,2.9396157339591156,0.23782954075833587,3.6038666173471814,1.769783197502821,0.47962531955157295,very_high,1
-1.474322430694685,-1.9421711689093144,2.7770353063661837,-0.14648067072816137,0.9980249757384526,1.5482716746705305,1.0064110400265547,very_high,1
-0.353320204149423,2.894282550869833,-4.011493699695535,0.6054045047627467,-4.263668875527051,0.6998961554149676,0.47263976299001165,medium,1
4.7359131778264665,-3.963402127920827,-0.6435961028316176,-0.22072875695836655,-0.8608570745283997,1.9599666896107124,-1.3326784410252037,very_high,0
1.4451831455169353,-0.6346523350022356,-1.6250385592584042,2.45987198502938,1.823789576646427,2.288154270229045,0.781497239460632,high,0
0.588180539681511,1.4956336263978853,-3.141384878943974,-0.40011966130113097,-2.2899014076032618,0.8179500598141456,-0.5831657172559563,medium,1
-2.6982994156380213,1.978106625328885,0.30202366285931026,-0.7513454696033703,0.5249174318540881,1.3378332466173317,1.5200917409911012,high,1
1.4996104553983585,-1.1574603525628107,-0.4343572461442011,0.15734656767307767,1.787539009021394,-1.9902693428276526,0.9765065890631646,medium,0
-2.296276948734053,-0.01535105184032744,-2.996028351933526,-0.24795420732788961,0.37762979566667365,-0.9899564025477098,-0.4799681461487265,very_high,0
3.6692258574315284,-0.1376246397358653,-0.5621624890131687,0.27168358450003066,3.0192873434831666,0.7178791488054386,1.5907957421712526,low,0
0.6301664586378511,4.058666760440576,-1.3564786000357003,0.13982135851821087,-2.320700214391161,1.6059236460490405,0.23849892567305414,low,1
0.7689050705608614,0.7918210140551531,-2.9192817156941273,-0.029172699226560628,0.9220922816554643,-1.1565914300933955,0.13931963072955983,low,0
-0.6420113825384304,-0.633343714931529,-1.0795887652777931,0.3137231828969071,3.0222157090201556,2.1703394316841322,-1.4846047919196528,very_high,0
-1.5114876144073628,-1.2080834338873438,3.5824915672950337,-0.8857137997996899,1.1834730848621087,1.8662543639308529,-0.6248346184344824,very_high,1
3.1630151074742616,-0.5816685716378411,-0.21264495493813595,1.2237936225131651,-0.9893033143536489,1.1950829473030153,0.9492964983753157,medium,1
2.0927126335235067,-1.337588144987539,-1.4520583492338752,0.4853599075531901,1.3873000435357197,1.1087037422515151,-0.8491048509902235,high,0
-1.8297243016767577,-0.7012138602609894,2.7527545820652612,-0.43651486326554356,0.1773710858969717,1.280157981012767,1.0716803738905898,very_high,1
1.975720396056297,-3.021361653783495,-0.7453775092047296,-0.8385006163839522,0.4967074747802547,0.8721866325678809,-0.7424867777695996,very_high,0
-2.5505834239733103,2.2200110187582363,1.8012791645874244,0.9886087934991747,3.080525460974629,1.254413742392067,-0.38113769667341885,medium,1
1.6658495355107978,2.1627156736922672,-1.0242281061381309,-0.6866045318482008,-0.885853279870595,2.972411005839164,-0.8456893114465224,low,1
-0.9431432566773115,-2.4719842401138505,3.160737975728297,-0.34375651951011005,1.375560933919156,1.557359239685347,0.12146106419954589,very_high,1
-0.28566790145821463,-0.5292829418875384,-2.536890744301881,-0.8252919608308644,1.9483914612092026,2.076763430164328,-0.4929182749492523,very_high,0
1.5298951858041865,2.5809749858206334,-0.5520261017958099,0.9346547073366236,0.5726146697475993,4.588459963530944,0.3699256130043903,medium,1
-1.79210207523664,-0.8001035775372907,1.7901610998345339,0.7740227740710525,-0.14235578220602974,1.535249968427051,-0.007480796740746615,very_high,1
1.969364932532401,1.193084725521994,-1.2389882230906044,0.5259372802546505,-0.14167281465324155,3.469195401649367,0.24389094162045094,medium,1
-1.744663947146842,-0.6685497278096257,2.060294086884048,0.5628544804571306,0.1808903979292178,1.48294624040731,-0.13774106038792705,very_high,1
0.20821640429163146,-1.5029588771415556,-2.0005018433692268,-1.0820177850419361,-0.10262611451550585,-4.105936149967995,-0.3386690538837576,medium,0
2.168984292064053,0.12640081140659656,-3.2327487491693714,-0.6172857068788872,1.2619678502376468,-2.4088655728733266,1.202249003361171,low,0
1.949043038758552,-1.5630453987841748,-2.6738328260707545,0.021888821164834777,0.2145861308171717,4.57418711382496,0.31695200698411535,very_high,0
1.4726334888205637,2.2880067057347118,-1.1804379285983393,0.6621687539474996,-1.464998307708487,2.00793487582074,-1.498635497149212,low,1
1.6548522667777736,-3.2132803029262162,-1.8099004497785462,-0.7507203344928128,1.5525840043233288,2.2095619690443717,0.7927110177336647,very_high,0
-0.28236917721799526,1.091832050496099,-4.591045535094182,1.4930031044432035,2.742962633948621,3.551270790422454,-0.16013013959793715,very_high,0
-0.013185103771052642,2.2237155682288905,-3.5408844718960735,-0.47952499463178405,-2.770201583416835,0.8437925960005838,1.629318517441612,medium,1
0.6938979276570542,-1.1065323321698612,-0.6061247100496566,-0.8814337052269955,0.9202285933476555,1.688977755733912,0.09030979920643496,very_high,0
0.7418044617487816,-0.7348568021818727,2.211999478604493,-0.386022797870698,0.42378184331616375,2.292752242120105,-0.9157550411335605,high,1
1.2307727442592395,0.8925039889127987,-2.952562543038119,-0.3109714664860723,-2.5142385640951312,1.731044878228096,0.40251620973532143,high,1
-2.264115358145024,-0.3419182338351952,2.093604894602793,-0.09600066173385824,2.008407238326075,1.0615348652920156,-0.19805976321890642,very_high,1
-0.6794584566748219,2.1592128333789598,-5.171856631934358,2.0221741000873785,-4.889730702598342,0.725761912898658,1.8311771355658875,high,1
-2.075806668325757,-0.48336441053252865,1.893622585352693,0.46041564984282407,1.7939227742507948,1.1564312238444434,-0.13954204292790354,very_high,1
-3.0310258264395538,1.6283690613044084,-0.6555446721096976,0.8810621873806654,0.8681869338495619,0.6333473925257171,0.5405895418122408,high,1
-0.160218239575596,-3.28238528196741,2.6540084981723178,0.06078537250130285,1.499392465834905,2.003880403154714,1.9262858548553932,very_high,1
0.5373988757445916,-1.8985439595415103,-0.42641313850218276,1.9126881343567956,1.2474153859166546,1.7475093070659649,-1.32484578093274,very_high,1
0.688407887431195,0.45803835794512676,-2.430054013432986,0.12390681652107108,0.36678489676143666,-2.248418003893817,0.6149612320467747,low,0
3.1971058347666386,-2.693466702963864,-3.6576534532615277,0.5446245744993387,-0.7269966934163961,4.442629170024453,0.4494335159472622,very_high,0
-0.3032959653121108,5.682393695682319,-1.8561182106741527,-0.36123019291437297,-3.3292400682127368,3.3677364353490926,0.12249092537445466,low,1
-3.853060295315883,2.233855460495649,-1.0263274507765994,-0.9358312297905655,0.39423482991424197,0.39287136356247965,-1.0758938287242596,high,1
-2.2202915887603942,1.2706352470258646,-0.21773159705194667,-0.2822405919232288,-0.5905363143901114,1.5423337872866842,1.0507742904721133,high,1
-2.1352029724095463,1.5332735649379392,0.8235653092166567,-2.1564453770050327,-0.38492860932543227,1.499373934876001,-0.3712573706703938,high,1
3.091498406789738,-1.5224293958351374,-1.3561064326242636,0.03433338856883548,-0.4613159384217347,2.034919543478478,-0.36249900288206854,high,0
-1.0613435391663357,-0.3052772132781363,0.44223971745807944,-0.3095098859272293,0.7316712862845519,1.7485383592966033,0.19200423696867674,very_high,1
3.7798285617766925,0.6955397057455505,0.667302452519579,0.2725179902295931,-1.532126722803843,2.0943426876012436,1.0304387856367914,low,1
-2.0091721452424816,0.7197966758302968,0.42003033571372383,-1.3290076372234483,1.150024422661292,1.4724054442601202,-0.7423280128765718,high,1
-0.13738896923661703,-1.5334389566726665,3.3028934913656,0.9252818927168314,2.6146612148873754,2.1495755816085724,0.1686513676101955,very_high,1
0.6899428885924666,2.7434815264154118,-2.5910661536827018,1.5407523765167723,-1.4600536879975634,2.8462537848643454,-0.526482354794923,medium,1
-2.0402760757652136,-1.1203550688182733,-1.8142444325936882,-0.9395651672539582,-0.547290580778852,-3.2797066922552593,-1.8082953284995145,high,0
0.7080587043479262,-0.05062365188001241,-3.8680031568864686,1.1644117405352703,1.6858564733762662,2.181328990502439,0.9256767577138694,very_high,0
3.4224739369370556,-0.5354965255553568,0.33532377700451055,-0.8797173613845565,0.038911871187712554,1.809282060623318,-0.17426703446692562,medium,1
-0.1831038429491023,0.93170985834544,0.8273367368611049,-0.12666402734766338,1.852051005973177,2.492241486709327,-0.5511162400406288,high,0
2.335693523139051,-0.687147544178462,-1.229588987346954,-1.7011404742672418,1.4144689863413364,-2.527524806114852,0.3740620881310435,low,0
1.2889426576588099,1.1299947953516825,-2.9339036992673835,0.686774070503355,-2.3402892226355085,3.127331699834973,-0.6418214039443414,high,1
1.82881238367501,2.6679143557564533,-0.6738082752761028,1.2519474545131573,0.27318887583078033,3.8164716861111443,0.9158237815976042,low,1
-1.211716848175198,0.2580394795229203,-2.5620662661157168,0.8823970897899802,0.9508483365759084,1.6225141685713862,1.0274793433526916,very_high,0
-1.7739132110417575,1.0664761234296796,1.801355595704853,0.5354587474096335,4.3523975642467905,1.6170661085183105,1.2090101989009971,medium,1
0.3921468838172719,0.0006838168256516395,-0.05923331595539305,1.031380525277331,2.4012405103719563,1.8500178429436882,0.38818579565473343,high,0
-1.8038558898344457,4.186738146042359,-4.402369709992865,-0.0006084823222894505,-3.3238520042740234,-0.6159074553225863,1.1966271208272423,low,1
-0.17842162720756827,0.8194385799443069,-1.6157757553587284,1.4086194934459193,1.780461644103179,1.073785390357806,-0.12574629749577262,high,0
-1.0665610612992147,5.260629792070798,-2.9942347596893377,-0.5693514235811376,-5.345199528170509,0.7810537167698532,0.591668049693131,low,1
0.6421176843790781,0.38243312197191137,-3.765131725870899,0.6568987063196474,-3.3288451588639845,0.2200633629967128,-0.7223474046150294,high,1
1.1385726912940526,1.4566634793385798,-2.800557498690205,-0.37146202108768545,-2.83147324869038,1.9236579380803978,-1.7759822469618927,medium,1
1.5380229168770523,-0.9237996059115767,-1.0942214383796838,-0.4290372480926655,2.4022421836192525,-1.4700774289849081,-1.7047859057901145,medium,0
1.629970007627003,0.5687290951376552,-0.6250474318068412,0.7813581198065147,2.4612342983822675,0.8090265450652838,0.05237276872756848,low,0
-0.5346293832127524,0.6317425878773024,-1.1587177454531146,0.8913439016052467,3.4746301303341003,0.009052559094992363,-0.20435572664564833,medium,0
4.426655463368773,-2.4380425100552103,-1.0563352304517408,1.0400578907933893,1.2758007827507336,0.6478111341155389,-1.0188699570667352,high,0
3.1510184625157143,-1.6389715899932258,-0.7757418097349833,0.9453117712358652,0.6325499488272419,1.7115267165107313,-0.5525693461188524,high,0
-1.0162987068365674,-0.1958846818836135,-1.9831018737071546,1.8481091041055524,0.30208889592533095,-1.4953071639422812,0.5400178017231407,high,0
1.2787116349846217,0.25111100895833804,-2.3890657033834426,-2.0591604836923203,2.1358117522472604,-1.1672005189029826,0.7985013379072202,low,0
-3.6556808391753557,0.09751154422595827,1.1211932432315024,0.29522475834524275,0.5599435064566853,0.6950674474909444,-0.6794449849177494,very_high,1
1.4046005286685916,-1.5597867087316262,-0.279722092145402,0.07991526374003749,1.6409969407222595,1.757713037828903,0.32093006192565754,very_high,0
1.089943689674353,2.35345034381526,-2.585376408133886,-1.0296109710894006,-4.002205371030391,1.7559910859898404,0.22693194380024787,medium,1
1.8556234042538535,-1.1472227642693547,-0.090127558194669,-0.6110011240896291,1.51381163386889,-2.1330842351653616,0.7963400197488324,medium,0
-2.054113385494647,0.24485533113639613,1.7284249021076232,0.9714123576723597,4.606491880648429,1.1167351225787643,-1.2952586206671208,high,1
4.054048667112421,-1.2334458841518652,-0.7497798989333493,-0.684812109738896,3.479539650013048,-1.1018272333727825,-0.09426907076490067,low,0
-0.2578370301883677,-2.9734149125759495,2.0132898524311367,0.2651639227465874,-0.18279108080219775,1.6884595224672903,-0.6489985204731576,very_high,1
1.486696649008783,-0.9860935735819129,-1.5064721359221283,-1.7681310327067183,0.9622643480642159,1.6064476952665798,2.9928105700606413,high,0
-1.7969974947327851,-0.27532780880206653,0.5791934160083753,-0.6560972360056414,0.5242701684805448,1.5458950408831085,1.2692556718986205,very_high,1
1.2037085267823544,0.4001978139277485,-2.838339451133286,-1.0010095444828142,0.9202841058400991,-1.314350489469976,1.0331898643631479,medium,0
-0.5637082928970956,-0.5714286393097835,-2.9351063827644186,0.9942988266876233,1.0623278847603297,4.3975803599224665,0.25473113738020947,very_high,0
3.1866330330693424,0.5791904535103175,0.8838214597499534,0.06338339263771817,0.035341136150762065,3.3041205637432345,-0.72839031324171,medium,1
2.080942081986122,-1.8523361931481064,-1.130531138350811,-0.38611277608614164,2.6873312401560154,0.3185581324129043,1.0152208918143053,high,0
0.8091022283874678,2.2738198422866014,-1.847117831260717,-1.9768215689475905,-0.4883927232631651,2.210549719472334,-0.4952150980047351,medium,1
2.952201205779227,-1.6179480922653355,-2.7805065366375583,-0.0628938668998582,0.3510949986403462,2.3966094587440736,-0.44787764493195836,very_high,0
2.2406604752921293,-0.24586607575172933,-0.7661458005230085,1.1064571522946443,-0.2739129100766067,0.1839839196437989,-0.24584831744398336,medium,1
0.5235715801953073,-1.5692808786334265,-0.21793121875608001,-0.5632097340426203,0.5232928632064536,-3.195851524305688,-0.7019572982951219,medium,0
-1.1450983940262625,-1.4104589477037281,1.9638068998872418,-1.101286489839828,3.626714383878221,1.4207395696364804,0.7321512260547355,very_high,1
1.1607094820017694,1.2741117733752478,-2.6859718226445586,1.2914688890653634,-2.2097175735365715,1.761728858083384,0.3070030600053617,medium,1
-0.5265369033488071,-2.6116217402073802,1.4310421194615488,1.1835491025816047,0.01833993032005332,1.5638547056208518,-1.1646633485123947,very_high,1
1.3853037575507579,-0.5788571024099669,-1.3860475771581315,0.10311792571720485,0.9299057644968934,-2.3985936192759727,-0.45144539032493364,medium,0
-0.21392488673586008,-0.8088400755564622,-0.44718969890435667,-0.9560585516833945,2.392589737099299,2.9970812265670492,2.3176367886738785,very_high,0
3.0316109663777864,-1.190043365406879,-2.359493012917774,0.3888189102637133,0.6697395406402976,2.907662789085631,-1.1738733263060288,high,0
0.817672967480116,1.675760538128279,-2.5212837671287662,-0.5277014119206057,-1.032248147352792,1.2934292765083777,-1.12728552370693,medium,1
1.939935636841983,1.7003402834269385,-1.2393749513921701,-0.09512487755346981,-0.5382753084032549,2.9141447809687566,-1.4120756063156303,medium,1
0.2901724306742939,0.6511893535450404,-3.684850824330472,1.5323803825876219,-0.01951711260295852,-2.543607627939931,0.4205367059040693,medium,0
1.298490631240241,0.0491341755723656,-2.7907052258860197,0.9230448272267618,1.8031395185172787,-1.4097485465179327,0.4060940188486671,medium,0
1.940638793974254,2.462431656218655,-0.5127077988152197,0.8234231845623113,-0.06996928276336534,4.030365225574192,0.9456334275676297,low,1
-1.4859346334974484,-0.03178526548629914,2.374749001296707,0.27751585888189023,2.73813552345591,1.670814934023244,0.320187854921873,high,1
0.6302642963768276,-1.9643704050772894,-0.1966855077547931,0.2839110587363809,1.179205067336579,-3.133720860151782,-0.007062904550829715,high,0
-1.7607722041120897,-0.03726059236561051,1.1436150673692813,-0.2365373833685352,2.6718408391912893,1.1516091329632656,-1.3115491378986817,high,1
0.43325849076114054,-1.4508945310765768,-1.5946309958995073,-0.06338985203481078,0.7841987799855547,2.2571992133995833,0.48279012406031796,very_high,0
0.8690644389928361,0.18233060190960576,-1.5554937813642329,-1.9790186934897123,0.47407260207417146,-2.6788022569806054,2.0268171160423925,low,0
1.275536682759654,-1.1766108415027043,-0.6348209391501485,-0.8031108339533145,0.8275078644718556,0.7144957396464332,-0.7318573084158859,high,0
4.005852163032857,-2.3630532594879354,-0.22255406203736294,-1.9354299597138063,0.6411413934871446,2.128598284206337,-0.5491589417637764,high,0
1.7103321835083678,-1.377984662238107,-2.3898927154453125,3.377382919082646,1.228749578802047,1.321244611098811,0.676507476439975,very_high,0
2.4727006092646575,1.6301878283107742,0.3739472914082278,-0.4409021886108555,0.6735066635229408,2.9585742776978226,-1.1164508551840475,low,1
1.7864183957901556,1.7694775337783606,-0.43910285298207197,-0.9621412281903847,0.051521459374092915,1.183508712834769,0.00022394799578804667,low,1
1.4696465213885606,-0.1345974215501309,-1.3343518699127743,0.10722928841915275,3.1340226089003433,1.3270864316831434,-0.49987103450503223,medium,0
0.6486347322893117,0.20884742728467517,-1.5368481916759078,-0.8065198324565613,0.5322712530496454,-1.9924346206682912,1.6772005099660963,low,0
1.5089729193876609,1.7066361178138736,-1.2457484685757119,-0.22257492722485295,-2.021079140726321,1.6289032061504904,-1.6819687839854107,low,1
1.7542701595256158,-2.554094765995676,-3.089055389366236,1.0835831031099956,1.2433456788351651,2.3957748573078197,-0.33346069318177196,very_high,0
0.5824596644151571,-0.25852332559214963,-2.6841643293633903,-0.650656621336195,2.5138416296000083,1.258231016496558,-0.3266475631886115,high,0
-0.4398864962961835,-1.0418025288122905,-0.25187642485084183,-2.191978656279881,0.91548457239378,-1.3475312072456505,-1.4222345015068736,high,0
0.6754759561261295,-0.667368601257315,-0.39045824005047747,-1.28950006972398,1.0006261387641457,-1.5189328977725969,-0.301579807791105,medium,0
0.49626893336757893,-1.7523949172876114,-0.9004988776690735,0.15165727214501756,1.2486437612579986,2.194579311046204,-1.0237559477078506,very_high,0
1.5042705421262867,1.3567069649842873,-2.091961514865102,-0.5866945887618727,-1.8176553707668412,2.808430770321797,-0.7511672196238788,medium,1
-2.082615353666017,1.4763089527067963,0.8688209104487763,-0.7504101277546562,1.9411231869169219,1.3576375704684176,-2.162032299927439,high,1
0.4699458109499921,0.30436248998614307,-2.8804226066419405,0.4076897368371771,1.351227689852574,-0.9661457226260414,0.5809995399616921,medium,0
-1.9576654909188025,-0.24101498276646605,2.0155202492515203,1.2782809474594865,-0.7821401545186029,1.4111659939162733,-0.06084952000292773,very_high,1
2.430640457874111,-1.0983487374498702,-1.4869293298332256,2.002427467644797,1.0412364283903806,1.6827255746441085,-0.3075714171157992,high,0
0.6894638157744044,-4.172753342184294,4.245038161344733,0.47139126276499077,1.3034578727218449,2.4091283756233635,1.2718995454239435,very_high,1
-1.7470870186730263,0.21114842489189367,1.2584912390614582,-2.2029133532057186,1.749543749905792,1.5691047568951553,-0.22056594026731396,high,1
0.8823520737709062,2.4612259153331233,-2.2179334784112985,-1.7046219581771158,-3.197133349672939,0.8428278924887829,-0.08313352572149399,low,1
0.16630586259690738,3.0084412186473264,-2.2631610655562504,0.736763345167897,-3.096299307587958,-0.4510548249799864,0.6188603301446354,low,1
1.6015555378898276,-0.753316956403161,-1.7621853342511606,-0.3754074464839619,2.62069097579153,-0.7643586506084521,-0.048829835933703165,medium,0
-0.19249018862136769,0.5259022079864025,-1.9431533653297481,-1.4603024352092226,1.6397236592176168,0.4874178801789768,0.18794177643275645,high,0
2.31104727556088,-0.04111072211231775,-0.5419138141953828,-0.45768456167907784,2.7443601276283753,0.34035381833467926,1.0467127137757637,low,0
1.0556439668574071,-0.19367866181728993,0.38058635448906064,-1.1238784051255941,2.7950180652291543,-1.8845924245997305,0.3780462604278832,low,0
-1.1249744600766844,1.8468526432858123,-1.0982596130943199,-2.5089571784950757,1.5489350543409068,1.6437085367474913,-0.7687664100385205,medium,1
0.6207612861063272,-0.8130279075718694,-1.5154844782653207,0.9262574910843923,2.379151205326358,2.6566521616727385,-0.3860025756494393,very_high,0
2.619310356384317,1.2989271941114877,-0.22025566380309525,-0.7148072589914705,-0.14938289401054372,3.0440125936197013,1.794524848392212,low,1
3.4816186487747833,0.12652473501678718,0.4700117988334729,-1.622974962003564,0.7846623687745686,2.738185212148349,-1.213463360152923,medium,1
-0.09498444014072094,-2.0026473288707334,2.689841343388828,-0.48667632288159673,2.1448809474353285,1.7802425124673098,0.9435977762729458,very_high,1
-2.383408987151329,0.39122179984379485,3.9337328464888177,0.7341063358072487,2.7737715393316975,1.4000862189716474,-1.5377078085300024,high,1
0.3652162773944403,-1.120328840066455,-0.727872799061836,-0.0762390173205976,0.16624247841672624,-2.480475311233408,1.4968802738508562,medium,0
0.43025316030065364,-1.9463820605002704,-2.113831299301606,-0.8915434898545047,3.0661603444697922,0.8317598896022013,0.06970426942928022,very_high,0
4.168778653866285,-4.100226010761358,-1.8543897914618301,1.031653774575175,0.9335141161956059,-0.6185888162559525,-1.4089191026905246,very_high,0
-2.3713387051412598,0.9798582207839773,0.9284684970576862,-0.30152629576934714,0.6982070404208179,1.4370011022012574,-1.4844390681934263,high,1
4.354513081836103,-1.2941989358390213,1.0179371636114305,0.9704884596133799,0.5142726257727084,2.071936467372174,-1.258264629367288,medium,1
0.6740528954225335,0.32777698166958263,-2.290030465873744,1.5973972932216232,2.4857437229531234,2.613417274280781,0.6446898032842333,high,0
0.578368547690761,1.0532828800653133,-2.7052499413247144,1.3967601773984912,1.0397725005629606,-0.7567108458220294,0.4449683153761758,low,0
2.467565182840364,0.7761248318287178,-0.5478209826515198,-2.061405424022905,-0.29174447607643694,1.680373839152193,0.430362641506498,low,1
0.6923211254951926,-1.1879443167128476,1.1039793653995242,-1.327798673479431,0.8754583712554181,2.4348217516817923,-0.2885329006817962,very_high,1
-0.6860312570568579,0.3192993902350399,-1.0735412253656311,0.5363892188475762,-0.19193730548891041,-0.9183005485818986,-1.6711471647953489,high,0
0.8393889774685078,0.3114054101090997,-1.136748900706809,1.121689142387919,1.4210785568857391,4.087994632645735,0.2290948316463794,high,0
2.4733241478882033,1.4915785211569024,0.4549926150073491,0.2452917426369353,0.1507666481247083,1.2953455418596949,-1.2425008369193873,low,1
3.8920238040148853,-0.32057270260827286,-1.1336484682409151,0.569758919704179,2.179241958892425,-1.8740955488353541,-0.32417686104064125,low,0
-1.8147286465092218,-1.6902252414178542,1.831618301489617,-1.9545930044832756,-0.7688281238764128,1.1731515285288128,-0.31039680375596906,very_high,1
-2.5086818985269694,1.7632808724193691,-0.7503116464360091,0.4800636179041039,0.30468161826453266,1.1254218496398372,1.3831945153293432,high,1
-0.09113789494029478,0.24113982524844613,-0.18279827593318032,0.681634223668389,1.417844107106827,0.7322008867731995,0.014108356253124855,high,0
-2.9338783968100794,0.9024676235900074,0.7342422235151925,-1.0356040560453943,0.7095367151538129,0.6008206814005908,0.8810588920574334,high,1
-0.40879304246580284,3.8503788649825155,-3.5946575953443554,1.907490672553268,-2.709452455555571,2.3381702529421227,-0.9773641174837107,low,1
-2.27643455453825,1.625244720591792,-0.36450159212963706,0.8174671266983724,1.7999438998520394,1.57452134469263,-0.9134585796322228,high,1
1.4324732160142968,0.9655694359620074,-2.3588635595841687,-0.6391935337501581,-2.847380507979241,1.3934385815557255,-0.15627633670504304,medium,1
0.45583523791938974,-1.6772042257779685,4.2161831955086875,-0.6838489004995763,2.2698221480995864,2.5255362756264956,-0.009159038534655271,very_high,1
-0.8500175137616317,-1.9851969442766866,1.2465462708827255,2.585975175683896,1.3556043079421547,1.326087924144948,0.41905073475346005,very_high,1
0.829497451314136,0.3969110148291057,-1.3870510001790006,-0.3894035615253766,1.6915561986636138,0.16258883874516172,1.3558053394315013,medium,0
2.377984450529773,-2.0811201523895813,-0.7847677566902524,-0.21208966992042563,3.066193968471781,-2.1202059406782205,0.5422030069090485,medium,0
0.9060213458332491,-0.017955038261219042,-1.94933900331004,-1.197957962340662,0.8617013105031007,-2.155772886952718,-0.42657125283057357,medium,0
2.3246034423594066,-2.489791386202286,-1.7144015882593833,2.721912147906493,0.39982536810407354,2.697068194688537,0.8444558720716657,very_high,0
1.4655397516638016,-0.39052876584102186,-2.5415536971374832,-1.026625482884179,1.8687782287024246,-2.0942542956818793,-0.4581369898417196,medium,0
-2.203716420901616,0.7050146654864962,0.09674369545982975,-1.1211340127579221,1.4399715633358507,1.1888776797066714,1.3801389388685148,high,1
1.3753871184566646,1.4248381980823355,-2.6607641911504283,1.1549975605416176,-2.529397560284168,3.036981118162259,0.19366176451679923,high,1
1.3172634099146838,-1.5387776913609403,-3.122305352212995,-0.08378309988906465,0.7852886362408477,1.8838091393338967,2.254038108921119,very_high,0
1.405773096943505,1.610126932695051,-1.2761351246967545,0.48674150215806,-1.6633754249929837,1.3538560461861406,0.19731341229026655,low,1
1.9651970790355273,1.1059271158116173,-3.232977917437289,1.1494873640103684,3.3644419791310547,1.040023783568727,-1.574341717731963,low,0
1.1806209310820646,2.3746307815788943,-2.2499282690609195,0.32158454037275613,-1.3777649661728002,3.938108569344744,0.11650805247587083,medium,1
2.0333916848430524,1.1083238929417523,-1.3527697541050174,0.7636681497189952,-2.4605970747139643,1.9289096317987247,0.40073725369161306,medium,1
3.015701852082593,-0.5962636696974004,-0.9959549648925166,1.4341770365203266,3.4160177326628567,-0.35926114180109603,-1.7394252442322782,low,0
0.3814454577426434,0.278861071896067,-1.5878535611330329,0.19340636718971696,0.32356736509474904,1.7552046554685996,0.05969188057973627,high,0
2.643328762852574,0.04396952540008801,-0.27108365522918865,-1.1933757685433153,-2.1479664565789602,-0.29172537626715966,-1.8331704516987275,low,1
2.442955227901684,-0.21668898114359902,-1.8540425042010678,0.22848217771819174,-1.8673483950121856,2.5416169679320446,-0.08616210409949455,high,1
1.3398204954091,2.244454816186211,-1.172862403415406,0.22623808866742148,-1.0780275783681974,1.424865790991462,1.117933822727152,low,1
-2.1672635436899057,1.7037252265983438,0.043065765341345985,0.29593324034609525,1.7999431486408812,1.4689865277058043,0.135428834719957,high,1
1.0076284414454464,-0.8380302783337685,-1.668058599418448,-0.6411649293968504,2.4429605124710427,0.1744719648381572,-0.2650649968885794,high,0
0.2867694820666842,0.16015497917415325,-0.3391603975498878,-1.0756504835748875,1.196133393378724,-0.4639114966010247,0.33658304545903495,medium,0
-4.225198976924338,3.366598466488062,-0.4740090947054376,-0.15464970656083346,-0.5463458736213282,0.4367709581045329,-1.8132934720171585,medium,1
3.029350417539731,0.9730162836546304,0.40581568186632144,0.49982163597380935,-0.22425152365972245,2.3062503700168437,-1.9911401489546665,low,1
-1.1982227138662411,-1.015869840343289,1.0452763223646433,-1.208858864620722,-0.09283468018495822,1.548544289592893,-0.5659371308924055,very_high,1
-1.8640437926650422,-0.31619586292351953,1.7076744013675853,1.0156278839944708,3.9534753402082847,1.1863227829656768,0.18745938208891083,high,1
3.1518914687171287,-0.5432745697110568,0.4985601182205506,1.8876251206260046,0.4254847817745304,0.7483226412069321,-0.9652140767505479,medium,1
1.4114928940965625,1.7092610316806944,-1.806738664608611,-0.9684836469618956,-1.8334377422056654,1.2803730194266,-1.381769188567704,low,1
3.1429191158079046,-1.7489901008405757,-0.8125912248707189,0.10172320847176979,1.1287894596227026,-0.16825822816403635,1.4980117703044276,medium,0
2.8600750561857327,-0.8195628987562265,-0.4266496723542146,0.49576557301551033,-0.6762722653757037,0.23072177349119438,0.6443884535381822,medium,1
-1.9172693693637177,2.615214513541136,0.5583859459253746,0.3387581622803661,2.9470021607426835,1.471462286934348,-0.12839826591760886,medium,1
-0.6189345388729302,5.620286154955013,-1.5974149354171066,-1.2770845623311189,-1.8078160653419137,1.6671686655951379,-1.08318844666605,low,1
1.3530298490433958,0.3356936897567323,-3.3329570889699225,0.5558260275751273,1.852389199576361,-1.412931140257996,-0.22652747238283805,low,0
-1.0014203483941788,-0.2806517659627946,-1.703499122341259,-0.1135881136210503,-0.9102310864638796,-3.8032507756062173,-0.3825838427224335,medium,0
3.5865402723166495,-0.8478192231053667,-0.17684396955720305,0.13863502853045098,-0.3378885169578396,2.916221849670322,0.4981119956445415,high,1
-0.8334700391120018,0.6560874211792784,0.0024158806281859846,0.4891783506377937,2.253140117386767,2.007481488143604,-1.1797767493745086,high,1
-1.2880044237159354,-3.3456126775208133,2.9910123939390107,0.27798244021892227,0.21420509727327253,1.1525573706237502,-0.8474738905650646,very_high,1
1.372612451804617,3.2838832369294617,-1.3854304297602358,-0.1026485734506316,-0.7165992550485337,4.541076527398086,1.3636072951996998,low,1
-2.657490699043027,-0.11274601103378185,3.165809937060131,1.1209365124062458,2.6275082775637904,1.3354014138202837,1.569628586939493,very_high,1
-2.152284519329106,0.7546754166646814,-0.28170100300584555,-1.6102631187918002,0.6409440649641726,1.6467225938992005,0.7531899497325488,very_high,0
-0.7693940014870222,-0.22752233553213236,-1.513244860708686,2.710331644334893,2.694136306861452,0.6935978721517532,0.5198710181019115,high,0
1.4189713197545097,-1.2858661728475032,-1.0542497109621576,-0.1605596095017974,1.3094707199065752,-0.14176235729435183,-0.5552861026010363,high,0
-2.029989656146655,-3.8314921951337304,3.2887565581989673,0.3417539207135393,-1.142932601403745,0.8448953532782942,-1.2983259396689026,very_high,1
-1.7337028689896807,2.536869905763525,-5.543661451099509,-0.5674472812283516,-4.760854283792785,-1.8395602526136225,1.801528407832186,medium,1
3.125241409579343,0.18788735166845605,0.7541436800396792,-0.9939209291753933,1.6264241355693123,0.5299094095752336,1.1529132562048097,low,1
-1.3965920206941274,0.5510045364337044,0.3683273723326945,-0.10210305889143893,2.2289834058681937,1.4274565625840787,0.03755307666056291,high,1
2.4898035495556283,1.3690277408748097,0.6215040943164958,0.3987128017903442,0.6594504252934485,1.1927309159310067,-0.3700224658372443,low,1
0.42889034203146137,-0.5329631081946673,0.045784665085202736,0.8627545919526867,0.8038656072869284,-1.0088205766525702,-0.8300704951292369,medium,0
0.5225558670118473,-0.6058198419129072,-2.525652024420376,-0.43042769880071585,0.7547716907457556,-2.8607917861314993,2.0084730109816995,medium,0
-0.7363701626369357,-0.4713292204947482,1.2279029097193745,-0.5982793341978477,0.4165708570072877,1.3191247403074917,-0.8687675445729097,high,1
2.262815989056815,-0.6055762727436398,-2.3561064505238263,-0.5744867054162757,1.628893248114601,-2.294338945684206,0.8717025855988134,low,0
-2.552642359890389,-0.3380529908287869,1.8904813181260893,0.38082641834525377,2.3272485515598573,0.46185777351903834,1.3427218613511855,very_high,1
2.480705043198414,-0.7631075150346505,-3.0695856269013557,-0.07083684791609023,1.4479314314361469,2.67051538874283,0.09112486725337687,high,0
1.7646265449651544,-1.1101532507002012,-0.7358130103152443,-0.08317177193461948,0.8188523766841487,-3.2099367282386533,1.3773350295283417,low,0
0.22841435770651253,-1.8701194373053833,3.453731297309227,0.003060116738572855,2.6526426864761214,2.2757457530267784,0.5846229524867408,very_high,1
0.6264901907757554,3.1085593634205932,-2.66167987953889,0.31552294092025324,-3.061312701784548,1.8229195593766052,-0.04785892765275731,low,1
2.0283554531530736,-2.0509693818898316,-1.0053300244152281,1.85204004481367,1.80800351077731,0.2801614186570287,-0.4177830125136188,high,0
1.390964772609474,1.0960470799237725,-2.2452189662859716,-0.26776551872484483,2.5685743710036544,1.151216938604831,1.3227032199889794,medium,0
-2.1010133931855166,3.4602537148183417,-0.35009823647255733,0.5647762643141505,3.5028054783789764,1.8934879582710362,0.6844861335529961,low,1
-0.13844088874337102,1.1549343227623565,-1.8533984478523016,-1.0071949875269783,0.9785934337877994,0.5495962775861023,0.16823054118369438,medium,0
-0.20043440271655943,-0.19473665468817092,-1.760545320945841,-0.05883285413152221,1.8760323489315844,3.1693226853317453,-0.2209317249396126,very_high,0
0.8000531422952315,3.758757755472532,-0.6865239649228471,-0.5973810610451429,-0.10670723013073347,1.9690040590607263,0.11041804694611956,low,1
1.7671716355301397,-0.887908131430631,-1.524045748623617,-1.4266492108103472,1.4126417964652436,-2.485283693198941,0.49911050679894126,medium,0
1.1243773276447149,1.854090320694155,-2.3276946428126766,-0.7057555622271979,-2.5314944331174143,1.0975811293747237,-0.2606083323339582,medium,1
1.340180819420696,-0.254792909556332,-3.9685599152158892,1.143566044928613,0.8547574266781354,-3.8450244981342014,0.10649398029009184,low,0
1.8020850812301883,-0.567098464407074,-0.25232776593737194,2.206468979884672,2.0567580468935738,-0.12500696179938164,0.07964958261392499,medium,0
3.492440136601447,1.3597793540301375,-3.005836081239936,-0.38163109541321133,3.365500483260129,1.1722681261554944,0.7401256641052443,low,0
2.187808856716517,-2.2629899384532415,0.9820295295604411,1.4678504449973098,2.0169570974223756,0.5301191642449617,-0.030263057596985755,high,0
2.6423069688059404,-1.9512621335109515,-3.5808208878690895,-3.8366555484593694,1.5431796991976476,1.932003497318363,1.2368324661272665,very_high,0
1.1109469536469156,-2.2893801361026953,-1.3908003837584895,0.709410980586605,-0.018534418367160743,1.736506827683896,-0.14055348550243169,very_high,0
0.15587161189982868,3.4066070257699717,-2.818203839771341,0.8878039355788485,-2.983836075067739,1.9306029933840434,1.3984839930693214,low,1
0.7935463290285758,2.016104301057132,-3.216671014393678,-1.0886348430590387,-3.018746500200246,3.0154435477857917,2.8013729896349786,high,1
1.8204320629230943,1.1915107059347239,-1.411612686455785,-1.332449780998205,-1.5004969277428128,1.8362275603019218,0.6314186062724064,medium,1
1.0857757509452135,0.42274162969712475,-4.020749010304758,-0.5668133178023392,-2.5287319779488424,1.9910136768745208,0.8109137726156964,high,1
2.0346524135996025,-2.123511585846755,-1.6842762275825347,-2.2185699659510996,0.2997374085510234,2.10613898319388,2.4187777793134635,very_high,0
2.245237781953338,-0.08421441374858245,0.26197120347190705,0.19821732772082012,2.476914858094526,0.3333627137689674,0.3252594982295819,low,0
2.483217384777303,-2.2355888195502405,-0.9709333482658181,-0.8642852619405358,0.5295238313352905,1.5344275993309302,1.135620585491476,very_high,0
2.1450162163983055,-0.621749205209767,-0.4413694167823965,0.9653266671611266,2.596095867152492,0.03710903773234331,0.7043362098540789,medium,0
1.0970946579415086,-1.3017680699467904,-1.0126156765528649,-0.23227350279947281,2.628644751543729,0.2693894330748501,0.0105457117410256,high,0
-1.1366712482121994,0.012872377084592638,3.6273799733756964,-0.1453494223138852,3.4776733914775075,1.5014452649324348,0.347397486434762,high,1
-0.12234700345402283,-3.6088555994149187,2.3099993257208986,1.6170449245216825,1.1511316697058072,1.5325616680450083,-0.7704247991378789,very_high,1
-0.1294450370923126,4.31974293713427,-2.4766765345443194,0.9177681977951373,-4.262956245823318,0.8527406165656031,-0.3103961364755137,low,1
1.4648688358681905,0.5921952994808345,-1.497213631449925,0.2201893142051328,0.6498077311484927,-1.146613329803207,1.0323893981263967,low,0
3.4981304552980332,0.8078455776860917,1.261697405590919,0.9878615824065092,0.5372849104692805,2.3894070930761075,0.45920418159952925,low,1
-0.7901716979687619,-2.6914922984715783,2.0377915672543154,-1.1123274696705807,0.36020134312770646,1.6194067261116563,-1.167757415899921,very_high,1
-2.2950146403332217,3.3997755429089085,-0.7042319697896469,-0.10737861841004537,1.3002340199481448,1.6724754589869826,1.6056779580824545,medium,1
-0.24555398591043076,2.6316617377268363,-2.837016374898165,0.7700501089175859,-2.9563303155162126,-0.26641687001301717,1.5061472407749465,low,1
1.06569876989843,0.6528914492163611,-2.0104671418705315,0.9156538042583441,-2.0127420511801577,-1.036552666620552,1.1864155905176088,medium,1
-1.9236044993706578,4.060207779463763,-5.38050958298943,-0.4970306906659087,-4.527550466735802,1.0043450075645277,-0.953157504755092,medium,1
0.7685413984530491,-1.8232435970521637,2.3188630927474985,-0.766352609265016,1.055370896391201,2.2199054515254857,-0.07878840008029991,very_high,1
0.13197592001843494,-1.1489774120173242,-0.22705091481759165,-0.9702713259082388,2.637423561899234,-0.7366474848954012,-1.3528658889640388,high,0
0.594482186472336,2.3788840694777087,-2.9410565313263977,0.6365532068732643,-1.9750654569385238,1.0405232011828094,2.322609225262766,low,1
-0.22987970011445258,-0.14281492951259794,-1.7994281760345963,-0.397548696545778,0.6982650014265585,-1.9990610008728644,-1.3845180194249966,medium,0
2.4642268480806298,2.031001282820111,1.4634053098914168,-0.06330322278133675,1.6520635194518563,2.3991594837834227,-0.0785883929143568,low,1
-3.046476158991463,2.4641469621765237,-1.4689055451515265,-0.3764225545881953,2.005816461671463,0.4885390261929412,0.3160678697299512,medium,1
1.8936597634382333,0.7584909564059421,-1.2321920130360873,-1.9255673603328771,2.588888357257815,1.0985056952249934,1.4937097590055342,low,0
2.5783303059057414,1.0719240431973798,-0.6716069384079312,0.12147857932905783,-0.01771563232372486,3.043842074645217,0.3140226024861145,medium,1
0.8677222396345473,-0.24451301113772456,-1.9864551110308568,0.609238830889753,1.233895159383241,-2.0923178112694893,-0.33186486182197916,medium,0
1.3257144033731305,1.3039929507227805,-2.0070071480765375,1.6218737477850513,-1.4151830342724239,1.9754578340514513,-0.5198341457252261,medium,1
0.5705648732773664,-1.2984900072988508,-2.196412557915598,-0.44258929277415615,0.5288997967462379,4.10209375017942,0.0077278931756846435,very_high,0
1.632874144983476,2.2264495448960093,-0.7127879812463314,0.44459199507312896,-1.1182491147002032,1.401513581860844,0.43383524008887653,low,1
2.321476458313224,-1.01238250454415,-2.4935498044197724,-0.14170872170182425,0.00038810643765274655,3.1254336114398793,0.8778260312391258,very_high,0
1.3579927857102718,-0.4493043211802493,-1.5911642817540816,-0.21519632356018042,1.186472795143381,4.5848547177025605,1.1433981071495527,very_high,0
2.5361731900794418,-1.5345810921017036,-2.5399097931092056,0.16279661809991253,-2.322461375311582,3.119074388446247,1.4950303097358375,very_high,0
-1.2716437208548135,-0.3846792704773687,2.411207546287797,2.3059465859677397,3.6201796629930714,1.7182139296851542,-1.3993421658487708,high,1
3.5953804048186417,-3.4320555649167144,-1.1952775762151375,0.1177074184609581,-1.459006364015456,1.267829875693484,-1.671761273328167,very_high,0
0.9622805255471237,-0.1378236750881558,-1.1849093789988552,0.2252697220150467,1.543180271936036,-1.4002897218095556,0.6067621502064073,medium,0
1.5844815265489356,1.0083008867699854,-1.6486363199443337,0.3589175837406595,-1.60907923778158,0.6087619152868572,-1.0397932245282346,medium,1
-2.019494158751594,-1.9836126594296768,1.743485127236414,0.6132655446611438,-0.0991662369848072,0.5161856195059644,1.1377767806686623,very_high,1
1.2913405088032694,-1.9300546848533608,-0.7738247130000216,0.8931883472072516,1.796485025752995,0.6323110719308667,0.6418941228586382,very_high,0
1.491962473008907,-1.2596331318932985,-0.8111899586101903,-0.7801438813877718,2.3286155483734574,0.2176897187768465,0.7352693099749874,high,0
-0.7125635614508736,0.17634389480923984,0.3358316662174965,-0.8965855406471915,-0.701675555518654,1.6687976263713757,0.5734474933553989,high,1
-0.7635299197459848,-0.5655239488321926,-2.907052875381977,1.2205506039312326,0.46357967114377985,-2.624608096484895,2.0135542946486997,high,0
3.1613930814044737,0.29684831793467953,-2.7332677743777776,0.2921488421187989,1.0897148353455424,-3.551650047818582,0.2802359460024943,low,0
0.41583381887337634,-4.345426205120033,2.8522690540244082,-1.0043378262939064,1.3371934711706597,1.6721995352550338,0.12682468513496187,very_high,1
1.775733544455479,1.5289471612959478,-1.413862208618936,0.6943263811492989,-1.9515254371787503,0.9788209064943643,2.572752389244474,low,1
2.4024463174607784,2.457752803018422,0.8690066163059602,-0.5319315082920923,-0.31019520533596534,1.7052334739389174,2.6323862046774984,low,1
1.6445848411180386,-0.8324714608090042,-0.08270932076030535,0.08739142892012171,1.035251763015063,2.734999787333966,-0.01605403924858619,high,0
0.9406718722566388,-0.19912640569274948,-2.7307921117580305,-0.05195477090077795,0.738100002272564,-2.3921437081094346,0.28134834748957704,medium,0
2.3780602730848805,-2.667784102474267,-0.5142215860701714,0.11758862988720224,1.5629732432550425,3.246621785507757,0.15140739607201872,very_high,0
-1.2898219819892631,-1.85713058153554,2.0955067175985813,-0.029351702115694548,1.9007813488344847,1.2588783164665398,0.39530725264933086,very_high,1
-0.9478839088680386,-1.5959903418287003,0.9522214472777778,0.30515083587497266,0.052596490293911335,1.4442356741612248,1.1480908663974327,very_high,1
1.9439810172683216,1.8736616813559397,-0.45722350707787207,0.9606132325034853,-0.7879058346547584,1.8809338066562502,0.7914974359729572,low,1
0.8992022626992479,-0.8932777725791701,0.006695604918879994,-0.21800563112112403,1.6237019137979827,-1.1675654817433718,-0.031261414154246076,medium,0
-1.9636377990609544,-2.7634440501712003,1.4665171274001607,0.1017883337073275,0.0652130090666252,0.7859908648265685,0.30634753393202263,very_high,1
1.3337244740754692,0.1383586618856515,-1.7893159482819674,0.5239989555843281,-1.0865122915596896,-1.0267719401089312,0.09274306577955228,medium,1
2.0142184635290747,-1.9675011962803675,-0.8970886884037714,-1.5030468593574806,1.3754549385659414,0.5033330104599669,0.995693754370362,high,0
1.3394726405882813,1.2250556334770222,-2.6186971137314226,-1.7324945949673274,-2.0905220008729652,2.5453704222035634,-0.39320100368219,high,1
-0.4788023142645288,0.39303869398305724,-1.4889145381629756,1.2696132625998429,2.5574449526151675,1.514755373276639,-1.2451505759600856,high,0
0.08535846303784744,0.0505031239264954,-1.8536077246344471,-0.11356256479045149,3.9737910520789432,-0.9661656994893963,-0.05585218265281086,medium,0
0.04373149324590364,0.09937476000492955,-2.1425050985364447,1.3297943652050759,1.4345550096634652,-0.5379153415216493,-1.6755804496240945,high,0
0.15384654625152638,-0.06130211206135047,-0.24265052398269615,-1.0259648174807778,2.391396623367568,0.33159781074348205,0.6072890151016929,medium,0
-1.5284805611448922,1.959356487561931,-0.275392896000058,0.981149715570353,1.6402906011133942,1.5518156578850848,-0.3869294465999474,medium,1
-1.7641006146971434,-0.956229722251141,1.9413919400592023,1.0219627766781416,-0.6223005144912945,1.1715598294203269,0.2112093992244567,very_high,1
1.9085932432300803,-1.1688167137909646,-2.8182475674874934,-1.1992043250956432,-1.713332159906058,0.5616158098464485,0.44769626639501187,high,1
0.5481173526167026,-0.05230340509377967,-0.35297786721298374,-0.6514425498636812,1.4637892119698666,-1.1996772659562747,-1.866700586803942,medium,0
1.7130138550097387,0.8271472889042986,-1.9647097090709096,-0.17117936979639942,2.290579758102937,0.7638283825229748,-0.06611239395200703,low,0
0.12868259268673632,-0.25320697212763993,-2.649526507185217,-1.2628647537281779,0.787923311912904,-2.553177552208968,-1.2295262512173861,medium,0
2.135033911876114,0.9043539347584206,-0.9352490225186048,-0.2981525261999003,1.1497264069330915,-1.0226057497069605,-0.6920651986646917,low,0
-1.9599769106960996,-0.5547116255020954,-0.3220355678595639,0.04455216557115131,-1.1204540937303604,1.270523452731353,-1.366114080933685,very_high,1
-2.7450153195287754,0.872934570278264,1.2453191452404986,-0.49945119288521345,2.5359662043598528,1.353335319305427,0.669085210267524,high,1
0.6350368522631801,0.28210101311623453,-4.357659000588946,0.9954151904494745,1.3187418721363928,-2.1962692700356645,0.5755619258303651,medium,0
0.9977187494567002,-0.2172004191683824,-1.8396736029026854,2.05419384125607,2.1478154155755136,1.6859819103775344,0.14782073903652695,high,0
3.9260849532396622,-2.9529596258420123,-1.3766490374175273,0.18209824581586204,2.0675390488542007,-0.7097399373200033,-1.0359619286066395,high,0
1.4561729975154316,-1.5647794512718114,-2.2394879740582927,-0.7329260381085351,-0.13811762838915453,3.8846018190060034,-0.7402322525487084,very_high,0
-0.32612997708036984,0.7813650988677276,-1.180394600431108,-0.3773865174622099,1.9576570689090502,2.3480898302384263,1.3448540311806945,high,0
1.4932723855834644,-0.8099495569337627,-4.134978418375937,0.3343270545535034,0.8493525454303157,3.6901096949529837,-0.2899813544366399,very_high,0
-0.8994951896758557,2.315359494970835,-0.5441744427170558,-0.9384671057410849,2.018593578545995,2.022960856332774,-0.546407619463673,medium,1
-0.33502053938653287,2.415594676020544,-4.28431446158106,-1.998344967144626,-4.686628191514069,0.4865413876570601,-0.7053167239158482,medium,1
-0.8049201203114666,-0.9912630833022659,-2.6900357112059634,0.5709456946038727,-0.41168146975691533,-4.5406223367198315,-0.8144028209931906,high,0
-1.7245970146690632,0.8579012951957257,1.039796002581604,1.8640485304117584,1.8607832844453762,1.9324121334446014,-2.141430880319705,high,1
5.035896868810431,-0.9401804661711046,-1.2439961247445555,-0.23078615210272213,3.2145350985047854,-2.2013330991587647,-0.7969866688138775,low,0
0.3300465443209406,-2.463063439443794,1.4137346694271005,-0.38418166570697554,-0.9752371507522386,2.1170540352095033,-0.7621334485140979,very_high,1
2.762690890889173,-0.07164748843436822,-5.562945458107315,2.305636837367189,1.9047563875160656,-3.5053156234804828,-1.015581379650545,low,0
0.7935167420970992,2.237579701306471,-2.620897990635282,0.0490947313056715,-1.7932435080714337,2.7636965091064276,-1.3517075320246466,medium,1
0.4398360893772222,1.0491012216782123,-1.3665102334955248,0.6110709051105707,1.8925551534312797,1.250975214555107,-0.7664664310197877,medium,0
0.5239330546156767,2.2572134254095406,-2.6672607266720836,-0.31830101410433403,-2.9078591139116945,1.0607493091624782,-0.5416207633091875,medium,1
-1.1097425492852542,1.0423382152592688,1.4710207127097648,-0.45903167317890037,3.082114693324124,2.0341488040543467,0.5817233649705059,high,1
1.5242212478310366,-2.3202465108734174,-2.8190208564495105,-1.5302791359297876,2.678881408871641,0.14364074633136847,-0.12243598974739747,very_high,0
1.594071661251152,-2.977538036525712,-0.2263018252819906,-0.004072837121435025,0.3557349761540438,0.6106293485508496,-0.0412596526500604,very_high,1
-0.03704701381005071,2.154313900395969,-3.642802270159591,-0.6964610897866884,-2.7903643560363167,1.2776507097450491,1.8641995258873496,medium,1
2.102002832855213,-1.872221523997119,-0.6233210601394047,-0.5591638350592083,0.597331103899825,1.8499282330049658,-0.4603067625743631,very_high,1
3.217121679095176,-4.667901003343102,-0.4513732877677914,-0.43263751633352826,0.29922790365881435,0.8411641335216693,2.1857306167225743,very_high,0
1.2223582711161392,0.8855846509818666,-2.952150014386176,-0.7748021781355291,-3.1953183916261834,0.9938217104787066,-0.5326067566734964,medium,1
0.7719549090879685,0.83319839018903,-2.689837342476214,0.5280360045479643,-2.9042174414736803,-0.2981830942420338,-0.7684355169034929,medium,1
1.255989554751609,2.503604876797464,-0.16892128190177047,-0.6710148456624536,-0.9138880922947881,0.6277008428965011,-1.095839163003958,low,1
2.026366530446172,-1.2367869340591506,-1.0240987267916704,-0.5159809893490795,2.13164809654106,-1.6955710737527792,0.41687306259004037,medium,0
0.6644078640691318,-2.3487505311699426,-0.2426495281292076,0.16663789531183854,1.4781045085063553,-0.31033957220850983,1.0599501697623763,very_high,0
1.5926431581976348,-0.48171202852119466,-0.4401364513572539,0.3852126522593542,2.088314748358461,-0.206452889794561,1.1206857064225952,medium,0
0.20082387932342427,-4.664428453676531,4.084623535854142,-0.4362630321800288,1.0355669140131785,2.3749657398927546,1.0481167592691547,very_high,1
-0.5769782227826097,0.7480928963154837,-3.1271319718368074,0.9338104260749966,0.40298831906038135,-0.7981859975659065,0.5032323845324963,medium,0
0.6738766648069133,-0.353580253842906,-3.782272422083968,-0.27037139913579117,2.2270889149746855,1.3489487882089695,-1.389780143192669,high,0
-2.8279636414009044,1.652321583559253,1.1567151311888537,-0.1528549918142255,4.108732439806124,1.2923593190506888,0.4335624601918793,high,1
-0.39805277992837906,2.9856294027430446,-3.285014542272602,-0.532836268779924,-3.3282443128457073,-0.6773824428046504,-0.8192664641893721,low,1
-1.2018155722730288,0.875782326025515,2.437752150045595,0.6469045232565658,2.1157178250812416,1.844298801111465,-0.6844404020861826,high,1
-2.8959195172144234,0.025269930643014284,1.6526750673776145,0.5665409870816561,1.330864170424046,1.0346275971953156,-0.6484692000191374,very_high,1
-0.4062137691838632,-2.1183775823687854,2.9476824288417633,-0.6368452142703895,-0.12508009089937766,1.8302785281105693,0.7410169513364492,very_high,1
2.9702321007504127,0.6650086766095484,0.9387217132018013,0.19767556695424515,2.581685349733199,1.4446333208484123,-2.521604801462043,low,0
2.360562853822576,0.6733805026852714,-1.6722406658040294,-0.9779388355526387,0.6270463283412372,-2.3585201351101484,-0.6124228909008682,low,0
-2.392930329591352,0.5529178521694605,2.1028981466015724,-0.3072462256617315,4.511705988357864,0.964894896863721,1.3690945827628513,high,1
-1.610133072681476,2.6128096828502843,0.34424366044586696,0.14425352228204003,2.009586804862967,1.8720365871827218,0.33078380653823597,medium,1
2.2255137520912553,1.9992607266044355,-3.1474556892787735,-0.4627366479963379,2.2254999472077084,0.5290824168725616,-0.30704834092510147,low,0
-1.724303487096729,-0.45571561430830054,0.3771691435827029,0.9229775651404308,-1.5871404340759123,0.9887886727723909,-0.520630606562299,very_high,1
0.1289758339171323,1.5814932343275643,-3.1895722871097623,0.896499670200166,-3.5851590389671877,-1.9616443509976875,-2.7404264220349313,low,1
1.1964805737967446,-1.166844849367495,0.619307329938374,0.10307822153084817,1.973844959169386,-0.730332139195449,0.023980019015592963,medium,0
3.665012120723262,-0.6831268951607059,-1.0366755288703453,0.12792720237457925,2.773354696081314,-1.0181621318390386,0.6357265264405499,low,0
1.9040318682802475,0.23658489319136652,0.13559366813255247,-0.723168438829393,1.992242955884202,0.08266884495391369,0.36660624701380495,low,0
2.955119923121279,-0.8990185573863003,-2.808049057885075,-1.5649738934417794,1.3824101941800508,-3.8088979724812018,-0.6008871758538126,low,0
2.8499939167642276,-0.12051829272772241,-0.2656380376824288,1.0772936730156928,-0.3919246940622638,1.2219593126275163,-0.0178621548877335,medium,1
3.6582386920265795,-2.9028463799008044,-1.3528164138290044,-0.038323835697372494,0.48663158314377886,1.2128116134790052,0.8187659708488161,very_high,0
2.967997112778546,-3.2048334337887314,-3.3911595779853347,-0.5924654553805143,0.5530886820662579,2.2224492000303866,0.3270723748778453,very_high,0
-0.016948527629648158,0.6884533486396683,0.8430472457889769,-0.4949645508907007,1.5543139601788083,2.532006899534851,-1.015995431168029,high,1
1.4672495896814013,0.5389520130964273,-1.2072127364786915,1.9530596955398964,1.5285852749472164,-0.8778944521186357,-0.9948563524675411,low,0
-1.0291233464557492,2.195442821319759,-3.9550196152655235,1.5268126635772652,4.283067899310559,2.406337160186418,1.9025582052295598,high,0
2.2365771348784427,-1.5025832870564606,-0.2759559698329406,0.04189592115427648,0.7686347578195731,1.8137669313295122,2.6366691419455885,high,0
1.8162305899543782,1.5260784440579491,-1.1724661290199063,0.040307699330247825,-1.6320630777980463,2.49884379196189,0.8949300615655605,medium,1
-1.0326465115453298,4.499728964202694,-4.302072499475645,-0.7742699224040547,-4.70403248447071,1.5808493033059847,-0.22366657180344413,low,1
-2.302687033615984,-0.6182853067683233,0.9910967914955603,-0.3910246668655764,0.4342317355876879,0.9468953596862398,1.4794817618608729,very_high,1
-1.7482514670259677,3.414018773093152,-0.0578253842339167,-0.790017096815208,1.8875729416926772,1.8931277927669723,0.6928152103009226,low,1
3.4529980922089214,-0.8875994351794174,-1.690599647295263,-3.9224002516183423,1.3946917324954593,-3.6403100959686507,0.2837880278380801,low,0
-0.9420243389053075,2.009244996970563,2.084924813862881,-0.3559349170869707,1.7034210578154305,2.1461633155283915,1.6478776057836733,medium,1
0.5737295398806694,2.105461582715938,-2.7938791258087114,-1.3376741860876842,-2.39408831133691,1.183166363579083,0.612171618618584,medium,1
-0.35530850175619855,0.7645163488306097,-2.3536998749223814,-0.05275510800076566,1.2819745810863934,0.6830342177338058,0.6534789819517407,high,0
1.7284580205698457,0.8475064840486812,-1.7249919466196064,-0.6537420298069675,-0.9326971231148324,1.6071977513849751,0.9154029704849369,medium,1
1.9815788828800671,-5.538293113734447,5.214879004605127,0.5686446160127705,2.038581346527226,2.3683716968016815,0.38292171005726305,very_high,1
-0.42371240529794774,1.1203861886149424,-0.6839410362500282,-0.976620315863556,1.266606147873446,2.1898433919429356,0.1602688574175767,high,1
2.6109191059943644,-0.45685753530307466,-0.6431378056993222,0.200033787312328,-0.3448307282348684,0.3984891665596699,-0.06701004172522106,medium,1
-0.5213022270508325,0.7060466009097067,1.8908231886827724,1.167217733304373,1.9284708623603741,1.754496415868112,1.5884471762401118,medium,1
0.9609528060661529,-1.185611172047274,-1.1449218379490342,0.07386343441088038,1.0981830334232114,1.8199853257110943,1.193586535476262,very_high,0
1.4373082461941784,1.9451871674246013,-0.8811575852803663,1.0370053243691586,0.20980878758535382,2.063121541264754,-0.2754823151790223,low,1
2.5459407157768252,1.4412984825790995,-0.3731981829598212,-0.08701522331813741,-0.9205917631645458,2.2371896345498805,-0.5831228313242981,low,1
1.4426527446458788,1.5111927746462734,-1.0720691141722507,0.32434571119492384,-1.7943959512213714,-0.8710194033442069,-1.036329196838163,low,1
1.486253925696095,-1.6843779838885635,-2.2697461719615015,-0.5066348337879193,1.627997358474339,0.788221448460027,0.23987275228472507,very_high,0
4.008533369378694,-0.2804914725846323,-0.2908763895944353,-0.24691832748945464,3.029957836508496,-0.5165618920150544,-1.9259778184451013,low,0
1.0965835615093789,-1.1844646046681817,-2.3748100899879936,-0.2904414820111494,1.0391284521628195,4.065538184793533,0.4441451710872574,very_high,0
-2.77394637468875,2.7028284008422454,1.6662341902563087,1.8951486121089698,3.5456411987806127,1.429367137467183,-0.2631612720598266,medium,1
-0.2024693489574685,-0.9797239950837088,-0.6979022916691243,1.411356861745625,2.9061891192977587,0.7090113205541684,0.785345603010283,high,0
1.035298801744334,0.9053466929632601,-2.928616207225667,2.3491085580250326,-3.559988266849959,0.3399761052692085,0.9498890682492921,medium,1
1.8051370143220729,-0.6269994642267738,-0.9730608574615744,-0.5918760663430924,1.2706175424447228,-1.9727116664435822,1.27427225873437,low,0
1.2916192440941765,-1.6428479080687421,-3.0924455838897957,1.3142265757035791,0.7102292051645416,3.0068298572150347,0.7132662507965424,very_high,0
-2.676719455416796,2.161176718331178,-0.9119945298277523,2.035531456719595,1.5729970040173726,0.8609959689530756,1.9920944074974534,high,1
-0.4410127329921163,0.9685977956482333,-0.24136780924013834,-0.3231676657024847,2.369497829850597,0.7183720009678373,0.26881235641215423,medium,0
1.7045813498675995,2.5749082213404857,-0.9935532828609249,-0.13377937252123967,-0.7818392832673838,3.57915453908107,-0.8604384680668331,low,1
2.7445779694673966,-0.6283219671473227,-2.298430796468742,0.8066764021643629,2.132204261716363,2.2272097461997036,-2.9431415654717332,high,0
-0.5630732255369604,1.156475867543861,-1.23872331532308,-0.4625329663133788,1.137906843235272,1.6359329369734406,0.38767987903284645,high,0
1.0624861544710957,0.3638256582777423,-2.2239498561804103,1.130526619537311,-1.150920918103046,-0.30650904653507105,0.03080713499795014,medium,1
3.2627488870690593,-0.49296902445192486,1.123328539577193,0.7735577062068134,3.677090231674804,1.794095070777729,-0.4957059465748997,low,0
0.9944668698497782,-0.8762299180706418,-2.913542115918606,-0.12887737868875357,2.1085312883304512,3.0766464542823933,-0.5090938053115694,very_high,0
-0.3718864147075134,-5.264442810817167,3.3030819819794637,-0.6590238266596705,-0.9624559111497182,0.989197238940793,1.3286464115446437,very_high,1
-2.6326973344085327,-0.7784449120665908,0.8275118561883126,-0.7204550706750589,0.10383083870778775,0.6111991585490172,0.41135763115143903,very_high,1
3.968629090795747,-1.234110784821352,1.0283989005863474,0.8855770816950449,0.5304801339024898,0.1861863159109849,1.7816847864668515,low,1
2.0387660238313075,-0.6082542536277756,-0.8946125800120969,-1.525662409286842,1.2790007157573071,-2.002623465119115,-0.5969720279011155,low,0
2.2415493096962744,-1.3433008587962252,1.4520919368252407,0.8268386307091143,1.135153519539329,-2.7287556308672727,-0.104009227724695,low,0
3.287862026127682,-4.375915290242462,-0.634578937292239,-0.7140651179821788,1.0283400354331653,1.243482726519731,1.17841931756372,very_high,0
1.8146249066530806,-1.0118857627126148,-0.983755295999122,-0.8383618800008077,0.7463886086879024,-3.5958174116008115,-1.2126571326233138,low,0
2.837159142878612,1.9117397350601923,-0.2990415766815062,-1.4931898122089313,-0.05252784904532404,5.091540373980514,-0.16878473741594932,medium,1
0.8347718465514401,-0.18622001247433043,-1.5657814706104909,1.2523463622980082,1.3258047163051692,-1.6438646923013929,1.1364555743248452,medium,0
-2.027799049648447,0.15069598758734232,1.545563994609007,-1.0578366186102344,1.2356050610051614,1.2433135370768968,0.2607668174830632,high,1
3.0574038348886474,-3.2450561581281363,-0.2449913335582825,0.23817130613962828,0.9154869762704946,0.6592321492139859,-0.8407718898986251,very_high,0
2.575881817268796,0.12247976163837578,-1.3568055724592905,-1.4247656537214894,2.157535080177507,-0.856557714477668,-0.21245170271305602,low,0
1.6674816872959937,-1.0689287008052606,-0.5450739208767009,0.5948543733972447,1.8224996247285759,-1.6220496835984695,-0.6132118924759965,medium,0
1.870654477593717,-2.802221831091102,1.1056513844470044,-0.3266137806612126,0.7701316363658327,0.5887155697044814,1.9853803952602933,very_high,0
0.5735150637488684,3.331208972477103,-1.556798046719459,-0.9544386262909633,-2.472129923054287,0.3147956992286458,0.5069157201363107,low,1
-3.030015121376458,2.43052846591191,-1.7957479620736243,0.15252588289761657,0.9999194912411964,0.7667329955256046,-1.5515374209681267,high,1
-0.7906937771915916,-0.22067530142043773,-0.1827478708527588,0.7819425354519183,2.4087602417772667,2.1019384954215603,-0.06541023359539401,very_high,0
-3.0095641445350596,-0.3054006742270647,2.7915016615328048,0.25678325732472285,4.875297474992749,0.846739855672393,-0.22847254380954055,very_high,1
-1.0657638806248895,4.539309747033549,-3.910774144330136,-1.7718966822464437,-4.484681892158777,1.9876173865728686,0.6368701583954032,low,1
-0.3158232624706623,-0.7784675439159194,-0.36104449639246217,0.9330666057209853,-0.1320182102183085,-2.8235019061849735,0.06354190456093739,medium,0
-0.23228453795889026,-0.3060837904637287,0.9150171878540769,1.1234272870957618,1.4723152574615708,0.9155442590746148,0.6769940973750542,high,0
0.1077602986094417,3.641064458962646,-2.932067703709028,-0.14027558555042832,-1.562754862465761,3.9640898803108895,-0.33551583203306606,medium,1
1.5374795342201886,-0.39437239147550324,-4.300240293300988,-1.606256788401958,2.5002979287692764,0.894698882120065,0.39495797032330715,high,0
-0.27573320995830164,0.8370443022540568,-0.24016467473624914,1.7443111147431112,4.938886006874705,2.1246563626683472,0.6635978685607627,medium,1
1.6319716645339977,-1.6826396308513114,-2.0927585913195017,1.6372116447028533,0.7317166988504089,3.827233096482002,-1.431354847054427,very_high,0
1.5697832446046491,2.1119550490162933,-0.853922943246823,-1.718930412953847,0.2953421939653995,3.267686407744378,1.0469545344282092,low,1
-4.098655834603932,3.472938685434166,0.07411695187102851,-1.7794389254234309,2.528196949914303,0.7573439452184497,-0.5330040818263343,medium,1
-1.6423182836112518,0.6384143238532924,1.8747073013059887,-0.2336069609828654,4.147742488366227,1.4966689768664723,0.20199901075732124,high,1
-0.05993891948752195,-4.583950467746666,3.222968476327236,1.4916738588018077,-0.4215215471068472,1.3891287935748284,0.7248293734858318,very_high,1
3.015558177772026,0.05149778577346277,-2.0202038044542987,0.5368074692249037,2.249621257766879,-1.4185584481192097,-1.249564911924005,low,0
-2.2181456262616583,1.8775403467871776,0.43955667514880115,-0.5892537307950677,1.7527688736634226,1.263586849889062,-1.2534017182950186,medium,1
1.9327209913411454,0.12827670867527508,-2.316423772139236,-0.3997705114430575,2.803905377570846,0.38260516857019566,0.15714578370253451,medium,0
0.028131942800746712,-0.1792975043685442,-1.1854034257000745,1.2428268933268276,1.7881973391723587,0.6240479861999622,0.7271679888921005,high,0
2.7033127002138135,-1.0546308492472243,0.20409900214225218,1.6641920547838993,1.5633168286425216,-2.305125340615875,-0.47606255777786693,low,0
-0.6950039461178763,4.227270231406053,-3.886763684078699,-1.229495157708088,-3.7968695657096174,1.9860688550419787,-0.41192323438595313,low,1
1.2940585556570547,2.963608294071248,-2.014185335996704,1.0179570524293595,-1.4594583946517403,4.462545320750653,-1.2960486928239283,medium,1
3.482893018739797,-1.3953438886963483,-2.9535423553991818,1.4355709931636234,0.5451212197730726,1.541989341770663,-1.828405880841963,high,0
-2.6116282407734728,0.1461971518173319,-0.27743654150996755,-0.012024028913188147,0.007994956541171439,0.7058562636374786,-0.23955585893709952,very_high,1
-2.0199523683264493,-0.06737638713544603,1.16752909453818,0.02235055496636566,-0.13128928700702636,0.8443647255214048,-0.9866590277241104,very_high,0
2.893244552381361,0.1319010237456119,-2.012161927651431,0.18217062771210168,2.479981403198901,-1.2422544760886507,0.8918776345702746,low,0
-0.1651855080982585,2.945836342860566,-2.875908988490292,-1.0311060532942633,-3.0929435286650566,1.5115077324828396,-0.5131272463642831,medium,1
2.976599919442525,1.7394635892112644,0.33038845228253755,0.7735476151070181,-0.20689703772543266,3.3860498586032115,-1.0509411661889605,low,1
0.6245413305658405,0.8250340591768862,-1.4346799731960174,-1.4942635290662387,1.22071658575273,-0.6042767599900515,0.18087111148243243,low,0
-0.43037674822142225,-4.8218929267834225,2.2904105282818494,-0.6849871791437476,-1.6414523124793234,1.326263931418954,0.8011817639881827,very_high,1
-3.0901341332204613,1.1353029566853277,-0.1833485000859234,1.9837041354787512,1.2717641254015792,0.8270266382100814,0.7571768211020226,high,1
3.6227789253138973,0.2591025951658339,-1.9372379437351435,-1.1208969737681593,2.8866096783400454,-0.9034636669119582,-1.7047757442280442,low,0
-1.6612830108950574,0.28389098314538685,-2.131934344132998,0.5870575345945356,1.1599940534442985,0.14171286814865125,0.006548657804539276,high,0
3.434637125344536,-0.2761552381419845,-0.693674116969847,1.2724283828165954,-1.2400643736180719,2.559891604602041,0.21740585272700344,medium,1
1.8232089071731645,1.7117162520784728,-0.7438642089032514,0.14340596107130443,-1.413548035198081,1.2949663820484094,0.5753567245201257,low,1
0.6826283197490097,-0.9679089658996664,-0.12617830363738936,1.1402505526712048,2.424929723144815,-1.1465886326167056,-1.18023173420037,medium,0
0.598967359092603,5.094998986455659,-1.3421780002502248,0.034204684538075444,-1.6558719037160956,3.938852150499849,-0.8546246417550657,low,1
-1.3406109937750568,-1.2844589943544082,1.7324861109283354,0.2496094582097118,-1.2249655670455488,1.5249698018055495,-2.440704014775084,very_high,1
-0.9315812842923722,0.8694312481736738,-0.3550574555878101,1.2666612531984123,1.922853489700472,1.893603066466298,-0.9710620291077331,high,1
2.9394358893345056,-0.4192115092490194,-2.518510589770414,-1.0006293724832407,3.666434413888269,-1.2155674300951782,-0.8550954744092049,low,0
-3.2545984939364914,2.481090217560982,0.5030398088502295,0.5303691889987993,0.9915047581240787,0.9717284369691195,-0.11955875662639608,medium,1
1.0065693572132295,0.1707432832387933,-2.614926005719278,0.6276804178744745,1.7711364577959592,1.8129279735585344,1.664641821966275,high,0
0.9734582692478759,-0.44523706220268483,-3.0262542794448724,0.32699451327009765,1.57139497770895,1.053252776510043,-0.8351245039722351,high,0
0.05926305585520919,0.13383006326849328,-3.7048751104923987,-0.23389780045359396,1.7640441331219452,2.9054963162636858,-0.19609321067693788,very_high,0
-0.4572759043127288,0.319227281247357,0.9838857752855832,0.16333468067753845,2.170662251501483,1.9730861463593197,1.4617170162571183,high,1
0.10638076247790074,-2.22761314928983,-0.3730573897602143,2.598822900074582,1.4701310344750227,0.301391128295623,-1.7240618108680354,very_high,0
1.935331969044228,0.16670197412266605,-1.4813179543388408,-0.171810463802674,0.046101514418517286,1.3446240029095182,-0.14663177404360228,medium,1
2.2658398410273155,-0.7156825362790044,-0.07612625579570631,-1.4194331965450098,2.1429124368806827,0.0037158643872534647,-0.8574424295472166,medium,0
-0.05025699352883306,-3.7307495657890577,3.7297836018891783,1.5741467860324088,1.5351802334063631,1.6150480504278317,-0.34590728066682785,very_high,1
-2.4190458763582363,0.22961841963210913,0.06212525373840272,2.0512469432694633,-1.2329024743941202,1.0837854417694581,-0.6938044179018226,very_high,1
0.6462491979275858,-0.5173521467854613,-1.6008169051167953,-0.49419002306691273,0.7162826720145502,3.3589152783056515,0.28384456730273677,very_high,0
-1.5212721776043678,1.901443889193254,1.0781808238221515,-0.5499248324643456,2.4823322178931893,2.1772874858142193,-0.5100639500960824,medium,1
3.257722487913658,0.41137129454560944,-2.7888547411176656,-0.20068521837532977,1.8074571118615306,-1.986109230283363,-0.4046958568633263,low,0
-1.6161314207295008,-2.1878929517817602,0.946693688132506,1.4201849387819487,0.6172003620425486,1.1576108168020025,0.5921139002849184,very_high,1
-3.427019987484891,-0.616210334625547,1.5404831532351817,-0.3357859389797497,0.011732929333299502,0.6127439166026265,-1.1546343387288442,very_high,1
1.0895714908429281,-0.23927025184960454,-1.706563673614966,-2.0648652776836416,0.1400348102877882,-2.4393209641973446,1.2218046849767015,medium,0
-0.1549451558705437,-0.8411138914599999,0.480125842177221,-0.4037034339979068,0.5257049203300835,-1.4321730747620849,0.829149035059542,high,0
1.5417080182493443,-0.2169185522256484,-3.217469301846445,0.5424239695321018,-0.012946489372761771,-4.147170710164854,-0.8089638929258004,low,0
1.6279111013667364,0.8698799863618534,-2.0188707724719377,-1.7582088766554351,1.7540393908644458,-0.35308453557703734,-0.25111783464244086,low,0
1.5465637233359584,-2.8043032786239923,-0.6531761866170828,1.639256516741752,0.9091979044362639,0.5162368028855107,-1.9227717720623363,very_high,0
3.723486590529115,-1.1759551116043967,0.8502876735791349,-0.47025571626635737,0.3556582437271305,0.5793816806572476,1.4985463606698537,medium,1
1.12398402962118,-0.832226530517581,-1.690494570027869,0.7570320650539775,4.029432117149986,1.0018942152750687,-0.2526248688026368,high,0
-1.1373075634597711,0.17639206049325254,1.0509203356992844,1.0073043574732625,1.250640287687581,1.6201318259873498,0.023385214658507663,high,1
3.016053386604606,1.0101936972933034,-1.110404181076385,-0.01813424350808177,2.3871840734166545,1.0678749076093705,0.2932844290048521,low,0
2.9966690016760253,0.031228134488816495,-0.35396504956348407,0.3306132610904059,1.0239168352687957,2.9458274592492333,-0.5653499525010943,medium,1
-1.7696673407647254,1.0761130760646551,0.947152332890703,-0.36634167713775767,3.1410077851039873,1.5675863675140802,0.17676210325026384,high,1
2.33436012493867,-1.5430925747393862,-0.4165924676972166,-0.906215332047211,0.7710211436186897,1.4161750086309493,0.14197991387400533,high,0
0.35614506788280353,0.0680944271724666,-1.9515782562269883,0.5989963416842641,1.8626410359323242,1.8517098044505873,0.8533489773401466,high,0
5.2115431607566896,-3.1993276160626185,-1.1441289738540301,-0.2730067480225845,0.09338397267951937,2.108328017195817,0.5850213322877983,high,0
2.906808213895084,-1.122493652350946,-1.0725946970830067,-0.4299001052078867,-0.04609604507730314,1.286283873389796,1.6776254421561345,high,1
1.4311446582139402,2.049302614457259,-1.8143963108787922,0.291732725378309,-2.416232962519895,1.844846711941708,0.21411098228613354,low,1
1.8125559996333092,-0.031568749452774596,-3.84662687569241,0.1485479035926389,1.2006348145977945,-3.75855441593553,-0.30173305395863576,low,0
3.0133601094989535,-1.7377267012882085,0.07225282875701011,0.09675491843880031,1.9258520842850633,-2.061396305858975,-1.614749862291331,low,0
1.3282185703061442,-1.086500809026652,-1.08128454181693,-0.9249258157192739,0.7532117588981551,-3.5461696616122116,0.2687757891486415,low,0
-0.7793107211843142,-1.0221909691871105,1.8594835638167826,-1.1586032636594852,2.4498129588666497,1.785641460425478,-1.8156489758788175,very_high,1
3.1159954746161014,-3.497348329726527,-1.0856994458976204,1.000820497768414,-0.751012063290649,-2.8386461473104267,-0.7816720723468876,high,1
2.09211459275954,-1.3601384703361925,-0.4376399091239842,-0.1821605838579241,1.9193027656567536,2.1973365060988552,0.28121168258406537,high,0
-2.4785863037405838,1.2201456821899062,-0.9254431488840531,0.697238046390313,0.7670709067931448,1.0601004513500702,-0.347524942518858,high,1
0.8076109961165864,0.19962416760530585,-2.5640217772814022,1.1049972018044145,1.3293363044387814,-1.2762175310284976,-0.37753114855982517,medium,1
-1.618149931007898,0.8363657847298293,0.9526743776820944,0.6443105001082005,1.8001334376241505,1.4844580729432337,0.1464756116533182,high,1
-3.329108093170537,2.2376480007866992,0.09728080282253515,0.6763570476749083,0.5793189435666427,1.0693473658412167,-0.0376871207422379,high,1
2.0637398292779516,-0.3905309667913586,-3.440675700133882,0.18301292831148205,1.9780886774979605,1.5834987931238476,-0.9915270411046322,high,0
2.242441971796569,1.4741490695732895,-0.09961378968368795,0.33607541250534645,-1.1058281016949134,2.267682255566834,0.5001128296208667,low,1
2.000567687178547,-2.712012378125918,-3.768129751894656,0.1501356539562031,1.2487814788487461,2.4420082651707364,0.7124817644338045,very_high,0
0.9568958979625712,-0.11473214730163789,-2.4243612897971074,0.8225729212004805,-0.3614420151131654,-4.252632147801833,-1.3115439660370012,low,0
0.33419640884264923,4.19822852562348,-1.988576596589646,-1.1130641011871776,-2.4600696813263796,3.4595958779108993,0.4330639467413191,low,1
-0.2867177422968943,-0.42847619366530093,-1.5262131493591162,-0.4998724304108518,2.8890307047291586,2.7609482006906116,0.5430322792896524,very_high,0
2.337841518925698,-0.0122983705982076,-2.200847283795613,-0.9001602278736629,1.4468606586811683,-2.2734859591041143,-0.4134487034717953,low,0
3.7388886769019853,0.05670292494508328,-2.938948504862284,0.3812446551620988,2.3859177689941524,-2.1333978281243806,-0.04060623167853,low,0
2.346342553350898,0.08435854878739531,0.10089305837621731,0.383455014854216,2.0094588723493096,-0.34415220393049295,-0.9910911353316136,low,0
4.312989137855091,-0.4515233437754321,-0.6153200704907302,0.06589160860223994,2.9991594502816925,-2.0063145116634087,1.6651423825437814,low,0
-2.5722253216486224,2.153952958805951,-0.031756548719836575,0.48721819463042715,0.5479221825716694,1.1647941337409038,0.7673073626024868,high,1
1.5693605798225105,-1.075101575620382,-2.0633344239500775,-0.787036278933299,2.8405614109215027,2.53934185970318,-0.97826564926624,very_high,0
-0.41243189214402287,-0.7781055211503651,0.2099089300395287,-0.8065096290255822,0.2867460975818059,-1.7075868071640177,-0.4592203979892406,high,0
0.21772499641186394,5.705072506877936,-1.4541446466186958,-0.1929813677606896,-2.40766791947834,3.835712463344444,-1.7821150819848288,low,1
0.12631817993463446,-0.1868109631689224,-2.6669803357882476,1.9740786877450238,2.7704328534833014,1.2391322480397169,0.3772632593422264,high,0
1.8942181402557159,-0.5644327099537146,-1.647273421862345,0.39188126224558456,0.14545296281398157,-0.22699544437570363,-1.0345979596066548,medium,1
1.783345053416815,1.7199166178140357,-0.5888105028818241,-0.36702261472164177,-0.594074783637226,2.2458455012666705,-0.3904091864216333,low,1
3.3562289292073038,-4.507236896269248,1.0666300204481698,0.6419471294437011,1.661443676983838,-3.4069037020868533,-0.270267604363889,high,0
-0.4917277620455611,-2.4596701001159462,2.517202982381741,0.13111932467514684,1.5087134774016453,1.773425584226373,0.8848425828011585,very_high,1
3.759788556034098,-3.219709237450979,-2.653442686424322,0.44489589500988425,-0.9374459334241685,2.5821063190383717,0.8507193944606469,very_high,0
3.378483144745388,-0.16909006462070225,-1.449425063265598,0.4185145591570548,2.942692892019602,-1.2343916557100372,-0.4966510521282467,low,0
1.2682527861642876,0.4684066412333621,-1.613426207007475,0.6180684939300419,1.5285645979550118,-0.6417219044582737,0.3465270183130004,low,0
1.5906237986575245,-1.503343733611498,-0.9613827209767823,-1.2060223714081189,0.9589914160484597,0.7034187094149227,-0.8859707338977769,high,0
3.076324214023175,2.105573246287443,0.5813490761729945,-0.9888723476355838,1.0586395895933758,5.269965525302869,-0.4908728948935657,low,1
0.950659725583152,0.06825138375291558,-2.2191451114008034,-0.8141532565976035,0.8574668659321435,-1.660679887654749,-1.1652019999652885,medium,0
0.551570109446982,-0.9238053401699772,-3.0812296436632116,0.2177182010871666,0.5426769314704527,3.436010313892612,-0.8246503402906875,very_high,0
-2.963719633498684,1.3676448947179438,2.955137522959862,-0.019318304271835673,3.3608317141661157,1.2904716566041479,0.10163005353342468,high,1
1.93358259529476,1.1790228510045555,-0.6068091607869723,-0.36317555873281615,-3.2202518228703156,-1.421869842894639,-0.2164187116383712,low,1
2.57209143390004,-1.6825833584656842,0.07970592277216215,-0.9878659101397719,-0.3065461217208689,3.566699246634472,0.7230379395798638,very_high,0
0.4603437079393613,4.3170923976540045,-1.7558290301999278,-0.27633529504421733,-1.2611041360950948,3.9424513998004884,0.43374968596096225,low,1
1.3391488139274397,-1.999690307235614,-1.674924138710443,0.09131472861134962,0.7005131799087972,4.11789243312575,-0.38045590416635117,very_high,0
-1.5764810751336504,2.125327474921524,1.6652538204512197,0.29282884358668343,4.539349500950797,2.1953244997576933,-1.8804355440630813,medium,1
1.9947421982480065,-0.5260290162019776,-1.7620225709569017,-1.1693152650864689,-1.4969717871809356,-0.4449276666604116,-0.15014783201743892,medium,1
2.760620908645608,-2.6102520442432953,-0.44220436015923115,-0.10346278984692345,1.5994023084645312,-0.740918387565864,-0.4895706470306716,high,0
-0.5341211950955596,5.712614561774498,-2.7382910922771484,-1.1929733710191368,-2.739048262641817,3.235955882788006,-0.39272623842581755,low,1
-2.888440134036948,3.2543001007538392,0.957843169793806,1.1433615302058282,3.049615847492082,1.3491828675611446,0.18485865406036467,low,1
-0.0020037000258450455,-1.1503186066672204,0.6395213624462774,0.18807335699177305,0.48661785678204095,1.9783339572768999,-0.851180482447485,very_high,1
1.380449135873215,-2.45371409312385,0.6551290822712033,0.6312243569717831,1.8514508711605806,-1.8283827419065544,-1.1512266575071441,high,0
1.5190469478375215,2.4103069297925925,-0.3109725940901451,-0.6568354686944304,-0.6843430106792432,1.909142258884357,-1.0783150666292278,low,1
-0.4284197767963178,-2.1732326487056204,3.021414568001898,0.08127716759106869,-0.6400723525217353,2.1550818005190777,1.1788434440256437,very_high,1
2.001909305908048,-1.52178253305143,-1.3275220664622969,-0.08837328752639602,-1.2368161003756852,1.8260299264373598,2.2106897260157643,very_high,0
3.1718921549840786,0.1417098424624931,-2.4435161813805033,-0.013503244592976752,1.340671642326871,-3.0179194352974124,-1.106732987729451,low,0
1.545522707947276,0.38199753268223685,-2.729678752829284,1.1874271516819999,-1.570685836366626,1.4891982184949688,0.5212299906445413,high,1
1.7396665739954378,0.6542855513519379,-1.1973106023976028,0.010021151740569072,-0.9813160881906102,0.3578889722993668,-0.6886944334452347,medium,1
2.660554574604724,-1.1765668043779618,-0.6229589720512207,-0.11965890247315014,1.6982597695494899,-3.243385676465656,1.5142807357204837,low,0
2.4407815625129445,1.6752696719415119,-0.8719829627257281,0.16614061307833064,-1.02332812123291,3.3774548888558154,-1.1497414553678929,medium,1
-2.99426017191808,2.2968016004815017,1.6944984020358154,-0.034564239843803336,3.9845640230511696,1.0258385563554608,0.9057176004973654,medium,1
-3.137542497931925,1.488719102503128,-1.3078091701651946,-1.5072258203839384,0.21931269715185397,0.7109998160148627,-0.556717897857163,high,1
0.7361506603498026,-0.23050811656122513,-2.9834857453377843,1.0525473107347487,0.632091639282211,-2.798582076116289,-1.8429369062476757,medium,0
-3.2940988311518735,2.307806639073156,0.05045692087899001,-1.6651252963040444,0.7002243816802197,0.9354970706398917,-2.0017401674762616,high,1
-0.9390859384925715,-2.7376720744500704,3.232338577344203,0.6255845936750005,1.395991771103365,1.5407169006029935,-0.22327158843330958,very_high,1
-1.9364972997691519,1.0354804392138406,1.1782871027725002,0.33276047863701036,2.327795574900149,1.2948616507260582,0.5598284488280599,high,1
0.6786599312508831,3.5115070341040058,-2.322662454229447,1.1329263873010347,-2.5805688752005405,3.0378960729329085,2.060422698444699,low,1
3.69102282584045,-1.3082148609353021,0.25179693923288893,-1.0878930121092583,0.17552641608794173,1.7436971813461102,-0.6842421805152435,medium,1
3.3877649223630684,0.6276508727622259,-2.4066120248483287,0.5712242102362395,2.856541323821083,-1.5396525537866907,1.3906435959499572,low,0
0.044941516730538034,-0.7422343711054671,-2.657125639997183,0.7331793174225577,0.7273578474970229,-2.977387749358641,1.378142680497613,medium,0
-1.6102210666859487,0.22973727652568982,-0.9586668777831644,-0.22535148504419977,1.4864797251193322,1.2352474057677916,1.6666632592275232,very_high,1
-2.3756207451027773,2.972443966411269,0.7956024610372341,-1.744532888606054,2.4814373521853526,1.749663602403176,-0.6902762332372047,medium,1
-0.20577527214290692,2.0720283475414574,-4.017250097807544,0.8452732970420956,-4.290193074085659,-0.3060417696749176,0.6037814695529586,medium,1
-0.9615913271658868,-0.056393784996740214,1.3679348558158246,0.2521948542342867,0.8380282121081303,1.3933848010685432,-1.970308581351401,high,1
-0.8733249527319855,-0.1460461372832975,-0.9618967652488848,-2.0683757154310323,1.9340532289137837,2.695726832338709,0.08939527893161327,very_high,0
0.8959550794679321,-1.5570587328578371,0.03185205280301551,0.4403539938779136,2.8536733851130216,-0.34587785780624425,-0.5209685512310958,high,0
1.7880202210279987,-4.503240338839376,2.0692397151792816,-0.7959703738504983,1.760346221598497,-1.6511630942328508,0.1918895450216474,very_high,0
1.1838434886490652,3.8124518983712052,-1.331495827142653,0.6174286309273244,-0.38058625067725593,4.054732157265425,-0.6734142395598725,low,1
2.270591584118553,1.3687369235524052,-1.2128763169611259,-0.5581332596574506,-1.2450643030605935,2.8557374103624054,0.9943787309920463,medium,1
-0.1783888908621205,0.8483314234976886,-3.9287896459491702,-1.3449277870651724,-0.1875923721738959,-2.631006608569406,-1.0751030481167556,medium,0
-1.0211316693233328,0.21373001248671306,-3.472339429581382,-0.1296730520286007,-1.0188467371887175,-3.7317011133197844,-1.5365306903820384,medium,0
-0.7600973101767222,-1.239120562664699,1.146053659786314,0.45635597313269627,2.6374028279647623,1.632738732096656,-0.367074646018183,very_high,1
2.3369934877567786,-0.998032627385919,-4.434721611583229,-1.0040796329550274,0.9576387016803777,3.213151909868326,0.9443852228353897,very_high,0
-0.4928314734561756,-1.2121265057182447,1.3951263271314864,-0.6003386590064871,1.7360130143469081,1.546632142660625,0.5935394322931908,very_high,1
1.0947563310779382,4.726971654711153,-0.5463655109974611,0.7990680731422993,-1.146367503407474,3.918304669386503,0.006131450435226853,low,1
-1.0921148370786609,-0.4460561029272191,1.9932675391356525,-0.7956551338258075,2.5284921219991157,1.7468334408165564,1.399417926653883,high,1
0.27446088069514496,0.606412916006188,-1.8934211530933411,0.24889396913325643,0.4908988936109493,-1.9638502069689003,-0.39115637225284255,low,0
1.5014695451639635,-0.2281354534860863,0.09244685934526475,-0.3950468521695675,1.5518637145171401,-0.6392714290389792,0.3090468350240348,medium,0
3.1608142885254624,-0.5724100724124559,-1.357823942577251,0.14159578673988282,-0.48780520301798136,2.998595005481129,0.4752586047173115,high,0
0.8815006500082232,2.623547169912204,-1.6398077292525934,0.2183387504421607,-1.082866174036588,1.6683980369964337,0.9679319487649898,low,1
1.3458457259836216,1.3232899016009425,-1.8834496665379128,0.3188083396282559,-1.167816392960951,1.7122718260834575,-0.020921037383076883,medium,1
0.2349193896610693,4.301352014524867,-1.8852922075669258,-1.0971438697704636,-1.558407540106895,3.2770693339171504,-0.6226717665523829,low,1
1.670751483179248,0.05072234890671687,-1.7974491404972261,-0.33787777547380676,3.736672021953655,1.3930312176090678,0.0022316221624020006,medium,0
1.381218370905572,0.07563155960796417,-2.0249358692650756,-0.0022381164741810933,1.1019940875084155,-1.9531163844813204,-1.0674339329604994,low,0
0.18277970740049976,-0.36215807075796463,0.3807280209068018,0.3624498815945265,1.480115732881724,-0.18572866401095078,-0.5098939528656328,medium,1
3.0228254600825655,-1.978897162251188,-1.8956302561902583,-0.2796127199046768,-1.6103700707072803,0.5923444809475916,-0.12719938398244293,high,1
3.5213406724500245,-0.4623640223582561,0.6309920608513546,1.4955717364824264,2.2460906969782095,-1.0111487302264461,1.278434957965715,low,0
0.4713186564180307,-0.4665906873148284,-0.5569513311043482,-2.8019115694878916,1.9769169761726406,0.8840230157851043,0.43426364992207156,high,0
2.1657088462850496,-1.0320922768012901,-2.439786022057299,2.583573660166567,1.6884565048679647,2.565217469714245,-1.330226255641338,high,0
1.4962165086590382,-0.3605396661846207,-3.898488402351819,0.5019002337006719,1.150978314174667,-3.4867913696884933,-0.02881660158862331,low,0
-1.6048719474487427,0.1606447922382538,0.04727128504099265,-1.7681569117532319,1.2990163493414446,1.843429794591532,-0.3006743604436826,very_high,1
-2.449351370870076,1.1468315259797193,0.6297280242398257,1.1077210959824486,1.93443542540494,0.9843289628876533,0.5666021483927255,high,1
-2.014904920178665,1.8816106843830938,-0.2153263365501985,0.17394720841281136,1.6337053132680304,1.1230664276399562,-0.6181750421001689,medium,1
0.8173003865555435,1.2512730349956231,-2.142632298732501,-2.343039101651841,-1.7613268202886165,0.351993124476204,-0.6140381615494112,medium,1
2.912201409855678,0.7806745877028293,0.30584295064488853,1.5089188942669034,0.5984554559345656,2.0413262548210893,1.118338136793128,low,1
-1.461438564890325,-1.0781774885962234,1.1832633767293705,1.21644738727708,0.007733167056357182,1.3745316534616263,0.15551160376356082,very_high,1
-1.0702469035993016,0.26042582166470046,0.7769803653581863,-0.6342747168173137,1.4339031439441725,2.031958247148724,1.1288474875493895,high,1
2.2744109437585216,0.8855318259101804,-3.0416008335050715,0.9752005416847661,1.6318870793955074,-1.216112243352899,0.36926377764990465,low,0
1.7738061671174075,-0.39677667995494253,-1.4036347666424343,0.6229440304133081,1.4764691368312308,0.1525127332442946,0.641541644936012,medium,0
1.8561468124754774,-2.068418315092958,-1.9013723726547658,-0.16007448660830478,-0.49889724018108983,2.984113951111408,-0.24341030256790794,very_high,0
0.5266051816307247,-1.0409157958736732,-3.202247781276154,0.1756035498043702,0.5936212642425077,-4.803622266398975,-0.15195112347198586,medium,0
0.6514272135694357,-0.3571602929518512,-1.8436202691690387,0.054051662846000936,1.1587158503729957,3.982450792728044,0.1255485866511483,very_high,0
-1.5458517916542358,-0.4939098122970794,-1.0795326104739822,0.20934885733468878,-0.8367310387583755,-1.6848219054827756,-0.04504411801092395,high,0
1.959838777089304,1.8684246372239328,-0.5197543979876853,1.2746531240383412,0.3515035993203419,3.463628381234048,0.924721805513421,low,1
-0.04814770606697816,0.24008725670371525,-1.5112010109523164,1.1535028497815438,2.7247191049434094,2.377578663211361,1.1625736681878402,high,0
3.3002858293324864,-1.7114918074428596,-0.9151308020780397,1.2855822343616794,1.732692844961293,2.0367493298888313,-0.05706129143115594,high,0
3.610483363292979,-0.8692702794679354,0.027846642713279524,0.67101780491777,2.3080501951539976,-1.4592669650289505,1.067997778058972,low,0
-2.2105246213170116,1.8821371558867712,0.13020910934311636,0.03302330719303323,1.5848599152424903,1.1840594127001216,1.3469412443889957,medium,1
-2.0958648962599096,1.1253033933185497,-1.3940663070040373,-1.18755316677504,0.884123881184455,1.0701757038465614,0.5789098180691342,high,1
-0.7326480694597293,0.7477559979603116,-2.0487034875560934,0.2637555848225758,2.1209409306826106,2.5780806316644345,-0.5587995720623407,high,0
-0.14231090473401986,-0.030698043245009042,-2.697620901894174,-0.4553424231453126,0.28171793817607993,-2.897856577225843,-0.35385896282010376,medium,0
0.3444401508143158,0.8509806138225452,-2.8372276369325284,-0.4785542667177183,-2.345240436880129,-1.2537393073010978,0.5156606300833942,medium,1
2.791236564186359,-2.754098091911527,-2.134748312189388,0.3726481864800551,0.2742287722426313,1.3455885648000532,0.1664931271151245,very_high,0
-0.6059461935247903,1.125354762609894,-0.5884776734285201,-0.3984452749893668,3.333500995487169,-0.6845688631136078,-0.4466430468146064,low,0
0.776923782547339,-2.4941973738713528,2.197791235816256,-0.7346710936768595,3.4348307591259393,2.1092543828664994,0.9559358223307622,very_high,1
2.454502067301338,0.3402719491380379,-0.09865430480081017,-0.49154441380690456,1.9219161988161733,-0.04627754276218199,-0.6270486146977409,low,0
0.1923851641032257,0.3205300117446069,-1.9172054877845137,-0.21682705022214338,1.0957370595278877,-0.7950003505830776,-0.2927579187724547,medium,0
2.459598461350964,1.3349511992288026,-2.5065050889107234,-1.0272518875051289,2.707018081707038,0.9724842165622558,-1.601181198811573,low,0
-0.5957993362093794,3.514907489718346,-4.917105074350615,0.046637366565965746,-4.831575253036272,2.662068170098316,-0.5208929039037633,medium,1
1.1092380358257645,-0.5945725448122706,-1.0073039884402695,0.36075575466383486,1.681346672045909,-1.9291595656519396,0.0722883471248695,medium,0
1.0679126595763104,0.00759561051998163,-1.9957873623431759,-0.26789873415849874,-1.0040722350039053,-2.42926081398107,-0.7087782027214982,medium,1
1.1424247733033266,-1.4785128647510222,0.4718170736834002,-0.24733596389641815,1.2882914840918596,1.0777331254196891,0.33323053499002175,high,0
2.6789726386170205,-1.7644298380479995,1.5483669125375958,-0.6292206728473624,0.9953127439043999,-0.7678470841351275,-0.7067067683730057,medium,0
-1.5686829867787933,2.462675314415928,0.06766058979582401,1.8690665036782608,2.34011341067836,1.8430176047972386,-0.7542981326071427,medium,1
1.629498097230685,-1.006547367705261,-0.9426227298960286,0.2472714521087559,1.0426003805828183,-2.3286708180846176,0.8865794927576496,medium,0
0.22835234224653012,-0.35265868117441923,1.7820825109357754,-0.9273730056959336,1.6253064510288702,2.573046134709891,1.2884336225033886,high,1
-2.5477332665750376,2.3636961374680934,0.6428667940590901,0.42350787402203743,1.6858797416202378,1.214402371623726,-1.6047050097978122,medium,1
-0.12178261264313339,-0.7174688931398444,-0.4125117559564968,0.6122698101053926,2.4341339715201125,1.0241600260573718,-1.5594357791262254,high,0
-0.8855068890999659,-2.1318591831103975,3.0328388735123126,-0.6996008087023639,1.6462430634550538,1.3468286310575175,-0.20937561331191326,very_high,1
-2.766835753717709,1.4377004412903154,0.20715877152796414,0.21668909749767315,-1.2312267957897824,0.952248424135741,0.2956655514819996,high,1
1.281538416070685,-1.7693841006810258,-0.6383597536609343,-0.5379785288219551,3.0083230497196793,-1.2232955639382381,0.4664445968402613,high,0
1.6280614021344477,1.9025357774778824,-1.1162508970285794,0.7654374943750158,-0.42270889869612494,2.881233347027831,1.477720295302075,medium,1
2.3460914198423577,2.1757386810313695,0.12265790863735626,-0.08119318413546972,-0.11654682337455147,3.364658302865042,0.8353334353648353,low,1
0.47944180187114305,0.18686069125370747,-0.2638225227987261,0.618360566259665,1.8419960783960039,2.694996389213182,1.455600479257298,high,0
-1.688928205642796,2.171345873259785,1.2520546361577887,-1.443200793785794,2.5804484715220735,1.7454669318637814,0.6381869988485734,medium,1
-2.080124484749203,2.610008181609121,0.7171886995199331,0.5838830222840011,3.5277541549608635,1.803212016791748,1.2841046951788975,medium,1
0.3573293873732297,0.25568041923044427,-2.5186841054590907,-1.2270140772885358,0.5175039840915703,-1.6924531575540727,-0.6799058967468314,medium,0
-2.9186187180115626,1.6897410127077093,-0.5616609226453537,0.5105353784512363,0.8880985251658359,0.8367317192487196,0.20173865479604391,high,1
1.1945626196166694,-0.9294144772888455,-1.0481522286059577,-0.7617603706826457,1.1836769628538861,0.9611329756306167,-0.29969605666431426,high,0
1.750161167170726,0.23542147420344184,-1.7522032918597348,-0.1210210310095643,1.1794960171129993,-1.834151449585476,0.7271712595339491,low,0
1.0025524512478072,-1.7607288713188978,-2.664900942154504,-0.532143890173102,2.1635745829027897,1.540699326432127,-0.38856822049120293,very_high,0
-2.4301152560664696,1.9064377021259684,0.6578006947989784,0.3320814614168105,4.322023902270711,1.0828018285462182,0.6461296760241716,medium,1
4.4452161367915695,-0.30426775790673266,-1.3001506425765712,-0.9988208693340495,2.917988920448001,-1.4098043664430773,-1.2223646149872391,low,0
2.113382863276496,-1.3325830089098722,-1.5085893993285624,0.10798392072522883,1.4928733184697172,0.017546455790074855,2.6068591631497697,high,0
-2.3085151564301607,0.4765816685330524,0.8033199449404164,0.6268770635290218,-0.5974895211794169,1.1191961673807935,-0.0487656518431153,very_high,1
-1.250321612136721,-1.1120679267559914,1.813358926880906,-0.3433351758524492,0.7853791398652977,1.4471440968967473,1.1422073928855578,very_high,1
2.4279821468769827,-1.5942461513817705,-1.9932314155081376,-1.0976109822757267,0.9708629598913753,1.0841532410733015,-0.36162810937254564,high,0
2.322961412681228,-1.2746303431131223,-1.100941356157814,-1.587188069678454,2.8395583976387044,-1.1025385928226281,-0.20731609600824458,medium,0
-1.6378435449854676,-2.0480748662998702,1.6995111541283767,-0.06828620776429063,0.22357964783490036,1.0353416775081279,-0.263423635119504,very_high,1
-3.6531162737532523,-0.10731392846540137,-0.12071505797129611,0.4458388752292466,-0.9526739242528413,0.3914146089202657,-1.722256933957519,very_high,1
3.2792378941574274,-1.8621567583053273,-4.347852873202441,-1.98468794144591,-0.8092874288122935,3.2338731515010855,-0.2671374859417547,very_high,0
1.5840887129736787,-4.0381896837134645,0.10895554126876039,-0.9972282874387761,-0.1597262874501011,0.9660880314016552,-1.0590371220120975,very_high,0
-0.49383225630473926,6.126153347353361,-2.028156818237429,-1.5166625462859213,-1.879278213413365,4.195952269568414,-0.3492618853479615,low,1
1.147194018953513,0.5844455168878119,-2.5228433592716826,-0.9125881981776266,-1.9395729112616586,0.7732252973586832,0.7013898938094993,medium,1
-0.21691207417319847,4.663545416870717,-3.3477796376196824,0.5557421780428925,-2.7446024439106385,3.7876888542683465,2.054092441435975,low,1
1.5135495642497923,0.3210456197107807,-3.59311596000438,-1.3200771877373016,1.6675508979032143,4.729926433214208,-0.23875260206343432,very_high,0
1.5732300244918873,-0.14974281094793201,-1.5379777092104914,-0.32461967439794126,2.1528498613669864,-0.9935473467994106,0.23773172790598612,medium,1
0.5593521784267826,3.580971067740934,-2.481822693443152,0.09901444948725731,-2.0016477202415905,3.5847030556060657,-0.5224147283775092,low,1
1.615622129687171,1.3981675768610258,-0.9614676496858199,-0.48663118818926915,-1.5611682627234316,-0.33729217622931684,-0.01020560039093268,low,1
2.6838044122663556,-2.9479988653421296,-3.3078485015639485,0.07904780215027922,1.1573444329613691,1.5918517526919724,-0.28815603051111766,very_high,0
2.6862945042826,-2.3481518020581453,-0.7571094671145278,0.11494177175913174,0.7580393113183123,0.9291853696771825,1.4273286515947694,high,0
2.8057138629680267,-0.23301027900837668,-0.9284540834918805,-0.5908183480914292,1.7302870358021218,-1.2748045573299445,1.2450410082232566,low,0
2.931076683468503,-0.5439445623072195,-0.5482926322555904,-0.8938164305816126,0.06994467160698492,1.0785440880986292,-1.1040256334723855,medium,1
3.470665096766566,-2.715475759983782,1.0938979622684482,-0.963396341198569,2.122128621381675,-0.3354910384216645,-1.9320651585199595,high,0
2.7043474015693945,-1.0300232725885705,-2.8311771432605943,0.2625028908518338,0.19443510766313254,2.7503195797272406,-0.7841638583598328,very_high,0
1.382467392960541,-1.7716795902684852,-2.5547924821684163,0.21282439866996872,-0.2816059084982456,3.2338120756586632,-0.010352289907736689,very_high,0
4.491808898485663,-0.2257084721376312,0.30806194096996253,0.19022322184489376,2.905963982190936,-0.8034794597099107,-0.37962449667683384,low,0
0.4514089831889585,-0.39762762535091983,-3.4319175366675436,1.1126343052033019,1.7156424958834553,2.06006274843799,-0.071120290830336,very_high,0
-1.3723237497335177,-0.3491023495257291,2.5587627141224063,2.052073311421935,2.3692628559472166,1.8469148411098864,-1.7059590948907353,high,1
1.25388734191231,2.6906670612368635,-1.3484663807514858,1.161503048481976,-1.645586980016875,2.1007072305683505,-0.18487675624526564,low,1
0.7615592800899285,-1.4301041063560886,0.2886894312733259,-0.9345938948984711,0.648073663698503,-2.7262291825105702,0.07758538948639096,medium,0
3.022297615917133,-2.7908722538684447,-0.6945927496702733,0.10618291944021628,0.3044594470633104,2.9116680716767807,-0.6378086928599359,very_high,0
1.4918681946898873,-1.037318863638409,0.4964318572782169,0.8092586281232986,1.8771336398242386,-0.46504236367341756,1.232328605214664,medium,0
1.8612885772804297,0.025420875190578895,-1.9084642091264408,0.2588875157127058,1.173842296867296,-1.3555810684149447,-1.0658027113487583,low,0
-0.16877599933091192,0.10723078999941459,0.8779036373744167,0.2811920179102754,3.6957049923256857,-0.060947342939461135,1.8325612403560125,medium,0
2.4490855974677297,-1.1337939588986352,-1.6216103888341264,-0.5289163791046552,1.235772047559908,1.2494592878292627,0.7775960617922721,high,0
2.743610621540183,-2.027275952792848,0.23975909729842382,0.4115657191642819,0.8231486037436713,0.21113112169596593,-0.9414031690020248,high,0
5.041291527879051,-0.351592345579052,-1.2123197276695152,-1.2540226524285165,3.4373264836850463,-1.8035927154846663,-0.9989363762455913,low,0
1.6502839652082113,-0.5015472776112407,-3.342187648349573,1.6529130512304218,1.514942215699376,4.770193185323376,2.0777775851984446,very_high,0
2.9298868638785027,-0.6793616481153368,-1.8058503504871826,-1.4512262989011584,1.5359068861590863,-2.4124366878368155,-0.9242684025950716,low,1
0.46029681105299125,1.3108166037609417,-2.270249068420091,0.5444598695274623,-2.1446919955682437,-0.15654687163697756,-1.0944943608348963,medium,1
2.1450403606771222,-1.2587062077966424,-3.701402294615287,0.7728478385437232,0.5598199059530165,1.9812519324008546,0.7831598877770107,very_high,0
-1.4521212879957939,1.2315138944494057,0.04739055796547187,-0.6783346293354934,1.0460027720551994,1.5134522237611001,-0.6141435312471847,high,1
2.1147871863454033,-0.06742579402350275,-1.5677591577862051,-0.24237545810511135,-0.9122882582648331,0.7553126747194494,0.9622105785810979,medium,1
3.0279506171137527,-2.1366151028050946,-1.4011743574691093,1.3722713166079914,-1.5902717979752925,1.730511765940108,0.14204447883054525,very_high,0
-2.23750132915891,0.5052767496568993,2.0159881219107416,1.3523625459261506,2.135046154649311,1.5485734501220088,-2.3648553727915123,high,1
-1.4998840488753429,-1.9567047938646778,2.440181615578796,-2.354482922696602,-0.40171533223441735,1.0376886518535449,0.018252460856112946,very_high,1
0.5841809977054876,-0.9551005602770677,-3.6885702745710613,1.1209670236143776,1.9019694974643042,2.4216251045041295,0.8055747028061735,very_high,0
0.849891601891647,5.2808188497238415,-0.511913667788714,-0.34034048288290325,-0.5033955660956709,4.648245532436631,-0.22572263161213502,low,1
-3.426596219466294,1.5510418369828722,0.29380347649662153,-1.7151799707034205,3.3767094637702764,0.47179454193278514,0.8259235830306532,high,1
2.370621854505319,1.4185931449943023,-1.415975602334851,-0.8432983112849525,2.46929791039592,1.4024750394149148,0.7020303236673265,low,0
1.800871303327084,2.4882629615819067,-0.43329426902017887,0.058608917371792725,0.24871987718442412,2.868469636534623,-1.227828566056992,low,1
-0.7894814811925273,-0.8050784628366313,0.46499928026237236,-0.815909535148553,-0.8376692213565993,1.6763465696356532,-1.153706323630364,very_high,1
1.3384333378265902,-2.058555841773072,0.8669026181015562,-1.7680567191743972,1.8559345019098012,-1.9997360594606415,0.019545844798181757,medium,0
-1.0672879187697932,-0.9580925704831333,0.8523032793709425,0.42876125888076383,0.5410191690043934,1.8883064780215806,0.7704635956872266,very_high,1
2.0337978703284287,2.5017636086745254,-0.5613187603029615,-0.4112604304834833,-0.5734743746941079,3.190704576765623,0.14561699682689125,low,1
-2.042913788831258,2.7999553504219508,0.5706867064005683,0.04729874312872792,2.4786753217366986,1.6197044393072106,0.6946691241185846,medium,1
1.0071336461080416,0.03746201644286958,-4.251720921439878,-0.8076505577467649,1.4087364548282328,2.2442647784213303,-0.39156997735603927,high,0
3.3584786574067875,0.2663320487151796,0.2515194142468995,0.2075422948887419,2.7003699638361525,0.32594837299799906,-1.3467856621154346,low,0
1.9917385816727942,-0.13914418783287907,-1.8640913807747501,-0.589915396249933,1.315690304315303,-1.8203019545920325,0.3310389028172135,low,0
-1.3870256021093228,-0.21456722840116604,3.573251919094897,0.9429386198972337,2.4494120830084416,1.5963092530860425,0.18125394834505026,high,1
1.6964120038538915,-0.6153219879462484,-3.267921339657306,0.7907593122325293,0.6682135067375683,3.7645504051032916,-0.022030072516940464,very_high,0
1.4824333165019428,-0.4274260919603638,-1.0418739102279668,0.10527862390967795,-0.07364429371254833,3.2496903283385254,0.15060249284463378,very_high,1
-0.7545546410699815,-0.537209726598812,4.071111910193718,0.05245738688944395,1.9478748338432759,2.119647500864027,0.7798286407550497,high,1
-0.7004694498531725,-1.3192105847793236,-0.46711715266699017,0.1699745397492694,0.5165821707176034,-1.0501836084699385,0.701823040543344,very_high,0
-2.839141009993595,-0.5916381725444125,1.3338968390225563,-0.19906255375986986,-1.0579107414741276,0.8821553862888435,0.184827033621654,very_high,1
0.925326105838885,-0.3047868039388903,-1.4488445799382752,-0.4503681912566681,0.9317773465143999,-1.7697573089512355,0.40684763513978306,medium,0
1.9448801655034231,0.5792859530405577,-1.7421181142227535,-1.4193843557960406,-2.853626296132121,0.31484667283211687,0.22399496890104872,medium,1
-0.6438308833767556,4.5723526670328996,-2.783130426950367,-1.9133403347228028,-2.959835151634854,0.24341548562227566,-0.9650455805761796,low,1
-2.392072374915022,6.0864470600221745,-4.714985721637087,0.955388571179851,-4.815081178105094,1.2058401320879346,-1.1975323112651621,low,1
-0.5962882325047142,-0.1099544608542293,-0.18537927311009295,1.524517181115903,3.459508222115759,1.9613855703553518,-0.44494639089525284,high,1
0.8148788800253223,0.02768417755052715,1.0551440559694938,-0.4992476144946552,1.9927001158971631,1.7582140969756335,-1.873240111819152,medium,0
0.7467690515839992,-0.29535858895289546,-3.275323092039155,-0.3128364730515222,2.9778545474010523,-0.15501622282729666,1.030919338366907,high,0
1.2465097557291993,-3.1073226243252234,-0.7725540760795275,0.19112423383639218,0.8153619888564978,2.8989942473647017,-1.1497074728974057,very_high,0
2.132311590826297,-1.4493057087361807,-1.9585529902106176,0.5308015836727296,-1.3295681553339778,-0.9351601213645311,-1.0731902740670494,high,1
2.3120994260482397,0.1899220380821464,-1.7674131135849174,-0.4638544295059457,1.9808855120313327,-1.4017045061473368,-1.0981863837781498,low,0
2.6226718618206872,0.9256609815769835,-0.49080342260995535,-1.0706664061901783,-0.6459600577572486,2.908301824453933,-0.7843209703002557,medium,1
-1.4861354595705976,2.124574168429051,-1.0820565155999433,-0.14166263187224326,1.2047872750192026,1.5538517800452416,0.3023229003482749,medium,1
-2.2261529955805397,-0.8722532094853725,2.449544831044769,-0.32390885321592183,1.8435721710056316,1.248487838200297,0.21187917882888407,very_high,1
-1.4570121027079972,-2.2848740452502887,2.207525716285578,-1.5976197291684564,-0.1428249866319522,1.0971156108111626,1.4901375220998412,very_high,1
-0.05205258935254542,3.6376241252746984,-2.4221789745997344,-0.8281805638735081,-2.817069137827099,0.5709712824532555,0.6856563925137109,low,1
-1.5825636015950586,-0.8301422893996554,1.432551962131307,-1.0814133807392872,0.9667280516341497,1.3005200363083633,0.3358472647200691,very_high,1
-0.49224580341328417,-0.08267452735675447,1.6998877765069793,0.30703923725182186,1.3426776730787986,1.3825546682701164,-0.05123583553219154,high,1
0.17363383923576037,-2.3846488451581562,-0.61096846462194,0.9475119085755672,2.947654658963094,-1.0853580687741777,0.6746949778086199,very_high,0
4.06465348302028,-1.6557924673730287,-0.03697270217706872,1.7872399646046684,0.7467362674082292,-4.8928547878093145,-0.433990462215957,low,0
0.7878261338736912,-1.1298675746271276,0.6665718141201991,0.7831556560131748,1.3391762079290568,-1.1873902279409831,-0.568876975197369,medium,0
-0.7961509622477256,-1.0275373108891874,3.277415500110669,-0.265920074195552,3.36971316333659,1.8082292611793584,0.5568747223681456,very_high,1
2.984804348956679,-1.1215748292703167,-1.0932772834646103,-0.6729053320094016,1.1080711684163398,0.9707567584301263,0.6628410930216325,medium,0
-2.363122758766627,-0.12325869673299855,2.3074896492170636,-1.7447603876053015,2.553393745443924,1.6368757921637629,-1.0553241585924595,very_high,1
1.2344900893980648,-0.23984271865171283,-0.7931659883342091,1.3978443070314983,1.4130682472887746,-1.1291217947848051,1.1911730449400957,medium,0
0.8141443654486417,0.48873014833940837,-3.095614330167703,-1.0188051975907135,0.9837206613224448,-1.1345737762465933,-0.8146856532376702,medium,0
-1.1446043240679038,0.26683884507157646,2.088666169207227,1.048203967675276,0.4710100142673197,1.7028691718157478,-0.8381764823315314,high,1
2.1005624919013828,1.8760025494901051,-1.481285564200545,0.3120621317267384,-0.9289285002795539,4.395751667484445,0.8582704301818718,medium,1
2.533235001419187,-1.3028906719900335,-1.9116250574593843,-0.4805744132024745,0.460625206779967,1.7798369246638828,-1.874892064047533,high,0
-0.22787815677494483,4.430692970526932,-3.1346440978662193,-0.3346038545302957,-2.6650595121302585,2.711544995080082,0.5656329018867201,low,1
-1.0160620673279084,-0.3211994045299284,-1.0638224430775145,-0.2996934959328892,1.231278271426898,-0.5447795933334473,-0.7634653033091117,high,0
1.9998568248204238,1.1636331134346085,-0.8495371085438281,0.2541276870714354,-0.45879972277891645,1.0896103448474512,0.6970509788397266,low,1
1.355265870934519,1.20343780781045,-2.4471196764300496,1.769913067655593,-1.1908960413175345,3.0847346560524214,0.9099625408605586,high,1
1.4569029484660618,0.1604143512499786,-2.466880382937051,0.13734132456510456,-2.5136476535123897,0.30249053541082427,1.1896426454852358,high,1
0.5608974056509043,-0.7209154552577203,-2.6333751372434007,-2.215822425020668,1.158888452449818,2.539220497011157,-0.19543484652276386,very_high,0
3.5555765517845273,0.29224536520563094,-2.6163045692041482,0.32478159411011454,2.22350793985904,-1.9871354761435907,0.47993974114827864,low,0
0.324039630022416,-0.9991575494711886,-1.167655401702534,-0.726774137833843,1.407388068710523,0.9069552792783554,-0.8776173568629051,very_high,0
1.0841060625495587,-1.6223011334769244,-0.9833640314577216,-0.6312411362407006,2.4434093869088636,0.9804080315200534,0.599450686321704,very_high,0
2.0479259209066356,-2.071906002009973,-0.9371340637646258,1.3304323443788164,-0.4555880570418067,1.8892126386713515,-0.12058718847346953,very_high,0
-0.4046840330387287,-5.421630377589429,4.129206477440951,0.20786050106708062,-0.9135290526196589,1.2781300862105538,0.13259767202610107,very_high,1
2.5028116509887086,-1.9834635982871083,-1.1567866050666948,0.5770721838351396,1.247682652973208,1.680079750903042,-0.17802329006383844,very_high,0
0.4548012491771296,-1.1677939451432542,1.8201505649010534,-0.057836612377593744,2.5925260540141326,-1.4998729532448758,1.1277880271116458,medium,0
1.0994437185849883,-0.7619360391366053,-2.2118780667799776,-0.574601858183391,0.5674037147872237,-3.355987327947928,-0.33577861774042206,medium,0
1.8536114489827955,-1.9317927238675394,-2.1587335517470865,0.01999548620641927,1.7704098860974913,2.3968129814606183,-0.3998267342865265,very_high,0
3.0788180841884776,-0.07569861494906714,-1.2818943492848913,-0.8002227353999037,2.1221844510198387,-1.118004073983014,-0.552692953783497,low,0
1.6425802325066154,-1.9746523461217094,-3.367341502670474,-0.18722732150688023,1.641634601621796,-0.22864736221650594,1.0326575166220122,very_high,0
1.52954588077535,1.1583023892960966,-4.237783659658844,0.5724714117797358,0.05805812370051533,-2.9106204711705415,0.6509656787794414,low,0
-0.8503400431266107,0.32578280955720845,0.39831409538072315,-1.7555055887046276,2.4973116185492676,1.7628089189151794,0.4539052294413472,high,1
-1.4249233267401693,-2.0719560218692576,1.7355132858798912,-0.38281748098675,0.3194727254158978,1.4747658471797735,-0.6060838322196587,very_high,1
-0.9924191390688815,1.921735800677257,0.5342355664202946,-0.11657134645332866,0.8220051079532102,2.0542829085219116,0.21416894113174983,medium,1
-1.9919539367850967,0.7687907021012089,0.701793180333002,-1.0685207540824389,0.5761305602776506,0.996950963830061,0.3454141816438536,high,1
2.2116662857434766,2.6100559988248313,0.1243449076026506,-0.8420986897213886,0.8223890303846715,4.152487232547934,-1.2672766883727302,low,1
4.341133227559843,-3.377328149535978,1.1616742281964298,0.6040516449216232,1.4064047304864837,0.03204062662131202,-0.4100294115389108,high,0
1.0344818499117328,-3.3297698777962994,1.728641242702984,-0.9289264824607304,0.5438593310241632,1.057839096388569,-0.5041286736516637,very_high,0
1.401112375061431,-0.34493833095355403,-2.952772818853669,1.46644239118858,1.1337333763202464,-3.540310351688411,-1.4092157980245135,low,0
4.40686295097524,-3.510413142655981,0.7523476569974084,-1.2855991140527723,-0.108728299777054,1.3400153898242817,-1.615846470966832,very_high,0
0.31720155608889655,-1.0767081688148947,0.14108324877284595,0.5845240518374347,3.0826358857060328,-1.2093788420856817,-0.26813913924176325,medium,0
2.1143654138470462,0.5923846933565912,-0.9035916519299011,0.5025462464541818,-0.8562717546900857,0.48325609724705587,1.2120907193227362,low,0
2.2873910310808596,-0.8630825309307417,-0.13619326623243477,2.1655214522065567,2.293847735002046,-1.8787185937013002,1.0546206284873183,low,0
-1.493578624583193,-0.08569679373607865,1.2479719598472638,-0.19449148486477605,2.094521297678161,1.5938616545550734,0.6658778237063901,high,1
-1.4290477765184448,1.2710330228216493,0.6642783273048982,-1.700627249651378,-0.3358536524502276,1.7917730927121367,-0.7347432134727092,high,0
1.2570056852364822,2.6390488340092038,-2.147253453933115,0.2736601192125019,-0.08400611152268866,4.630757456555121,1.5668547072137862,medium,1
1.3092883649948446,0.27268272764655166,-2.2277808423393837,0.583837081539059,0.9322737009288589,-1.8397816386273371,-0.4352481970051683,low,0
1.2322080812894078,0.0870048891557124,-2.775660872272424,0.014287211883989065,1.0152296730329182,-1.626755612384823,0.9109444038394753,medium,0
1.681024817960371,-0.9652961183863263,-3.487687700134525,-0.5820613340930124,-0.340274737752271,5.252553087456642,0.3990441406465261,very_high,0
-1.5955051507398312,-0.21621913748612237,1.5137308124914446,-0.14486675514609437,3.20840908211205,1.2190994054886664,0.40582408667381425,high,1
2.1374134426748843,-0.3439228397161861,-2.012980093918565,1.8480401917708498,2.6000664237758455,-0.6995029591824161,0.9907108466240852,medium,0
-0.4555316599207422,-4.514349183051746,3.174964312654634,-1.7798751082081674,-0.32568621858643043,1.2484764919521913,1.0641707023410438,very_high,1
-0.3552460903146153,2.385379888246065,-3.3146647375251534,0.25100354315014656,-2.4026105509073346,-0.5520369469383697,0.1794141710488413,low,1
-1.716842185413614,3.193440432243068,-5.435697169056686,-0.7606006644251391,-4.91327416994832,-0.2837368009925869,0.5709409939421983,medium,1
0.8721004297845107,-1.1126699450025788,-2.927388720781535,0.7497454754383477,0.8897570851875856,1.4119806846253167,-2.0149012325066082,very_high,0
1.594380096952793,2.7259118157170694,-1.1061267718323733,0.283130822319525,-2.5589870531449157,1.9551201804003164,-0.10205639062884797,low,1
0.29275263471525426,0.527512068841966,-3.5201589865338585,0.6082671663441893,2.7837577759328083,2.061722448773062,1.3459350078383152,high,0
-0.2205992066904574,-0.9161971021320928,-1.139993165163085,-0.6304584541854775,1.7671213240041541,-0.3697862261384648,1.6370824079927424,high,0
1.4690961924773653,1.2456676685596033,-0.9240150262521396,-0.75311733062058,-1.7155574643925247,0.14049752269041793,-1.1229146774475707,low,0
4.009832633137742,-2.323366056099101,-3.397715295042052,0.8049333907323256,0.44059821728220605,1.4952972309198793,2.190417001188423,high,0
2.6261185047141993,-2.714547813228479,-0.2112448240931184,-1.1419418191613115,1.2620282065960189,0.9475288878702609,0.059905256796438384,very_high,0
1.2673391688144109,0.9601663078359008,-2.797884531174331,0.45564691008859476,-0.9090125008508656,2.972519878123068,-0.7932211972070344,high,1
2.194539055710719,-0.5886279856865623,-1.2053186937870624,0.10776005545254295,2.3848213871648327,-1.4537137328462681,-0.24989373581204613,low,0
3.7256409698462116,0.6968516236163702,0.2580838182040983,2.5031717909057107,0.7171458292332469,5.548052278914807,-0.4839843396005531,medium,1
4.062599113822546,-1.3591857358744894,-3.480748927567011,-1.1554517938176596,0.6290302100722756,2.770359445411225,0.725081044447508,high,0
-2.360364660548689,0.08892246589768882,1.3285258654067893,-1.0656826978195666,-0.07998148598682464,1.1963733657394227,-1.6837325676140487,very_high,1
1.5365721613792767,-1.4693273973375267,-1.1007498409765049,-0.07285768884105508,2.0601593027728526,1.4025560526566048,1.889278795503996,high,0
3.234436238076453,0.9792213181824629,-1.9666416371180868,-2.3910785652839595,2.58336135724685,-0.5859021500944878,-1.0198013336945937,low,0
0.5253541491482333,-1.2864365950333303,1.1145800606558187,-0.897659385275054,2.8471087374719515,-0.9634260890612607,-0.6374874348250117,high,0
1.1122536739055022,0.16704647147866789,-2.852759470293372,-0.4245981660221425,1.3370321786556225,-0.8534728762366519,0.397637501776279,medium,0
2.4808166593073926,-1.8249938750675614,-0.7882100387144454,-0.31667954593424946,0.5025000494669944,2.0841500282105834,1.3744849814275593,very_high,0
-2.2248208906322744,0.8781982488814646,0.41289523531548444,0.8715559662881419,0.10453891296948381,1.2885007239696713,0.32717055287779023,high,1
3.220518924477923,-0.11957064088407995,-0.7455485038329194,1.0095859678911938,-0.9205122518340355,3.0097784076266207,-1.5145735090585566,medium,1
3.263352900644147,1.0659046443280877,-4.013638289536274,-0.6275400027440727,2.306825858904834,-1.2664610891171515,-2.0534865486558886,low,0
-1.2178451365489729,-0.680125106115496,1.598895641871539,0.3849664160476343,-0.611065090040261,1.2690435549864179,0.7985666731105902,very_high,1
0.40782984651691323,-1.078409624134354,-0.12207477457032745,0.295195368158836,1.6859039687414796,-1.2265851772250889,0.39488149000257766,high,0
-1.5909680456826714,0.27560909546026563,1.1084971223639377,0.7654021560133495,1.7010561027898865,1.7669250214738594,1.0734127024104452,high,1
2.264973545541338,2.907492955678225,0.3468573004662403,1.056288483746123,-0.8908011335525359,3.328739556142833,0.3975277565731539,low,1
-2.276488167642886,2.015343712117656,-0.7775744166544469,1.4548261741466506,0.19673648408340072,1.4355671394485237,-1.636403019206485,high,1
0.7695050277072739,0.14514506918669168,0.3910997590222278,-1.162938986852913,0.9236310942802027,2.5681246644255475,-0.3574150481706999,high,1
-0.41075127159516556,-0.18034430061012544,-0.6310893185373143,0.14431001943507885,2.1882354004237956,3.0318311640943296,-1.8337057676294346,very_high,0
-1.169550494225201,-0.6219402943520419,1.6760583538041578,-1.364470853617281,0.20288623428406405,1.7865131643604926,-0.9282658386559959,very_high,1
0.17014945535310777,-0.034390491922157,-1.8548949447494434,-1.4162688593406074,2.5804279183572967,1.5596013212242674,-0.642776382899948,high,0
2.039999833195277,2.3436208623295154,-0.9836812232924076,0.25597714641877106,-2.0171265596996513,3.467729439740989,-1.1192502422206438,low,1
-3.138421504780591,1.062839387786991,1.3008410351688602,0.780201721186075,2.7600816388393166,1.2026901945258799,-1.1742022957201466,high,1
1.7199544522223846,1.7298625117118702,-1.869367717553691,1.8961232762543467,-1.072579076817159,3.016809776890877,-1.3608349783010791,medium,1
2.7549449960649595,-0.8553048198088922,0.38513647465995726,0.6586319527905097,1.9550261996045912,-1.4782225343687716,0.2321945046423276,low,0
0.19661210726085598,-0.047121531110496856,-1.9243462120935904,-1.0296962396330605,1.861194801210484,3.4485464216410824,-0.48401712362208477,very_high,0
2.8834261857760515,-0.49319977973912665,-5.4576948814658195,-0.18919018127507997,0.5011810585212484,3.7549364079085685,-0.08633785824672688,very_high,0
0.7623695765026428,2.280843800567259,-1.4416486757122549,0.0873574252602637,-2.3018991612806325,-0.669305925002126,-0.7308131256087531,low,1
0.8333282104542095,-3.1164705242575628,3.018973818999271,-0.5140888043678978,3.383772430637346,2.1445985318512215,0.8976557716497436,very_high,1
-2.6702026492773774,3.1645761697019483,-0.39049350639374625,0.43521152828960236,1.1161275143208624,1.7165548374519108,-0.741498249912725,medium,1
1.7993886555667709,-1.934121261785855,-1.851063913379676,-2.8500301093171823,2.4851953733029433,0.2378245756189563,0.5445824007936281,high,0
2.9799087764121874,-0.5071857294973393,0.8295636153029431,0.031063426398931438,2.246747662937891,-0.17663735587148666,-0.16176728116566902,low,0
2.416424141637422,-1.623332090264252,-4.324316890741383,0.4096853437465497,-0.14888385983046937,2.289665255264957,-0.5969935884209324,very_high,0
2.1561076132314976,-3.856774207806153,2.412618779655141,-2.072355181695998,1.7014464327758834,-0.5171180965408406,0.1540318416835874,very_high,0
0.44732798799228957,0.44817195545309124,-0.6388120696102917,1.0454602404822526,0.8106519875672591,-0.46530068563067406,-0.20141990007697352,medium,0
-0.6565092359174294,-0.29197231855230127,0.9932082912503861,-0.9728278925829571,1.9393712087917203,2.7892148342337553,-0.03756350936619123,very_high,0
1.9101473031937624,0.3305654658817855,-2.0718941929930823,1.847866995702103,2.09678618164296,-0.8043617970704378,1.1905296437176767,low,0
0.36683611011314743,-0.20813935913756187,-0.44288532101917655,1.21317918839159,1.6663108091671226,0.047722090362082525,0.5328917202270399,medium,1
2.0505835380568476,-1.2864304221115532,-1.0684910223512318,-1.6251212588825248,0.7978924774541266,2.9426331556572403,0.08291185317203993,very_high,0
1.7972508405917242,-0.21296768475175842,0.6667627342224844,-0.45767699298843306,2.216283143727691,0.0567444471456271,1.0714759302545598,medium,0
-0.3780592569220729,-2.8387198140383307,1.4724677956631844,-0.8373807896824669,-2.305094108163041,1.4875844875567767,0.8957962182359285,very_high,1
-1.1241280832549045,-2.6531373567117567,2.6181472165688593,0.533695248006193,0.1597180265370528,1.114984054227979,1.4929526227538277,very_high,1
-4.157336467853634,2.8993388440411283,-0.20854251173521088,-0.7066691040731404,1.9743131172652149,0.8221616134121982,0.7195994976248915,medium,1
0.6273923723793429,1.928573497512757,-2.9125994501968373,0.5629106602850852,-4.163673392288306,-0.40083559137160885,-0.10744488179424941,low,1
-0.8204297876292408,0.3641554801643823,2.859506075231178,-0.36331200838854505,2.1951804886626203,1.8056248589479886,0.29657267669430815,high,1
1.8467679761932392,2.648857917712234,-1.2005886535588388,-0.45699183382523145,-1.3577821234562464,3.1558845768903154,-1.40822676830745,low,1
1.7472551727096846,-0.7143873401760721,-1.8333702005255643,0.7589816954601127,1.5327543675286037,-2.275423276604127,0.44807834101289173,medium,0
3.0484892785374145,-0.26515052477339834,-2.810390741474478,-0.48021443413239945,1.6645056966051681,-2.9849133600586932,0.2688507864009919,low,0
-2.4529238655323873,2.8029818229045307,-0.2900660009042402,-0.33953015666598657,1.3390745722821418,1.4306399243449015,0.9609321786082614,medium,1
-1.7167933737912975,0.436811565444557,0.07170074516276759,-0.07567107265706344,2.7114764259458966,1.40402682286225,1.5375513190343435,high,1
1.0895612713300626,-0.8847768248259893,-1.1540763560893912,0.6938234538591022,3.348585004030448,0.9292484296902596,1.1665283362210033,high,0
1.924341010519243,-0.671733107609829,-2.3995885266376487,0.12079023250111028,-1.6054967320117923,0.523062206425693,-0.750022681565717,high,1
-1.1220354286665553,1.4621746703622476,1.2920711691772353,0.41709532442324604,2.5667475456804434,1.8453338439009976,-0.9846336870179554,medium,1
-0.9966287500517201,-0.18336419507619725,2.5790957524073037,-0.11184710408631295,3.4779893897249323,2.44737010689487,-0.4526901485095334,high,1
1.6332216866880958,-1.697739654489505,-2.406076592890925,1.030249693969567,0.4816361810902854,2.144639868835496,-0.38003684628935364,very_high,0
2.6007097536413886,0.1162068560552442,-1.6580316325467952,1.53739673068429,0.9698586133545659,-1.994205592095195,1.4141103906067818,low,0
-1.0791613234504223,0.5474189587340185,1.7047385562179815,0.12342918170364875,3.042562980045286,2.0423429253593453,-1.4582131138187504,high,1
0.3933282069185404,3.2238198087539556,-2.641127265986614,-1.2977283756812326,-0.7669234701318737,3.997667159111102,-1.4621104551954147,medium,1
2.3721688756913677,-0.9090140140515666,-4.357734546801931,-0.6891117977217902,0.41617277982183687,4.990005065286452,0.4676901038588855,very_high,0
0.6492094197059289,2.879907531634242,-2.36487794167026,0.49200405410295983,-3.289011807483849,1.655253178973905,-1.1310686299349713,low,0
-1.1451335423676938,-1.2188026491865058,1.3613347466221921,0.5092953236420079,-0.31642196446228654,1.2933699397001117,-0.6160712153363237,very_high,1
0.5482699567854855,-0.9467737940995995,-4.990818119447967,-1.0804073292785017,0.9124204409411533,2.980562783515405,-1.1774165052492886,very_high,0
0.5356024277630848,2.8922655035497,-2.2416073397174725,-0.44579531382681703,-1.0887062286551015,2.8024084834293443,-0.5037223368294537,medium,1
2.504520942480287,1.0741903696666537,0.5633261775011507,-1.0523294696031953,0.5282374685654263,0.8607157223248008,-0.47553444673535483,low,1
0.8840223144685229,-0.2204759054336899,-3.133195564451908,0.9389694687047921,1.3305045109727578,-1.8974330968399447,-0.06387783283134668,medium,0
2.993972837763906,-2.2543019615799436,-1.3088951561873046,1.209230647223938,-1.3479929712190546,2.03169841812022,-0.024286495670025846,very_high,0
-3.6866791930877643,1.5527017630042126,-0.0318116472213128,-1.087748675353668,2.080702209612477,0.5991177101912818,-0.12389236323520093,high,1
1.524719587801321,-1.179027588193279,-1.090860966448762,0.11397066812777235,2.1307158599288387,1.4918329616121098,-0.7934597298834714,high,0
1.05558109161789,0.9199104755032058,0.014244445239077308,-0.9261632634832083,2.1995008112941856,1.1427267971717971,-1.2094353289590587,medium,0
0.6568345109655783,2.508765396939226,-1.7317733088958753,0.5161630229264693,-2.274921851460434,0.20032367035867993,1.0654247235975804,low,1
-0.4103708543425837,-1.398806499556551,-2.179323472468098,0.8100272385061165,0.8660337987554397,2.2073249809957867,-0.7248610838000522,very_high,0
2.526273141865107,1.2663318885820176,-0.4106758856418036,0.7172635437832151,-0.17651248468030323,2.8982752068146604,-0.8593992108172007,low,1
2.1830932941216856,0.2640078958222358,-1.7055262301219414,1.024774112281728,1.4437837431298013,-1.7074657397666877,1.1685803642733814,low,0
-2.672275551940618,3.86217570511952,-0.4521937057888745,0.665334534508875,2.2151852154166356,1.4641012882940332,2.2096055760423776,low,1
0.8304369424260906,0.22149918131298607,-2.8120891086907953,0.8678054595424457,-1.7171653548596988,-0.9870023485990944,0.2274050789916206,medium,1
3.6065320233424596,0.24822123403980803,-1.6293455641348475,0.5343472134537843,3.219740579749775,-0.21388675372341392,-1.7684154256380724,low,0
1.8613970827279334,-1.223201870211357,-1.4723985873819068,-1.487861703490623,0.1397578234350474,2.348926157039422,-1.1251861017311617,very_high,0
0.031836834550740045,-1.3189780338281554,-2.4066995050095334,-0.2151138001704899,2.119084198770015,2.565486825993635,1.542276627661302,very_high,0
2.848297318186298,0.43008653414913883,-3.7586360473679323,0.11430875305924776,2.6989765341480805,-1.6518318822952256,0.0018035063564141765,low,0
-0.19478698339117484,0.6403765192122234,-3.2359853748655927,0.836484137964941,2.3517119083873297,1.9660689599083359,-1.0677225770385452,high,0
-1.4020118616724235,-1.0449479613165495,2.5477610306343754,0.09262758794892355,1.5862043634811196,1.5062759292459416,1.2428625628583145,very_high,1
-0.09094573878579082,-1.8024893472658103,0.8938683875061159,0.629360633428892,2.6383590527926084,1.8558242809119903,-0.2990690852300549,very_high,1
3.1768930327380884,-3.7159881536901174,-3.668483868904283,0.3056655686425959,-0.7578881201913688,2.922056810955099,-0.7312545688129569,very_high,0
0.10330329540408645,-3.5339465824072867,2.99452142959516,-1.1678653072917102,2.579615863694003,1.5477999499946136,-0.3283752594168024,very_high,1
0.7661013638379861,0.7609108848283327,-2.686718928400253,1.9687573094339588,-2.4649399471150284,-1.0632812676430374,0.9397354817471042,medium,1
-0.7034477847429166,-0.17366212360524733,-0.08118502950704132,-1.756868699401502,4.721658508138797,1.2661454376422743,-1.2689825772544985,high,0
1.6314000520438279,0.08232640958908485,-2.930263907127708,0.43594762971547235,1.3265736998773319,2.6719482956264153,-0.7619412381350837,high,0
1.000817234007805,-0.46416502059634845,-0.3230641495188762,0.6235257988258587,1.2077024115844992,-0.9707376092204988,1.8054168464197806,medium,0
1.7029771879519484,0.38550328425044084,-1.4216105821307057,0.06908519272427115,-1.3112638224923319,-0.26920435043707447,-2.8106283166180837,medium,1
0.7026972616626856,1.9551502984083977,-2.2087208183685023,-1.015663230879826,-3.0654746722836155,-0.7533371140952778,0.5382116054922572,low,1
-0.013300034146948025,-0.3035783802855536,-2.069045099819356,-0.7215690823400293,4.769382023199627,-1.244003840487784,0.13885603243088018,medium,0
1.437922031290789,-1.306006311807953,-1.6391073187198364,-1.4439255470737569,0.9780758754058863,2.5652595382070436,0.444853537557488,very_high,0
1.2465388156331074,-0.17973045141498098,-2.622285290106677,-0.041248128979203026,2.788331572832763,-0.20402546223052487,2.159121154603292,medium,0
0.49851875328568473,5.312076084109826,-1.6273974238875508,-0.1546903311345547,-1.5793760829473724,5.6500833156224735,0.7138774440901375,low,1
-2.739321153233245,0.4561046489821681,0.9785856517189343,-0.788047623233008,1.2778618247507652,0.8256367708689106,0.6569290663420881,very_high,1
1.6206232365666986,0.12445696996156444,-2.040473872828427,-1.560170825129944,-3.0621331646138543,-1.5038289635064221,2.1173241443709534,medium,1
3.7811545389430083,-1.144084857418481,0.6111268972318382,-0.9857330334274744,0.7112675816261347,1.0941223282443535,-0.7737805788906578,medium,1
2.2731442282339316,-1.1953910437812836,-2.0123580325703667,0.8314988669316621,1.362989666979752,0.3234922602193844,0.7980910486615617,high,0
0.9033330559544168,-0.09331688261486532,-2.1593974452469022,0.52252076644239,0.5979429705675816,-2.1239129048466285,-0.6531373899299409,medium,0
-0.02485131379253125,0.04495771647389504,-1.2248791879673915,1.352039365974326,2.6504571429598434,-0.9613455220875862,2.0994075205025093,medium,0
2.338485893885998,-0.7043823907804528,-2.4105251226402977,1.9235134876034545,0.49696106699419884,-5.075074193394257,-0.9530404633648498,low,0
0.633894073207479,-0.6173597930549806,-2.3616840266192334,-1.0141642181269683,2.752035755208049,1.1944413826626339,0.3389758936682615,high,0
-0.5700711897717081,-0.9118147957576604,-0.4688703291887244,-0.1720413592654725,3.4961768684217676,-1.8213293960861274,1.438169201145702,high,0
0.22587831447249052,-2.525689971525502,2.724344230784606,0.24690606341661173,1.9685216719138225,2.141877802354265,-1.1251978277377233,very_high,1
1.3048679322401129,1.8036308256201457,-1.0811889365339105,-0.2812035954027669,-0.2523218730102359,1.4221749250757627,0.12341913350096105,low,1
-1.585725992429327,-1.4225250944028405,2.696980340130179,0.667065472728354,1.3341871399843583,1.538032197302751,-1.5450564074064352,very_high,1
1.6976799411809946,-2.3905371547758953,-1.258202537137711,0.8918630221607488,2.1951549642525205,1.9360003448706506,-1.1132948341146311,very_high,0
1.4894755218551436,-0.6582843964005705,-3.028312065434522,-0.40415715947930275,-0.4338346806735256,2.620574893748114,0.0017948728781070852,very_high,0
-0.4466162152700315,-1.4196140310614371,0.9453098402217623,0.6255913025065598,1.7522641297401675,-0.5556909392588196,1.4846418618765076,high,0
0.7036950062242804,-1.5945006733417768,1.7265976148625661,-1.1097501278882742,1.9323147433114765,-0.8829800523718746,0.32324718753356224,high,0
0.7862807388731992,2.2052792904000946,-1.5458870144967136,-0.11365684249904019,-0.9600645346362422,0.5145586227030238,1.5991232408367342,low,1
0.8114530396337154,-0.5961385016840743,-2.576736726220642,-0.70128957079155,3.0818889798153117,0.6258018961624094,-0.8758148246462933,high,0
-1.937458185566857,-1.2683648476827225,2.5042523064329636,-0.4012092065446777,-0.3982928158435137,1.0513896478710982,0.7095994793835665,very_high,1
1.149552071131769,-1.5391963245651512,-1.5765522898519766,0.23545579511111434,0.8925728049291143,3.4316227963594743,-3.688365291428444,very_high,0
0.7145557129187607,1.8529494350502418,-1.9769466094923756,-0.8476272124968842,-2.622617150274485,0.6561885696070944,0.8185946183432132,medium,1
1.0181471918484257,-1.0147972910997387,-2.9314277856634514,0.5327832093226242,3.0071200406973064,0.9297257592512069,-0.8055266825105205,high,0
2.878047164392982,-1.0471943922606823,-0.42197966338857285,-0.9985703864824396,0.005886758792025937,0.008000140460480365,-1.391983286797076,medium,1
1.305852770239214,3.08565466177449,-1.238393363782937,-0.0936090233663665,-1.6327339854151883,2.7993288087786175,0.009226992995468902,low,1
0.13571313000343266,-1.7617716006857411,2.228917869409676,0.20748879785218177,3.548898813462908,1.8715744909996535,0.4456779070819239,very_high,1
-1.9225412793717391,2.2283595637887963,0.37812818850003516,-1.0886934104763422,2.651503677650336,1.4018003833068657,0.561472629826133,medium,1
-0.7288624141130133,-1.1025131622441708,2.1413897893740694,1.4338328386598447,1.7208842183749158,2.353882718484493,-1.3772954892720999,very_high,1
1.7427769646216185,-0.43620896801196957,-1.0279240790555968,2.824220426395203,1.752034333579628,2.02877886893738,-0.3542063885087883,high,0
-2.2182804922908534,1.5617044199590238,-1.8126373857659805,1.2561974394136823,0.444484573192369,1.1170215741912128,1.187713384138455,high,1
1.687575128994349,-0.2682983645905512,-2.6802282082215174,-1.5475697941363111,1.3654805553859082,-2.385318651807487,0.20394385751599503,low,0
-2.01450333883781,0.9567437522781822,1.7860343341947726,1.2746838496794863,1.8150028275344876,1.7734637628433212,-1.135635904757829,high,1
0.9534899210575325,3.631800148761234,-0.3767590980659581,-1.2666319951066096,-0.4063241473642327,1.8385769113697505,-0.9896509661643634,low,1
-0.8429172768079495,-1.9925962270431494,2.9348004899249456,0.18863108156798006,0.12763234960165493,1.4155377047253022,1.6080672471727289,very_high,1
-0.5076984094106685,-0.07832832524784979,-2.3218389308330933,-0.29951503754747755,2.064233601790533,0.9397791701614195,-1.235703022049409,high,0
0.5319163254968833,2.257948213061338,-2.039944674283845,-0.4871671830291446,-1.6583567698650354,-0.0447187089605523,-2.2176090801520147,low,1
-1.470159294031089,-0.28056910111853867,-0.3178406956306836,-0.05678859588627712,-2.0384336000758205,1.4301993583821795,-0.8904357529426616,very_high,1
3.5428301346258806,0.6861592632593895,-1.9853715020026532,-1.098679373434385,2.429175163036099,-1.3776614550567716,0.04456961088927163,low,0
1.2706338383456237,-0.976841224410236,-0.9689966853882728,0.8790141545570074,1.4343858034258017,1.9784504300432455,-0.9464907959884281,high,0
1.4907641712184,-1.2478415508747605,-0.3643802272966703,-0.20233890687008754,1.88304407889077,2.8087502266989586,-0.18324524320928193,very_high,0
3.182041202713728,-3.26526284041791,-0.886388205683686,1.5199520059142992,0.7903662234225562,-0.5414043433591798,-2.1357998487348056,high,0
1.620803496547843,0.5602692247376686,-1.915792510001139,0.6712701367053535,1.2311507292300536,-0.9149205438273661,0.7460239529828163,low,0
1.3791064718142827,1.3730064150414425,-1.9772047792174698,2.768373605625943,1.1351829967178928,0.18377252652105258,-0.25155190018413637,low,0
-1.3971167871966839,-0.04012357689251764,-0.4536002939369277,-0.1383352820163779,-0.7451402043078814,1.477876163823214,-0.3774234011303297,very_high,1
-0.38070623348113175,0.44501369330850876,2.8208684606833705,-1.3512904026984345,4.113421063810396,1.9657017631585099,-0.3001287868282,medium,1
1.6669681017897027,-1.5227056874184195,-1.3231292995796844,-0.08269774501839869,2.0296301055676897,2.7006909242620116,1.1361913746425423,very_high,0
1.7094980500462906,0.7583192794385661,-1.2179525333859331,0.07707861138149362,-1.7329023528961254,1.0575417162083107,1.0556942488831498,medium,1
3.750510929084617,0.8145405275058641,-0.764004184374191,1.0153923286752233,3.037159006454621,0.3338403807317525,-1.1718313004725252,low,0
2.1400952329229552,0.5781764681941114,-2.5075220408766477,0.42124737869098017,0.9266347719085133,-1.6089107220286303,0.8468399454691652,low,0
2.0328918630362023,1.6438775439695925,-0.4612353443968167,0.04596093604893383,-0.8864756472271055,1.6293724484820076,-0.24258303628979377,low,1
1.3015831351315792,3.329522812630061,-1.4697299322439623,-1.4902475232990466,-1.3690340845953464,3.680581180499469,0.14641429184260343,low,1
0.8040998005091579,0.839075191522139,-3.1149241444664444,-0.1877270235798839,3.2444897177187086,3.1329184643281263,0.8406067127833832,high,0
0.5179400732932572,1.0501291328594007,-1.4259784743351553,0.32864402580480856,1.844608516043361,1.1706248134462123,-0.5738199139101188,medium,0
2.1318583303227747,-1.0900343442700395,-1.1207942120670646,-1.0126855633684928,-0.39902996558259196,-0.648889663191099,-1.7599588821492502,medium,1
0.45610251958704273,-2.892559480153576,3.1840193835808144,-0.32175270399020833,-1.09360797910825,1.9335938397150447,-0.032481035842094615,very_high,1
1.1676195430205984,0.22119102400076793,-1.999432047121116,-0.08920329769166797,0.6109406324271627,-1.5153045890021877,1.610292980482871,low,0
2.27284101158797,-0.200579027002849,-2.5956223157002953,-2.19750100526203,1.8958544340166035,-2.120513469226455,1.2687138945765704,low,0
2.423977949093239,2.236434712224524,-0.13077386722181572,0.6694383715424684,-0.3552355522797688,3.489160895120204,-0.1121264436113449,low,1
1.6269931789994998,1.7509189640128526,-2.036382004619934,-1.8481101123885366,-2.703054769134008,2.53596409038701,-0.5217666572990717,medium,1
-1.5222925849016966,2.7196294620716173,-5.561529173714245,0.3629957034326874,-5.039812596487533,-0.09732663565529642,-1.173630392546798,high,1
1.3122637028374313,-1.5777683819654909,-1.5024709634827875,-0.4093405752186243,0.4817775001724054,0.5703760999813894,-1.0561115691870866,very_high,0
2.948095002368696,2.7672577451405918,0.5440042398619034,-1.1094555554462198,0.08913818073576496,4.709148781483038,1.7127114112762727,low,1
1.7032012322367487,0.34704142394115456,-2.984323477976866,-0.7957176635206115,2.4905690816536743,-0.6802414313031251,1.7464906315946216,low,0
-1.6664541683898382,0.1984452643028378,2.8286557014982883,0.42232479744987467,1.1387277757224648,2.1484743202982033,-1.1286345143792071,high,1
1.7214789212196586,1.3353316839328389,-1.4862694995055505,0.115596738679908,-0.9005324915514248,1.9302780786279576,-0.029766488336401747,medium,1
2.3849378059947455,-2.934220726856982,-2.5774971022591506,0.6581430360025633,2.175440726826962,-0.22250916817025113,-0.3952835480161807,very_high,0
-1.1370174433616898,-0.8111177225718738,2.197559721957444,0.6552336285137607,1.7548585273713089,1.3966127632081218,0.2569974455858305,very_high,1
0.05434976665116542,-0.8596558467269274,1.6366861476476522,1.6264307346088593,0.6965155390904118,2.3322592476636066,0.23604306382437004,very_high,1
0.1892655996492334,-0.626691145867253,1.941284939847571,0.5711412420380737,2.6143951603918323,2.2583177563445,-0.7234866224198,high,1
-1.7837644954762704,-0.7028709031944728,2.375399529646227,0.8775475534514207,3.143445381720111,1.555404961313973,0.351662354974059,very_high,1
-0.8643986655414941,-2.139105455316761,2.05618529896975,0.883606785994169,1.7327032189588314,1.4848215937415543,-1.3661983376689175,very_high,1
2.9104515805364275,2.059424362172764,0.9445709422722066,0.05990977407950356,0.6862866695400491,3.1399444429833094,0.12375464252427706,low,1
1.0481737838178073,-0.38697542041640864,-2.380003532190857,1.5929640960273812,3.0255026804056104,0.09237378028557908,1.465210503481381,high,0
0.2330153837153479,-0.7830573578500868,-1.1168320034237325,-1.1574157902154336,2.4508332696703015,2.2257772044584128,-1.980836470922634,very_high,0
1.9672023146651396,1.271251143146699,-2.731837267337303,-0.30209704102460566,3.3260643144508286,2.320946454124041,1.587400602415537,medium,0
0.7839802112612853,-1.6229329696401116,-0.40553792944496236,0.17557408492582183,1.6437301932865842,-2.004702066570092,-1.0247507500763902,high,0
3.1723141003472337,-3.434594042664511,-0.6977848524157301,1.0845005302909256,1.5250521856358155,-0.717960139498838,-0.02518868352947947,high,0
1.6555579968724348,0.9531351007319399,-2.3994464519830165,1.5161161803550431,-1.864297926177772,2.3497500275089176,-1.5075529446334208,medium,1
1.2076710835397901,-0.5189742056182729,0.7463576856571228,-0.49061223402665266,2.0768108634709153,-0.03295852050647863,-0.28275932762936834,medium,0
1.3143516549091536,2.018393438110269,-1.8946327033320178,-0.828293760348399,-1.3596260175591368,2.2508065885284503,0.12019855874605508,medium,1
1.6883191767429429,0.39270641331516765,-3.309459017047269,0.6369080790029854,1.3949763912650257,-1.6454627190095887,-0.4751252784446032,low,0
3.0000725512683744,-1.8228320450888966,-1.9663816672567882,-0.5403763389870544,0.3633542209796061,3.448304790316338,-0.8014839218310068,very_high,0
-0.29486013946688217,-0.10340242662880696,-2.683421190815645,0.9210258397309934,2.183901527684494,4.1959243358568905,-0.47971889676613605,very_high,0
-0.6000682535607527,-0.8479460284839568,-1.0666455878500534,-0.2880627983512786,2.830726619464764,0.41160061175283036,0.43102295801089313,very_high,0
-1.113250630244182,-1.069816291555601,0.14984549866687757,1.0621674475886602,0.5414333082152902,-1.2413213501222706,-0.32351494678445714,high,0
-0.42656688116632635,1.3915792546007788,2.4384231075217127,-0.42581799836655126,1.995022254005773,2.463716718768021,-1.6571435851323046,medium,1
-1.1796184880915095,-0.8724220788968347,4.559537352811571,0.46330151023423083,2.5217556948238946,1.7379223112700957,-0.33304762097552243,high,1
2.9556367869832885,-1.8479254890826788,-0.25324422707470484,2.2999691243864735,0.4066422609998923,-1.0300882616885265,-1.4413417457153697,medium,1
-2.53543312463722,0.9863979533916573,-0.3363601253571147,2.3456241618964406,1.8373849021855715,0.7462552104093341,-1.4000712344017388,high,1
2.299220826771499,-1.3018751760741645,-1.8004402622246207,-0.9809467270133695,-2.208544094475141,-0.6613187787656174,-0.7708136306140894,high,1
0.8768081069330448,2.821537408515645,-2.212307421001197,-0.18643641582155404,-1.9740671947218922,3.2722417967493396,-0.47935394265608433,medium,1
-2.3807355874117686,-1.5461437792638502,2.4222046246510813,0.5269813913637531,-0.7715040723235322,0.8577694380007932,0.007560180394133265,very_high,1
2.3744436459454272,0.3140687404384816,-0.43641092579784346,0.5910905313252215,0.5234703566576209,1.770378969265973,-0.1564092787928027,medium,1
-1.0817791107843928,0.37938547915382154,1.5759656337699894,0.5233237827285886,3.819530143415184,1.898352989356695,-0.8005903423481054,high,1
1.0538101350006126,2.1275446578195836,-1.565292695284559,-0.6893290680800719,-2.744009335259784,0.2849134036095977,-1.410467416412775,low,1
2.644590999229759,-2.55400749708707,-0.37207815349722306,-0.17387382031458634,1.037264753061626,-0.6335085549471255,1.3385921382956067,high,0
0.7775070876050767,0.36054747992808217,-2.895236766594345,0.8229885920033214,-2.1136203887236684,-0.31242055192802964,0.04154184056389461,medium,1
1.0843171712362627,-0.7637153015412123,-1.5058491630033464,1.277856655030514,0.48917056317827745,3.628775744721369,0.5704873308635735,very_high,0
-0.8331376132201948,-2.228725713930455,2.349764690675667,0.23386510100924698,2.749757518228215,1.6738164862376097,1.164990882563923,very_high,1
3.120332933885383,0.5248347831088025,0.977819171914573,-0.6611371121909724,0.5196389347989427,1.03381909434146,-0.20057118065576857,low,1
-3.257031019823319,1.4909108295103342,1.4059255875415924,1.4148406628255548,3.2477238277655682,0.8188391412145354,-0.8741992700141499,high,1
3.0319669975365127,0.041075001363611,-1.9377718260182306,-0.051509193753927957,2.5972445935675434,-1.528709510635935,0.3753596961444733,low,0
2.028956447428964,0.7354758688544604,-3.0479996728872076,0.8601826383951566,1.7920154303225584,1.3129748940981762,0.8102600443753338,medium,0
4.523323434984843,-3.9226419530760595,-2.870730193696194,0.06578864864896251,1.179996667770786,2.7062736083460472,1.6629314471898375,very_high,0
2.0085986740055315,-1.3792955597753096,-0.4148353545883958,-0.19360951103550808,1.3723162626102234,-0.002712019354339512,0.7445863984731299,high,0
0.03924598021801362,1.1341264814633751,-1.493188807444605,-0.682074798023783,1.2795001523879046,0.8210254368486161,1.1523486389619257,medium,0
3.9732723832036894,-0.450028970730382,-3.5728173007662507,1.027151035893151,1.424460211418333,-5.024347086757292,0.8083595496657083,low,0
1.3569859942729006,1.9633231339719641,-2.270436003465254,-0.8343736122951215,-2.967891736290528,2.7962868907879797,-0.23457902961918758,medium,1
3.1252411362551498,-2.5373989300332225,-1.1630679606560363,-0.3351431387781925,-1.0908968635410412,-1.2151307588909117,-0.1353342339231097,high,1
1.3562432737661672,0.26149467272887933,-1.8591652409262056,0.6055136511241652,0.7071678387379248,-2.1916513093812,0.06440752243194205,low,0
-0.36043462158161055,1.4970530755656108,-3.0031955546882996,-0.18969349345240752,2.132732764612552,3.631975486947584,0.8495845310466172,high,0
1.1871099710914965,1.1244703922814745,-2.189408114156955,0.020121129580859987,2.23887057573834,1.557133137416543,0.8917005810695752,medium,0
-0.2522550244777775,2.0780797280253527,-3.2477387348434403,-0.5630810770523736,-3.054712621173034,-0.28222863711206525,-0.9465645185278149,medium,1
1.2611705217409999,-2.2229173428229774,-1.0983325581019836,1.1706616293176602,2.3296600678910035,1.1395175689487556,-1.655224712189433,very_high,0
1.4448907450972066,2.302658487142355,-1.1508938104248356,1.5153180943238018,-2.1258889596414576,1.6136583101079751,-0.5417732360116019,low,1
2.402578648528806,-0.20188718583401458,-3.0641296165170777,-1.3129685299472729,1.4243841514004023,2.0104902244682843,0.39397522586440237,high,0
1.2849147052826733,4.930730751422257,-0.4719424719713703,0.8261456160405156,-2.4304806664080845,3.8530469660434763,0.321652659591586,low,1
3.5269286366327273,-1.8589040005369095,-0.6734262892872173,-1.0263536223898961,2.152944601329571,-3.6505202582528047,1.5894412835616984,low,0
1.3547473823107021,3.1062226412422014,-0.8107268063800049,0.9219363780076167,-0.9738569264947692,3.252220919400876,0.8514099367626543,low,1
3.8488595390684894,-0.12761451648407143,1.341254815247622,0.6731336922329685,1.6426777697962152,2.7079012908753115,0.305085404706753,low,1
0.34322973066393003,0.34335170180712926,-3.2012396353302233,-0.17613419771077837,0.39989665827523857,-2.616584262806933,-1.5341246934488515,medium,0
-0.1508806839759671,-0.636990578654959,-0.4323909829111061,0.47001366124666144,0.7925120667637281,-1.8110299010416566,0.10338199621209512,medium,0
-0.15437515089205123,-0.8022706787681506,-0.9311803613011315,0.4283529137714487,0.5652073438979864,-1.222185441388464,0.3918287077161016,high,0
4.287174514454208,-1.0480218621436013,1.526393620953288,-0.6512874649831818,0.6697242526578577,1.223374678271815,-0.9681285978523266,low,1
1.4403283734236765,-1.9165509091850828,-1.058708806121695,1.8076308056706858,1.1231236764292334,2.564297626510723,1.6414286277223145,very_high,0
2.3404031092727653,0.19943815988704253,-0.8999314903516923,1.5448414624182585,-0.9766127019089345,1.0900452464084311,0.6040974263555673,medium,1
2.7260093156941427,-0.1403128433350313,-0.5898529096962104,-0.4384273672152734,-0.3327697200407731,0.7666475739404148,0.6116015615496833,medium,1
5.009441088808492,-1.3267354536699,1.8809432450095764,0.23873792529135657,1.7108273194775228,3.2191034341174753,-1.2738373251342043,medium,1
0.6018140065237965,0.6151163764004354,-1.6420441473390661,0.1871071001250919,0.9625265141266197,-0.9330777780810093,0.3884246136775064,medium,0
0.4831067883577238,-3.544354242656156,3.4070773194607615,-1.4213499453185472,0.17025361229903946,2.4001738414681117,1.7522919091220317,very_high,1
1.2474106460239556,-2.440141577842562,-0.30731081142155703,0.38571084053145244,2.6566295051952604,1.6144973185535785,-0.8098900990894081,very_high,0
4.187736922967405,-1.9788837101052048,-3.410700879265295,-1.4419103561118092,1.2179969509224053,2.606865744182089,0.9459295852703784,high,0
2.1318782244342493,-0.4963237231956147,-0.6091643470936767,0.7777350472478546,-0.17390101421050508,-1.2809885132626202,0.07468584263688564,low,1
2.807439889631662,-0.5952334148732722,-1.7692601511311672,-0.48462856460008136,2.1874028516450115,-1.8674175858629676,0.14341763068147614,low,0
4.236421448724469,-2.758411986108827,-1.5596801783218808,0.427962626552635,0.086242555277394,4.450254955283482,1.7230747176462498,very_high,0
-1.4147334019261169,0.2844296250889635,0.5467834652496228,0.8096575301482413,-0.16218714327567585,1.7138029519781988,0.23071174907496259,very_high,1
-3.1409188429406845,2.3646728512751474,0.23679708995296522,0.3959142209580454,2.1454898737108525,0.991556060738892,-0.11717200497437547,medium,1
1.2316635965921063,2.3780032066567425,-0.5854751085206965,0.6543881340607632,-1.1161915392539745,0.054766472569081515,0.2899111740376629,low,1
0.02054588204171992,0.7527063710347978,-1.5322490033135072,-1.4455181477453234,0.5156422758278718,-0.5158522711265968,0.36191427073052657,medium,0
0.8933770808911082,2.776329589514878,-2.813806572735704,-1.5057478005641665,-2.2567091587037655,3.348040968388361,0.8399445397420275,medium,1
1.3569823031316248,0.6020543409510515,-2.8457752062222554,-0.2592218130040925,-2.5492100031903706,0.6657882858435965,0.1243847669077142,medium,1
2.6512801374875883,-0.7088962396477937,-1.1063555852969573,0.1654915641331403,-2.281437781834555,-0.4849581165592183,0.9661396608610485,medium,1
3.126898125128096,-2.5751534006313443,1.3894545880002265,-0.8335982829664064,2.9942413626121023,-1.0197481912484063,-0.6798885397361863,medium,0
2.5087356547205735,-0.5783099518712895,-2.9454441049666675,1.3914579669559421,1.3944775685110034,-4.072395319498653,-0.21224430983993056,low,0
-1.562895331293625,-2.86934554580864,2.3346119456884997,2.037210639718358,1.8113136659898639,0.8416388627033514,0.14707682744597397,very_high,1
2.3983392976970173,-0.477433948850368,-1.060262007514149,0.33271932958518796,2.2735472823755996,-0.7812242448221847,-1.333148008477209,low,0
-0.5656278892906572,-1.784113358903453,-2.9922010939183634,-0.03302526371956056,2.7988885219994497,1.2886398140245117,-0.5036502603755963,very_high,0
-2.518453507308285,0.02020621091876026,-1.0420515474272642,-0.3449831619570674,0.8323071339683039,0.4253950246370066,0.2270288603889453,very_high,0
1.5361035030733694,-1.2240483675132927,-0.2086632011906575,-0.518637997484576,2.3126838223572572,0.9005320781093326,1.7183639957638757,high,0
-0.2376943605394901,3.166223429061024,-3.868650058011759,0.21566877093361858,-2.9396373411466463,3.513486290014068,-0.35254624273661994,medium,1
1.0929211315308867,1.6432200428521981,-1.5446575604243749,0.3886472460333105,-3.05191205455406,-0.5594254720761271,-0.2686216239380641,low,1
3.902147366290338,-2.4449508801406994,-1.7671567471602199,-0.33348628096969524,0.24049462579423886,1.2543932073132438,0.8852563208659603,high,0
4.081250389664313,0.31450605917673685,-0.6062616042898044,1.110911144734433,2.526095967364435,-0.8011042304554847,-1.5008020152621748,low,0
0.7320267416846835,-1.0682980026066566,-0.4919034405861309,0.8201435941230599,1.1010219902699931,-2.442683788058417,-0.467738683858582,medium,0
1.2702958202459738,-1.850702424550719,0.08344679086405438,-0.7051105201659605,1.746560391929854,0.7681537171192265,-1.349605255711928,high,0
-3.2103769545234524,1.6017249456577372,1.728385800214694,0.40016960520049744,2.32339004001802,1.177123233622412,-2.0140632742377633,high,1
3.552877948669652,-3.868590434492992,-0.09895958812205397,-0.6570352370173239,-0.8131445442762488,2.1491616180658917,0.9945582357416216,very_high,0
-1.7729120820685709,0.2542432983928598,2.0331844246361026,1.4781212260994843,3.439248414131102,1.2006648449397852,-1.4823967869957688,high,1
-0.514111619260035,-2.25502858588861,-0.1698435756049277,-1.532598234597762,-0.11011997887200975,-4.1266119911037755,0.26930618956233815,high,0
-0.4895325939996973,-1.4316529453986744,-2.6702527158343656,0.12063476089345412,-0.2582802015879959,-4.904884563450303,1.0440251294423797,high,0
1.1521751446197668,0.8038197997379464,-3.7824481335255573,0.33086702840635124,0.6885210562110359,-2.1219367102103925,0.7497666284891851,low,0
0.7643455603424719,-0.48038954893947455,-1.93380606931443,-0.9331190886861417,1.0914664985504707,-2.3393168185760342,0.6734727961582307,medium,0
1.2974933846595378,0.261439013967513,-2.9351338092620156,0.7777976308777149,1.4045966149990992,-0.844472821273419,-0.7322995497370884,medium,0
2.4196288185048864,-0.6095329784842113,-2.8471551452905626,-0.32307574267702455,0.9816113016036172,-4.244657191219485,1.3355704555367565,low,0
-1.203912342324081,-3.5157682079869557,2.8105169160071917,0.53034290167058,-0.8447980818423786,1.3698020720622703,0.3044922016801448,very_high,1
2.2518076762278785,0.16515352758381002,-0.06900689673378313,0.37969967741711247,-0.08737626558031586,0.4647194970838302,-0.31146719489920155,low,1
-2.6458677133585944,2.5867425541615146,0.506434763110072,-0.28815026242251623,5.001080891479746,1.128103095099703,0.15047449877390098,medium,1
-0.15051115379266466,-4.223496838333024,1.6018803209868335,0.638543317267599,-0.8683117285992998,1.4625839463985684,1.697623779709341,very_high,1
3.305007158803226,-2.944517735199658,-2.562359955331086,0.08559470394452544,1.0766600890140117,0.0938659029405049,-0.27837296760789404,very_high,0
0.9672883360219731,-1.3138234968522842,-1.1093854040173237,1.056101251669989,1.788502278891661,2.0665220227645515,0.7882916566360036,very_high,0
-0.224326682860144,-2.2681917898047446,3.5653903790393424,-0.9875229624269947,1.1589829296324328,2.176990195549398,0.7413198169079143,very_high,1
1.230393306712134,-0.4210549259338853,-1.4489636149591136,-1.8730058309306206,2.028370413879556,0.7528295012693332,2.044481557199944,high,0
1.9501435283486086,0.4482412434800915,-2.076694301595021,-0.863189712166828,1.1173348110469312,-1.677929158206226,2.040133885996919,low,0
2.6781858878857663,-1.5035713213127349,-1.256114637711465,0.6436687530224908,1.1196602315901236,4.307028263891402,2.0773434395699533,very_high,0
2.1857285780379243,-0.7252935314274407,-1.87060508166629,-0.8582160317716268,-1.2221257413955495,0.8882610827860195,-0.5462640091774649,high,1
0.6784363481074231,0.147968321000435,-2.1867272171319376,1.6389605275998331,2.160282291666926,1.3171292822821021,0.9080226625361912,high,0
-1.838851672816194,-2.460817558846254,2.0774768298547275,-0.09931433779203207,-1.2900968551099568,1.0145425731506248,-0.2724269009308716,very_high,1
1.7003836031511976,1.3651700099114497,-1.4576760671694322,1.0618166459897318,-1.628502932784925,0.8151301025792114,1.4140291355619874,low,1
1.2228417259033575,-0.17416231281693784,-3.1967884282550685,0.2644816849513739,1.1019183963808206,-3.042972157894174,0.0637023597657709,low,0
2.773048243651857,-0.029438532824331072,-2.1295035027086833,-0.03494150045863278,1.6731760809171135,-1.861702206638423,-0.9073265593722656,low,0
0.42533875329546333,0.6159419693534433,-1.8894397194051273,1.5579054323183568,0.8737037628004996,-0.36409987354274254,0.9926281029794295,medium,0
1.279719751119739,-0.9195232488970351,-0.9331549611247726,-0.6335895154938127,1.9041017321267995,0.5108225735117294,-1.9062366200893806,high,0
2.740593139227559,-0.3288744720604193,-2.7929665561637416,-0.21600142157311336,2.2800831421629497,-3.178264367458291,0.33396514967619034,low,0
-0.45549629888299936,0.15203439532067473,-0.5821460081686243,-0.15046814149498222,0.3578321470463408,1.8062340122132543,-0.6631645901261828,high,1
2.842325792194704,-0.08235574847321762,-1.838612604099896,-0.5329937194259537,1.6386034721565192,-2.1913916642760016,0.6399029571520845,low,0
0.9066117953874331,-0.057033388621419975,-2.007136176022276,-1.2847277664174672,0.6737668853533719,-2.0057493501277004,-0.3310243342080806,medium,0
3.8173042878427257,0.588525083795977,-2.4194612808727305,-0.2818448493970999,2.684568335260147,-1.1378381316598514,-0.6368764742064333,low,0
1.9222641288978268,-1.6236381830429851,-1.2250225935681902,1.5758758095019694,0.9911366358762684,-0.49059345768481255,-0.04779925038478981,high,1
-0.04890371360287582,1.4313374279690072,-2.211178146396149,1.0729296145073466,2.479754329472451,1.0513461657784082,-0.8533994740391114,medium,0
-1.2425200222161954,0.8424856857734363,-2.25525618656332,0.2921688282073261,0.8811590666796332,-0.12024283324833096,0.114845090277753,high,0
1.4403597028897328,1.6861349380264887,-1.7363848944806524,-1.1889411180533487,2.293482914682029,1.797334319064582,0.44176064964947936,low,0
0.4156045849308696,4.780234086993241,-1.9162336831140538,1.1942144830139918,-2.4231144588143616,3.822701410684648,1.3011020630240928,low,1
-1.1796935284039516,0.5125926548221045,0.4895463914012266,-0.011997344627723866,0.7151327386776927,1.6152369587001072,-0.9780230235225682,high,1
2.8094800121095584,-1.7808826443682846,-1.0189938156360236,-0.39167060950403243,-0.9361123077647913,0.12492528013227044,-1.8825207514674638,high,1
3.2434776777024594,-0.8697464122820016,-0.9953715961635041,-2.161303886302362,2.104103646293193,-1.6044792539632633,0.48253370982118504,low,0
-1.5427786664484375,-0.6056182907479842,-0.20728234429711878,1.3048347633193296,1.1308055954854417,0.22609423833036257,0.1351762413426691,very_high,0
1.5482218704435322,2.352038798744426,-1.2768847512092727,-0.13642215027761603,-1.211037607648867,3.1813256545730475,-0.7783085530065034,low,1
1.0895213821618275,0.29845783398617637,-2.1060915564234466,-0.09514812307732015,1.2733855244637566,-1.3586710312348163,-0.3884799067714809,low,0
0.10019390548694496,-0.36374154951270643,-1.633258767505233,0.5704860860796908,0.3662415025229029,-2.675039117542671,0.9944145282075845,medium,0
-3.04759492928624,2.3110853625662955,3.0371761818782086,1.5920248985760834,5.301546978078269,1.248664452173557,-0.5877379693198984,medium,1
-1.8345301678863404,-1.9974819143790716,0.5023027629045053,0.15763455844094396,-1.5289938698338612,0.6894206974667605,0.19495509241218734,very_high,1
-2.4828469479569932,-0.16065183580622275,0.34665566346030063,1.3755969643042085,0.6010207628246869,0.7367309188534408,-0.40409531183239966,very_high,1
3.0177563166083017,1.6488362200558913,0.2723061422533817,-1.070668371416597,-1.5619145856742558,2.8470604002526816,-0.5276537761783373,low,1
0.5644187769300615,3.088853308670203,-2.580508311865792,0.7811753362875992,-3.0523616242598486,2.1830942179392485,-0.2153882888600766,low,1
3.3484769476146337,-0.0676141510173781,-4.343956202257944,-1.0893426377121063,2.033058693999764,-3.935147763074601,1.1084446017228928,low,0
-0.7844955084955432,0.17997250792401576,-2.0186393051805482,-1.0469217501069061,0.4597538556625145,-1.3758603711056854,0.6779699708965284,high,0
1.71071761927009,1.2973168755888125,-2.1823424208491122,0.4547043964167744,1.0237036976502325,-0.14555727468247182,-0.06616593454643473,low,0
4.288334222470166,-2.5760599387309058,-1.764885199722952,0.24207067028796736,0.9721897616463799,-0.09529077390776775,-0.8509750806815649,high,0
-1.0798735209780677,-0.08724258054975349,2.5445883180609665,-1.1231950508753776,2.8722221643016956,1.7085196475488167,2.045654547677154,high,1
-2.437577786245795,0.5538433565956326,2.1442711620772434,-0.6583827179404454,4.017579034450987,1.2461164094746777,-0.5945036959490072,high,1
0.07093976053163176,-0.7586071327291892,-0.2058380854664823,-0.6723935843265022,2.25186334581217,0.11591718232874904,0.33649978882090087,high,0
-1.3997913343853972,-0.9261117651781525,3.402823459549022,0.20479787728191723,3.1380136910590686,1.8523332899529004,0.4091409227759939,very_high,1
-0.08823395351550967,1.5068611415628537,-3.4160894939354143,-0.42158231144029273,-3.8455601881128283,-1.2668431881740134,1.045056145231206,medium,1
0.42276154017318834,-1.460283498501634,-0.5648585418388996,-1.709226399202596,1.1516735156034086,-2.284055220046327,0.3916980160104727,high,0
1.931219833085127,3.1653194553752164,0.15217794349218083,0.1822802235378697,-0.5150425897972266,2.9209490902523987,-1.3141995296231093,low,1
-3.285277557333928,-0.48043314719422014,1.9066431804575517,-1.372409737561307,0.4587467905327809,0.3272447763971591,-0.3056324424067956,very_high,1
-2.280637296394618,2.5504138286943836,-0.034034193309934624,-0.3524537316377418,2.449823788554033,1.3698892842213353,2.148296863786959,medium,1
2.2729377262440638,-1.2282672585864223,-0.23492608136449555,-0.6257730437317763,0.8574211317599175,-2.929185610267532,0.22992434541793752,low,0
-0.5475786905452443,-3.0709775048741013,1.9891531895114185,-0.06433764737916652,-1.5184485180079865,1.8007198997532368,-0.4551717839537639,very_high,1
0.901966354142981,-0.3593806173466639,-2.6064554671736633,-1.972089026643818,2.53585763779701,2.3114688162922112,0.28802836830548917,high,0
-0.6685617933072274,2.546868303112479,-4.541545149627616,0.6884959745615665,-3.7397565505880603,0.3206826322653733,-0.23450753514589096,medium,1
2.06329640668112,-0.3115972290691142,-2.685036182677598,2.004423303675171,0.6667760770460482,-3.9550968794052457,-0.09731115070159116,low,0
3.685268404458254,0.7987293148577885,-1.3685639884664145,0.8301613723463044,3.15929645807398,0.40945169675819426,0.372842248655825,low,0
1.244127368061207,0.04088675070972537,-2.324068476936705,-1.4464982035406873,1.1141692949391393,2.1169487587718834,-0.46507594620100606,high,0
0.0724708214644656,2.475319165520685,-3.0471216664697707,-0.3043448710539514,-4.315602641748386,-0.763587164632114,-0.3129289671900141,low,1
-1.24452496828303,-0.47032425556303686,-0.8663498840343896,0.7152365838912327,-0.11304805151909236,-2.130670035045547,-0.3933511248228728,high,0
2.363275462556476,1.9583646354185624,0.10871794673217328,1.8115557731939131,0.14217000495729626,3.330748802901381,0.579076300875503,low,1
2.877769393561076,-2.0045569796523086,-3.698998162507017,-0.9026543599878197,1.8183417786196614,1.8936112502289353,2.6983288359370876,very_high,0
1.2934582435486273,0.4934679202392825,-2.0210515292754656,1.6165216545137489,-0.9975903930255091,0.7910797780524507,-0.6593241347771676,medium,1
-2.1182164784553574,-1.6312264993138428,2.5311717784787744,2.2143299425565965,-0.47248851122473345,1.362229739800765,-1.3477092303094034,very_high,1
3.1341840262493186,0.3118503403557124,-2.4599577810352398,0.24409844350238658,2.175015923674967,-1.6033260413368593,0.2739110868471789,low,0
-1.3740119170842646,3.35020068580681,0.5276152975940643,-0.28370672836473176,1.4222899594234037,2.1365654688405202,1.1904749851934822,low,1
1.1248879413150854,3.8685342462505643,-1.6560793286953421,0.2454986817943127,-2.2261187784076952,4.3786492480602694,-0.25518717151428366,low,1
3.6496737703538367,-0.7463055471251283,0.7138236461447725,0.12352920184109302,0.5211803509255097,0.04554075425717641,-0.21673178915646166,low,1
2.239352270177834,1.2309856611455878,-0.7785935567989356,-0.8577331766050195,-1.1857132947162612,1.6581659113130818,-0.38479202360407067,low,1
2.0940671116516136,-1.0477182730178844,-0.34594649445591497,1.542736367279776,2.047925246392175,-0.1731961414493033,0.24347507713677022,medium,0
0.3566392243673586,0.4937483024063155,-2.4652887696567545,1.2227117928319309,-1.3655316925405065,-1.6204070040454255,-1.66871386234613,medium,1
-0.025242291579804954,2.485040465306193,-3.357120334997954,1.0421905769830173,-2.27252350324793,0.9187601344121745,0.233285041087872,medium,1
-0.6035394291857166,0.405163643023205,1.066339568487674,-0.9880028180029409,2.0242009752476946,2.1613472129458406,-0.1471927507680115,high,1
0.6576763141916394,0.20816066557433568,-1.6187139749011386,-1.0777207457916016,2.0715049122764437,1.8772650568150548,0.3431585541974166,high,0
1.951889726597627,-1.6785674688364778,-1.9530902880623395,0.435546318992364,2.0842003147515404,2.881218795978445,0.16648527257714707,very_high,1
1.6533865573172672,0.26357795542301166,-1.3554327161010187,-0.9906232233772576,1.951807171734815,-0.21164131870121228,-0.34319156868671197,low,0
3.0852197684584937,-0.02798088310412693,-2.4095236109635576,1.4106923204208948,2.0412278921378233,-1.8132439038470707,-0.30971081180657256,low,0
-0.23065038610639865,-0.415970961153238,1.881961906480261,0.4131474759526224,1.7875519161982276,2.362374617224222,-0.23320849820639397,high,1
2.102290975546601,-1.4514212369081632,-2.717759973427081,-1.9899462698211248,2.0704557800680727,0.24058219584402307,0.33237683351960967,high,0
-1.5142551344320025,-0.48026750740777874,1.807176167429997,-0.0709053625273688,0.5829033347568363,1.3653832070446383,-0.33516697322638483,very_high,1
4.507853536991972,0.5753526223937597,2.0014021685212735,-0.422495895432434,1.349607221464391,5.042878495885736,1.0277187487795334,low,1
3.5794124779817356,0.45454084090910685,1.6176675810036034,1.900649041722087,1.161349325153373,1.8679790969367525,0.39329513816648076,low,1
2.7108304179100484,-2.5956301601973677,-2.3384051594200006,-0.24657105425957435,0.9670310496552903,2.278154104364425,0.7351321130540912,very_high,0
1.2229620904279639,0.128094521210698,-2.1253471513172055,0.4123559690859481,0.5663238631460803,-3.29368188166705,1.5761725277413785,low,0
1.4515372291719195,-2.5579105769114068,-1.6063240096177922,-0.6300484313483411,1.7833501272264904,-0.3783712505391943,-0.7341618661210141,very_high,0
1.0924812013699015,1.0399671610030778,-2.8470381736311623,-1.2931222504049704,1.9143595234921547,1.8667719314039284,0.08387250176093364,medium,0
2.774275338110158,-2.0090667099809782,-1.5154137731928639,1.4854773692725496,1.6447290693788135,2.407435498559617,-2.0474371857707503,very_high,0
3.661996904940081,-0.2793559518839059,0.11987236726882466,-1.5231724641738478,3.436297925217305,1.0821700874510127,-0.531411401138425,low,0
-1.296020361573299,-0.24803994458532286,0.7814763854159079,0.016374241931293703,1.3544999096857977,1.2937355984978294,-0.9869427365015568,very_high,1
2.0476714402633727,0.6085018346667803,-0.6851839746796351,-0.07686540700366203,-2.51997854522876,-1.096076200248183,1.3134731613252366,low,1
1.5594472551035223,0.3689434639666783,-4.104004123627082,-0.27464374936629743,0.6170440656479251,2.312319956216076,-0.4572185393191959,high,0
-1.018803036379957,0.6754282042678112,-2.5866434579880373,1.542547211374117,0.010730582137356448,-1.604934026362554,-1.419877164270929,medium,0
-0.3479319263696168,1.2337119958387466,-4.875895454775712,-1.369463774656058,-3.905542620548644,0.24812942393912651,1.764825883791736,high,1
1.9271554733222394,-1.465564506764709,1.0425254814143554,0.41870457829236835,0.34044152684060647,1.1799332072123794,-0.013973228476073308,high,0
2.640346415436836,0.5009927273748386,-0.9253813248820852,0.26841327369456214,-0.3359498077086651,2.4889292142100405,0.250951020712043,medium,1
3.133431549387984,-0.045981894958509364,-0.005076024069640583,-2.4581694305490185,-0.6781783522771845,1.270589705831533,-0.9807648436625377,medium,1
1.8030969779766994,-0.37234291902280264,-0.37265528796236014,0.8226824265741438,1.131200499297444,-1.744864405634759,0.33531725639730775,low,0
0.41239303962248997,-1.6760022679199584,-1.0097988018602675,0.22063080430716323,1.8713919484671724,-0.6456759003993024,-0.35208774745388094,high,0
-1.8818113952815063,1.1564282251104954,0.26171532473328196,-0.18354032201646558,3.00167094926091,1.3099186695975877,-0.1149509314918426,high,1
1.203507041686909,-1.4897960409625552,-0.44593243743029776,2.8652120230859626,-0.06927169975843661,0.1836478840714617,-0.9019926494431975,high,0
2.564917535188723,2.2449133804786015,0.4321882410787925,0.6400266183843293,-0.32435384837136105,3.660059097698886,0.35641258353437605,low,1
-2.5753923436336192,1.5744806061071777,1.2194453530321456,-0.13111133868048266,3.7025992903517086,1.423749538165264,-0.5775342640192128,high,1
1.399383296254998,-0.40434675958744715,-3.5937554771239406,1.50506203860833,1.6736372859273014,3.184537887099212,-1.0800026083821321,very_high,0
2.4636081168358723,1.0215316740805445,-2.4523990861824476,-1.0084330205311458,0.7988475461447634,-2.417068418166703,-1.5297489550040915,low,0
-3.5352505760075688,2.1726002367081523,2.233110389577752,0.4006416383398367,4.867972312977849,1.1905103067260323,-0.7880762539036712,medium,1
1.8583044496585066,-0.7259778484630222,-0.897759052332316,0.0021835908370359453,2.165223347329679,-1.7165011919828783,-1.3750852331670849,low,0
1.3376550320328864,2.906606161573598,-1.4000782800157645,0.5692893232700639,-1.0458395768286466,2.9794555054702565,0.07166855388024412,low,1
0.041073462430271546,3.1043007601423804,-3.178211117740034,0.02250038824543957,-2.6250206358914014,1.8337513255121918,0.7637997723632599,medium,1
-1.0874207591106018,-2.0233868541147504,0.8617677557993879,0.6037132405441962,0.2335771880485462,1.1457904536536923,1.401500346552158,very_high,1
-0.563408331770569,-2.2508066633604016,4.03745786040616,-0.8796436755512407,1.6795377852658975,1.9020014302405523,-0.8203284611324674,very_high,1
-0.7155428373714218,-0.9368910664760719,3.074211593740318,0.312865651490911,4.227733631989182,1.617092818862571,0.06573766004728737,high,1
1.2475353968604779,2.5161346927164256,-1.4460597706608191,1.0896295229091613,-1.4030570922210375,2.084368468731732,-0.35928530430641653,low,0
-1.777579693708167,-0.6418581664707399,-0.6593825844570742,0.613460165671837,0.5058264506866778,1.0187213510625401,-0.0325038930576894,very_high,1
0.5498937936685255,-3.9879337071233594,3.685687470578076,-0.45121882694387655,0.943745175789767,1.6357867397529255,-0.13080059372695568,very_high,1
-1.35006889546599,0.8998806031431532,-0.8257645955740551,-0.7506268219767557,-0.7465639795620818,-0.5743104353568224,-0.29954941119919215,high,0
-1.6538230469368989,0.4310891149249237,1.4540169366806923,1.4152045267018234,0.26431065198173465,1.3323467864806469,1.8418156093866072,high,1
-0.6977490076815741,-1.918807028954989,2.2804566084757396,-0.3248579264985461,-1.1289655250849746,1.8184931915599818,0.8596307868548461,very_high,1
2.355339479340585,0.6460573668916163,-1.126424718003873,-0.3410929321416082,1.4015910826282614,-0.8219486725459323,1.0219631550600035,low,0
1.7569705968348617,1.4810029518725147,-2.8093838636658672,0.18030505133750305,1.9273865486802768,0.8170810736110488,-0.9561357029585392,low,0
2.8850789787320257,0.38452816554426267,-3.1268753998457735,-1.4921020171453638,2.1622374022906876,-1.7783028471375713,1.295207072669644,low,0
-1.2069738481197436,1.1329649650562836,2.0067296438643223,-0.06744655855518213,1.3449996450522288,1.863870087709352,1.193611755172588,medium,1
0.903507959453325,0.6490645567959158,-2.6122130289300225,0.48473464796892385,0.7734248224462001,-1.8333517390167295,-0.3017984933962528,low,0
-0.38456868148918555,-0.029712819440598323,2.5341362917979975,-1.6032168466140961,1.8604078081435553,2.0544588081567396,-1.814883829481406,high,1
-1.8731880189652061,0.036933162245773914,1.4661125576921474,2.05451488940476,0.34669073100179504,1.3731495052515938,1.542806773769682,very_high,1
1.5189749631228364,2.284805133338953,-1.4310917448063991,0.6882597107724135,-1.5257209585865688,1.9610691318894107,0.5477389787375606,low,1
-0.8074741131463462,0.2979723385450029,3.2751274461386055,2.1934495502883857,3.960199205319421,2.4425538175871404,0.9557039711138672,high,1
0.31706202997060284,-2.9746901078544576,4.334363624849017,-0.21392646635116538,2.0818746659093836,2.411853270340817,-0.9769457393818821,very_high,1
-3.195595455527627,1.2908475528649628,0.7896032660935739,1.9358610256806046,2.110409008385064,0.5568646552281896,0.1358559015662905,high,1
-1.4264705878421422,-0.09982679363770022,-1.0431993795327683,0.2726335143194143,0.04524774117587271,-1.430580401302695,0.34222557942434556,high,0
1.586929931191144,1.167756304269163,-1.4903535519261957,-0.3199072780029138,-1.4358278563842868,0.8748406500669502,1.3908335481766434,medium,1
2.663116115766045,-0.8391555836470793,-0.9129828539474021,-1.8190510153025476,0.1891875907657945,1.7111584948274783,1.868527188073091,high,1
-4.195560531859742,2.9519169378548287,-1.5407299694574004,-0.11315849445608397,2.094466358133218,0.40527789912423207,-0.5552730880131715,high,1
1.9769374487459832,-1.6435128585132932,-0.6923340228173726,-1.8119893375620542,1.0791226426191067,0.926830348416693,-0.9506906934152551,high,0
-0.1887507184121615,1.487296356564862,-2.3758348178228563,1.0781253957947718,0.6318185779830531,0.12281592276226205,-0.08621709800745275,medium,0
2.8362352321706945,-0.9522887454278116,-1.9235150293943915,0.3999965529436064,1.2870076557504773,-3.805164093179602,0.16585902679867273,low,0
2.777848102304925,0.698189264152104,-2.6332564053231184,-0.1735444175613875,2.1210434456641725,-1.5074995617875695,0.4158027257204452,low,0
1.3286452912359528,1.081490542263427,-1.9484764014405602,-0.2673170231678089,-1.8832514995598109,0.9381524389889111,0.44841324947910954,medium,1
-1.8444076777596483,0.6371336656272585,0.062497992061727015,0.06323214651310118,-0.8805530171386677,1.4314370222113204,-0.27583995989645654,very_high,1
1.6906172029678794,1.235935224257211,-5.315172326805616,0.21907156253766866,1.2201537255183896,-2.9423189048415437,-0.47539224221454224,low,0
2.42601500394837,0.5671019456415541,-0.5942566418019914,0.002925966679437699,-0.5244246782910609,1.5055291041780015,0.1779083914116544,medium,1
3.569822348061734,-3.5684139865000413,-2.8821363221664864,-1.4241676001875991,-0.5674506843234961,3.3131164819844825,1.9116060670633217,very_high,0
0.9848995299640537,-2.1493060542115328,0.18797774008396928,1.101737861786209,1.6234934197308473,0.057114307152797084,0.49199348683649613,very_high,0
2.1669230133608264,-0.9834481385995761,1.0284513346217619,0.8571583884232884,1.8493459756660078,-1.3135780221835687,1.5246385964827562,low,0
2.3500132472074986,-1.5353023730183557,-3.50054769067406,0.4672522151827898,0.7903516689544392,3.1952975497405633,-0.5442961463142919,very_high,0
-0.30997882268903587,-1.5746288449903596,-0.4422907594255545,-0.972162217943325,-0.09789446099803722,-3.493202808659968,0.07957954655656065,high,0
-1.6299359097198207,1.1583655861776299,1.0391458942619591,-1.4972323944841732,3.209813729308162,1.3127949792488254,0.7265116223360603,medium,1
0.2905037357053364,-2.7139302961319296,4.500883173764581,-0.09390356871304721,1.4328171817754312,2.0043829054632463,1.163000969705304,very_high,1
-0.6043526469317891,-1.6203863271999892,1.3075274239634362,3.157771283044298,0.8477267999421026,1.693754438783832,0.9067872729323987,very_high,1
0.6907986475242069,3.5362888420355314,-1.9777845992838432,0.4508123363317998,-1.0313792054447573,4.117051732586166,0.20968606357448813,low,1
0.7793242770168545,-1.7260050974026548,-2.027600833617683,-0.17237495745366196,2.2118868985843827,1.790278126001268,0.7147317275176998,very_high,0
2.293893544460853,-3.4807768086440842,0.11188639018725932,1.6000978468204783,2.271991068686849,-0.8374308118471139,1.5283315634862455,very_high,0
0.22599495659194546,2.6004493639160535,-3.222014080249613,1.8486630689665502,-3.9655564392670084,1.355295503075135,-1.3076425810934404,medium,1
1.8989382989619403,1.0270159439351945,-1.7653933182905415,-0.8554826959255813,-1.690894440851535,2.859417495698469,-0.27362761039326816,medium,1
-0.0385579473795965,-0.6861854226096396,3.0140215864251805,0.23764265629995912,4.115729778518687,2.2341185913129453,-1.2107426266291645,high,1
1.8211723871274987,0.17964391718499326,-2.064395351889363,-1.572989257072861,2.9511889142504217,2.1761633471847164,-1.0525471918701104,medium,0
1.8546088216095014,-1.0075784802696957,0.9555884295629591,1.3576196330501393,1.5962748988953668,-1.4713183570068402,-0.1435815887121344,medium,0
-2.0897299852244413,1.111211433991206,0.20062257263451455,0.08486545836110417,0.8971866053994814,2.070839128511023,0.685619374218483,high,1
0.6088826710527873,-0.11132256215710577,-1.5326563111389606,1.2065357234543024,0.9001878325010841,-1.3978206013520802,0.2690526930157071,medium,0
-1.7830982564950846,2.9587609009372717,-0.059901291549000035,-0.34230484344914897,3.2274768290226143,2.334971493654948,0.902091311588268,medium,1
-0.22892122807936777,-0.7468605102946184,-0.4874444780352636,0.8639235499624459,1.7089518143483233,2.4557876908574015,0.7691357793100331,very_high,0
-1.2088616110332935,-0.5176202007656076,1.8274097195534051,-0.3207838618519991,1.1329561097792002,1.5819299018706474,-1.3620433708547575,very_high,1
2.7511373529833323,-0.9569775847617578,-2.910337174862258,0.9531762543293538,1.263715042869473,1.1705802996826993,0.7890752013999099,high,0
-0.3409963845239783,2.1352778260352334,-4.1922610807158325,0.21000830802258905,3.426196885813077,2.5572596302327555,0.6151639842785803,medium,0
2.4707533745438055,-1.093349816436743,-1.192787571735625,-1.3401248956547858,0.8412498503018501,3.284543741046905,-0.485678744575047,very_high,1
2.1739234226633144,2.050278847364054,-0.8074976012353697,1.4056475975079636,-1.0978961715723736,3.6343481704070086,0.20073854075838948,low,1
0.6427543343861499,3.4284570577423272,-3.2093478479752395,0.4575419340047812,-3.563214051196092,3.7048024135849738,0.4337476093485353,medium,1
2.3726266918307077,-0.7882929746176246,-3.0378246676511838,-1.8802884105687847,0.8231984200602893,1.0025070475219535,-1.025219085737433,high,0
1.7449366075483204,-1.4013272824501282,-2.1377775476137475,1.419035611367264,1.655476232212338,0.7853813687876081,0.29335203632298334,high,0
1.6621673838056459,0.4431870325927449,-2.0653103356285474,0.9537602558113537,1.157286377077634,-1.4135019336764354,2.171802667396602,low,0
2.1445434535603187,0.09510600450874572,-1.090075766993757,-0.7982060763581541,2.295278291131926,-0.393327754397804,1.0185374276503947,low,1
2.822159286281866,-2.5243046651585197,-0.5258276798277844,0.6506676287920862,-0.8091202190505059,-2.8139914834886595,0.4259109671014114,medium,1
2.4873601119376514,-0.009018615758037796,-0.5178781418105349,0.34562034465144587,-1.2975236488711452,0.2456133629417816,-0.062088698214287405,medium,1
-0.8658393325918513,0.42507320857161185,0.9211149852058395,-0.09872089445567296,-0.3580287279900143,1.8676190729709332,0.8264223241917663,high,1
3.0156308986693547,-0.1003490569294848,-0.1530688655439929,1.2891318354374448,0.4989669518859463,2.375265198168286,0.6564065654899721,medium,1
0.4406571345024677,-1.906288167594315,0.8296014279729977,-0.1332787152291555,1.5536746859148551,-1.3103521259634385,0.20548642756002017,high,0
-0.999633722731679,-0.7503995476417189,0.5717213820597048,1.6833145759275296,1.2611278352895723,1.502680516197216,0.3927683630511244,very_high,1
2.5602533826194143,-2.577972839254095,-1.8082446541498611,1.3610067047697736,-1.2139414270621867,-1.8937845780150684,0.0647913501233811,high,1
1.379148008299876,2.1602345483364296,-1.67394807297539,-0.2793502470569215,-0.910564141827682,3.5659932993977477,-0.37093110360766823,medium,1
2.543898194350748,1.0169726515050173,-0.49184025376048757,-0.19807363014936016,0.30467124373178356,2.3173235267028485,1.3006254010559588,low,1
1.7898474780496394,0.03323599806654927,-2.997006805190163,-0.09621226204057896,1.0216532612572045,-3.3387870144396024,0.25893042822568985,low,0
0.9119962096431474,-0.10910348829530261,-1.1563574165416388,-0.8022718339345204,2.2995609373234798,2.903354623776359,-0.5046337422892345,high,0
1.2590865933569673,-0.02668762597667077,0.01571522473857012,0.5586952829218191,1.8923899492994876,-0.018875349768623817,-0.40463852004094636,medium,0
2.921708867969358,-1.6035271380198624,-0.72149183589668,0.14111449670559295,0.013064042153910549,-0.13942740293146616,-1.5249849401440596,medium,1
-1.9259193672424266,0.7801630341146333,0.531769825734406,1.0579607138387925,1.2890235596505528,1.3620753664226746,0.08184433452953882,high,1
2.138177999045442,-1.7982301385699395,-1.9634869882360262,0.1652400500649252,-0.05563217925799724,3.7038427321480465,0.012521864329786338,very_high,0
0.7782428063456563,2.145703862090685,-2.492311245115232,0.599089759263809,-2.348206194367382,2.1144007341620545,0.17567371249177932,medium,1
1.0251336974971577,4.168936908276411,-1.4148271024956376,0.27403884064930323,0.5907776352930725,5.438440634037571,-0.265924194072433,low,1
-4.202990766908654,3.3420234157581827,0.538204718198575,-0.1554224325277597,2.6840991687068034,0.7562448377474615,-1.1557075749169152,medium,1
2.3335283134408744,0.20229270303873836,-3.304285420184553,0.12999822580159529,1.0365929870536277,-2.264358707418286,-1.0630362728537182,low,0
2.325403536873403,-2.5170495402547215,-2.057152809276109,-1.1941866514118442,2.2820854127911527,0.4886221956773118,-1.0126444414430895,very_high,0
1.9405491065305436,-3.622895158267396,-0.3184076567188294,-0.27595145169613816,0.1841559612174588,-0.41490474695603474,-0.3617238360933866,very_high,0
-2.614478532191465,2.5209937655608097,0.27655220141426273,-0.7865720915578501,4.093716479322648,1.1914561057830833,0.3323723332239848,medium,1
2.585410368974568,1.0972065911242654,-0.739016769223516,1.5891473016364572,-0.46052165843549187,3.2740047879794307,0.5011292760645764,medium,1
0.9531340889879092,-1.3533702979907887,-1.6743603180469784,-0.42369071691067595,1.6739633796692757,1.152724416947837,-0.48915617518421617,very_high,0
-0.06390543201803589,-1.4808267493298506,1.1415917657993964,-0.19334094967962276,1.3969390219673397,1.9307431214674373,0.8967973320332352,very_high,1
1.6011646043124588,2.0643931684583703,-1.9714071924996193,1.5193363510906441,-1.399242717657988,4.2592332249828715,0.11666175116950343,medium,1
0.30978538634891106,-0.5020315233908412,-0.8809944575536057,-0.922351329061918,1.4068247404431031,-0.2066361745345915,-0.8193868304987907,high,0
-1.320240723349156,-1.8771047865117734,1.7294395716792927,-2.5208470065727346,1.2349022690434965,1.0230578011531992,0.14880876167959034,very_high,1
-0.5025553730525694,1.8082795388343378,0.0790803020088704,-0.17464794568162792,3.6200115715205854,-0.9615035018697178,1.360168130828013,low,0
0.8046033420539431,1.3580279504666999,-2.254621455909689,-1.008106506760428,-2.1358136675775317,0.0030981809175405495,0.08497296263582721,medium,1
1.8299807809599795,-0.7805039308848337,-1.3589885907994699,-0.37598357935186616,1.8964109490291596,-1.8903047433908677,-0.5610891309809973,medium,0
-0.5113976129468427,2.573327022450137,-3.8435740905588,0.25200376120192847,-4.583265168692424,-1.1202915188989109,0.5990841852948223,low,1
1.5521974509316925,-0.4603475107848856,-1.687743211631522,-0.541473006507169,2.7708041698145363,-0.7100952420940959,-0.10200628012726169,medium,0
0.677403699798553,-0.6703506093715734,-0.4738744167479243,-1.5058324053306205,1.4519717351967276,-0.6657273556714846,-0.04991023304116202,medium,0
3.6554366773179767,-0.5316798559637618,0.5395119221615117,-1.89203357248567,0.04421197823974432,1.8138566130012461,-0.06213606646930852,medium,1
0.27873721273850105,2.2090711780657335,-2.358992959970282,1.1983685693734596,-2.3817280300245005,0.7356425600670955,0.014336422175760023,medium,1
-1.7622895739296032,0.6471105936439145,3.6694792461709573,0.4583890099570684,4.309654045789328,1.722856904862386,-1.1047746736415167,high,1
2.5317397362778453,0.3033343093597355,-2.8534178110533857,-0.115188328776479,1.4222781499336032,-2.1586170919421934,-1.1830855152497652,low,0
-1.5253601819542015,2.355342763156388,-0.3594963268496749,-0.4323011858095411,1.5443968144089169,1.637090223680877,0.23173094203039254,medium,1
0.17926517044083567,0.2285191346557303,-1.8149991780530144,-0.6110850624767177,1.571860876454771,-0.3361515640034751,-0.24072430398905076,medium,0
-1.7696246258078772,1.6443536197019193,0.7189748061717576,-1.2039136489663802,3.1487034670080245,1.7561347911982685,0.22525668198359955,medium,1
2.065522925655003,-0.26582653730141526,-0.932813853268696,-0.44890838731300636,1.3293717620048238,-2.657384502159582,-0.40611035702340326,low,0
3.458859094483001,-0.35766813555914406,-2.601748850172541,-0.4326595133965921,2.1353860295083744,-2.6219948218182294,0.3924560184705202,low,0
0.5311681165419838,-0.6133908793651581,0.6218135416429309,-0.5789517573489231,2.6734924540600407,-0.053188930776245646,-0.8963675478251808,medium,0
-1.1188526439609916,0.6089294676477196,-0.3316565667658109,-0.9820194972109048,0.4552024875672176,1.5304884889363304,-0.6867323955673516,high,1
2.34801674758191,0.020352149774428355,-0.41867155809645995,0.01342048538846011,-1.8667388337483657,-0.21161251178283869,-0.013283088959019524,medium,1
-1.362068190727728,1.7156673216681138,1.758206250741408,0.6792938199823493,2.8518162942172918,1.6900633395762572,-0.7101366068373821,medium,1
0.9157187656749866,-0.7145453393069804,-1.3851075225271556,-0.8358702556183059,1.126325664478485,-2.4358779651121583,-1.0958708107987174,medium,0
2.17207325654805,-0.8983880183943722,-1.5795137009238935,-0.7798066757376003,1.8903109190550498,-2.2011286862099384,0.9919263098869546,low,0
-0.39555760497710746,0.03566708071215571,-2.5235605002461394,0.9951676651586061,0.17205704367666796,-2.3236250071576294,0.9373674142536799,medium,0
1.7595346993401735,0.5736146465181129,-3.593073133596849,0.8369911546336737,2.3648847749259465,-1.0262356177853746,0.36849758683903877,low,0
2.609738044733981,1.5339192161663875,-0.010650620274348155,-0.17868088760798354,-1.3734597034059859,2.0415210254907437,0.7528910814937849,low,1
-0.5456216686886105,0.21801692086761326,1.8776618425055427,-0.8668845848834666,0.09710946159703915,1.729034508489505,-0.02968879028597843,high,1
0.8641253224838072,-0.8450456141583298,-0.9054419176408322,-1.2565653359454354,1.8278566208707505,-0.5389210912605149,1.2892030514068733,high,0
-3.0086931802473593,1.022850263810939,2.805344066872853,-0.5642898527190192,2.886881446757922,1.2140727412078467,-0.5927028229571065,high,1
0.16136256318269915,-1.248198366346608,-0.9857213760961305,0.32475823953354177,1.5948535670938313,0.8793693439377307,0.5805676870356148,very_high,0
0.970566475803349,2.6104372835588947,-2.403679224448287,1.316176081530022,-0.6314264071446001,4.646325888040375,-0.19856918688096045,medium,1
2.8973757510379454,-0.004182439413401423,-3.5438296454457014,0.9877285159245996,1.6121669261366378,-3.1233693469156827,-0.7756063614376031,low,0
2.412530544209098,-0.6953976629432788,-1.9424892087599441,-2.49116140815146,-1.530983155117819,1.5764552502158473,1.2167234924979469,high,1
2.136171352762962,1.6640962476690804,-1.4377539132909576,-0.705537947278461,-1.7407025008504227,3.822986504945023,-0.8460396726276345,medium,1
1.8515285268790034,-1.4454776207516105,-0.4698749710474035,-0.61836502004413,0.8492476257733147,0.21876021917473532,-0.7948936470016904,high,0
0.8527228404830915,-0.30374048231035794,-2.1000938925653996,-0.4486956826194842,0.9815965459931609,3.528472357214461,0.23425926445676556,very_high,0
3.0434156322027803,-0.7919466975522146,-0.19801535348806443,-1.3938176478742055,1.3130176985633355,2.045783463204522,0.18411939832816962,medium,1
