feature_0,feature_1,feature_2,feature_3,feature_4,feature_5,feature_6,feature_7,feature_8,target
0.30471707975443135,0.5530767870252449,-0.25795209324106383,0.9361131249297073,0.17627703572818604,0.8991234839991122,-1.4722706158336862,-0.2852981623875496,very_high,0
-1.0399841062404955,0.24891359867502955,-0.2994858907916149,-2.1721981398555887,0.06560014834259406,1.4673338120774801,-1.5759233581869183,-1.6900017679461332,very_high,1
0.7504511958064572,1.008668355954839,-0.6966599125054466,-0.5547926767916584,0.8658072149327748,-0.19325000683183333,0.4003944000457243,0.7452069776314066,low,0
0.9405647163912139,0.484453439248422,0.42848292865583376,-0.05461488085006111,-0.7068483750492992,0.1897261791986366,0.9040889598937201,-1.1659569263579848,medium,0
-1.9510351886538364,1.2177251874511363,0.23464618770475926,0.23048964342985517,-0.24423663170443868,0.4179591050427642,-0.008698370008834274,-0.5458835838028594,very_high,0
-1.302179506862318,0.9194236766469855,-1.590649698269418,-0.7264696045288699,-0.53925748162082,-0.29209636302145364,-1.5914976359196236,-0.7136258768458952,high,0
0.12784040316728537,1.5217004527369589,-1.6515259952393577,-1.8379614830549744,0.3206019563548599,0.5995169900657619,0.5509822859456703,2.087714036295154,low,1
-0.3162425923435822,0.35879608390625434,0.4246844532057544,-0.8010932923354382,-1.6194237434347885,-1.0505529960715239,-0.7036518358315914,-0.9743269366169109,high,1
-0.016801157504288795,0.9052594014939547,-0.8152864287945346,-0.7487579876196624,1.2526549055570213,1.5396590729699147,0.5043085018466044,2.1412722154540154,medium,0
-0.85304392757358,-0.3071270730857854,0.302041155100324,-0.7730934951550803,-1.6325190420024265,1.0531780678881695,-1.8385943917490626,-0.7550030226998042,high,1
0.8793979748628286,-0.6014608115590059,0.7809315781091883,0.9700585902076034,-0.10238148004878078,-0.1909527628715059,-1.180790032820006,-0.010802389433337011,very_high,1
0.7777919354289483,1.7067676404189733,-1.2709528374055592,-1.2136027781391423,0.01996791653601892,-0.8302258796410609,-1.2475384605973305,-0.8095945829555786,high,0
0.06603069756121605,0.21620467632268803,-1.411537254576185,0.30097927443815886,0.3436022623597101,-0.8005071005956687,-2.210759421982058,0.4200127636721649,low,0
1.1272412069680329,0.804880565862379,1.6744316823952952,0.15829703721791577,0.6890624790152835,-0.7561096421277498,-0.9879004536698087,0.15317190725958432,very_high,0
0.4675093422520456,0.12374001441139017,0.351570782962459,0.96045507747167,0.7490299911165732,0.1362192992058518,0.3588515363809683,-1.7511158614855973,low,1
-0.8592924628832382,-0.5865156509199643,-0.41924065667327093,-0.13313187173693122,-2.510928865047139,1.7298738945766226,1.5273860291557484,0.3928185262149098,high,0
0.36875078408249884,0.010982892582401323,-0.9339404526462636,0.7911309671975586,-1.5515900024975802,-0.21929996025069107,1.7923918784038924,0.1314159981957143,medium,0
-0.9588826008289989,1.4359940177677142,-0.5104408489072796,-0.17222013809409803,-1.7580706600036133,1.380305727730805,-0.07008380102765632,-1.7567338533628292,low,0
0.8784503013072725,0.555240074279424,-1.1905723361133103,0.4343925265848003,-1.2775380173581303,-0.13174352571197195,0.2073389696128186,-0.5032170642785246,very_high,0
-0.049925910986252896,-1.711473159730459,0.8834121740905903,-1.5029410872472406,0.07880224047244168,1.06231238527213,-0.3571940780807189,3.0453255920111455,medium,1
-0.18486236354526056,-0.2152444565761547,-0.7767511536063209,-2.6382780762911087,-0.9033299917558719,-1.0263005500957576,-0.21094072655430532,-1.7195360908657837,high,1
-0.6809295444039414,1.782293792704712,1.093534588216267,0.3775468535658534,-1.905303769564807,0.16167092405723113,-1.3512517440963532,-0.38129340738009276,high,1
1.2225413386740303,-0.21379686184995605,-0.40062891977001125,0.43118312603922965,2.3040376838763534,-1.078000520781157,-0.1503174494263918,-0.7237586747755422,low,0
-0.15452948206880215,-1.8004786917341806,-1.0433501836173147,0.4755023331518825,-0.7149733299695444,0.8240664756369391,-0.48805586423037967,2.249312698270855,high,0
-0.4283278221631072,1.8930488854225436,-0.4263015880138014,-0.5249325147546792,-1.0100106611740751,-0.3667051821450773,-0.8018469900399894,0.8000686529467138,low,1
-0.3521335504882296,0.6823925098127926,-2.624166777501417,1.4897222522103726,-1.3409513804358102,-0.5915461187491414,0.6829467931383254,1.2330602748227724,very_high,0
0.5323091855533487,-0.0700128588128004,-0.12076857667400692,-0.45987781573702197,0.5298015199475303,-0.08288953635802004,0.7946258123139927,-1.1445006174317105,low,1
0.36544406436407834,-0.37141773608206863,-0.17011919113015858,0.4208790196723695,0.436637577686489,-1.00567841714885,-0.06530673216548083,0.1196270158728145,high,1
0.4127326115959884,1.0823519297917354,0.8247427465479676,0.5946362250040785,0.937791538525052,0.8320751882917314,0.19500006716769022,-0.4420152804694056,high,1
0.43082100300788273,-0.5419834002261925,-1.8863049279833795,1.7187401597491105,-0.5962104166749215,-0.19642892200617093,2.6181734235804135,0.18218970088354047,high,0
2.1416476008704612,1.1482564245159883,1.1618663608635478,-0.31702961978983357,-0.7054806490303621,1.020073416429868,0.7602724226634243,0.7673525546550849,high,0
-0.4064150163846156,0.542195285724256,0.820599294997656,-0.6531929062291528,1.0341900957667707,1.2716851966347333,0.2830989193492951,-0.1146123590003228,very_high,0
-0.5122427290715373,0.24468192548734993,1.2520435636986627,-1.4981453844153232,-0.9041253065597437,-0.7179602806153267,-0.05330034288490133,-1.7413570684381454,very_high,1
-0.8137727282478777,0.14551480533559535,-0.05272137600413741,1.552367006662473,-0.9629138874658232,-0.47149102150175687,-0.2132795956797711,0.039286821570550176,medium,0
0.6159794225754956,-0.17496803671417813,1.0138968341027554,0.42141090704854006,-0.06737104723034884,-0.05962763239041407,-0.44703095762712625,-0.7731944576387653,very_high,1
1.1289722927208916,1.0456401202092658,-1.4712440349069051,0.4530611058943021,-2.104405702266703,-0.20571515900948276,-0.46889947188421555,0.4187914867264866,low,0
-0.11394745765487507,-0.8653428321018342,0.713047565204533,3.11670424132392,-0.49978534124360413,-0.10235973398975594,1.0700736103704593,0.33218496679542386,low,0
-0.840156476962528,-1.6219251268302093,-0.7711627620999453,0.3250447411862994,-0.4874767187206597,0.886051352660691,-1.2007748659230675,-0.07864426837237082,medium,0
-0.8244812156912396,0.6144401228924746,-1.6514018324229363,-1.3023214051000322,-0.3857830599207645,2.695751782798915,-0.41273145944754897,0.4497651593677976,low,0
0.6505927878247011,0.6312383280671477,-1.1241405181643607,-0.19590357499297611,0.5277479919994043,0.8707875968519352,-0.587964036746098,-0.054701815218532915,low,0
0.7432541712034423,0.4802411525117667,0.005531138629270573,-0.9747824088486532,-1.1444038120498916,1.0367954325002064,-0.5540009458836479,-2.41361232850807,very_high,1
0.543154268305195,0.4077283696180388,-0.8242992082176034,-0.3958683945827724,-0.8020953230626062,-0.24637304374803073,1.6409065054943148,-0.14174209418763992,medium,1
-0.6655097072886943,-0.32054037833754784,0.37607353169579993,-0.40258960275460726,-1.2281730445505332,-1.6348336996275665,-0.1663862645961283,0.3628097740748948,high,1
0.23216132306671977,0.7874827043855253,-1.8082375550040173,-0.5870243910670495,-0.4812610804692158,0.020257799346942336,-1.8372099953279672,0.4601670206954785,high,1
0.11668580914072822,-0.04555812675454088,-2.1270975436158617,-1.393282505355397,1.9736608941828575,0.007479646429047295,-0.942669352146079,-0.050723134088819094,medium,1
0.21868859672901295,-0.4871135608151781,1.372387434143576,1.5925016336722961,0.43470786877039785,0.026892061725186146,-1.2599467010526437,-1.6357432881940195,high,1
0.8714287779481898,-0.3118913122553999,0.9038001294014344,0.2988480444383938,1.383114541069239,0.07934788405171923,0.8132973539202071,1.0128091542036002,high,0
0.22359554877468227,2.020639698775832,-1.0492968359138075,-0.22547203470023827,-0.8144914878614082,0.19530808504556424,1.2070728876004806,0.5298905495999142,very_high,0
0.6789135630718949,-1.7349760820454327,-0.002999643470539514,0.757637829515743,-0.4625462416918259,-0.2023537597454822,-0.11872731090036714,-0.05133800253679587,very_high,0
0.06757906948889146,0.49978810429579884,1.0195070602013239,0.471067274849391,-2.3471737283381673,0.03053830458183765,-0.07949637569485415,-1.371501141444149,high,1
0.28911939868998415,-1.6791104276237172,0.41920060829060546,0.27569073274204753,-0.7245001919449245,-0.3570326493531597,1.8487819077540433,1.0099736495390559,high,0
0.6312882258385404,-0.10823333832297323,0.1482230961834784,0.6849980727668268,0.38077693464440415,-0.16468002244534266,1.9993772653701014,0.8021676314402391,low,1
-1.4571558198556664,-0.4336274851541877,1.095154081312597,0.13393474375865663,-1.400102278217654,0.5668380019892694,-0.05586912987844468,-1.4289381669461676,high,1
-0.31967121635730134,-2.085028296679878,-0.7307124752012204,0.6702214569915914,-0.2690271603115207,0.5306649255274699,0.4417402145809067,-0.6082640215438392,high,0
-0.4703726542927955,0.389037590433763,0.0311784486646287,0.7531123008777751,-0.4979050826348992,-0.4328818731809713,-0.532271406621378,1.1309744278062708,medium,1
-0.6388778482433419,-0.3800380621921959,-0.017848638292391635,0.16271873503280307,1.3724431805642519,1.78348487018686,-0.7387191368544488,-2.9209953146969334,very_high,0
-0.27514225122668373,-2.099206342561244,-0.27276204767104256,-0.22039449349611565,-0.3419718973601411,-0.8661864131319914,-0.5887181061529682,-0.4148138213660293,very_high,0
1.4949413112343959,0.8395680907742521,-0.3898055114207521,1.5303978014539088,0.1599112393175145,1.2835986301081355,0.4942201192784956,-0.3092307239504844,medium,0
-0.8658311156932432,1.435006177988935,0.07286823782849074,-0.4779015397734336,0.5616087507496011,0.8204256293327086,0.9967926857008693,-0.261538511375743,high,0
0.9682783545914808,1.490124342296572,0.03440749598552754,0.3913136004273458,0.5840404092553264,-0.38396502593686194,-1.1349400338027669,-0.8062710667021233,medium,0
-1.6828697716158048,0.35895644065147114,-1.0484276425345258,0.41390841073906653,0.662207139220301,1.2589774955721018,-1.3560472087346207,-0.5973450139299826,medium,0
-0.33488502998577485,0.04605813857711549,0.8017959099004475,-0.6095578522636356,0.7947170323066438,-0.5281105353885002,-0.4297323349474719,-1.411992577150224,high,1
0.1627530651050056,1.328156620895797,-0.9763852077662583,-0.8078223853114933,-0.16139907459655461,-0.6540450349795964,-0.25951322448209657,1.126995501931263,low,0
0.5862223313592781,1.6823835853400984,-0.2182334445471739,-0.353852020869851,-0.8416596311035961,1.252252447465621,0.07577482801885757,0.6697540967119173,high,0
0.711226579792855,1.133568702875625,-0.2952804727200515,-0.4922168531756078,-0.03533455229394842,-0.34829911914855655,0.8315580224838186,1.162336567811155,very_high,0
0.7933472351999252,-0.9415376022298011,0.35810361265921586,-1.4581305616388653,-1.1854716336476838,1.304911017844329,-0.35793525419764505,-0.7550295375448344,medium,1
-0.3487250722484376,0.2013448532149219,-2.119103940217333,-0.6514950825192756,0.831128435248732,0.5404641840280625,-0.25538641185426775,0.8376658668779747,high,1
-0.46235179266456716,0.4395161442914286,0.8909098149294582,0.26622298463456223,-0.5729714655393743,-0.7080352829584932,0.4102348444216199,-0.08251773581560166,low,1
0.8579758812571538,-1.8096169689172292,-0.6769903476121641,1.2659435841485986,0.8471614930695031,-0.4802750286244204,1.5921196479887945,-1.402989985154711,medium,1
-0.1913043248816149,0.4693606596207741,1.2199632947770542,0.5543913351736333,-0.6999776844392276,-0.9754225203773388,-0.48679071675837665,1.7705676090369815,high,1
-1.2756863233379219,2.272991825979389,-0.4781649245161544,-2.599534498370238,-0.7917080387974289,-1.828628410337405,-1.7213625463476863,-0.5364631441187353,medium,1
-1.1332872140034806,0.6399361658007914,-0.04884358573401051,0.6413037147573276,-0.22405070623448545,-2.2721838004358514,-0.0916815950465335,1.0277297751471077,very_high,0
-0.9194522860016113,1.4734130814417563,1.9137860400684237,-0.5581517858957178,-1.8944461479171393,-0.8013927592391555,-0.8542338609745351,0.14572142752565,low,1
0.49716074405376404,0.18291473012870507,-0.27733820879366844,0.453080074687763,1.6822632487266809,0.04352247168573978,-0.12314628929921174,1.5927137337827775,medium,1
0.14242573607056525,-0.07321832398382148,1.2388498846734588,-0.014135259210628073,0.40030340649868873,-0.7507982732920492,-1.3705020650543835,-0.6103616315042307,very_high,1
0.6904853540677682,0.3812713900809755,0.03904508556456009,-0.19268762608682777,0.6330209482869559,0.27453483711105,-0.9763733901851996,0.9112508009838458,low,0
-0.42725264633653426,-0.8158266479844326,0.4154188302934896,-0.10223572796214128,-1.5670564496823811,-0.5588871228816459,1.9544909119614478,1.8978942323926116,medium,0
0.15853969107671423,-0.9637751872343886,0.0699585894113745,-0.02242430826978004,-0.6741990181979842,-1.6403620405597799,0.07803072552008439,0.16201275198811943,very_high,1
0.6255903939673367,1.2663045571693656,0.8478516263001241,1.3444049720902438,0.910707513325164,-0.19742191766463293,0.5560278747595844,-0.7006388678465361,high,0
-0.3093465397202384,1.3723423428665182,-0.6855316128530513,-0.019660187085087422,-0.5072320781845587,0.4594585159669378,0.37850132528536523,0.06880362569506428,very_high,1
0.45677523755741145,-0.9911063155873504,-0.9840485230191854,1.0855361331812003,-1.5703990713606855,-1.06491621822094,-0.2700596735530343,-1.443263387673323,medium,0
-0.6619259410666513,0.9679988045538644,-0.6385761903770217,0.9399058658456572,-0.37463029507755025,1.3096837866666937,0.14253370229146237,1.029429576063878,high,0
-0.3630538465650718,-0.08695997560602091,0.09971037632409105,0.667045547583653,-0.5356672712320654,0.13371680774651215,0.7294263339321729,1.193401326442581,medium,1
-0.3817378939983291,0.33980857449043056,-0.22081878555032944,-1.7866188201296775,-1.647510643852944,-1.7178022574219018,-0.3264126101168869,-2.337901501147973,very_high,1
-1.1958396455890397,0.4602186394350634,0.7102748764711765,1.1166326561616067,0.5969332313997334,-0.6356670094972448,-1.1096475940087958,1.02811909597611,low,0
0.4869724807855818,0.9943504681243184,1.30473169982152,-0.45790129413558806,-1.0182267636010525,-0.7659459400266918,0.11408741457432525,0.6207974391473984,very_high,1
-0.46940234020272387,0.08271820186318887,-0.9758383372350086,0.7157272810747723,1.0449712989467017,0.0007737092347416462,1.0205219737563338,-0.6709996139763603,low,0
0.01249411872768743,1.410161995301936,-0.7339487916139326,-0.9725328332404135,-0.6711310717105081,-0.8062605142762874,-0.6319870717991768,-0.9593747292418892,medium,1
0.48074665890590895,0.30941283975992473,-1.436239418312854,-1.1850740433032558,0.620017214093578,1.7152571026625716,-1.7253464742590232,-1.2877346269007441,low,1
0.4465311760299441,0.6241842724695326,2.030372990759104,1.9763887368311992,0.7657418774365927,-0.2049474429730497,-0.7241092231036228,0.7167330077054214,very_high,1
0.6653851089727862,-0.8332625915372465,0.30466949912182684,-0.9569830668381143,-0.018759959423630203,-0.8162192266205438,0.27027956723539276,-0.23326820845256688,medium,1
-0.09848548450942361,2.158659010704834,0.47980232005157775,1.1461066390517474,-0.5124002186018363,0.9249832473220889,0.24988022632679388,1.0357008818896303,very_high,0
-0.42329831204415375,0.4698249232049664,-1.3402083850310482,0.11842032143652105,0.4589807688666407,-0.506477114885152,1.0403262322197848,0.4656647022783544,very_high,0
-0.07971821090639905,0.7129974253450992,-0.0011699890068746332,-0.4201200583601715,0.3101028884946864,0.6976880390140838,0.2904238912960317,-0.0990985918681181,medium,0
-1.6873344339580298,-1.6081858112115415,0.5092479844130853,-0.04482888433020653,0.29424384465856673,0.5211757518138552,1.154387899644425,0.3088505583037643,medium,0
-1.4471124724230873,-0.822702023079101,-0.252757690534425,-1.3010944965313112,-0.3268539965989834,-1.3229369429031808,1.6612138435723098,-0.5411736135208487,very_high,1
-1.3226996123544024,1.2378836879187305,1.0757056248263945,-0.013754379609230549,0.2765508574425336,0.3037318308394069,-0.11744787527233685,-0.7877988886266734,low,0
-0.9972468276014818,0.2868911182926047,2.3118311256428297,-1.0827403138959595,1.7284653888049368,0.11396107883724602,1.1252677461876508,1.384906937645251,medium,1
0.3997742267234366,-1.913779734828926,-0.9470628270939518,-0.39544379431398563,0.4235057659278442,0.045010775491347736,-1.1572138030168888,-0.18547997590425605,high,1
-0.9054790553600608,1.038289928983819,-1.0220872459766968,0.925299563969576,-0.4990292550108579,-0.32484319537186124,-0.1733668553856451,2.1115293313101033,low,0
-0.3781625540393897,-0.5437828043527234,-0.8777560655285767,0.2541906765576573,0.501643299027259,-0.25333907725216487,-0.6406549085024337,-0.27787570715626536,high,0
1.2992282977860654,1.411316985876712,1.6061991600164907,-1.4821704988805215,0.7245235940205608,0.18601712243475307,1.092741316456627,1.2688329951005763,very_high,0
-0.35626397106142593,-0.08783567860369966,1.0423553170296844,0.8514881269138698,-0.5461924511472189,0.4944415492128766,0.4992006591385695,-0.8156314336465517,low,1
0.7375155684670865,0.20470668602052994,-0.13552781779364848,-0.007099761909142564,-2.0227756213745556,0.06985549011215164,0.29803971486691816,-1.1817815776524143,very_high,1
-0.933617680009877,1.1789545785916484,0.03655966440087428,-0.5421852684093387,0.15221814929641217,1.3494526149153527,0.370535869983591,-1.0663335718791513,high,0
-0.20543755786763002,-0.8974929708546623,-0.8165436261967214,0.746676303908931,0.6701106948721014,-0.5476235858870058,-1.442092997309875,0.10029606430660626,low,0
-0.9500220549105812,-0.9928468078339396,0.8900271577431841,-0.16720683697700237,1.1208876630611317,-0.40717668042659255,1.7246011064932987,-2.1241586675188358,high,1
-0.3390330759005625,-0.19649842039810733,-0.3799018241085537,-1.1656613399057127,1.4293926401013202,-0.8903043158872967,-0.15920093562703552,-0.40303571436404395,low,0
0.8403081374573955,0.8271727996212221,-0.2600765394549993,1.8478097114496044,0.2446226411142813,-1.2954216009991038,-0.11096878133022564,0.5159942376845734,medium,0
-1.7273204231923487,-1.3308772526134907,0.6087897715292568,-0.017287442890987742,-1.0002041999857756,1.0301853986015017,0.73025696161685,-1.0411871713037413,low,1
0.43442364354585733,-1.6680345998890966,-0.18799493808322118,-0.08138520448221714,-0.9519244159938243,0.5452731654872153,0.27557289896254566,0.7900827124457142,medium,1
0.2377356023322779,0.8237209270437923,-0.2349659934978464,-0.40510517173058996,-0.9247342375001071,0.918846488414499,-0.553448513451164,0.18654805585397857,low,0
-0.5941499556967944,-0.6029783125670037,0.010575205529075074,1.1799657394575893,-0.5698104243227993,1.0093963209415133,-0.7162745666698576,0.8145038214514995,low,0
-1.4460578543884546,-0.3922260129202831,0.7953554137930766,-0.5248785081420402,-0.559391659643186,-0.17135464587813257,1.7425403033424056,-1.1690628800144518,high,0
0.07212950771386951,-1.8568104019401659,1.6464930754838332,-1.5449798588116046,1.0569317812487937,-0.7214896472442744,-0.3735239487726898,0.1416287738119035,low,1
-0.5294927090638024,-0.6789793143519821,0.585486232246082,-0.6786776618959786,-0.45510321186135666,1.276112040946416,0.5226548108644206,-0.1567512894832428,high,0
0.23267621135470395,-0.007567296631150636,0.803314223624267,1.3267746004547925,0.5809053655297716,0.7724101479101136,-0.5564141473791021,1.5347209432796696,very_high,1
0.02185214552344288,0.9303778576228922,-0.19985406210112439,0.8321321614571173,0.6772576303532128,-0.8429598658458911,-1.0202239067705932,-0.3266037965965932,high,0
1.6017788913209154,-0.7712301662346388,-0.707797863168717,-0.25501565265986115,-1.7684918655590522,0.4946931335452561,1.2874622638484718,0.5764741398308774,medium,1
-0.23935562747302427,1.6573761202324966,0.6539862322351151,1.3732551416404741,-0.7944033974004906,0.2998523441740787,-0.15330371533817977,0.44304117425590805,high,1
-1.023497492621865,-0.6845560241798007,0.17124082460057136,0.7479422288218825,1.091890528894662,-1.132123428929522,0.221618947849312,-0.3634750039613235,medium,0
0.17927563495631615,-0.6830918015851747,-1.4226286487497493,-0.2665893636346067,0.864408852668744,0.9731258730512434,1.3984436503836541,0.4255902503682677,medium,0
0.21999668397176517,1.5373575518978022,-0.32806962342559803,-0.16590985510107972,-0.25287846945038367,-1.7347550023946687,1.3397350448986038,-0.32189841378567,high,1
1.3591875752404365,0.21146015236391716,-0.08289702348155359,0.3293177319454342,0.6789965257424327,-1.2453155090501393,-0.9233463924596346,1.547019907055494,high,0
0.8351112459145785,-0.5520247290115766,-0.5104578670284787,-0.8318869496638158,-0.580585664298516,-0.12634701112754376,1.0862369048328389,0.9343144797343041,low,1
0.35687105914950934,-0.15513313118059344,1.4817355945421273,0.004505065509350931,1.6342838436718925,0.9661480309986796,-0.1524752493415862,-1.1917224430867204,very_high,1
1.4633028912195618,1.3530735775420593,0.47983903690221674,0.3085133646132903,0.4764275002946196,-1.4577983780777652,-0.23207807535837705,3.1261729427924885,high,0
-1.188763054322851,1.4662028196256818,1.3731749178886479,-1.6869662386085398,-0.7419705943356569,-1.0084966253066405,1.7720989834294196,0.847759489577688,very_high,1
-0.6397515327497477,-0.816793179270256,0.26342526165215957,-0.18932032256789785,0.24818528409215787,1.2540192353327866,-0.8483203895479107,0.16259098091505825,high,1
-0.9265759414055249,-0.042433810079108215,0.08138783642507771,-0.3030561853656883,1.3824469318752208,0.31884304014045534,-0.6255117417362148,0.06407383892037402,low,0
-0.38980980315576796,0.09015682766757308,-0.9365978176102492,1.0280680199603225,-2.3209687332702673,0.8313413701082871,-0.37474388630634403,-0.2614172989802677,very_high,0
-1.3766861475563088,-0.9862401105165975,0.01192953319656672,-1.844496993811034,1.397010385044599,0.534487954827583,1.9280728302178118,0.5026891340572774,high,1
0.6351509468144043,-0.05568505264999431,0.013053925675440194,-0.38150601970371084,0.24038882250459914,-1.2854955621336164,0.9559986056401223,-2.445466020015286,medium,0
-0.22222269709877338,0.005322860451700487,-1.3671138840342332,-0.4817546473645869,0.022930350567612473,-0.7897623234133629,-0.4517559230728214,1.8393755662272286,very_high,0
-1.4708062945026579,1.1402094789367356,-0.5395274697703949,0.9600709639216006,-0.6858276808067391,-0.46956651097237645,-1.2770039485518438,0.704993786006137,medium,0
-1.0155790812075416,1.207425028311201,-0.3232825985163624,-0.04354656936489266,-1.9664664708945478,0.10078359181005818,0.43897888360182563,0.9631409731750529,medium,0
0.3135138474501953,-0.32920939835900803,0.41347954405572146,1.7960946456523694,-0.3726711627863816,1.986264680489528,0.0065861560995518365,0.7195618315979349,medium,1
0.8381265678943811,-0.21395314386081168,0.46135011198570613,0.6622133819063865,0.6899096516358328,-1.455628992404098,-0.4620675457186336,-1.208274239426054,medium,1
1.9967308916917865,0.6642923020556356,-0.5813184819652049,-0.410222994189519,1.250470040231071,-0.6123258893036978,0.7182561254740842,1.5172651820570402,medium,0
2.9138624660073296,-0.5851884489270115,0.46886960254188487,0.23965869655895883,0.99376710505628,0.5310859581386753,0.1164369305835328,0.7503155893169294,very_high,1
0.4144094332759964,0.5886401517374027,-0.182078929348517,-0.3540688093694581,-0.6372689125085526,-0.9592009001760748,-1.0179145456553433,0.9944279697365547,very_high,0
-0.9895381200318641,-0.08790648736921473,-2.8696200248549566,0.8593960904904201,-0.5370369333339351,-2.136013549439347,-0.6747567399230857,0.5478541778069962,medium,0
-2.132046280731309,-0.9693985777386207,-0.4847020319515423,-1.332197713291012,0.18034774675536697,-0.5233444182755979,1.0140891247097645,0.3431918017546363,high,1
0.2677114623438358,-0.9568367128796466,1.0789886401423785,-0.8236959765713334,0.15906568302668153,0.5243681636108437,0.45857168818096145,-0.9280746281357819,high,1
-0.812941095310326,1.447058696031102,-1.6818057566276796,0.45568991855492125,0.7915081719465198,1.1551414661948438,0.4161071482837128,-0.9652505187315361,low,0
-0.41535726017968533,-0.1564214791432986,0.11269120041554022,1.225756448723621,-0.4351480812529309,0.18946390813652483,-0.12223610130759316,-1.1237320656309138,low,0
-0.6120967990598081,1.640354093898311,1.585261214185287,-2.201968596139199,-2.0985217749066836,-3.1194749238680104,-0.13178182295492516,2.3202303751428555,very_high,1
-0.14079088641638526,-0.5136362607149101,-0.7606129530104807,1.3744712159904158,-0.9782314121229713,0.1499032973906105,-1.4645795100501657,-1.312109530858121,low,0
1.0659802307876436,0.2912052011314934,0.002149080427685861,-0.14013512842800616,-0.22549868444183307,-0.18245961021197618,0.25270197080685886,0.6632163897042829,medium,1
0.15704856744534462,2.3926767230182415,-1.3040162572279212,-1.883874961937163,0.036201970662628064,-1.0938125066902094,-1.3444970242571812,-1.4989723460483098,high,0
-0.1586348370386883,-1.0573867446632792,1.627231141663572,-3.0017278418893385,-0.33790784808824337,-1.871120262824403,-0.06308895268360971,-1.2488213317860835,very_high,1
-1.0356537528258116,-1.8978144998997766,-0.08333262699661428,-1.5293860658082796,-0.5788217215868263,0.6815059858191213,1.0889630273849873,-0.9549284525570413,high,1
-1.674682944704357,1.2865901312872332,0.04662684279401815,-0.019704855845401752,0.5534679013881464,0.11554617241010676,0.3611007593098181,-1.3296293935591537,high,0
-0.4863079090733309,-0.8268091053930736,1.3543004655056223,-0.06589803780888462,-0.48616419417270906,0.3494512232841407,0.9199888455514643,0.6688085075182737,high,1
-0.05378255081832049,-0.020706364106233777,0.6614783946454811,0.6332004347093099,0.6421282961845167,0.6884110538887852,1.495501161383926,-0.03405069946277105,high,1
1.767929913579883,-0.5859182104515849,-0.8756287324967398,-0.5494871775609635,0.9320668089761116,-0.490387609763513,-1.3352674726779856,0.49323017458277063,medium,1
0.13027452147288585,0.2681627809553161,-0.6472779240873159,-1.108040546446171,-1.2075274117343677,0.5005419293798373,1.4311330150292483,-1.629742546289086,very_high,1
0.9827395110230576,-0.9505362071857422,0.49493130452329864,-0.413086387660893,-2.5370675157456817,-0.4002866301815139,1.8405159122425798,-0.3283240485128667,high,1
-0.49929559853915206,-0.1799400878833061,-0.62412105506294,0.033610286911577296,0.7628662007735552,-1.7164735140606524,0.07209480083975534,0.06421307196130824,very_high,0
-1.1849437664170246,0.4498153265565342,-2.117243312120527,0.23077279495527736,-1.2357408309978233,-0.38153931645012157,-0.9283557908236156,-1.0344118036913794,very_high,0
-0.9651167622323719,-1.008308886274262,-0.05324079863907779,-0.7891646992724058,0.02665150200081768,-0.5555671964265207,-0.5178459011425355,-0.563227076945396,medium,1
-0.7252260645357532,-0.7000840296458889,-1.4802126611248094,0.9014467003353596,-1.2644453442892645,-0.25872954256520014,-0.3592066916521446,-0.7577967064033425,high,0
2.1284697324351645,-0.3473828335985318,1.616281753563726,-0.6213967717240335,0.2398894801181584,-0.5566472142917076,-0.14413415076625494,2.158623726900857,very_high,1
-0.8213866792243861,-1.4288154342262782,0.1767876377631527,-0.8697173623249038,-1.0540901901297357,-0.9144475665885586,-1.0594032769919965,1.0570539399722392,medium,1
0.838489203736345,-0.4225609827987464,-0.9051750567435755,-0.5423915094682898,0.23967424359629974,1.9969673332808837,-0.010464794310462442,0.7062487217573207,high,0
-0.9029271780870264,0.11879653990290184,-0.6986324146624537,1.0748401757026071,-0.5882173516959495,1.059161731741859,-0.8497008091001859,1.3398797864441758,medium,0
0.9315730128742441,-0.39954894158842846,-1.8893975878739204,-0.13279645294065934,-0.4779677205360946,-1.0884878236267916,-0.924259410816647,-0.42676432232853545,low,0
0.38495096610586316,-0.27137649293172456,-1.0994618867805037,-0.6945135030697719,-0.2333323411755965,-0.5079742372415168,0.790011098611832,0.4229807383568256,low,0
-0.1566378976580904,-0.019901670906585355,1.0163232025406992,0.9261077504485437,-0.4585507594259069,-0.23461803852089771,1.485956554475849,-0.8223046804564419,low,0
-0.040762526135434025,-0.655743462432314,2.2317861454923915,2.1427485399487463,-1.1285841516171509,-1.4820394794361849,0.3070036236254948,0.20290333107320993,very_high,0
-0.6547876954293904,0.6910625658668772,0.7263965131989585,0.2096826343089477,1.0414090077269296,2.397116714531808,-0.07387276754109584,-0.26052956379620706,low,1
0.44607220148208054,1.4359781248017758,-0.09204253862102917,1.2338424608654335,0.6965781674763256,0.11853424144633881,0.6512663050106834,-1.1391242192384,high,0
-0.45498348034078,-0.46438039219544847,-0.4319593756539166,1.0360779505747895,0.2051996179539418,0.13903503989368673,-0.683265908190524,1.1893246485533984,very_high,0
-1.2256057637672482,0.4851982314777071,-0.9564958135763623,-0.605639751658333,-1.1103440262976154,0.720443979592958,-2.877850151340389,0.6686099494824584,low,0
-1.2779375743196193,-0.23961715543464693,2.0597658993397405,0.02663418047623251,-0.524967347899258,-1.3130246617542505,-0.21561149494939602,0.8387936983678286,low,1
0.17258791772211948,0.3654873450385047,-0.1887487018643749,-1.2825446297039873,-0.35947968951563886,-0.5133687688160568,1.5810486838718745,0.43176100785028515,low,0
1.579091256410435,1.5657795312032543,2.1156298300625043,-0.20494226636163507,-0.47129437903039967,1.5561042383855315,0.7143653167740243,-0.9182334624054216,medium,0
0.15999161357343825,0.5086595430180988,1.393519509610061,-0.626190369125724,-0.23510914840814795,-0.5379819271558055,-1.7102121563216897,-0.6776217153899684,very_high,1
-0.11863832610988256,-1.7734145388096807,-1.7407964313462736,-0.40288595717563497,-0.3811444870611752,-0.10325363046091905,0.14052564685357408,2.218141394712126,high,0
0.2858261396025429,0.4539956314469589,-0.6659523957592918,-0.7498950313803366,1.0939453535835113,-0.5981801720511966,-0.2593992605024914,0.012552723110285054,low,1
1.3060017417068248,1.2328637433090093,-0.6690451241738223,-0.28709680819556727,-0.20371778060295764,0.8880509358132697,-0.8003645610918834,8.903096363832074e-05,very_high,0
0.21938250136385634,-0.2215961699981027,-0.07984636410573946,0.5322326862649144,-0.8244660488127444,1.095413792614956,0.0728834797113227,-0.16512256333928968,low,0
-0.41092723083373717,0.9956348061178324,-0.060314253113753484,-0.11949191043999567,-0.3736124420134736,0.371592416145303,1.7453450188024677,0.5678891541116129,very_high,1
1.1062887100598888,-0.690115541151946,2.996239095398143,-1.8643731977553857,-1.2091045736219388,-0.12682249565295442,1.2207464423288639,-0.8877335503999231,very_high,1
0.4287564384616135,-1.4855391595222738,-1.0772278744747588,-0.7461205648984861,0.733317864600333,0.27472364844982017,-0.3287026251359748,-0.9862951545724351,very_high,1
1.535755991995992,0.14116901883264016,0.22896993566438997,-1.5193993525582523,0.6318625177240305,0.3406161246754489,-0.4128497482022511,0.03787162958997776,high,1
0.18323443722190613,-1.7564767207463141,0.6165077424678032,0.24406022598176774,0.39987568473357277,0.7343402884719342,-0.7824715258550916,-1.4665969654870044,high,1
-1.2244690317205003,-0.23977101289359176,-0.0015720044691961827,0.5033173640541875,-1.7472173373247617,-0.3236609949936378,-0.5091898301117628,0.4917481922016692,very_high,0
-1.368159199245665,1.286842262645503,0.11018057778135802,0.25654822185416504,-1.944590623903561,2.274185030318401,-0.23307515911902602,0.34780868217258,low,0
1.6509279322312496,-1.9097629057462808,-1.0448088943065872,-0.7874043932993874,0.9968715702263206,0.04147253635172418,-0.061467411188287,-1.9373851149029537,high,1
1.723665720783297,-1.2794967959138979,0.10648619460268177,0.2468539291312162,0.8458283238165741,-0.2362786354831887,1.1741993456441506,1.1328951718913625,medium,1
-0.17951921328260065,-1.0320322451615775,0.5113989961743719,-0.47011425576887506,1.5951138587973928,0.04529496432508237,0.049745250787830674,0.0989812226027311,high,1
-0.38318732113598775,-0.06331985971095996,0.3276005842711286,-1.1382254497502524,-2.6301333566585083,-0.18550639818972076,-1.3639464716624543,1.6263357022156766,very_high,0
1.4614442922422022,-0.36571678564620924,0.5702009039120914,0.7419299197089303,0.8519383324555878,-0.23846743733888845,-1.0080149366036986,-0.6575810012756048,very_high,1
-1.107045682043488,1.3991363816960873,1.412607900636232,0.8180277537237719,-0.6921973865199604,-2.3555953543860637,1.0301655084853936,1.5005031136178935,very_high,0
-0.8947270189558264,0.9543483290916974,0.9369665419143417,0.948895481083506,1.0383480042493285,1.2015196772347811,0.05293407405354185,-2.076295623491663,high,1
0.6433267946890444,0.49527294606859795,0.07129461349743696,-0.6083486000324562,0.621572772419417,-0.13527005656625035,-0.18083611873961508,-0.9641180390183223,low,0
-0.3946051228595896,0.14563031434388482,-1.171758351883278,1.1793623126930788,1.8381485147660699,1.8743463698801421,-0.0026471312461035243,0.28152360509292695,low,0
-0.005121866720071296,0.3932297769848273,-0.6000052747111194,-0.4935822513280676,0.6425748499394539,1.7596491716141998,-1.5292307799446934,0.4638832997023938,high,0
-0.16344289852451258,-0.861982355313375,-0.21963115191741533,0.653501321538513,0.5276065148892575,1.6428176678484692,2.0360182121711525,-0.23348367787266236,high,0
0.33757454879893356,0.8572103535566122,0.25234583134144734,-0.5109126617666753,0.08423370572605937,-0.6321152929396958,0.27081415688101457,0.671499528500248,high,0
1.4074818613137168,-1.112044254359201,-0.4783327614993951,-0.22398216374577085,-0.8811812094861174,-0.4635606398556775,-0.4559074201746574,-0.8424439549307043,high,1
0.09058490690174555,0.8353769939022309,-0.9357331991843516,-2.4211778573891896,0.4181120962930776,0.9795176008871962,-0.8576223481606312,-0.5774786862287933,very_high,1
0.6439387932768579,1.186142502118831,-1.188198689120337,-0.30191321441691565,-0.1644958640729202,0.03013102925163394,-0.17510372139564934,1.1330308187216436,very_high,0
-2.0501721010310225,0.2108646020880872,-1.651177759055531,0.09108996678502743,1.113208100588848,0.026567611357547892,-0.8724359774890017,1.9252130777592544,very_high,0
-0.04871840193011795,-0.17621305896197587,-0.23495070377456886,-0.41004961736383877,-0.45665898139238964,1.423818846944411,-0.5356089152590949,1.4107034031886563,very_high,0
-0.8432302702928711,0.4003099083096733,-1.469665442070305,1.7561880680851394,-0.9214827716810559,0.5817583030209609,0.7821907039613288,2.614909199586332,low,0
-1.218813060423628,-2.861518370100673,-1.0005256841573922,-1.1624660853252764,1.432543276993829,0.017346018033554168,-1.2413641835805693,-0.11998716983428719,high,0
-0.8781523669287508,0.30225821848546125,-0.3939018728443025,-0.5635812371039258,-1.058890193115289,0.31217361885152944,0.9578092554985818,0.23820065406201246,medium,1
-0.33412344070081207,-0.11335399783980703,-1.3359173093914338,-0.9048726099858533,-0.148472068406966,-0.0045433567934511625,0.21732162748104863,1.1098307622400312,high,0
0.9159025423560131,-0.05062811305699102,0.37975218849869696,-0.5637769789954712,-1.4026966286297105,-0.5623210719886914,0.16602105089663668,1.1241244849541139,very_high,1
-1.326392717739564,0.7065325128978275,0.7402230636056872,1.031413062940705,1.7746853415874553,0.13061439757930482,0.7633091755024936,-1.4544615344029694,high,0
0.030631492594417446,-0.07476892156472781,-0.5494270197753985,1.4780317943269636,-1.0752641014608617,-0.06253919575474984,3.0298383888721423,0.3035542361904297,low,1
-0.4841694333335785,-1.140206856651158,-0.43702730761000175,-0.7007926109189417,0.4077890059579054,-0.5170751865893547,-0.9607441131575513,2.1031395333905007,very_high,0
-0.32767309436196085,-0.14140267082537805,0.5374297701390774,-0.7230075427232033,0.34553662499574495,-0.39182329024754126,-0.3107894829721992,1.5424818668441505,high,1
1.0027578253046041,0.06755548408082447,-0.713995097234679,-1.157128648593915,-3.0828051429488132,2.420938515658837,0.18306235697228504,0.34336900573481693,very_high,0
0.5381154370039261,0.11493391158101274,-0.7827339115972951,1.3062853865193034,0.46540282731158683,0.7469086177168098,-0.4237234673649248,-1.2297953239663866,high,0
1.3373981074427437,0.16191936728506806,1.1964984781862904,1.1210044069163025,1.43161465227459,-0.6478025583831176,-0.7280239948197764,1.2210192603799375,medium,0
-0.15450567924990047,1.0393690449185533,0.8841877387127871,-0.10598179998878679,-0.410559913834402,-0.3731442729462419,-0.06498098099047911,-1.5736380959020388,medium,0
-0.695942611670703,-1.0860345530341475,0.6015500023439195,-1.39609919630688,0.23036801913972194,0.2232379361748293,1.1579930525795872,1.8393922221948047,very_high,1
-0.22385881688049952,0.17570045616484992,0.9256446213940929,-1.306662565456252,0.9146523840739345,-0.1487345907672074,-0.62306906995688,0.017878432508401983,high,1
0.2424967912712216,1.289929698618241,-1.977278725367363,0.1706294503845932,0.8219377982456677,0.6230857335158502,-0.12117547137605256,0.7868622398422616,very_high,0
0.17657335845371103,-1.7346114969371953,1.3538355467931074,0.5493379184464988,0.8801603840675414,-0.03201305516339899,-0.8338486925060067,-0.8575674293881075,low,1
-1.0843880722333665,0.17964668078005355,0.3920621165837422,-2.0661448050211484,0.2570751986749299,0.5198037535556334,-1.41453231794403,-0.5039951083635509,high,1
0.09048978162787422,-0.5853785019730434,1.010781384005735,-0.3213099105378827,-0.8996799100976025,0.43390415305960467,-0.30742829091656576,-0.7234202716692567,high,1
0.22822833013890514,-0.37071038447310495,0.3871617791163626,1.6182958895573838,0.3922803295791006,-0.8485289142699277,-0.24261237981404754,0.46767837730710793,low,1
2.5174740375339204,-0.904807503214422,0.048924824680156194,-0.21750920663028547,-1.6577568404239018,-1.5365738456897544,-0.4180508640569697,-1.3184182763051384,medium,1
1.8768446112816701,-0.16955071570044408,-0.2753092123620546,1.489638090790624,1.664942851172679,-1.3785983876886816,-0.2826048514777008,2.1323045542713843,high,0
-0.8532433505588201,1.8412556144269043,0.36714437688620544,0.6490461289556837,-0.3677232874755995,-0.15688263451923834,0.4293625083932779,1.6957719306274401,medium,0
-0.2873833615491761,-1.2644303611772136,-0.3117479089045521,-1.0842796008353577,-0.7576102828882827,-1.3788087327802274,0.10309603250980404,-1.4056873698179129,medium,0
-1.4634420018370031,-1.1696100024788274,0.8678761000651124,-0.292671293351856,-0.9086834411103524,1.0741235102341058,-0.5083963873668058,0.39693032800561595,low,1
-0.5907070139634865,-1.3019345701635046,-1.5864566445522004,-0.1286942385447029,0.13150695445284558,-1.2031603058607487,-0.4256484999298592,2.211202574256224,very_high,0
0.3156050035903405,1.727418286628101,-0.5415758617942777,-0.9525115680935066,-0.1284125828313069,3.1989419097831964,-0.9151746903733177,1.1652163820753614,low,0
1.2058536208882336,-0.46233970552128695,2.0448232484766464,-0.9698680228109412,-0.2439227576479475,-1.3477897501805605,0.2572759150908748,0.05597025357875674,medium,1
-0.7290838377436085,-0.025639060347674214,-0.6260804635723924,1.5067685921185607,1.0920570251263066,-0.5670989730027903,0.32685174780732407,0.8205549402713387,low,0
-0.6541464400677965,-0.4027829411062397,-0.23868372306347801,-0.9773606196929516,-0.7484143416743837,0.05386096731583391,0.6301534194283186,1.4212377659215332,medium,1
-2.147289029738655,-0.9444228784030915,-0.8825809333500763,1.0784360764086802,-0.3164710426498841,-0.8725960302136638,0.3299840921770333,-0.2971175736980916,medium,0
-0.16266592054490767,-0.2351506466144354,0.3358456728858239,-0.4364844783650164,-0.09388850588850835,0.5516280620903391,-0.563730553179261,-0.7721580889089049,high,0
-1.062414411859563,2.45824360573656,-0.7362648901421949,-0.025639329883172433,-3.025724901882585,-0.6036781736616855,-1.151309499407364,1.2032582230167888,medium,0
-0.5294394273660737,1.392070920974255,-0.1856109348070501,0.5618444182385726,-0.5607161152672309,-0.04862248525327392,-0.5953724284649136,-0.4026481581535347,high,0
-0.8768607781675882,-0.8529378177922723,0.8488665360350706,-0.5985586729046787,-0.4220404345062681,-0.429217452272037,-1.0101576737113087,-1.1537837405205311,high,1
-0.09426255425255699,0.6475741030616857,-0.6987634188148159,0.5679043134945333,0.3066005097858225,-1.4281566437839497,0.7599414153808475,0.7640476398247473,very_high,0
-1.7577283913566313,-0.8315227726663764,0.7886111192652209,-2.046429699548382,0.29988908474059767,0.6370821002889959,2.185025844578322,-0.3015216008772933,low,1
-1.4670452453909906,-1.7763676388462208,0.8222293155603565,0.43970738841463686,-1.5340598832214616,1.7556739302323163,1.7687872586986573,-0.9245997419342306,low,0
2.129247112028298,1.0195109176646295,1.0549560947192937,-2.468530124571636,-0.32399103753117203,1.2242568721459834,-1.2873021984803101,-1.9666195248888751,very_high,0
-1.287422581274031,1.1600928466435507,0.14054099491804029,-0.2268467266984575,0.31237328692007543,0.45441330591856066,-0.20510600519999317,0.46578492371802366,low,1
-1.0967855784546396,1.0460522510478993,3.2412590769767857,0.8542429853184914,-0.8409205668602298,0.10515788452260533,-2.270890892900242,-0.30251761381422915,medium,1
1.836913528321314,-0.46986524921957273,1.054533696542082,0.6222953060583759,-0.3026902319503614,-0.5510818078209812,-0.9958919258744972,-1.8220318502709199,high,1
2.905067169240407,-0.16677573400198623,0.32487762440682655,-1.298410478961941,-0.30012398679624325,-1.3752815465686778,0.06253341283377067,-0.2949501950727061,medium,1
-1.1715666288253417,0.7497655536581233,-0.8759244140817352,-1.169664396093517,-2.1568948868074505,0.682767512307893,-1.2330510401091301,0.06327025484124159,low,1
-0.36824895678803055,0.3914960373481072,-0.09705912587414098,-0.6886720403226348,-0.3887265175479852,1.152292491749911,0.5316182008033739,1.1300399462894701,high,1
0.34155555094050954,-0.3936374712970443,1.426326976900034,0.18621586235813473,0.3961435843407805,-1.7811390002261778,-0.31752499386655414,-0.22490893184860827,very_high,1
1.7286976444055924,-1.6190718201181646,1.7095346156262687,-2.0319331900437034,-0.5062293279069283,0.26485950905612243,0.22575734308475232,1.1576751602807274,medium,1
-0.9868570784282374,0.11387519414201226,1.4783291004402292,-0.013223575848558187,0.8277869486931466,-1.7048651341375245,-1.6140194329439417,-2.2833443446245267,very_high,1
-0.24527784594210975,1.0790096392361133,0.7851923067296196,0.31142937380006447,0.6736669377887359,0.8968275738992822,-0.677361835706193,-0.5635476575346662,medium,1
0.777337576061744,-1.1975882890341571,-1.255660206295572,-0.2830371808709837,1.4436993029476561,1.693828127622051,0.7938084898413628,0.33101972480350106,very_high,0
0.43476607446661863,0.638759381675977,0.4871618178256701,0.5253209680530518,-0.2558424571495584,-0.3909415304822949,-0.12902212061381108,-0.9787143694195778,medium,1
-0.37615607123009925,0.33154169513369264,-1.2414023780529977,0.22372415832620401,-1.1174080437839402,1.0250078188995784,0.5436873910330179,1.4295623975478253,low,0
-0.13382296451604114,0.7501482632323336,-1.4874711933807585,-0.5416542593988953,1.9016969469220728,-1.5724754137934402,-1.1983080750832058,-0.6208215468630901,very_high,0
-1.3748958083699818,0.8719754997190072,0.23915868457723857,-1.9361893602594902,0.2255734972285734,-0.2438292505215718,-0.7926274346451605,-1.3759351506606998,very_high,0
-0.23817374397466523,-0.694465241925353,0.5231994472697504,0.13341308157082288,0.7986392610486397,1.3524503770923502,0.39681812698112423,-2.642102458555535,low,1
-0.2663874900089551,-1.616959400164946,0.9033770984808047,-0.9530753652299778,0.4648713058467087,-0.36971702523602007,-0.5588419669281268,-1.1032267648895286,very_high,0
0.23216988962625595,-0.5335195256828793,0.49713624038609394,-0.5783426248615452,0.4561926374143078,0.5011912229081226,-0.6336022487850572,0.17628775889980952,low,1
-0.555327218819016,0.8891273175270074,0.5315859857427483,0.47912421796308585,-0.12982798084619354,-2.527929578593109,-1.568116139134555,-0.32231184425201137,very_high,1
0.471538522545139,-0.542003903525971,-0.9846525849923764,1.4173333834343511,-1.8007430734248644,-1.2435805925398629,0.21677479669281008,1.769422906014603,high,0
1.0127158178198286,-0.6940433238576419,-0.10497668468466637,-0.038060123442009,0.7021418523041564,-0.33760375067647724,-0.5106215889393767,0.08218435206775646,medium,0
0.15542932766846604,-1.8213503419246384,-1.5071167856344878,0.5540648364458706,0.7242693387177451,-1.606271898945584,0.8899870325668338,0.03931301230275213,medium,0
0.35175640839920347,1.752647554550939,-2.0033691294001956,-1.4444793411528907,-1.6429845601864217,-0.9797886719978697,1.1986514731331785,-0.2085989980333654,high,0
0.053155347577867364,0.8257136414253099,0.7406427098430741,0.2455235809950345,-0.8795320133153465,-0.029054636225450865,-1.3721520481199794,0.09988225428788719,high,0
8.439309141418043e-05,0.7698959812747644,-0.7531243937909587,-0.059905937677162444,0.3206147271850177,-0.9035848304901618,-0.3420509841005016,0.5371941459816314,medium,0
-0.7215580335428474,0.9677253867794737,0.8724985021430535,1.2292275806261819,-0.28730538234011005,1.9034676086255564,-0.9509891188661246,1.0804184680889826,low,1
0.316494261673308,0.5767083615434017,1.1083475778800387,-0.5404584760287566,0.6547810857714145,0.7081525581239733,-0.5103651550570457,-1.2174768528621063,low,1
-0.09728659841348947,-0.24432885517952907,-0.6193173246231977,-0.24163761716237078,-0.6151135089253357,0.5262186479523238,-1.0776281570995785,0.09694858092372802,low,1
2.093168308930595,-0.16376410412220166,0.5903110945552991,1.0588144671327948,-0.233888192103964,-1.1470439041987308,-0.0779805018944271,-0.501079469607532,low,1
1.5733549024752425,-0.4275643645921248,-0.6611567286136416,-0.09203379239464947,-0.6588734778889406,-0.9341568622419931,-1.3139247002374128,1.0827458252894175,medium,0
0.3858465525565008,2.634740754415,-1.845878874626824,-1.1088413812872686,-2.2022254490736652,-0.6232808075946856,0.9147117138182644,-0.7613586332573764,very_high,0
-0.7630572096947675,0.5559120312994426,0.1233094044424584,2.551633273290123,-0.8566620549615891,0.5034080558164551,1.0366385845910118,0.4501939723114331,low,0
-1.112411471983418,-0.46380044135143456,-0.4708738797157607,-1.0785927633367334,-0.9424685769215646,1.1700709903865816,-0.8046114563319774,0.9756765139022048,medium,0
1.191142953088865,0.4654967741662798,-0.44008901058713173,-0.06470008154952371,0.14143731921915112,-1.3861072770209515,-0.6082675747124983,-0.8753063804397219,high,1
0.2627492251471385,-1.0108689178563175,1.9753431178455254,0.3466881560256132,0.09319757971588251,0.4626498962456343,-0.4905225030926728,-0.9302300712945782,high,1
0.4801434033916108,1.504506718589227,-1.5258569827326718,0.26761750903111453,-1.0295889030070344,1.0784225264225882,-0.11452238658911257,-0.326135109704956,high,0
-1.7445859869741926,-0.6610690958071401,0.38287113537147105,-0.18974370400639878,-0.07636449943171635,-1.6580517168351965,-1.0614298993894336,1.057708703864615,high,1
0.9274384815581808,0.5010854326224657,-0.9948072371447515,-0.18476037052630803,-1.6815678023634413,0.35211206671516615,-0.5592588198697488,-0.874499952508782,low,1
0.45442033821436295,1.0659776297431345,0.9082614092673243,-0.23493186628795537,0.9999294713186874,-1.96549837200535,-0.8375320744394902,0.12012676591124238,very_high,1
-1.110430684414478,0.3847685442049928,0.2984312361750658,-1.115933858591372,0.553858196350319,-0.8460246155328025,1.5293534541068148,-1.3551233997049725,high,1
-0.47152480744994896,0.09446999181963821,0.3793443491806136,2.150219214422729,0.48778464575221486,-0.881115583200441,0.6975930518882538,-0.5138901289409595,high,0
0.2637172043565196,0.010802084856015158,-0.9448896176022599,-0.219990917713377,-1.8395954925862088,0.33497609022887453,-0.4121066726936051,1.1497037829678218,medium,0
0.05246679835624363,-0.056441096887107134,-0.7655879132883234,0.5969309928230956,1.2492295337201191,0.5076127650330521,-0.1275084590481573,0.787669309614295,very_high,1
-0.292171185803555,-0.5766984889275022,0.9272505073458861,-0.3346528576816054,0.4719100044912137,-2.2923013746251835,-0.9825604907643978,1.3841058465059235,low,1
-0.10348826806596086,-0.44948342976970423,1.7707977217275628,-0.3547636723554835,0.8824611500658068,0.7064526567796688,-0.7257523615820294,-1.9952316271167245,medium,1
-0.25197737820688537,1.479590373650935,0.48030781722418714,-0.4554436626696503,2.078015043633011,-0.8632772922093546,-0.7942573445992704,-0.9975824103098268,very_high,1
0.15256251210246857,-0.10853663268515668,-0.8974207207714328,-1.5498457879892507,-0.24291571162510636,-0.6259062289491389,1.413474017195351,0.5794940879355368,low,0
1.471491972993157,-0.7857962693827731,0.33893852246206824,-0.16062114012076936,-1.2235839110617803,1.1581699648799733,0.016788163741715875,-1.5490640198561128,low,1
-2.5666584409312976,-0.5162975968615086,2.4274720443376094,-0.4070076543194302,-1.1160387151997586,-1.2394845881030299,-2.0460769709014364,-1.099506986648496,low,1
-0.23685026450968424,1.100370680697223,0.1024228107189117,1.171524509184777,-0.46268128838457045,1.6929100451277126,-0.2668432720982738,-0.1675748377442145,high,0
0.17651242137244696,0.6756066331644784,1.4618408593935994,-1.1967001175845153,-0.23731807106656005,0.4001529638867084,0.2806148769517333,0.12258856559924342,very_high,1
0.2959939896870995,0.5603291782322569,-0.740329365838712,-0.577147177554855,0.9111258440443519,-1.0817219847067305,0.37022218618916386,-0.7917368066597202,high,0
-0.37191458132128985,-0.25752119890979147,-0.04208605163638678,-0.8984404667540822,-1.3751874171082699,-1.1077794480839789,0.34390756249012705,0.9976691135980253,high,1
-1.7567217824785826,0.5733624701729451,0.6195652061255426,1.4425303940118088,0.8541173345352181,0.373818558763846,0.1724960990323319,-0.5036932742584369,very_high,0
0.32799548371410964,-0.643561124950648,0.3973283082628641,-0.8694084448546713,1.0248792328266414,-0.06311569132977517,-0.11692604177865809,1.591405811722237,medium,1
1.727350214164185,-0.25961403134577454,-0.7663886801111608,0.5622998447261367,0.07568587036596909,0.48422590775289504,-0.09780625595415364,-0.8203403227430952,high,0
-1.5338614049161376,0.9698044873917454,-0.8095174571305996,0.97016147340598,-0.038755010022321526,1.8422497564744964,0.7884485502923761,-0.5954822864430015,very_high,0
0.8638280136981883,0.8742776789190644,0.9882844031026585,-0.1461229114154082,0.3078658347309799,1.3094263019455128,-0.5244542128290394,0.18867614835952437,medium,0
-0.3285252231228939,-0.9819098459508032,1.191550812650145,-1.3768110009404684,0.05847942305829942,-0.8851989490039494,0.5759116679131766,0.41796427584949686,very_high,1
-0.0613243458288473,-0.8555264529085758,1.51214355812192,-1.3641538587636903,-0.010025851986780639,-0.41183950824813503,0.789294377944037,-0.7942043815996842,very_high,1
-1.052898510703949,0.10870215281340967,1.8039304832528678,0.8597640647960797,1.082841997413703,1.2572789011344085,0.37662298467949346,-0.4864963825977661,high,0
-0.33445617235587666,1.7261323746695099,0.13461943632259646,-1.2605940187998574,0.38006889507920627,-0.560141645187876,1.3331162889252157,0.580084167568543,low,1
1.3000445946989585,-1.9155651644689942,-0.3111992442315934,0.3920266110599123,1.882873676465777,0.09738927517017688,-1.0941030428499863,-0.8302541227472741,very_high,0
0.582655241987707,0.27833293957050426,1.3509909387784689,0.11434910982059632,1.8249849162168217,1.0094850534809183,1.3193086485871355,1.216615458798611,high,1
1.732311605409944,-1.3760433315731482,0.7130692818515867,0.3771324843110272,0.32904178781092575,0.5398631944766077,0.7360154431432946,-0.7415980065263982,very_high,1
1.1774118889776937,-0.6343309935255456,-0.9824552586675914,0.4715848078458876,1.4586168472970176,-0.20637242832903097,-0.313247785321797,0.47654630923866603,medium,0
0.4390866789295762,-0.3644284180642414,-1.0336356655189114,-0.9336707844179017,-1.3168186166275062,1.147719040105178,-0.45095126002343294,0.0184485787202093,medium,1
1.743934526167792,-0.4205083434368909,0.4919302013563091,-0.9755281790147413,1.276754814912999,0.8531761582840144,-0.24073954115370055,-1.179897364762752,medium,1
0.43899315873829875,-0.5337959396592085,-0.17727466148399962,0.7149271341004025,0.5701526999497136,0.18863570407976524,0.10909804445198702,0.2116987594698118,very_high,1
0.8279881767970589,0.007207060376370152,-0.02642995474069754,-0.6293446105643965,-0.04185920406504428,0.4500134504595026,-0.9869192077450982,2.5538507769753256,medium,0
-0.29657095353470836,-0.5352555666305784,1.0725333647101947,-2.7501484920051484,0.20359300788397736,0.5664655247862109,-0.4107905124005407,0.007824794249462879,medium,1
0.06654581585920483,-1.4624573848541527,0.7590371449850357,0.6487552978838649,-0.914038092573377,0.43858942553963837,-1.649221838258731,1.7527084424166142,very_high,0
-0.6974238233002769,0.7798696125227764,1.3298732484184317,-1.0362612880687683,0.6391223576533764,-1.7366421124332418,-0.7925286732930206,1.389345120805054,very_high,1
0.989583934594853,0.7528721671488805,-1.9315361063733665,0.4671358779052533,1.1946924650570308,1.036943410250951,0.5249742281141881,-0.8474971957101705,very_high,0
-1.1783036231148656,0.843174310022669,0.2533979172212008,1.3928218493169693,-1.101207337096929,-1.2105851651398536,-1.2735293254384898,0.975722646501593,medium,0
0.7823503424176613,-1.5407344962640819,0.6946885223972068,0.016762457261947625,0.10085809990438051,-0.015403937050684434,-1.1257165411982248,-0.670730906017404,medium,1
-0.19065105750515945,0.29891815258415083,-1.526585856687684,0.9957658316635309,-1.4052714472253607,-0.5042100953003512,-1.0813064563962387,0.5776756288669925,high,0
1.1712470934673194,0.6759788558069234,-0.6548956413099721,0.15379768053620216,-1.2936391226398898,-0.29663176424800064,1.8560598813167035,-0.980762897678293,high,0
0.7508689887312598,-1.031202068439585,-0.840485162328919,1.5874293281411473,0.10552193400288436,1.0928875578409072,0.2954668413574063,-0.43129547792375017,high,0
1.8206461576468016,0.009173248182129144,0.021698171059916185,-1.0621071087571061,0.08136994395373587,-0.09169518228282378,-1.3191114553240175,1.2430886075978922,very_high,1
0.7307746911386448,-0.11626664531036575,1.6278539686940638,-0.00821498041648976,-1.0441890268698575,-0.30072563218375337,-0.22508566935421595,-1.1565188004995823,low,1
-1.5720402556532407,1.8421506585682637,2.0225894046649007,0.6731616050414675,-0.6705926519123361,-0.35640234025119183,-1.441233333364019,0.17697776408547883,very_high,0
-0.06695317289820084,1.924496037012573,-0.8142875530732823,-0.19041175701004545,0.8421161461652679,-0.1266856531587185,-1.8404116965211967,0.7157023406590477,high,0
-1.172007192594816,-1.6643563933302008,0.5265572504935742,1.1522189966526697,0.4243511092180204,1.9361028003025138,-0.8248116295306533,-2.8748159331220426,low,0
-0.5182798423662747,2.4939270057279894,0.5587978521423151,-0.4320395395107805,0.4860450682678211,0.026925901748040507,-1.2156361295986817,-1.4197173831764305,medium,1
1.5112284332767216,-0.9152257211533239,0.38762577151474775,2.0693711516288884,-1.2460946698818056,0.5206334182545254,-0.41142688862626897,-0.6271178843317118,low,1
0.637533810897696,0.9806732943274258,0.39897963473923403,2.122197504272245,0.2631227265805943,0.042609223760035765,0.2019572698625939,0.18012944380581153,medium,0
-0.6989304285787463,0.9704979808637308,0.30374250245132806,0.28207199622729967,-1.0331305834580906,-0.7303801267312622,-0.3946749051389369,2.065195238088322,low,0
-1.013717366440399,-0.9956902268418067,1.6875701208064198,0.5526011803546168,-0.4189765033168905,0.09826706011048876,-0.30333275327249254,1.0739695414377377,medium,1
0.03278209287626079,0.493267793839099,1.1024665143680576,1.1916714356246376,-0.2345413991506094,0.8146285136163173,1.8107116629183762,1.407498373948328,medium,1
-1.2165601493811278,-0.10753374426606396,-1.0601538975982672,-1.1871973989673668,-0.04951421173240328,0.046719244784203945,0.14699940846258552,-0.8473481143478149,very_high,0
-0.6711402773965811,0.5543300046323907,0.7957210808805493,-1.3120000145777906,0.20660912772278656,-0.04485618881531375,-1.2711453765590728,0.06228620849061246,low,1
0.31200947155124387,0.2306723023806257,0.8923733745114522,1.2564189138576347,-0.581649344032232,-0.5630977064791987,0.28699519308761895,1.8798500249452958,high,1
1.1553120361066962,1.196339485370247,0.3149672871517889,0.2739884728729994,1.4484020726356133,0.6452121731035768,1.1250534896876154,1.857127352943106,low,0
0.6087614722244398,0.07539954314606226,1.1314243705027294,-0.22650524597978958,-0.7971044341315033,0.6688109004773214,-0.00367845406224581,0.22035383280696072,medium,1
-2.2912895085981,-0.16787406942631122,0.18807403429903718,0.011123302881161038,-0.5962587170247173,1.6207646687750252,-1.0998611138199144,0.6863922592415442,high,0
0.3043667290302598,1.0960642330571804,0.20046772107625074,-2.3860414723640693,-1.579013297570244,-0.8307803299935937,-0.6626905609498676,0.5645841133165913,medium,1
0.07203357323257792,0.5803959648586033,0.1212405446770433,-0.19056231445700128,-0.08558980661080533,-1.4576473569847277,2.325911716715314,0.07119561873949704,high,1
0.41389028537269307,0.7318133943208879,-2.018244085799669,-0.7530467391932236,-0.5406254885652224,-0.6526273270678512,1.9126846549535315,-1.916721607006629,high,1
1.6162096816512073,-0.6645866722585968,-0.080398393905874,0.9180716336150824,-1.2115038911078932,-0.4050011543970049,-0.6380944676740209,-0.9859776834192479,high,0
-2.063238276804743,-1.045262781398474,-0.6682505744545707,0.9950307783840061,-2.5680291473060657,-0.31548848191869727,-0.0902899753499751,-1.3592765464060126,very_high,0
-0.5911034251911056,-0.5677221432527015,-1.1864479781925572,0.5766802341299105,-0.5944583747973149,-0.237484242464837,-0.5922191639147026,-0.08156612043058602,very_high,0
0.5909063227933546,-0.6208213856805886,1.4340182847395226,0.39545864879914155,2.4730158039234746,0.7456392037006585,1.0879937669717712,1.716427481477082,high,1
-1.5815943994539423,0.7861992686529143,0.5042075185344578,-1.4973467487202679,1.5702508736118699,0.7924011323904032,0.14398735931157194,0.3503410344514679,low,1
1.475949048053509,0.9759840502940518,-0.029831080944547807,0.5906430799968742,0.2921192604461498,-1.5437475204462963,-1.6252691516111075,0.19287868902522484,low,0
0.3683566127006584,-0.15513028953240038,-0.5648033511024263,0.6293979455233839,-0.007113751303377705,0.13843451934986478,0.1830496008171349,-0.9041214070421014,very_high,0
0.846583985843404,1.4309190188243524,0.2961695846287402,1.2451926537687301,-0.08923523646607896,0.44107568017116194,-1.1964396139469966,-0.17832755679598694,very_high,0
-0.5709436615217945,1.3684693937651298,0.9914360933175131,2.118209812430197,0.9701776318087014,-0.7972926829243939,-0.5455581905748454,-0.9886867300638188,medium,0
0.8137636899662105,0.24339891640053923,-0.8269658435469408,-1.6925606735716086,-1.399067540706529,-0.138175872408474,0.633138398182844,-0.7850528638010786,medium,1
1.0684715559890383,-0.82189177154304,-0.0048283722766100075,-0.38847682561821334,-0.22049840763135672,1.0551187315982191,-0.6115918368044213,-0.5752161076508515,low,1
0.23287802013716835,1.5753766494355401,0.8680664988511725,-0.7422666371576447,-1.1375095200784877,0.5291849914469698,-0.13511079633047862,0.05480985982330186,very_high,1
0.23440089269869593,-0.06101735102840823,-1.93600112908413,0.17250718838507423,1.3320807259278715,-1.6462343078348034,0.6478346730955673,0.2256469257111892,medium,0
0.2703432392817259,0.1261651964309746,-0.05756976240540404,0.013401858218038697,0.32768368702794237,-1.7263832352207857,1.4626423427763993,0.5149440970719076,low,0
-0.8633452647393817,-0.33960502560656863,-0.4292913705475386,-0.23408207308014561,-0.5854102218195238,-1.7031464755474404,-0.3139572498362541,-0.482731977240583,low,0
-0.14752868024035293,-0.8897903262971976,-0.13382985775503398,1.0276043614011736,0.7767022337097781,1.2767971896944754,-0.027360490044477766,-0.305646882846368,high,0
-0.1525225324523588,-1.4686394303152919,-0.501628556371903,-1.1014142111807836,-0.01963896249504307,-1.0821792162311863,-0.6526779865872612,-0.29643600674803083,high,1
0.3833938643534951,0.6328683235572881,0.1376246052072956,-1.0411214673926061,0.009336717876468193,0.21036937998711588,-1.5248279832839218,0.6652177440849291,high,0
0.9998242469102946,-0.7834010538966204,1.923627220422718,-1.0242252710980422,2.552709054150154,-0.387634370176413,0.32345849510937236,2.829219162208502,high,1
-1.0585360819784093,3.0595312289968235,-0.323922473928551,-0.3603275874259869,-0.06763053927601673,-0.9869218947506514,1.528266367208985,-1.15910158617657,high,0
-0.12500903031957764,-1.086073582612479,0.29171100909410663,-1.2285902159118463,-0.47355532130838146,-0.18933626257802227,-1.4239322686100582,1.343127221733895,medium,1
1.4814555476589732,-1.25738247498137,1.9947464184091128,-0.048571488799270555,-1.2150896588930336,1.2526905970400914,-0.5041368130373036,0.33460729173072123,very_high,1
-0.7435882288125641,0.5101387156134412,-0.5500155783725553,-0.1654901946308669,0.47403433057432,-2.1966355504990354,0.6953567009777871,-0.1006137626651282,medium,0
-0.8222500172903203,1.5293134789672953,1.814675348928969,-0.78651511399908,-0.10907494897522228,-1.6100327939410817,0.19217091466180267,-1.3643913737093103,medium,1
0.20230619183119358,0.06458965694322165,0.005323006627107235,0.8737662540561958,0.15626443153821068,1.0740370879876142,-0.8196131598597145,1.4515873718459888,very_high,0
0.8443851904853201,0.5722424201872743,1.7818962258649262,-0.059500528286736874,-0.4294097424905361,-1.1087492664026029,-1.4438161822304212,0.27175385153313936,low,0
0.01142605556065933,-1.8435474174587096,0.7502011249463191,1.0626473640318037,1.1993568052817154,-0.6795238298282704,-0.9006709800519722,0.23362635124431366,low,0
1.3289605904369892,-0.6775115456917667,0.3071083625824217,-0.19504985120443202,0.008549993368803353,0.9859893300585213,0.11722933166872415,0.12096446070272407,high,1
0.8567939825665268,-1.073615729137567,-0.06563068188658654,-0.02419488823135469,-1.6930989902853932,0.3918377499304902,0.1599315767258961,0.8928973269834208,high,0
0.8418200668900618,-1.895045849947881,-0.6240414398792106,-0.5627824046817108,-0.20194863160551413,1.0323928915106901,-0.29263069761272065,0.24715710407770497,medium,1
0.5541165013240933,0.11698023402388695,0.07579154996435276,-0.007046540535484532,0.46175780492321156,-0.3764897826377621,1.6475516089415674,2.017362737225639,very_high,0
2.327653100346085,-2.2428276216104335,0.8973614590200242,0.7122313061320464,1.5412966494140283,-1.539214480859047,-1.4213777432749946,-0.321560566631213,high,1
-0.2051616888660442,-1.3221959660874487,-0.013111430996670575,-0.41133423227029803,-0.19820741809966577,-1.6421352496329535,1.1515917063236467,2.1541982333569365,very_high,1
-2.003522292066514,-0.537193794013418,-0.3166228050618577,0.5184119625346643,1.0855232687864715,0.22611960514560306,-0.842997370727137,0.07252805263596762,very_high,0
1.604254361517141,-0.8312858359510763,-0.2507825341777729,-0.8127469610457412,-0.35198811250705603,-0.45495724782394165,1.1073036591039138,1.1736860507455957,low,1
-0.45769943095682564,0.3964085022070677,0.9924766135830533,0.7590505655222095,-0.26148461323742256,-0.5019054959014345,0.06968937906109032,1.1036866709514928,low,0
0.10788044434303304,0.30558019190248,1.2251614550998557,-0.5799058273119273,1.0896648122369366,0.1016512489213085,2.326192136314278,0.31883088437087354,medium,1
1.309550684860527,0.8937987459354568,-0.6671505137683704,0.8516798732290504,0.5747147271159924,-0.3371462378872101,-1.7952731233518255,-0.240521174271098,medium,1
-1.6022595410589253,0.7523837327126781,-0.6685878574474897,0.06097654243366502,-1.5923174605498118,-0.07303518979449276,-2.0671102246093973,-0.3476868351554792,high,0
-1.2516472141061394,1.1408127893613809,0.3793589196671123,1.5209537333910634,0.0969961771382324,-0.41106947288681817,-0.08553040194807149,-0.7840644374778307,high,0
-1.6012779371188537,-0.0019184000090541567,1.5275320647572548,-1.154067726254209,0.05808640659177093,-0.9002499779015097,0.2676992005090977,0.2614526550804537,medium,0
-0.7941362900254239,0.3034669008166697,1.14599030831256,-1.4761767733118683,2.421047036286818,-0.1407023866843086,-0.2792342453730181,-0.4223931092077327,low,1
0.43963660601699356,0.5115137019191913,-1.2518522121799116,-0.6162172459755669,0.6858973598434033,-0.6862469680194502,-0.5679481469977529,-0.5382415595385981,low,1
0.524187842812771,0.1416566973910257,-0.2640759699918621,-1.3846109480343132,-1.751083332544723,-0.4629398671591936,0.8733353127122913,0.19697980546524393,very_high,1
0.27627417932855375,-0.3971943099170739,-0.9306035546895123,-1.3827348944282776,0.7509563049891836,0.5239648102740447,1.882649022652715,-0.09714559500321131,high,1
-1.4127658838923665,-0.3324425343397702,-0.26751252191525826,0.6215507604598759,-0.011464421660137695,1.5437867311835498,0.0025153164590909433,-0.6482773740771043,high,1
-2.310103436632644,-0.8175583983299655,1.6044099960353544,-0.004178793412658349,-0.816259811057028,0.5334715126139251,0.4138409341418349,-0.18940266780649592,high,0
0.054353585390382264,0.4216168299098296,-1.4226006487830172,-0.47968097670425885,-1.4877899303083517,0.16296212132498594,-0.46276538466673195,2.862263577284521,high,1
-0.47177603363833576,-0.09401517408515554,-1.6188652932801901,-0.3869625973054321,-0.5963920497834372,-1.3783017360530818,1.3054061967942658,-0.35003271952377785,low,0
0.45938577171661177,-0.6631737506367649,-0.8285541534336024,-0.5972376643263394,0.3362992140090596,0.6497188314056536,0.633952933209529,0.01975042305936161,high,0
0.7019536262212701,-0.6622448193245927,0.2873106025759928,1.6503691678190437,0.23203707568070275,0.33639626562887337,0.4248851959014823,1.094452751305546,high,0
0.13824143205868192,-1.2103987277827886,0.6207548206407568,-0.7355057076430367,-0.8168032658303619,-0.14429170310403433,0.7537808187349968,-1.7865279583848457,low,1
0.7601330853758538,0.9788413412371997,0.4374484348615332,-1.3221338980832993,0.9182761213923244,1.5201228168513279,-1.2652000350194736,0.10045927083289502,medium,1
0.22921137411506842,0.07861766953178756,1.1756854032310164,0.7960506174863278,-0.26083011224162383,0.3055310087564156,-1.292870229010749,-1.1072175004924012,medium,1
0.5300647056014667,-0.8628000195732701,-1.7630855942339292,-0.2157556233478209,-0.1453755978941602,-1.1259551056841715,0.7896476747891843,-0.41756097311103335,medium,0
-0.7046732628698824,0.8085477496020183,1.188336538358937,2.0387736888178853,0.28265879022990076,-0.1289082760674993,0.8374768129058131,-0.9334225378006665,low,0
-0.17961141383145854,-0.560448809794373,-0.3120953200462915,-0.5262056387941353,-0.30978756379860756,0.060236172935012884,-1.2407559440975204,-1.3877535617002592,high,1
0.19677609665695725,-1.4065006270122327,0.7314943098048676,0.845984179756792,-0.7577805673149619,-1.4525117170069197,0.9653412923140626,-0.6317946729270923,very_high,1
0.8205284754174188,1.021222289219133,-1.3234254267632044,1.0821973305993051,0.02847079110942715,0.2947588620553034,-0.21149974609685293,-2.655162244545697,low,0
-0.3937411722245721,-0.5370969895661131,0.004956697009070176,-0.5213358322020036,-0.12570945971872444,0.36472913729270456,-1.7896740223881207,-0.05360170786046118,low,1
0.5211672557321126,-0.4088990902087895,0.23627077058901358,-0.7429207679090358,0.23462016508965416,-0.01940078569982506,0.7435016024295735,1.0668229301875187,high,1
-0.265838791915379,0.04118002034917748,1.1557510374984181,0.7413665309309047,0.8603935889705746,-0.3503424759238385,2.8231174112671455,-1.218819096494881,medium,1
-0.11754216732813036,1.1425892227901149,-1.5852546226077653,0.5748919179139307,0.9013585827468928,0.7527213048609925,0.48738901914234883,0.6753186579931079,low,0
0.829519042024073,0.020037290866311695,0.03075254853490416,-1.4106101007109266,1.5892986945378342,-0.20389095886661496,1.2458941822708518,-2.033526578967956,high,1
-1.993060371054156,-1.1991171261452302,-1.085235291142143,-1.1284356363047208,-0.5635022791448486,0.5721201515813034,0.3170704524688457,0.3660477974991784,low,0
-1.296472328074761,0.5438770041121802,0.5054960442082751,-2.5364300049480053,-0.056969120818611024,-0.18016704792934102,0.49531004170743254,0.9892969954334668,high,1
-1.4821853974428207,-0.48498972426172404,0.7772165364561262,0.5953868539788023,-1.2761722883885986,0.10757880956676805,2.6110762284092623,1.646005326987786,low,0
-2.3336161198483047,1.8879239715294662,1.2871702425080878,-0.2618271931357455,0.0633431536948447,0.9321195252553444,-0.1823270125679794,-0.4600909201438836,medium,1
-0.6782644401551767,-0.0011197219978901704,-0.5350294543083745,-0.162150420975282,0.5521894854346522,-1.1484699743750089,1.1886886516093707,-0.05599299169806913,low,1
0.7494338997277404,-2.235035497898666,0.9272264856887904,-1.6914440977018532,1.1243501613986955,-1.5451309051116413,-0.5552100970015839,-0.5716750652851643,very_high,1
-0.28488406638257474,0.357364972155674,1.3609015874770531,-1.0981023530893264,-0.6850207686394431,-2.154965220500105,-0.5818151152791414,0.4555503474047782,very_high,1
0.19779008194185213,1.9445977922602284,-1.6432469698554668,-0.4779589125675662,2.276539693442772,1.406897570985881,0.18792259391515215,-0.8914154675747775,very_high,0
1.0892174967107926,1.5759202885453896,0.6123449200984505,-0.672325600147821,-0.36856355032623145,-0.6581572362146048,-0.4170738021540699,-1.2522882388968095,medium,0
1.3276861322676916,1.8309542887565653,0.958511253780106,0.11783607551763121,-0.23310832997841546,0.7306566058121181,-0.3880883351010187,-1.2674592418385153,low,0
-0.06913793472613955,-1.0197601853814635,-0.2587263863874374,0.5834681266318139,0.20956974752311602,0.07262585346922472,-0.5543127112131678,-0.4674564604920708,high,1
1.3535858895693973,0.9121523959767788,-1.2107735775251085,2.269612569285197,1.3905462536893474,-0.7801445841439879,0.08890283621543264,0.9582704040053237,low,0
0.09212665843410921,-0.7219945397367117,0.9429557561096632,-0.020017030030925434,-0.01563211456330535,-0.03799560308766622,-1.311295235043519,0.1684987947656227,high,1
-0.8373982238274621,0.2242893994169245,-1.1995088275577568,1.1154026630969456,0.5550842495960578,-1.1868864746607124,0.009970385261224823,1.3817340636558086,very_high,0
-0.5944003521987352,-1.2729524287397325,-0.17835143451090235,-0.8299727769797747,1.2801292689716093,-1.1770715056502423,0.4510526820436264,-0.4831465749611137,high,1
-1.4805365125650163,-0.6444557648827163,-0.040124057803329026,-1.6749463149753558,-0.7722167057769237,-1.7134734418523,-0.3445172386998327,0.7226026966100152,high,1
-0.8881338537336524,-0.6762466973636153,0.7155380517039994,-0.35230164671012465,0.4029478599143535,0.2163503229793779,0.40452747484571083,0.529511759086702,medium,1
-0.35801668807442916,0.8985552801426162,-0.6266315595125326,-1.5977217178742416,0.08289056141961645,1.7432583748696906,0.142031029001139,0.04256349645391804,high,0
0.8035850193786016,0.8007191216696554,-0.684583688827855,0.014673167169103205,-0.2179085183162197,-0.43535596372080304,0.2086785243654316,-0.5057152019591512,medium,0
1.7207698311659838,0.2768197293308208,0.09891547876311091,-0.7804541245086651,-0.7905147065262872,0.10801180453431738,0.5841949441760275,-0.21191485991091527,low,1
-1.38218151537704,-1.3504214180553855,1.0063904776197492,-1.9542713867545856,0.5903715440554717,0.12018384275976032,-0.9932314500134598,0.7732702423232731,low,1
0.39282746825991893,-0.31163943394972,2.287450000653147,1.7360251458601772,1.045407615324468,-0.05736661964721288,-2.2688650753773305,0.17832958726323747,medium,1
-1.0405439391575344,-0.746116482942726,-1.5074811997787745,-0.5375617131053801,-0.5568492918231364,-0.7377257614562184,-0.12721579085987272,-0.48518868116714137,low,0
0.47469708846320197,0.869675756694491,0.3153420177865781,-1.6376193029441979,1.2720678866772048,-0.24435765596180517,-0.7319350158782632,-1.128423682545331,very_high,1
-0.1310866506877266,1.1781848528171845,-1.0865350262342919,0.8981717905072897,-1.298431969096525,0.13398730185796676,-0.5836490018735813,-0.5254196605623322,low,0
-1.8309058258475304,1.056385586030883,1.0188112432067427,-0.7286143625392852,-0.6203194325216602,0.008812391506857966,0.235312226348993,-0.7855924812829784,medium,0
0.9282969915684843,-0.7552194194170205,-0.938544547309233,1.090166033690662,0.8884544309704219,-1.6626285569490726,-0.00626897359185945,-0.9507839454021733,low,0
-0.605000712808731,-2.739533122289479,-0.6746482181823238,-0.7333943346780494,0.26101151299810066,-0.5452514686675594,-1.2168031262351,1.3242831920699876,very_high,1
-0.5339002383735546,-1.7669618981300543,-0.5892708590639962,-0.5408976902627972,-1.9323059563591691,-1.474428128002068,0.5934570713186816,-0.2848738330374696,very_high,1
-1.06975241128969,1.4216269780822084,-0.07619893871980389,0.3448317094770465,0.6163363985410102,0.2994655238539981,-1.0218626918254372,0.4914402948644716,low,1
-0.6542832766875555,-0.4012549393198239,0.32319759685870747,0.5932193807041102,1.3052445334100689,0.4221385890182419,-0.8248305767575925,0.8046774281323147,very_high,1
0.4278904406949172,-0.7507246182651125,0.4837013936085136,0.7684837373405985,-0.21761709980945082,0.5504131896912926,-0.4318293196910016,0.08535221761834523,low,0
-0.18924434093640552,1.642660293436234,-0.0057675461827832435,-0.08974113872932903,-0.0005295135058651056,0.04357732983061141,1.7989977768447483,-1.7950031127033497,medium,1
0.32866200228248105,1.2651599454883269,-1.3298910224405813,0.5286167215545834,1.2881172178310354,-0.24177149579875631,-0.17134153298499766,-0.8332590248821742,low,0
0.3619218539288437,0.02444872191978665,0.7277861503101892,0.7456286069234205,-1.8258537658331522,-0.6292152476441543,-0.9893550551121234,0.1180388336570735,low,0
1.320661655528167,-0.2934030910639739,-0.05295866366302793,0.20056913856684971,-0.4795909850485067,-0.45220539305766,-0.048165182290372185,-0.528522256404841,low,1
-0.3427861508643793,-0.13210121281312523,1.1617347900146988,-0.14265811326429617,0.08576644394783836,1.067483216264611,0.1284661957907744,-0.6098204382386221,medium,1
-1.4768578168457318,0.22716279838746606,-0.7077387794799367,-1.4452949482311301,-2.050632770356539,-0.13940274953886475,-0.4003543690904729,-0.9334603580065122,low,0
1.067222416571983,1.600047281319608,-1.6022747273509945,0.5991741567799889,-0.4102345015396468,0.9924582760064908,1.0920604167800927,-0.9281251615578107,medium,0
-0.3314881720972547,0.4224674242372267,-0.03402600268307527,0.04217369914115087,-0.4925899572885781,0.8095455155501244,0.14550655263161685,0.0927898626410417,high,0
1.114592444577377,0.7260290330391413,1.295952688284265,-0.41361585235070747,-0.5964134084109316,1.3638865743540574,-0.0017446574202015417,-0.8559124461919132,medium,0
0.3833771131824704,1.1692701090701714,0.1609421366160508,1.27776636359166,1.231928324207872,-0.4251421359837722,0.9495577990448316,-0.6253457927715216,low,1
-0.13113753020334493,-1.169676001024419,-0.19966979917285654,-1.4278336329133157,0.6595974105942919,-0.8739725606457408,0.8225402501616955,0.3516259990233494,low,0
0.3487758940462951,0.7548618924740429,-0.8703470176574332,1.6440363153648863,-0.07144274399433405,-0.5487742905595374,0.34897655666905963,1.8877982449554194,medium,0
1.9510125601262995,-0.29456875466161137,1.7577664666808224,-0.022273278634465647,0.533776273858507,0.024440641667515955,0.024057703063180228,-0.16520512073152382,low,1
2.076980529053753,-2.516095195772766,-1.0296025948847793,0.3175181785028984,0.335139949282455,-0.28874174991938856,-0.904800083738726,1.0141732622482986,high,0
0.0693811351327787,-2.128169541985812,-0.72539425762824,-0.39504411453027083,-0.22809895734323926,1.340056614746298,-1.8360815355329978,1.2728208037290885,low,1
0.1601905933170753,-1.0181176115186856,0.5700341960840228,-1.6670729125233301,0.21153253941551978,-0.5880637541207111,-0.9230010404524238,1.3138865259684347,very_high,1
1.0762401574663856,0.5312232285925814,-1.8560206898867897,-0.1396098984657797,-0.22122565065107855,0.3354747021942949,0.05699125166249999,1.7305068373528552,low,0
-0.8456610327673472,0.11379956534029644,1.2745906653813397,0.33474490689279257,0.37712344127022007,-0.7271263141439335,-2.355964021471179,-0.360530097429241,very_high,1
0.3330703726182551,0.184366707175664,0.6241931142173556,0.6762254464025941,-0.6560491904004003,0.7907655065646109,1.1986721970633665,-0.012696802619522461,high,1
-0.0258628479538564,1.950943482686692,0.8992310718111097,-0.1980331984389014,-1.7162979065411117,-0.7161638631726466,0.9070076243299959,0.06067909703706763,high,1
0.3139082114575536,-1.2690896148598123,0.5581170119496541,-2.192539841204418,0.13315757968305095,2.1920039442964314,-0.4305198311886011,1.6054100429863098,high,1
-0.8333688059494058,-0.027433354183723595,-0.16112351745637007,-1.5416613445826255,1.694198974580798,-1.2249780892581503,0.18465220763086074,-0.3936867839234699,high,1
-1.589567493308969,0.3044355228138156,-1.063148710155423,2.052019623763294,1.222376262666128,0.37880960535794544,1.2203826900269379,-0.6702210932739453,low,1
-2.0729834359912918,-0.7362731165383355,-0.14007544122496063,-1.0925359837721156,0.01610507313726618,-0.0386521783910853,-0.1858593688241927,-0.9586317256706854,very_high,1
-1.1173841129896078,0.028326745082940964,-0.9752363117526348,1.4270494582392084,-0.3628372006334877,1.426078122212682,0.01274336520405819,0.6484289308140446,high,0
-0.458675284939333,-1.599949334084345,0.4861553100763835,-0.9340867374175955,-0.8242747403508524,0.3672029215524889,1.928332944467106,0.25161225310035673,very_high,1
-0.2931915866487618,1.4099062172750279,0.8067798305481017,-0.18245590972786754,0.6932718445921852,0.30704965836498704,0.18647871772474653,0.5473155591213005,very_high,1
1.9372311624295169,-0.6816145525304338,1.4768086311982076,0.625208259599904,-1.352164057051073,0.24730288909645481,-0.18407788074731715,-0.3915268436517085,very_high,1
1.1059933699072981,2.031400164778503,0.3717676405528632,-0.8201944465808737,-0.7331462480638534,-1.3947690603100018,0.7957162253858544,-1.4203938565538892,low,0
-0.9620911163416273,-0.03247432391745505,0.9245753565951862,1.5922151357590542,0.9082676899899653,0.1587222505624882,0.47271962736877593,-0.44242757477962213,low,0
0.34770845245095694,1.0280535653991831,-0.2971447372301422,0.07572835806841098,-1.1857872136176675,-0.27218889943128377,-1.2724028579180418,0.30705290704565324,medium,0
-0.4070782363503251,-0.05330286899115438,-0.47827713800819477,0.4608508462996698,0.1850360473653055,0.15514812822643081,0.3867995544245269,0.49948252728899867,medium,0
-0.28436383804009513,-0.03074383226052982,0.47367189081680144,-0.2676070080191258,0.1839692666338304,0.2360081284201745,-2.428890309093365,0.6465257458594902,high,1
0.18532564941538202,-0.5840293332220078,-0.3864728727169088,0.6587202870170907,0.5640488652435708,-1.2868435954472626,-0.31577317516239334,-1.0915294565655804,very_high,1
0.6191711169753933,0.11912392936627762,0.2691857888276577,1.5787927398498625,-1.4051165420684941,-0.9286547819223209,0.5343141282719811,-0.6293745322772478,low,1
-0.33925848388401536,0.31799869441404743,-1.061192189335421,-0.13128593762321436,0.9067194295401828,0.947711756591868,0.7220711925409985,0.8487096739402934,medium,1
1.0638515327343585,-0.7842585089151799,-0.8816276824763011,1.7297127907492362,-0.20459297463661533,-0.6480812785336026,0.16772916771597735,-0.5278983273258481,medium,0
-1.141938226142404,-0.1250444158598842,0.6354093010182902,-0.6115958083791179,0.5999004339828999,1.18453924551438,0.3982602542700949,1.794315865242568,low,1
0.006339062362268442,-0.6100988660571137,0.8866900754060961,0.76409603935171,-1.8379746392092586,0.7146278895895543,-0.7718335526467314,-0.27369224177536355,low,1
2.5976737265958323,2.2996640696148387,-0.9856561689666805,0.4891143362430499,-0.8992102473458263,-1.5022274165792362,-0.43430326342030356,-0.3945514938829501,high,0
0.2230797426252751,-0.08973076991161853,0.6706143105064207,-1.0685820726823694,1.2397229643551753,0.6769062648978187,-1.622169636210481,0.6080154356128565,high,1
1.4332145066061728,1.5452321516965593,-0.5327356730352747,0.2138097046373318,-0.09782643203609806,-0.02269952993722577,0.204552428086255,-0.6918867910135653,medium,0
0.09152017817320818,-0.19562233080768832,0.016505176200309918,0.0073659378503727856,1.183939123891834,-0.7039057844255335,-1.0298879761750954,-0.061707347873850876,low,1
0.5807770953297967,0.25928764153490796,1.416944415790647,-0.8531921762768451,-1.7227831214543385,-0.3444671770748164,1.4486218845639236,-0.038604095876893015,high,1
-0.056783194392691534,-1.3213640716452693,0.8074872340229485,0.3580024341941265,-2.1301483581511254,0.43812549244094706,0.09336586130979192,-0.6649148280393544,high,0
-0.17040758116420443,-0.44707259186786463,0.7958719880221928,0.14628954610851758,0.17012161715796004,-1.0594879283579355,0.3318537267799096,1.1971354225271547,medium,1
-0.7794823967254196,0.21053467078924676,1.9087903584569665,-0.07258694730721668,-0.8675942024371078,-0.17758006980172836,0.8546131950644287,-1.2263188392972721,high,1
0.4303013589575532,1.5860038309598667,-0.7038793410497978,-0.06857746905868485,-0.6780144585204808,0.24206308137973742,-0.5643312750455635,-0.5670169550815609,very_high,0
-0.8515371891857679,0.22198277767627117,-0.9858749749925457,-0.09001025892361937,-1.4090865905334917,0.48536617754554423,1.7313244109212866,0.6855219264728227,low,0
0.6655852363134291,1.3837203611929991,-0.7221222702285907,-0.3676996212463275,-1.2815805089154055,-0.7516253766464014,0.1579079115198747,0.22594269408905215,low,0
1.08528700444591,0.6407291102029202,-0.25450105340661505,0.13983409501498167,-0.8727574584469666,-0.8114824869800202,-0.18074680811489283,1.9846954572910747,low,0
0.36653140723722993,1.6274013394646858,-2.3545506142918935,-0.6439142123637804,-0.9769578331357881,-1.1331402951438443,0.635544571242232,-0.041341596355102,low,0
-0.28624873355569186,-0.059042217305055426,-0.20742823669681038,2.6568094914699993,-0.3627955837783321,-0.7915103009577013,0.2958912811892453,2.6843766067963357,high,0
0.4539655793086961,2.390222710651804,-0.5445707318949119,-1.4093332454653158,-0.0929885151073637,-0.6649754874879527,-1.3434000818848497,0.7336897314030355,high,1
-0.3086730555464126,-0.485396202914123,0.783759767397799,-0.584736077234459,-0.4661009966908062,1.2133339829426184,0.021106938885084827,0.7747607353951352,high,0
0.9355471254651493,-0.766461834197669,0.35241937901004006,-0.5057421045769407,-0.1771358798776383,-0.9548846113074869,-0.1455365923626713,0.842050668894847,medium,1
-1.8314060842151236,-1.2100528496890341,-0.600696627769337,2.0404934143245375,0.4397413956031783,-1.0827358820240034,0.7800583361303581,0.3129413364899617,low,0
-0.3356073681186462,2.3310246715580702,0.5899608453629039,-1.3201346499774993,-0.2240145235216122,0.9314409093183696,-1.2590325406532241,-1.0709502386249343,medium,1
-1.9908119951239978,0.8194475726178976,0.7232630598237696,0.4259222979861098,2.1333307304321942,-0.672578084039498,0.49527399958549556,0.2601354076013511,medium,0
-1.495060830227205,-0.33412073338030845,-0.7685457897914107,0.24839406504653988,0.161133351784875,-0.44783466209495515,-0.3578047901165117,-1.6612719027731333,medium,0
1.3638622298139094,1.249022696873495,-0.49302425538241845,0.33360230467454804,0.8990935066225507,0.057425774779685516,1.0905077608224298,0.5803274459450172,medium,0
0.895184981971686,0.687692185117782,-2.2253631870979826,1.2363431626109402,-0.6279255530068186,-0.48626371536140406,-1.4705104739371213,-0.2670788900983261,high,0
-0.7194802332847904,1.9661274713755903,-1.0906599743692849,1.2158293597470884,1.7154210977992332,0.5283203232788767,-0.864853980137977,-1.439368275518806,medium,0
-1.502503456040897,-1.5478328327399113,-0.7424695604235784,-0.4509568265201174,0.8117644468277492,-0.22061633669438788,0.5419841750055955,-0.18112544925218838,very_high,0
-2.964528837841651,-0.26536010831425455,0.07416617660602177,0.1940174494939909,-1.5972580227056612,1.6041821201461004,-1.1124834482237107,0.7937323297297773,medium,0
-0.5434955079326346,-0.46252138394282544,-0.9453826793598152,-1.864102032152144,-0.11582790036690063,-0.24110190597014827,0.2556045850514932,0.45752454328089504,very_high,0
2.4204150122474024,-1.9736826764086015,-0.513451987049109,0.09909300852192908,1.4079488825973783,0.3318215467767024,1.7136742391683042,0.09297254282247792,very_high,1
0.4348842714636474,1.060327204779694,-1.225330681582599,-0.7939894278319191,0.4287196729061473,-0.5492046314253658,0.18123415437984366,0.5031718775091251,medium,0
-0.5595722860494895,-0.2703965558033584,0.17111389853127063,-0.1863824259605165,0.4128565179975563,0.8653629593268948,-0.023373141995892747,-2.943887668682481,very_high,0
0.46508020950030626,0.7396312049865622,0.4257145945849076,-1.6853718648166949,-0.29759143022032863,-0.8232802208322978,-1.1241102956528177,-0.33644590233364485,medium,1
-1.5609583529944429,2.3597719343296117,0.40236534841982236,0.4048722867190754,-0.7370094638846911,-0.6821262698445731,0.5297428240598223,2.0303634410031015,very_high,1
-0.29732336269763543,-0.3532436918276083,0.01236113190525933,-1.6965686955756079,1.1225981847545703,-0.37741003144673896,0.10466536555057791,0.4264824042302869,medium,0
0.09947747301573849,-0.4211529826571552,-1.5410729965013943,0.14828460679158642,-0.42573007054911716,0.8545519583330766,1.090292755100109,0.06741026951525797,low,0
-0.08610065182104851,0.11866416972399602,-0.6199536638928509,-1.2265055930225495,-0.29559198321765806,-1.4413311345058717,0.07520240983472691,0.2554031112714188,medium,1
0.7908061216900806,0.9872473529834096,-0.4073066723184845,-0.8496410351358846,0.2417112223832046,0.41690123908383914,0.25686204290712383,-1.2015302922969298,medium,0
0.34464522623605237,-0.5667130253101499,-0.4032953129206253,1.1547321025451627,0.409842978266268,1.5787117713059997,-0.2719257502386974,0.5508402004481098,very_high,0
0.668326018107997,-0.6309615971321306,0.07498121798983637,0.587917945913622,-0.19662769837255958,1.1484077474873402,1.2021738314308965,1.3803847340611906,high,0
-0.6883722822307594,1.0571892702413659,1.4255413723710189,1.149203137670543,2.360137249657536,-0.6152831127643412,2.12407758617894,0.7682994886584328,very_high,1
0.8978154084105481,0.37863932383803556,0.8120962126845997,1.5597271325012902,-0.32003775454171113,0.8444747029637627,1.4269741636643627,-1.0873586437238723,medium,1
1.6289369476239914,-2.0447282630048207,-0.9875177798486946,-0.7728387071397649,-2.1412526882311878,-0.17833297684915667,-0.8160081934600862,-0.21776768796673504,very_high,1
-0.9701495196514126,-1.2253917994691081,0.6784028752966336,1.4989716624408718,1.7178035067971986,-1.439447536700632,0.555738301599405,0.7989310870592383,medium,0
-0.8876956557145598,1.5012358638272103,0.6403023676657362,-1.4655056561789015,0.1783076031585494,0.2759822074149982,-1.3466113728618603,-1.0313293540861481,high,1
1.3357843363202329,0.4019282830788125,-0.8060674729515649,0.7461003345449032,0.09940252798176698,-0.708562715417269,-0.7943761398538446,-0.08977924967120604,very_high,0
-0.19134398669506028,-0.762195931037249,0.848865922635439,-0.4933377145999715,-0.07648577094687015,1.6227308306356492,-0.695820547662561,0.19310980145482595,medium,1
1.403821392066557,-0.17040965723498214,-0.16037663594526336,-0.9303001426393164,0.5879609464131101,-0.7815878822251963,1.9273977539937555,-1.6906124030760061,very_high,0
-0.4425357118921839,0.013236672801670204,-1.4099534900144448,0.6144698673044425,0.08998846910883278,0.5524245817469131,1.3345249030919577,0.8576614951660694,low,1
1.4550455762707113,0.7357333602801638,0.45520272463714184,0.9449515251692131,0.6000895552626019,1.8674739726346166,-0.8872917121608225,2.1184285111939776,high,1
0.13148581680545218,-1.3582633948587894,0.2169618236145243,0.9152683866465448,-0.4332277719202573,-0.8932893846082542,-0.22328707440827472,-1.9552783310704953,medium,0
0.2582288233226952,-0.8409491386704581,-0.22767762918582773,0.21485988889479202,-0.2629272438556117,-1.0744136491124197,0.7478451949043599,-0.21876628778938723,medium,1
1.5647180216699044,0.27295575486338886,-0.03745308498329951,0.13195730132923905,-0.3253339350685435,0.3551074733158469,0.07322121046699422,-0.7009750880875777,high,1
-0.36177047744417123,-0.09983458049545033,-0.719085478888462,0.5268665856999025,-0.050675957566257396,-1.1394642231488126,-0.28850469350726055,0.579338270420888,high,0
-0.9411220959249583,0.5718591826367099,0.6101305037971094,0.30376407551719103,-0.2299643324033938,0.6767727947859766,-0.9799554969846216,-0.948987838193326,medium,0
-0.44856420802835434,-1.2295073973595978,-0.04345063450892596,0.5413558395859803,1.4975661360871355,0.1632516265382057,-0.27536580966577207,1.5441380012066468,medium,0
0.4523339506431387,0.3571286762713211,0.16644884394822793,0.20399946111071426,2.2347332372859943,-0.5112831236207457,-1.011728729251301,-0.16636197485187557,medium,0
-1.5657590721805144,1.0915836193774722,0.3571419244288725,0.8427838245063638,-0.807719976349283,2.601974078158437,0.31862656780524984,0.4642495736715836,medium,1
0.6374709026511215,0.4868185471492834,-1.154585614426325,-1.6272078065504278,-0.5776693847451299,1.0255583557177004,-1.675841772589761,-1.1428644727903685,medium,0
-0.5387713176177432,0.13911173976159188,-0.894283021882052,-0.13127347508638623,1.3510473056343117,-0.3745169729694738,0.41615155727419645,0.027728679388091582,very_high,0
1.1478126607335635,-0.09588360256597088,-2.2099444596162092,-1.3838464938455861,-1.5847230182129213,0.735963203722777,-0.19889892974259724,0.9248841939194079,low,1
-2.3942603049004716,-0.8348511527715018,0.564742258490407,0.27670201760488466,0.024393069862838467,-0.10250671091268397,-1.0024354713204127,-1.2804130129469637,medium,0
-0.7865657751041687,-0.07199859243978847,-1.2122100237467663,1.6419301758536977,0.12993112899499948,-0.7569122243044928,-0.33007356302781793,-1.8857973544835709,medium,0
-1.686468151234102,1.259705852880406,0.1325697098956523,-0.47408478194696846,1.0235866466250068,0.7051803259700831,-0.08692193702714356,0.24365272501416324,low,1
-0.8262294663639526,-0.11902850660012523,0.3709882249395528,0.12725203029721524,1.6244386832914004,2.067762506513905,0.16482363070597378,2.5906858360614926,medium,1
0.24766590110894313,-0.8898039893484101,0.6023528388925202,0.7564867149216389,-1.251079240068953,-0.709623754094118,-0.21949026507499075,2.3120665512029634,medium,1
-0.1792266254497549,-0.4922470887653863,-1.2040169138360592,-2.0677229317665247,-0.8596558128040213,-0.8984588595774368,1.1400221120432803,0.9973017483090362,medium,1
-0.25337756894801494,0.20085029727593015,-0.06516161814069105,-0.5221104821441878,-1.8757841160771553,-1.1285935447092847,1.721243837499543,0.6888078845494705,high,1
-0.1591848713800608,-0.37351399718084694,1.670280420787749,0.36451565927285023,1.8688331731510581,1.9583262728115163,-0.03593960196129861,-0.017571760531666748,medium,1
0.20338824061994343,0.4853032830631407,1.7143146799843163,-2.896994725657275,-0.2846032874851351,-1.4863249758001211,-1.49038637618406,-1.7226588689059015,very_high,1
-1.0085360419431078,0.5228437607490304,0.9873230940269508,-0.9768084930749713,-1.5614022229125633,1.949962298706155,-0.7303778911994052,1.7373499067825362,medium,1
0.7068496408990508,0.8889831804046482,0.3374931388188395,1.1008579733812893,-1.566186770920477,1.2837788980654694,1.401865627633225,-0.9060510002670108,medium,0
0.6626659703854839,1.4235594722650329,-1.0051063888453775,1.0029969004507249,-0.9057959365609791,-0.12052669445771902,0.10782914744085476,-0.3513830591154286,low,0
0.385037937656101,0.9958587243723608,0.718621625391053,0.37431822737010023,-0.5808793150900222,0.7035187635540419,-0.20889954259591606,-0.32744062756170583,low,1
0.5565334427512632,-0.9342390641479599,-0.15802122874684088,0.8821976399431775,-0.6100513691976166,1.4089481065819602,-1.1397772568021078,0.7208230966852296,high,0
0.2964180008086595,-0.9035344465762722,0.5605282752728444,0.2151042344214637,0.24481066312140204,-0.7323562810146178,-0.35177736604791715,-0.005720180171957454,medium,1
2.0350733027310675,-0.07577147645982442,-0.6328434548521167,0.5553949074423146,0.3314321040365493,0.45743901612307103,2.172706623619921,0.27819002936237136,low,0
-0.0870941710525099,-0.4511753572394145,-0.17293311283992888,-0.31565370884061383,1.16301908083868,-0.20387064163619242,2.011925362936854,1.470924452505308,medium,0
-0.30708321833457675,-1.1383267269609427,0.16414736007642475,0.11581268292209276,0.7219027838711753,-0.5939551477478877,0.0026908264146938425,0.675984814353954,very_high,1
-0.7535275803573779,-0.44169179417299426,0.2462780914938584,-0.6323703864158223,0.89520582888624,0.07498963191282787,2.4834239000812164,-0.36502040652708934,low,1
-1.0322626705778368,-0.474512933619039,0.4937227144602481,1.2634833441823135,-1.4146992952093247,1.4740077301223429,-0.07665291984680452,0.15905749805409206,medium,0
-1.2444717876010754,-0.6718477397612058,-0.5791949845248994,1.5215594095022018,-0.45270247929918994,-0.7870958609492948,0.4711508133300888,-0.0973799175371006,high,0
-0.8887973132309185,-0.3157894861550056,-1.3432844521102028,1.3799128006970733,0.3394383853174832,-0.4258787336328963,-1.4587306253027874,-1.5457995959993576,very_high,0
-0.07068038165207131,1.178450850318331,1.6247850398997947,-0.4081087616778623,1.47817344442331,1.3401825668912142,-0.6746068069868952,0.009509733763120209,low,1
0.3342951284977145,0.19923804124923924,2.489254169023358,-0.9537740393650874,-1.3120820951658907,-0.5887735203757009,1.3261849634295788,0.8407453669239697,low,1
0.051142058552161786,2.4718090760554694,0.44742071120237864,1.2769736607501632,-0.3148160501574753,0.749123171936581,-0.5709713951873373,0.0795862448327303,high,0
-0.765535277429713,0.17050818601964934,-1.3239920947301105,0.5439072025914127,0.390930551844131,0.25414542769028586,-0.6536971737825101,-0.5509745875188153,low,0
0.9001845640199633,-0.29006577393725175,-0.7731951168428768,0.32858434152364246,-1.5613365935022723,-0.11474874169022896,0.8162596145871915,-1.3802823941539468,high,0
0.7394126723009475,0.004132882654866092,0.509117569050969,-0.6336320849451457,0.7846312133833949,-1.8367337688213456,-0.2705811001362188,1.6462102004583734,high,1
-0.159648307422017,0.25649197844354,1.341115611681286,0.4256638126367649,-1.870457149062288,0.6583394624116107,-0.7477367942283288,0.6913069300927593,low,1
-0.652916144664712,0.43525395717106363,-1.2128906345418562,-1.085278059661935,-0.05303244441196505,-0.5375427685629494,0.0031577227385055856,-0.5672801739110117,medium,1
0.5484279208297995,2.0767113258590237,-0.12433282084890122,0.6340623560790319,-1.1756050083106775,0.4906595954139914,0.17528520864392505,-1.6165321741041512,very_high,0
0.18797358748610446,-0.8453204649775686,0.19593206444396905,1.3788866996062104,-0.1762879596544965,0.16176239623590988,0.7645616720291858,0.3282422423599839,very_high,0
-1.4481272594150476,0.8590460581777356,0.8645784512858746,1.6310455439079523,-0.293295522205411,1.0344293862270395,0.12292461780732088,0.5076334245066914,high,0
-0.0679802559844049,0.20775059761412384,-0.34360109440037934,0.708524054109816,1.2407303253095259,0.7214123735592936,-0.44294548030984626,-0.6412670439998478,medium,0
0.26203581207438104,-1.5710977425706176,-1.5638146913219246,-1.3820215496211217,-0.7601014410792472,-1.0521922013263472,-2.1280524692980416,-1.5492627578287104,very_high,0
-0.8996947864877538,0.7706987820947633,0.6211975594529023,0.19733013094602156,-0.6565002496297772,1.903460299821145,0.4031546011555798,-0.04975802163610495,low,0
0.189843392837443,1.2676235608039048,1.124795965171238,2.139681744057713,0.004668895576048859,1.8921837669682295,1.5576367440167387,0.2742386526975789,low,0
-1.4548224852577891,-0.8571764037774298,-0.08259146174516069,-0.8686115904422842,-0.9571653452491523,-0.8525918433924603,1.2781549273627004,1.6317204361087592,high,0
1.3361861000121709,-0.008933867891970693,0.40524009130643124,-0.05918157291021701,-0.30308043552315356,1.5487104966609837,-0.9785735408649548,0.05182332760036592,high,1
1.2479499850594318,-1.7253542620077036,-0.47449122942707067,1.4135243518009772,-0.8628006071763994,-0.6359142213913074,-0.713737579187603,1.4167268559880857,very_high,0
-0.25251733430296475,-1.2588064596843365,-0.8457727947258943,0.6171339220735854,0.11479253023656089,-0.2682185870427874,-0.5998410749932962,0.001746313450329094,medium,0
0.36345433783907316,1.0480295776172526,1.0264256805472187,2.4801563244851046,-0.09703024235522073,0.4132328230039233,-0.40531294279036817,-0.1895880626140975,medium,0
-2.409921965799875,-0.4664165060074345,0.38749584781446095,-0.7328693832285884,-0.3175634347261389,-0.441447877016211,0.762196602936806,-1.7707360289764424,very_high,1
-1.1563476602653329,-1.1088029749380393,0.49036859940188254,-0.9897557857408219,0.1355294632029971,0.6100175759865148,0.7250777831488756,-0.7080591600305712,low,1
-0.2937789201521298,0.22946036445842968,1.502115147994613,1.2241254358351739,-1.032269284653827,-0.24706802982858847,0.6992046915510288,-0.5837620252208241,high,1
-1.0721330214268592,-0.5224124314310232,-1.054842334318573,-1.195878628271536,-2.367921218861199,-0.38556720197524963,1.1671373676115624,-0.17097128903293554,low,0
0.7143964826306588,-0.4708216577755361,-0.5520262681594221,-0.1967679888175363,-0.656843222137597,-3.028022563068214,-1.0118019704119208,1.0572413725125822,medium,1
1.997296530747994,0.7393260256749032,0.15793334883469554,-0.06564654485957652,-0.4645443620012255,-2.331812187036408,-1.6308377931125622,1.1900491785997527,high,0
-1.176614719429302,-1.1617333589343466,-0.5643132377612419,1.035989473385922,-1.2974390314394313,-0.6305723915732202,-0.029172342998783154,-1.196127732156756,low,1
-0.8374634040851927,-0.9053652126818322,0.7831365352724501,0.6142679680252469,-0.15921038743943566,0.5726085621732409,0.591857319729954,0.8752373855421463,low,1
0.23544836830993032,0.15407999214886864,-0.18739922090398406,0.45706491417686257,0.05790190982693886,-0.26845136422912164,-0.08722068549719247,-0.2117816336341373,medium,1
1.6111161484996208,0.9694097907482053,-0.9925328074971896,-0.40243087790166676,-3.017790454215605,1.1618290205706736,0.32999016547508886,-1.4842897875365075,high,0
-1.2223743125399031,1.2381603014898497,0.06577167518766158,1.215004019081943,-0.44730480700146996,-0.41897231641773003,-0.7684146014890327,0.5369304726522647,low,0
0.24903612230694197,-0.665061720361623,0.17033877080678794,4.0258240427272645,-1.0968346860906002,1.1317448106059955,-0.178881409766725,-0.1474863899922079,high,0
1.8212988508131087,0.9373769669196479,0.9346820628963304,0.6912820989229157,-0.6675867008461763,-0.4681531726468855,0.3057152697228355,-1.5413776024637658,high,0
-1.6517591481792673,-0.7841422934704089,0.39314090314742434,0.09967220754683649,-0.7557114591813673,0.8554725924551485,0.5466633268499089,0.41454835697503,low,1
-1.281069206845832,1.8262093469068,0.46114639135983565,-1.2978629709921605,-0.10339539517381979,-1.1772665604142774,-0.03686390297702623,-2.315279676889739,low,1
-0.42360660646083825,-1.1337710254197284,0.3202916840072248,-0.6374814493171534,1.1890336088401876,0.3690531760065605,-0.35381584747966704,-0.9087433226862226,low,0
-0.520588412855411,1.328478810791731,-0.18822252129193043,-0.21371023394730407,0.20015575508852576,-0.343632309592346,1.5466471833172766,-0.18476372001034996,high,1
0.8126012877536446,-0.6564861068187239,-0.7162191151112647,-0.5346002402671326,-1.3885034680553712,-0.36069922517713965,0.17699140506798605,-0.37278571121318677,medium,0
0.24165971982083806,2.0132464547946003,0.288838351659376,-0.01607783452684818,0.32690962561532305,1.5148232815609894,0.14496937030782736,1.1441862834731378,high,1
-1.7749620596421283,0.5913207288524843,-0.33312476588364065,1.7780160768072877,1.0843533746678506,-0.6097199233466377,-0.20692749498440183,-0.20277357076466468,high,0
0.5154104029008109,-1.016016529408222,1.6898226204410154,1.2471669173692341,0.7924128222118642,0.12505619111189117,0.8767065773758641,-0.5633314769813729,very_high,1
-0.5775388873556505,-0.5222384795425068,1.3421822947732187,-0.15883271646825428,1.0158094421858677,0.6774963459246635,0.134169783481213,0.7133233324049665,low,0
1.274447216941239,0.7811812052237417,0.6328391323516083,-1.2082799446658605,0.19836226436020854,0.30051047682512244,-1.329515663151485,0.4745842529395207,low,0
-0.6275875364369197,1.0526444176155614,0.3784669392929856,1.337367642902413,-0.42791829790943103,0.03976095927629845,-0.7307363846328065,0.08255403862031813,high,1
-0.6366152831022357,-0.07071559172446261,-0.08795905098117711,-0.049054273461364435,-0.8201816393588409,0.5679744588243308,-0.7641565033062317,2.2879743747346946,medium,0
0.5411316108045314,0.044658280963466405,-1.261123731347135,-1.726500425602355,-1.1712941449900325,-0.984341766213772,1.1475804646983012,-0.409151649718454,low,1
0.7629264823369366,0.7583530326440655,-0.2161722233219656,0.7124301184930362,0.8537127471277668,-0.41557388777808274,0.6534195111193511,0.935566025656127,high,0
0.4480993639362036,0.13179842701081995,0.10140003340525669,1.0256866842334653,2.395907395685333,-1.7247424929332238,-0.8179500752718084,-0.2559500046039573,very_high,0
-1.6855973173848082,-1.2935048593383758,0.2294564744446623,-2.425908404934669,1.7980024701022121,1.2886908673939161,-0.7941239407459102,-0.6775147397704298,low,1
0.5380344399282511,-0.8129740246401806,0.4695363670158261,-0.8245546421329034,-0.7834268880407628,1.4927046072759744,-0.24376712339584375,-0.11149816464394238,very_high,1
-1.034308051674399,0.23511994315166507,0.9213301978776851,-0.11045401130771397,-1.6635279740339746,0.05264582126913909,-1.0968717286729208,-0.29441492055831847,medium,1
0.2352761115882635,1.2154824164976936,-0.6921540716928671,0.7345109113086175,-0.637980746031257,0.2255818067063648,0.2212134023925114,-0.21982058923398506,high,0
-1.4237344353990602,1.6159824241620477,-0.6830756072090113,-0.5157465846241712,-0.8686145408535492,0.6815858690394274,-0.20619902215760583,-0.4836635621378971,low,0
0.44632214754306365,0.7795294207714503,1.4508566797431588,-0.8321419019739364,-0.24139746046668173,1.8706392568459225,-0.06331377010258965,-1.144403536143439,very_high,1
-0.8065989043073726,0.28729076103636375,0.7709815891931486,0.7271692496802824,-0.47192843579175414,0.28375900435247053,-0.6056605504265781,1.2807733161431698,medium,0
-1.2826346502605217,0.748813885982477,-0.3907709421333212,-0.4683223733141591,1.3978579785775362,-1.0492605845287863,-0.29290638571547967,1.3999957859067813,high,1
0.7138201364823995,-0.6667508502068556,-0.10721116895223676,0.5420546505486971,2.2714659418056327,-0.26914044923801717,0.25704285296067375,1.9051492720488177,low,0
0.2416445216767513,-0.15323096025821417,-0.10271394667489854,-1.1115156549745906,-1.6377500331815378,-0.7955081772094081,0.8133726894733257,-1.6098511833319389,high,1
-0.6139768013928971,-0.8241307213394766,0.03157412228138299,-1.3523330192363985,0.5267066944888934,2.014390233201957,1.0454849255123724,0.3640502374977759,very_high,1
1.4511788490210642,-1.2487426107077115,0.47268309223861316,0.755269157570397,0.5389039411148667,-0.46007005462720213,-1.1446057770488616,-0.5693656036930808,medium,1
-0.44065242156974244,0.33354901163620493,2.534992746099831,0.2525199103172139,0.17501840534960383,-2.1351955980867587,-0.21956033492399438,0.02858176954944478,high,0
0.03210767397093466,0.1855133065847436,0.18975656116265244,0.9224557332362071,1.6268008825063505,0.18565353544526975,-0.9095628762477181,-1.8180793836014721,high,0
0.2689134476786009,0.6876524845090128,0.6625981504252507,-0.5325930009214418,-0.8690873594774133,0.8668369771613471,1.3974201521625687,-1.544074765979174,high,1
-0.6196659341286136,0.5461118308924472,-1.6864767061901427,-0.7951053024797451,1.2926224103393442,1.0190393252802818,-2.0963794369104556,-0.8536520447937044,low,0
0.47113629339992935,0.24264427132386202,-0.484899992778835,1.3607188875409106,0.5234727551470508,0.41332662348549737,-2.6978918779406253,-0.30083162132784164,very_high,1
-0.5334523471647244,0.5566166656775543,1.2288150027166052,-1.5229587639944702,0.1479759912241222,0.1462669194998613,-0.3649936867187107,-1.0589409410746784,medium,1
-0.4116383222162092,-0.04268309622747663,0.40231539135661587,1.2514607091806247,0.05209345123512439,0.6152545203329556,0.6964999242954618,0.0858614191632412,very_high,0
1.362642639803341,0.4128913952224006,-4.389114584864837,1.3205047074823832,-0.3749246681357709,-1.4440245698797334,0.47705366941820565,0.12637955438925474,high,0
-1.040586052512433,-0.7261444026863596,0.6740232023161967,0.8600895142660753,-1.2644513482829278,1.7907960886110448,0.7105024136636414,-0.28799689099912607,low,0
-2.41278033092949,0.3697059256391301,1.918164394628769,-0.6878075170104481,1.0771534104322489,-1.1017697820638563,2.2613648247920697,-0.6132049398993309,very_high,1
1.6109369950118944,0.6684176852860094,-1.9959075861197932,-0.8165238367253593,-0.184473785072716,1.580746708820308,-0.734868506826516,0.01883637854669994,very_high,0
2.549327952607003,-0.6696814280722031,1.5193876756455122,-0.21005577299819952,0.6620771366958226,1.1007618336578835,-0.48747211480156466,0.08480837284981095,very_high,1
-0.40526926544933184,0.05183209899284673,-2.771955630625928,-1.2950396768313994,-0.7052555017189515,0.5725410611184019,-0.2191602397777503,0.20587410658260533,high,0
-1.9368380406201853,-0.6236025096293596,0.9379989450534133,-0.9616939987535967,-0.7882831507849641,-0.2606931921224477,0.14493225207670593,-0.10272399871212885,very_high,0
-0.31048397619594376,-0.5265066965161149,-0.008648626012240201,0.644734291509046,1.0099555568163612,0.2899804984934966,-0.7631461827195023,-0.8240230918979533,very_high,0
-0.2862229498406692,-1.1249293551021546,-2.3499712152446164,0.6493491142241571,-1.0098854360721943,0.11385961815052391,0.36094871434867937,-0.31132365148330604,low,0
-0.18992384102225704,1.2657749251665555,0.4461378272397865,-1.0495748265349563,-0.784896639006487,-0.5465050023040284,-0.7094928690977791,1.3277203931809305,medium,1
-1.1133880419218483,1.0656851747200478,1.1508397491520586,0.6761219353000746,-0.5238011011476121,0.10695804386720552,0.6679559052949144,-0.34461970605757986,very_high,1
0.5795611424764774,0.5374338542273371,0.36388700382157313,0.4543033057398061,-1.2711467743565588,1.1713036321164139,-0.008952339772220732,-0.04801235175172841,low,0
0.5245073752860862,1.972195951943814,0.584827637059613,1.5098862545771035,-1.2278501305134135,-1.666671935815391,-0.7627766689497861,0.5876732206023524,low,0
-1.4944056198193065,-0.18924569656839169,-0.41167611233906165,0.5691364418675215,-1.548448185724309,-0.9090653108377865,-0.38483331750431515,-0.34550122266235284,medium,0
0.6991967316948878,3.0317624151106344,-1.861389755221022,1.058581053734378,1.0326063460518784,1.2492544380914892,2.005462505389322,-1.6249073166985684,low,0
2.052684981945891,-0.22752941536322038,0.6918640223370642,0.47707759093021124,0.6984851570597541,-0.4540312155250251,0.8607864698492321,0.207113430114827,very_high,1
0.17196033243705985,0.25519335175601643,1.7497539194462957,0.9799291096971879,1.0427161139326862,1.0610166265589815,-0.4118716086936958,-0.09746084596827183,medium,1
-0.33732516206850605,-0.39777791394020817,1.129580854227459,-1.287117156567775,-1.5058921436499069,1.4717692554955328,0.7453873088432121,-0.3450271240809377,very_high,1
-0.1420032144075213,0.372325560060305,-1.9878758296013461,-0.1217444571109134,-0.6303676467471555,-1.8381344684552756,1.0073697528936145,-1.2785602331159973,medium,0
0.6152567669685612,0.8356149278862445,-1.5148944072109338,-0.038982768227529795,0.2061230407837602,0.3854653447387619,0.8484010562037961,0.5808514262675121,high,0
-1.7306716055072182,-0.11391639305308393,-0.8459677417973405,-0.2437499469352824,-0.7907517820564913,0.2942435572676573,-1.505549970050106,1.5621376984528295,low,0
0.16439070297730224,1.7767198471176207,-1.5929754512801433,0.4438866303167256,-0.34643983875634465,-1.3188742390267836,-0.730166285865652,0.013428415432051012,medium,0
-0.3904639494628101,0.23914928463346072,0.044189919556039105,0.634379654495751,1.1442462581456216,0.22690101596279635,-0.46290972922859297,-0.13358192997404636,very_high,0
1.8478250129560454,0.2704853861101991,0.3934158051805228,0.3922570770711484,0.9088708832844662,-1.138770894015411,-0.6806517141396049,0.4747898186843714,high,1
-0.17417273380495787,-0.9089976945137175,-1.4302532832423676,-0.17694388122133783,-1.0503815413987627,0.7491265893066236,-0.890874140186396,1.3038267738563416,high,0
1.6678876111195198,0.4184990745503845,0.7771284592755282,-0.735730079845125,-1.1319244506457213,-0.5290767014634118,-0.546460614528624,0.15987672130233085,medium,1
-1.1037406977820072,-0.1340272208093656,0.601103944020014,1.097186074156234,-1.1454889133817834,-1.394259146222576,0.5490233343978613,0.28623686456416314,high,1
0.5872591668027922,-0.6082397293372869,-0.5481591248437031,0.34973281661383504,0.27073185896046065,-0.6189191475250351,0.18399235777514372,2.5385055649842676,very_high,0
0.3194002637912288,-0.7764744081483639,-0.17252198598398413,-1.0186138583994084,-0.2884084509598372,-0.52337174710124,-2.8604393974915667,1.068694152984698,very_high,1
-0.8690472478647824,2.671763379756685,-1.9498011756530316,-0.19368754164962376,-0.5438279692764925,-1.4317076828771276,-1.1552674431897259,0.44439786247942287,medium,0
0.17739611463694044,-0.2634772501790354,-0.3322621562870741,-1.7432996777073613,0.6915920176072813,0.08644313836818336,0.9667588321164844,0.3695751403922469,very_high,1
1.2125188368316004,-1.4569854207812678,0.007384974130325764,0.035370614347442896,-2.0896834109219373,-1.23434557049746,-0.36435166988762735,1.079568784900242,very_high,1
-0.3237917042866007,-0.6982214597325725,0.16874759522818958,-0.19837994259859598,-0.16423578238687792,-0.61158006388818,-1.954968544257803,0.8635637640731639,medium,1
-1.6919626491697632,-0.051567839476213594,0.37887691202017393,-0.5744669503553378,2.958334669358155,-0.7394039200345133,2.1052750968606646,0.748367383587467,low,1
-0.01756282647744591,0.546667032616485,0.24424174323057224,1.5846001898035293,0.23214378864358656,0.7713805265504663,-0.22525219251658304,0.8379827105522986,very_high,0
-0.9024230947925126,0.5547965217253135,-0.26434369726567053,-1.1561541195421123,0.5963385005941313,-0.016473368047505613,-1.1749400893061266,-0.07678537547523347,high,1
-0.3423409386638824,0.6766145517765254,0.2861949425543167,0.7063929516823354,-1.8760508710378245,0.16923531599134378,-0.09680126481014333,-1.2966260707849544,medium,1
-0.08158776968512098,-0.6448603066373296,1.002031993310248,2.1867081609318735,-0.3118463468342989,1.9300945334934188,0.22011834617736706,1.0360452513145988,medium,1
-1.7056522160155172,0.34044044350154545,-0.09549807330964437,1.077267903716688,-1.8739165168350838,0.6723418488216234,-0.6581867295875414,-0.3356001299879106,low,0
-1.615658339320678,-0.8760594641105784,0.31759489083167675,-0.03153878209776703,0.07276786392135985,1.0651783616224522,0.9327381084746261,1.5861895077851644,very_high,1
0.48206683552552526,-0.6196429830140117,-0.18617106266411843,-1.1340686394233275,-2.0458742302582236,-1.193620560929132,-1.808191578326553,0.6319304103895901,low,1
-0.5227186961696804,-0.9177089745002595,-0.6467589164795713,-1.3620621765844554,-0.48918033184392967,-0.21659743192745534,0.38257068809075157,-1.4853210480064563,low,0
-2.564744341820567,-1.1883888545982695,0.5228796669176042,-0.411551694957522,0.0012962065311068023,1.1987459361544675,-0.025397403251084714,-0.7916597063820323,low,0
0.7848440366081351,1.0642094888580087,-0.5552259441702052,-0.6870007339139083,0.952675585060279,-0.7359316493904802,-1.1474369157517212,-1.715325226458781,low,0
0.27236975527423984,0.6886117009788877,0.38614690099219057,-0.7195469089581323,-0.9612142204538527,-0.23884873619415106,-1.208741704760657,0.18570803754763732,medium,1
-0.713874824036484,0.9766653699781299,0.02825537151004551,-0.3263134554712441,2.221992289184527,-1.7044431163926619,0.1614794303123818,0.17400498904095704,low,0
-1.3168302110582415,0.03931306602429631,-0.3039346765201432,-0.10224709288568688,0.09525239744746067,0.7695943664067156,0.09649148255783252,1.3844628848198377,low,0
0.8358078963143372,0.7768076988651466,-0.3281428321466607,0.4852119476452963,-0.8422334128027206,1.4750560472309444,0.9120263332638503,0.5405117112662879,very_high,0
0.3493506225604296,-1.761289404642545,-0.5081209924156869,-1.2377962194624292,-1.91655787870177,0.7956106627228209,1.0643701624194226,-0.6587001661757365,very_high,1
2.3826022826840734,0.8630875180453551,-1.6458011720890138,-0.68224379613305,0.19634896406205754,-2.192769042508541,0.38127199793375394,-0.7198600299893989,very_high,0
0.42018859872493736,0.1771198300050302,0.38289509516169207,-0.15967208282248133,0.5479440333912979,-0.597922072276191,1.502451918262896,0.9394513059793105,low,0
0.3877031412620148,0.6271096001491656,0.2315468252783205,-0.19548519342326906,-0.15204508056084765,0.5169167907640803,-0.3642632627726218,-0.334399403847255,high,1
-0.16692793010856513,0.38002329904861315,0.8496702524484937,1.8364237074134229,-1.0657985840373894,-2.232765338576968,0.23913486233203762,-1.9888999492951858,low,0
0.816775867200791,-0.9870551545368866,-0.5314569023067949,0.2322465927238575,-1.7715823589485722,-1.6484444477613032,0.4263551741192916,-0.22230816506007336,medium,0
0.6250852012481537,-1.4980397753910466,1.8953836254766674,-1.6135898119594245,-1.3159017836240094,-0.6558490888385612,0.3764551592101874,-0.05208726530650062,very_high,1
1.251725008565195,-0.7120541661829632,-0.3797359478496331,0.4181813615867647,0.9650920121259146,-0.25221985825821086,-1.8522492859204922,-0.7566448990662162,medium,1
-0.5213229186372847,0.5649172812729122,-0.8751096421946959,0.5456637227439788,-0.7764870520041143,-1.0546242113337532,0.06975228422348613,2.430303102733281,medium,0
-0.4354074729439623,0.6900914151753954,-0.9936849198426648,-0.12512802824473812,-0.0028058524917748207,-1.3120358772309886,1.2434010550415135,0.8747430433514232,very_high,0
-0.4791031709119801,-1.3679422773818628,-1.7339224032296623,-1.2133966744092013,1.359795811304745,-0.4273413546948073,-0.3024178198456219,1.7098785318866498,high,0
0.7908017211789892,-0.9810993674682146,1.5326278923931278,1.7580546953134628,-2.2192218213441612,0.4548209756370096,-0.5816980607695965,0.8981718246566575,high,1
1.498374440296732,-0.7232356859408393,1.371067390768662,-1.0698839135812572,-1.740542764022799,0.26883017049547747,0.21062772725160755,0.3634624864647865,high,1
-0.45884049314930064,-0.3573050602668157,0.600745162884758,0.6607722064159335,1.4959659598217314,0.41388898961429843,0.022898460474464498,1.1479675541882248,very_high,1
-0.42477372779309125,-1.3620508308526522,-0.8960888077757798,0.20005052906393525,0.9150707541680891,0.20620612680809017,0.43253054976891864,0.256043759398258,high,1
0.3140772238697992,-1.4220517661401326,1.8112676815591198,0.60081054902977,2.1651708315063805,-0.7490533743164325,1.1549058282426994,-0.12585694270057374,low,1
-0.24576150001290142,-0.8218352964075539,-0.35171916152165594,1.70685792416733,-0.1883177435865066,-0.5467758337539146,0.5775773184176594,0.09130022265857075,low,0
0.95205365313989,0.08625383622500567,-0.26902583122665236,0.5616388721410351,1.4710079134897154,1.0901340044757244,1.5860555320964014,0.2369646640681163,medium,0
-2.2517772906190467,-1.1805943397534906,1.437259080436076,-0.558664227043533,0.703560482618621,-0.5774750209209021,0.1300595547198361,-0.17567789932136524,low,1
-0.8267050469168946,-0.11580350997176611,0.6589105844808723,1.105992275127961,0.12745550483907234,-0.440966891743302,-0.2425521640183039,0.36378494564995456,very_high,0
-0.7824163339614458,1.0585528161418154,2.2011031387545934,-0.6310994500441196,-0.8487700905479784,-0.33655821512935696,-0.7650826963598107,-0.8301805877989914,medium,1
-2.320356012386145,-1.30177973741351,0.24872226031901956,0.16355801139526788,-0.1964502828151946,0.5858716568775042,0.3204457647848381,-1.0568569990832495,very_high,0
-0.9636384443688041,-0.20644575841053947,-0.3970307995787248,-1.2930836080157901,0.9444123064770379,-0.9011856506097037,1.2241108919195605,0.32693841259627626,medium,1
-0.9151561158459262,1.0247567337507726,-0.6118048834597958,-1.0332812273367524,0.3580800444793122,-0.025770795625521946,0.5450786544814065,0.18731552313116723,medium,1
-0.20110465451883033,-0.4182683903638093,-1.846996177190627,0.05138667043618637,-2.0258267591613834,0.5271825406319262,-0.3736552783867337,0.7779466096452462,high,0
1.1129658916602636,-0.5736696908584189,-0.27859577280620446,0.3680867085808721,-0.34766421115600926,1.022988191077335,0.204841661836571,0.16364284737808724,medium,0
-0.24506065119070236,1.1634958143064738,1.1445933388273806,-1.7023906226910304,1.6835557122397977,-0.7132667290956584,-0.3226745374590551,-1.2373351450799965,very_high,1
-1.0308137202711538,-0.30620207897154783,0.5988341726560692,0.49728736800066425,-0.5821490063576735,-0.4700355817263217,-0.5169366321571809,0.06272191606238789,low,0
-0.056954541213528984,1.1044950252055679,0.020308006560405812,-0.8194289765982975,-2.243245266102261,0.45770403739277193,-2.1135577062037103,0.8541377839773792,very_high,1
1.0491736214413494,0.4289653911271988,-0.9949344438163292,1.2796880156711665,-0.16422380393503327,1.2994929467204897,-0.024256419543219193,1.5992411590778703,medium,0
-0.9759588161149049,-0.34284465290983673,0.22687301801273724,-0.35196442882450824,-2.3648818094311217,-0.07991174410650202,1.7079631934107387,0.534968305940418,medium,0
-0.9105748839214486,0.47969053059753036,1.0128137051953732,-1.1236222695499858,0.32890116928473173,0.9711248384525527,-0.08561643891447089,2.6263900853423796,medium,1
0.5585489592742234,0.3204495138460378,0.4307192564699845,0.07580455795925227,1.0025107220447482,0.7619372364817996,-0.6998274246980576,-0.4244402673476728,very_high,1
-0.22153611573080054,1.020882821002474,0.16673516963335916,-0.9162350010787254,0.14478788760424122,0.33807172672727276,-1.6359673537043573,0.6559986551621014,high,1
0.6474846907094743,-0.5483455378650185,-0.796957653281206,1.2689451414331256,-0.0639100226411535,0.3608918630590762,-0.40921770712424965,-0.5919025038834741,medium,0
-0.013646791795296761,0.041206066781619685,0.8671818141120127,0.000530207533099717,-0.4642031783182975,2.1805295610432003,0.9118707288435897,-0.968468923971701,very_high,0
0.701663648089567,-0.061515679604637406,-3.131904818744181,-0.1516766230932871,-0.43285661143631277,0.029455367464284527,0.89741719493132,-1.9699885438976152,medium,0
-1.0350781140406409,0.7041481416397848,0.382845708865145,0.5918010189310079,-0.5733338509671676,0.20508007954413482,0.3700496832654426,-0.07725936533235145,medium,0
-0.01208465078826744,-1.0251791944441757,2.5703219809445987,-1.004947439200293,1.065131372635445,0.30148593033403814,0.04142501005194293,0.1478705914601392,very_high,1
-0.21069001436315682,1.016977048237856,-1.508373387331847,-1.2891536553285141,0.17267397698410603,-0.5144485049657053,-1.908999088611059,-1.4339373740349537,medium,0
-1.2158909241041307,0.4663287721704166,-0.241369454701366,0.40835157944163697,-0.10837684395414768,-0.5556214596102388,0.3511439770458093,-0.5685080445083084,low,0
-1.5634779478686884,-1.3169250736329463,-0.00791099012472641,-1.099670708008809,0.6126438353574128,1.3693944968780132,-1.1071675977465478,0.24371586370781181,low,1
0.6857490352746618,1.2082628254805003,-0.4625828140565771,-1.1000101537494567,-1.4745381307271594,-0.5887658279771728,1.1349104323771935,-0.7787060297054746,low,1
-0.3509523822179781,2.2340930807977313,1.0363742425589795,0.8367560312208876,0.03608728189444972,0.0370836111498507,-0.7851314727546698,1.9862215672632384,medium,1
-1.0222802816473295,1.0018339695494078,0.472451014355301,0.5250641099839399,0.11358498241807989,-0.40177953771044195,0.4399715621511794,1.234957559704117,very_high,0
-0.09617893692333225,1.4269847672264693,0.1523003725473193,-1.2538295424529113,-0.7622656752638802,1.1007951763012123,0.549680819551018,0.9745366094600776,medium,1
1.1280188573493026,0.0853713816025881,0.7972725611692801,-0.6191360429413364,-0.18704077328218052,0.9357146457139935,0.9546925060562871,1.5657205638618863,high,1
-2.280737845371923,-1.66150491973851,0.0167507090717422,-0.90373155594632,-0.10691462763475694,-2.459853579994204,-1.6112605379953344,-0.3942516051833931,low,0
-1.4966386899033264,-1.8441204511675249,3.179864488823514,1.7763192980405802,0.8141305654332462,-1.3100209615789538,-0.5013043283502879,-0.4620264931384886,very_high,1
-0.9228864418952676,0.25508204386775846,0.15134693365674112,0.9060104275706085,-0.6082387490196441,0.4524121180479882,0.1957061275227168,0.9032884854472796,very_high,0
1.461178866720329,-0.59197880772998,0.19528209848970435,-0.420844846005274,-0.03344011286954425,-1.6962945126071802,-0.23174088664562928,-0.01995564453215277,high,1
0.2825869829192965,-0.9145762783273513,-1.7104680495732754,0.5761946893434926,-0.7375551452208102,1.140901118408613,0.013619418314992601,-0.9204973478121257,medium,0
0.7673172404612268,-0.06274668396867535,-0.5434503273034238,-1.3561861859308293,1.9285426539668302,0.6643778929464983,1.0484565555644039,-1.0415869697134141,low,1
-1.1401609191262305,0.6155852878612882,1.1473776817998096,-0.6726461511894929,-0.6814223058812449,0.18439373758862196,-0.1740018310855592,-0.48949441125702076,medium,1
-1.1195358752705262,-1.4527575467621472,-1.3354568503598725,0.10486326594188623,-0.7940351866750697,-0.17983928690141016,1.1132155838337474,-1.513139351549754,high,0
0.4478137167227104,-0.4488776202803848,-2.157557174301955,0.45223074914591294,1.3800926948796235,-0.1831870985655671,-0.5288760291458959,0.9242314859505888,low,0
0.05827433093544655,1.5098706831203152,0.03231547118757482,-0.09745912551344407,-0.022691529938730855,-1.039844100385727,-1.8701009700242799,-0.15198426479479524,low,1
0.5487388188641266,-1.0752883802213746,1.370744507474978,0.24801351071422595,-0.011670513329168509,1.1150296243807063,1.8542554066796233,0.09352928394320842,very_high,1
-0.18767099092845213,0.8697611871649563,0.042381228696125636,0.07833645995312626,0.3989626501066333,-0.3831136138750589,-1.9247763539308946,1.626492327082119,low,1
0.278143726454627,-0.4847307615489939,-0.3361246026263436,-0.16357740202231738,1.3827709114177693,0.536807629262251,-0.976012785247359,0.31199836181895313,very_high,1
0.15811908490510918,0.5457937598499527,-1.85848793774098,-0.2961455921908937,1.535652580863771,-0.5127130561344487,-0.7119807581846821,0.10020803731607193,medium,1
0.7777673890849254,1.0973275072028672,0.45225412270219334,-0.4262648726777842,1.19973738564273,0.7395891364218043,-1.6922416015284223,0.4586752554239115,medium,0
0.8070082819444706,0.7412817669850216,0.6612751088830449,0.23193750862858806,0.03710813602806655,0.24894301426065893,1.1987290052766018,0.9777929635460209,low,0
-1.6198719943917699,0.9091596022138765,-1.7817324991011003,0.41081558919945615,-0.05861196768966943,-0.44852139285721176,-1.6818459689065979,-0.10937050760109031,very_high,0
-2.2472685553408556,-1.1515935334079561,1.1345324486972188,0.19835916731883396,-1.712043393749747,-0.02406179366006721,-0.05613814540967522,0.28773547176431985,low,1
1.0017453976515072,1.1136597067412988,0.7656955258921091,-1.1785970500010596,-1.4251105907999537,-1.378597656794626,1.3309337583314786,-0.982685974361857,medium,0
1.1877250932619365,-0.8526931146348199,1.1323159425473455,-0.9989278511431876,2.104632598612974,-0.734255656776456,0.34239959795092606,1.0638116766255068,very_high,1
-1.0206230195133374,0.2595417655715384,0.5835250918333419,0.39888180594806727,-1.3315763570436807,-0.7133524477014987,0.30236397625198513,1.9290174573832923,low,1
-1.8598354065456286,0.2582461869972269,0.6536827088113185,1.4716733006708778,-0.493612984111077,0.41957442140100454,0.6196582273483766,0.6802540043027369,low,0
0.09903482100720092,0.48512255886958094,0.5207208987017389,0.15241546155875524,-0.5320481369344054,0.21550119980196858,1.2623113126282814,-0.23848408211842734,medium,1
0.9308382263505294,0.33695667606019053,0.8684723215011957,-0.4116684124769942,-1.0259284371394095,1.8632268318922425,0.15426294714170982,1.077754779556742,high,1
1.7975945224343146,-0.8438099785247232,-1.8187577691239185,0.22434045544277556,0.0852670652434121,-1.5003088908520608,-2.150761869692567,1.251905211835959,high,0
0.516297572101451,-1.3498674122957162,-1.5010594336215146,-1.1368214225134285,0.20642812298661822,-1.2490537522004106,-0.9030641777936236,1.0623020011349846,very_high,0
-0.37171669658569495,0.8723486799617686,-0.7360079001897717,1.3089431565364635,-0.6212740137725519,0.6714832883630556,0.19002493268160509,-0.12052894007772563,very_high,0
-0.8931306215848627,0.18583457751891555,-0.12982017167255325,0.1865941445080283,-0.453201646022752,1.2407126370174857,0.3814233170420487,-0.016889322364818993,very_high,1
0.011451291670654416,1.1493768409578178,0.3881369233081794,-0.6694572132105483,0.2901344984230279,-0.09642752991228078,1.379442172982033,1.2492622537718918,very_high,0
-0.2992647038852564,-0.04473293418786798,0.32468165322885006,-0.16679546609287513,-3.887804341619664,0.44017662573841065,0.21211719306996976,-0.03486325408548587,high,1
-1.0150679057288161,-1.4051643606769604,1.1171058114560313,-0.5270362320636157,0.26055687250452786,0.6778074173271814,-0.26796180775499273,1.4981806301764926,very_high,1
2.0487556508632867,0.9661296810041061,1.148495298580351,1.3116699768168338,0.5425265905148402,0.4937052337068637,1.1572813074935637,1.0216877869354895,medium,1
1.785168402072131,-0.370370609661107,-0.8723851082937929,-0.20224008944705912,0.9903103808232961,0.17405224004204453,1.9169267915003285,1.0977278110469655,medium,1
1.1360486835554284,0.3420034574210212,0.23857611005047125,0.15536574611559287,2.3307106894502656,-2.1020398359898294,0.6373547406690422,-0.6962473294452859,very_high,1
-0.9208503978091276,-0.6474594284795192,-0.8478315477218382,0.5737264566512917,0.2528060652952868,-0.7937954650871212,-0.2664947122195833,-0.7139314586655916,medium,0
0.8550193242972788,1.6443017102336905,-0.18824703835356665,-0.7407666037645421,-0.3286476158895048,-0.7511558687010546,0.270063811582624,0.3912241634067323,low,0
0.6396264094979018,-0.8765648241831969,0.32179136904849476,0.19370946613515708,-1.6582687630439978,0.3109564521495716,0.5319205511195337,0.7302167619612338,high,1
0.44254562420405297,-0.33742975410617465,-3.4087120764716907,0.2744355693942098,1.5727167757369898,0.9970678869312632,2.679828196415576,3.1006471968329445,low,0
1.2496652670437771,0.10744870269731638,2.4112440396396844,-1.5540788210206211,-2.1971386312358456,-0.0073912978467148135,0.5042324298803218,-0.0758850090057223,very_high,1
0.6353711428612774,-1.0921823270869582,0.5664086773974751,0.25269648877761,-0.27024207539837525,-0.6939507634141234,-0.5428908598510445,-0.200168369064204,very_high,1
0.7400142363043355,0.33051952858759515,-0.595703275413406,-0.04576206494313917,-0.48674069666583025,-0.2889687029167053,0.5702168440443536,-0.19879639754518968,very_high,0
0.6369062833722101,1.6119104774674902,1.927369755230228,0.12996629211599667,-0.9195062322350612,-1.136363756465487,0.30462903401834257,0.4042884622647964,low,0
0.3407914080021059,-0.49046216069371046,-0.3474311704861944,0.03562971349056658,1.3435954013274256,1.924936809770226,-0.6278542128407156,1.4873006727311908,low,1
-1.7836111297141835,0.3951428190317255,0.13251938582805775,0.25916987295008204,1.076112266718025,-0.8577627711284175,0.9760726819721396,-0.9612759859566656,medium,0
0.08362107741055723,-2.7494353860385554,-0.48711581039762725,1.337343225676158,-0.8101155965418396,-0.21388069778208085,1.8299240289304446,-0.10793779659340613,very_high,0
-0.5561919588491252,-0.03892920048484066,1.6519918374433393,-1.1795074120851095,-0.3858125610928363,1.491764703806802,-1.625692606512803,-0.28650905537819116,medium,1
-1.2798409576400205,-0.31304228592620537,-0.10498470630588037,-0.3421523355004201,1.537705600797142,0.18524878603607414,-2.0880831696474953,-1.3101296547235624,low,1
1.681816619300824,-0.8184976024103849,0.14948410073950924,0.6666186289628364,0.9340502941121688,0.8050074836562757,-0.30039943296111976,-0.5485097936175729,very_high,0
1.7289953408857035,1.081450469628532,1.2037821530254462,0.48092586772791107,-1.1295230924319606,0.45766897795035283,0.37251799687023296,-0.2745895930667648,high,0
1.359220600295612,-0.32624368162382816,0.5851394574610765,0.45940555334208416,0.10209435307468438,0.4974194947565403,-1.3341023084800938,0.6145019805287018,very_high,0
0.2552134168558746,-0.17747748709358746,-0.054348065134071935,2.7535772156733374,0.32095142056444487,0.6012158509915,-0.10991931740976253,0.8913325662630432,high,1
1.3506251209526567,-0.37719287478907115,1.110390972357463,0.6141355241167059,-1.1479412824546105,0.8202161548832603,-1.6341462475077724,0.2827797442883831,medium,1
0.012053180601825543,-1.9168158717650765,2.538483229427952,1.1309377962550249,-0.44812574970471186,0.17198874992620525,-0.7092881908179942,0.5122060141278323,high,1
0.20279727689777938,-1.131986440076961,0.3174104487994213,-0.30707205885250843,-0.617293951412198,1.3381795700463186,0.20478261029949818,0.6308009334244812,very_high,1
-1.093471370461983,0.9610934861202163,0.11676008787256639,-0.9929123738972822,1.4001785357943723,0.5797854538561881,-0.30265820100980434,-1.4297037875372114,high,0
0.39699130449884,-2.109950646879972,0.17062708361908155,-0.3143174292336339,1.0945843158173858,0.35431481939328524,-3.4445840497678972,0.8700621548264672,very_high,1
0.0603859284244171,-0.7663153496157056,1.3104295008315177,0.7119601713434042,-0.30122219372631365,0.9883616752535224,0.6279654143933764,-0.6855067922820294,very_high,1
-1.3026521168344645,-0.3997200562897638,-0.5991977350329224,0.4068278548291754,-1.2674769231061138,-0.05724467103893545,-0.15700231277208526,-0.8254381521887809,high,0
-0.051197111816596905,1.7436218672915653,-0.278317559711661,0.4032513705988798,1.3103688995730578,1.247741871861388,0.7236642147419157,-1.6959225068802954,low,0
-0.07972956385680847,0.768603765496369,-1.5374429491266413,-0.21434438679712778,0.16616911975876847,-0.03423504108354112,-0.49807982749831525,1.9053231974548321,high,0
1.79756116664464,-0.5571705270530996,-1.1838678626399737,-0.37380261881297533,0.5424127411908184,0.9878938809484459,0.05495844967245965,2.5910621679123693,low,1
0.8942133285134095,1.304513697115551,-0.5178000026979704,-0.17985724429327782,-0.6060715898941221,-0.9428257182825067,1.5626582864273035,0.8020858742186469,medium,0
0.011445439091466015,-0.7405158205011196,-0.05593699406042271,0.7244754501652129,-0.8638763749547805,1.3848905006026038,0.3616877153388594,1.410417968616338,medium,0
0.248787309801083,1.0090998037340055,1.7690833257701195,0.8407274281704181,0.5115353224335996,0.30022765524400286,-0.624111334374069,-0.14414415880900922,low,1
0.044212378104198057,-1.3588772459230156,0.5359928049252244,-1.0062416496712276,0.4941068237272433,0.7612487463468598,0.9901612001053197,0.6665448931710057,medium,1
-0.20291398479554773,1.0732578317891572,-0.9120785101897938,0.7623425594314492,1.551970645076985,0.8923084877295449,1.388546301657105,1.4512867044703506,medium,0
-1.0824271973882869,-0.4061336454709856,-0.7279804853641153,-0.6507212307562297,0.387879456893237,0.7745651834974777,-1.149141787534425,-1.1269731723787997,low,0
-0.15105187760692926,-1.0285042409412697,1.3747486832306544,0.46892165184105333,-0.10810008851988984,-0.33331705921159793,-1.4356706282952385,0.1493582276986776,medium,1
-0.7460982566525134,-0.21714361307631405,1.1266103486291923,-0.19196574246248815,1.182240170076993,2.012979079132458,0.45645034041423266,-0.6966305213662353,high,1
-1.2503155389231464,0.27734417972021486,0.028149910224203063,1.5657885492389845,0.009302923320473023,-0.24012525378149832,-0.8616011211798119,-0.464220039222007,medium,0
0.5112218145475347,-0.49474843052571216,-0.44252646553883224,-0.4180746289811456,0.8040963921654486,0.5110255804078663,1.8255761429284958,0.6743380738464718,high,1
0.39126465993323495,0.5539535059953238,1.1249328357046429,0.17861184089478324,-0.30623036547257415,-1.0374629818467107,-0.5698934418531435,-0.6998386627619273,low,1
-1.786707511368078,-0.5829938836640675,-0.9933271267246865,0.6065931575594277,-1.0086317825741715,1.6022097613659732,0.36860021295899326,-0.3765238553450964,high,0
-0.12268463749512722,0.6203723939313579,0.39203039805752304,-0.8739588501228821,-1.9534045257293744,0.28209771646242404,1.2774922631474832,-0.12111594708938031,low,1
0.9957013858999235,0.44222206203659953,2.2726589908933312,-0.07285705542694518,-0.41394053477669707,1.2792619949831199,0.25862965689766904,-1.4183100947935663,very_high,1
1.0592237388963208,-0.06092305470793503,0.20535568225145748,-0.2665848846231373,-1.253808516245133,-0.24292458161321462,-1.0373860006522035,-1.036002014913601,medium,0
1.0258368428852387,-0.4413823123659498,-0.7756094792616043,-0.5138134834059732,0.6361501598460775,1.2905314452196017,-0.38616817203245973,-1.0101435541849244,high,0
0.0389132069014598,0.15154079576526616,0.4103687026715378,-0.4397230014832396,0.5079635789291874,0.2403763355534504,0.27573981290673266,-0.1125664463436816,high,1
-0.8450453279691511,0.5502537430336992,-0.4700087190153476,1.1120145981367944,-0.18165112862357083,1.0702437270371223,2.228459500705877,0.17965315170719248,medium,0
-1.0836988273580606,2.0617991527316084,-1.3941158437534145,-0.5985507347603333,0.255861365690068,-0.6579218009832918,0.7649783711048204,0.44117640908112865,medium,0
0.3446049047503575,0.939420421798181,0.7010360268721068,0.5664078826716058,0.9020668190424783,0.018989768345387258,-0.9700566384743754,0.35160444542296,high,1
0.379280034365163,0.9759899498158413,1.1178344005497223,0.31459500203114427,0.9604181461106248,0.8315469500748488,-0.10922633062876186,-0.4720869364135305,medium,0
1.2873311116050654,3.0885121948602836,-0.31090667207257267,-1.3969801157751758,0.36330887966865616,0.4837543777650492,0.30141220813611785,-0.09076194347176915,very_high,0
1.0999796503420836,0.5159584767678441,-0.37723567409627334,0.5191694384264413,-0.6743018940932767,2.4794034521548225,0.7630703801537592,-1.1274854031700103,high,0
-0.1322286565311721,0.4846435113117023,-0.9615653911218296,-1.4135132097576943,0.7726835180321313,-0.34936910551970984,-1.4951440475767068,-1.0390639415988954,high,1
-1.2442058788608694,0.7040150743216541,-0.1499356004675666,0.6280918281651601,-1.7546164725683715,-1.4493445718460223,0.5368347469339261,-0.22254921684682955,low,1
-0.31910659701089783,-1.0089659775882531,-0.5623683829231909,-0.5071916431308481,-0.4947321473225333,-1.4708138128443196,0.4844534304549453,-0.8065435550174455,medium,0
0.21723119481052466,-0.4439016364187562,-1.0110326867032555,0.008367253256452208,0.3467851365871779,-0.25662753545421646,-0.7046533096343361,-1.9894384247239287,high,0
-0.2020832453894041,-0.506169266692334,1.892168830399606,-1.2942799496263389,0.07899296760840173,-0.5173874576833732,-1.0373991054668465,0.012762478653524782,high,1
-0.5778941080776558,0.6476139772195617,0.4664928167495073,0.12238232360481602,0.09775888132430396,1.6380655204921528,0.7047745026050286,-0.10728308967404143,very_high,1
0.2528848149698989,-0.17417456222119868,0.5723951080293523,0.9269504179706196,0.04866227839107852,0.045192754522654074,1.2963637973110222,-0.8980578781405189,high,1
-0.5039577414106104,0.1382234254743028,0.8833995689324271,-0.8069654280226208,1.1897100026496046,0.30899055817489085,-0.3690529853687782,-1.7061597653741696,low,1
-0.628066083725374,1.0874546201484645,0.7710362167598054,-0.607167086144011,2.076181189760748,0.3085118212508116,-0.5840731390862621,0.34945688912984085,low,1
0.31145283430343956,0.8631507387041388,-0.4131099527967148,0.45462102356748946,-0.33120127739626604,-0.9409403929929648,-1.4132735845645044,-2.104984945837922,low,0
-0.4019925801292048,-0.16172100304124704,0.2725526229714672,0.47961832364693924,1.02128776393746,-0.9868819612100316,0.5348921118028795,0.9566473898452137,high,0
0.24410438897835213,-0.6699950968782225,-0.2690304842606603,-2.4341792984085067,-0.2985672123210707,0.13302292052766373,-0.41662036652411394,1.2039092620566303,very_high,1
0.2732040228521227,1.1352747316531886,0.43846362477666,2.0154063637827733,1.4498118303709555,-2.1515632347735676,-0.4370267588601139,0.004159138781156173,high,0
-1.1394290010915746,0.7738911809098658,0.3416908859581642,0.5285534835483313,-1.727314537702048,-1.7434436603689656,1.3067897496253924,-0.5591193186097794,low,0
-0.4812411238654122,-1.6062568182953822,-0.3826602608642019,0.6969186624529615,-1.1036408077229607,0.3904746433122149,-0.8225476864634965,0.24162564218405003,low,1
1.4377769399164624,-0.3131539389082808,-1.3292987229217992,-0.14354044666201693,-1.7442001273840204,1.4243801632213242,0.3981899112889757,-0.3337508612381163,medium,0
-1.1620795127342871,0.1655154620167624,0.14623705696550768,-1.8553535085522448,1.464900369075235,0.5915300455287251,1.146813031635759,-0.5836926774892001,high,0
-2.116654448970531,0.7788297171210313,-0.20426948780729892,0.67472206125024,0.4021989159965318,-0.5500691093138412,-0.0955321090036399,-0.5836103398832501,high,0
-1.8618451532425115,0.9101014949397712,-1.8903722477087583,-0.5651880282308862,-1.3213941638505806,0.571970019247058,0.3107132017429109,-0.20330852850732195,high,0
0.029109946576669203,0.2839060011754735,0.5076617688887175,0.5439316941833399,-0.36494046373297717,-0.6701307413272868,0.5437261547886781,0.5870140051543722,medium,0
0.03091727803269891,0.585247531358856,0.9653421122427754,-0.21880107026272877,-0.5930522922430583,-0.18297348376045655,-0.5520056528140176,1.5251191098822687,high,1
-0.11761085542512094,0.06413680237815363,2.5283564752089505,0.2380393791163774,0.014600233547214906,-0.932724973689029,0.7389894470366405,-0.6116048999444152,medium,1
1.2141898289285016,-0.6738516881805606,-0.39119750332066106,-0.7749963814092447,0.7726146630765858,0.3873227209918976,-2.5034476091355575,-0.15777076376430912,high,1
-2.672834433102938,-0.261264391041254,-0.5387118965490677,0.8643889426789316,-0.3395961557811601,0.16036366568980487,-1.8096880029090108,-2.831020599340725,low,0
0.3959338744308236,0.018991186640108272,-1.1094210304392413,-1.1883790394576719,0.28224712176715,-3.2249562285208904,-0.8435460672395073,-1.9227609691993868,medium,0
1.5614382018035733,-0.034679250018589874,0.2086419064870071,2.24556942533919,1.9578992579558496,-0.2171759946641017,-0.10750284533086794,0.8392309407882321,high,0
-1.127780764891714,-1.8855729044434706,0.2023181805583551,2.237948634987012,-0.21499177018933932,0.9266459241450039,0.47188715051180563,0.28862576156645264,medium,0
-0.3798065117898951,-0.3974833349294312,-0.8112963347867491,1.6326995854665105,-0.3460647047270636,0.9171708852316622,-0.3364626198791729,1.231252879356013,low,0
-0.7528919172286209,0.05620565308915186,-0.1749298820038401,1.2754789857745101,1.433783954505778,0.472040083088418,-0.9685349230520062,0.5089786345523063,medium,0
-0.8943460460775288,-0.281369991905701,-1.9786656668893567,-0.08454835823364099,0.033428054347475485,-0.48662713714525124,-0.1329121641330784,0.9414307938098668,high,0
-0.32626200502304,-0.24682379551158573,0.9263767478332465,1.1665467057472083,-1.1253653917690785,-1.0680964416584386,0.27077561026533337,0.34318712689577674,medium,0
1.4274852836845047,0.4879913708045874,-0.7706792596721668,-0.09617649827612768,1.5913154829820375,0.8134949372695958,-0.6255763653847941,-0.7222553158159929,medium,0
1.8373866754875203,-1.0789571870486339,-0.03465635141297929,-1.553517542245307,-0.3318544110741597,1.256157493731777,0.9845229729948867,0.03506951350139048,high,1
-0.3359392250401477,-1.6280422139512112,-1.426693421297779,1.503201414030688,0.822975226344549,0.058260728266534306,0.40261867936908985,0.5941875540922819,high,0
1.9050602140644701,-0.3481697908366748,-0.5823535994615734,1.1288244629225053,-0.7788038284757912,-0.6777097573460621,-0.28859466168605025,-0.7066642790468888,low,0
0.035576476984624864,0.7641144055017897,-0.2795911535175272,-0.031339107655435385,0.6759519609490408,0.34640812686900146,-1.3393665762925462,-0.24091671172753645,medium,1
1.753691026701081,1.6875530394866385,-0.011290846960830136,-1.2251842573311502,0.18194442850993936,-1.0819224486476589,-1.3539942359944126,0.5197244960339101,low,0
-0.09329864965349177,0.78212823909474,0.4797325155225118,-0.5862006765789738,-0.23266349305466327,-0.32607718575822703,-0.12328431822678534,0.25271762117785185,very_high,1
0.1310578260461443,-1.4682637598688473,1.4390750834862203,-1.8211455848875098,-1.5994922005909002,0.8765815827327491,-2.5121579061313772,1.3937111488173184,low,1
0.36547447264283456,-0.23236723937677117,0.7327109427693562,0.9450808526179771,2.436394638034791,-0.3897678294771549,1.2903830607730349,1.0841560234108645,medium,1
3.1788536793675353,0.2566343810815294,0.9621645431462449,-1.6033089668641802,-0.35974921818760114,-0.837158963132276,0.787370166444289,-0.423468104218468,low,1
0.8512855748447891,0.1775911169235922,1.4461041099431382,0.28683087014667635,0.5372760119561523,-0.897176441405749,-0.32898229175200283,0.10710586487219341,medium,1
-0.7072645299514636,0.539304552942874,0.5697078815226975,-0.8436933477796882,-0.4915486809199354,1.5349832011394577,-0.20423520028514647,-0.35962695978361237,medium,1
0.9689978702758579,-0.9170489464607607,-0.03670719561899534,-1.4267034449994767,0.4544549884990673,-1.0338636826738634,0.4272154004583863,0.2558201900592407,low,1
-0.3618325370843415,0.06494308755074261,1.0091119062550553,0.2383550932785717,1.7942556034087618,1.4608135607632065,-0.8005629327448375,-1.1224265376972833,high,1
-0.48975018290120914,0.420322829776129,1.0730092859616567,-0.3337993853120314,-1.425863287831288,1.3642829537022556,-0.46845373575239274,1.6218069283088166,low,1
0.9086013598921112,0.8256709533036595,0.6485658379660353,0.8381891054253677,-0.11220208556672034,1.267212606577366,-0.3232394796388301,0.27209174317574075,very_high,0
0.031085587771152785,-0.805718166612792,-1.454627597036103,-1.267605268728707,-0.5560474508341664,-1.2617390905476908,-1.4587105963075782,0.5834327494378747,high,0
0.2785759145118061,-0.345156867242898,-0.8414601530946475,-0.7573146454738222,1.0616631730810906,-0.27404471898259025,-1.4307372576005426,-2.3527523062815763,very_high,0
0.013985221865292462,-2.7038176800733402,-0.274854104030484,-2.3876422084908913,0.5269230185375029,0.13679175608229402,0.2786397603138164,-1.4313389482324363,low,1
0.3365831266054347,-0.6214619675777742,0.7796210207358992,-2.1843466823279227,1.743330127991242,0.6583472858522185,-0.7635976576279362,-1.226815328083239,medium,1
0.4249658974361492,-0.524414892971043,-0.021346419070559747,1.7981924099785127,-0.3154306472228784,2.0491460358467033,-0.18826737596595502,-1.1895517841330125,medium,0
-1.9369669327054153,-1.019584508167443,1.1368686334505633,2.083598244099669,0.264338468378001,-1.2805465775873714,0.4021655344526143,1.20891595227157,high,0
0.6665726686095336,0.1656121502326517,1.3152366287442812,0.09272620522395288,-0.7970651518496797,-0.5288704375701501,-1.658835976661862,-0.13383523410253537,high,1
-0.9820194198303006,-0.05594543204526823,1.1991704686772062,-0.8238287659065117,-0.8966325848654781,1.9397001510276282,0.7922794954511481,-1.7927773389484423,low,1
-1.4422991355594112,-2.2592138775776114,1.2055405644802868,-0.298448925490107,-0.9840238027038185,1.5731854067592725,0.8909217105523625,1.6237121955582872,high,1
-0.05841124385868244,0.21550796930175647,-1.0369939046587182,0.8735742024863639,-0.2094893279622779,-1.247509486060624,0.3496839249167958,-0.19616816691702066,medium,0
0.08398100331445427,-0.9283241307890274,0.4826354994557758,-0.5143890198220461,1.618050841052838,-0.12634560286456042,1.3309814440476846,-1.5880746611426133,very_high,0
-0.6935061645722808,0.48568895919051513,-0.6075290409554163,0.2376338670416892,-0.3732704617553693,0.707184023274026,0.8662729119465122,-0.49735673037543554,very_high,0
0.8310318576679744,-1.2818512477286654,-1.6490663313591984,-0.01275605048124964,0.8710031765812385,-0.7131445010457679,-0.701300224181893,0.04530682348474259,medium,0
-1.342175166370907,0.03000653853094012,-0.2874711320558362,-0.568812670082858,1.3931300958495347,0.7026681849450789,-0.070423569463091,0.6060779587076734,low,0
-0.40694374877255896,-0.2831633288865059,1.3247369656272514,-0.5261927459918712,-0.6153109736317417,0.2878210083188878,1.1153655018924507,0.1997693346557936,very_high,1
-0.5848741349330007,0.30310188495033036,0.4607420101184635,0.29332087168550824,0.8679398580252639,-0.4883294240713444,-0.14003064595376932,0.40842168623857145,medium,1
-0.04658727033933937,0.12469727765134685,2.017809371605892,-0.9768881363874414,1.5312901779165933,-1.1087261342922892,0.3161064504243861,0.7354468136050571,medium,1
0.2788642846472388,-0.25516417502145444,0.17723014526811154,0.45172934562351613,-0.5387993326492484,-0.07608129644999888,0.8119985127851743,-0.4998479975278538,low,0
-1.0078929496235447,-1.5362723140442447,2.4478027535929074,-0.47157895964918195,1.1505847769930262,0.3992964729355876,1.0078574304895174,0.7593317312674405,very_high,1
0.7242826774562282,-1.4772079634610316,0.17752122551705124,0.12736730464823023,1.1149720356065458,-0.7240795618748207,0.4702679672315828,-0.5574887210435456,medium,0
0.06300236833469973,-0.583886939092219,0.022480296153736364,1.3839625661685588,-1.4125004006152988,-0.2861131818665387,0.5450342885346998,-0.06602170513374042,low,0
-1.8919462533119105,-0.00827988392958697,-1.2793900879214963,-0.16819204522695244,-1.5230193324683148,2.111845935480567,0.3251607530414996,-0.8240691695998863,high,0
-1.958591440397031,-0.608247947199117,1.1105627402927678,0.9198043401919923,2.1891860778060868,0.620462359645895,-2.7870678690285327,2.652291687986943,low,0
-0.012319292929311235,0.6252119305794656,-0.5021251289404789,-1.7920328558838285,-0.2060119453768321,-1.1334043000328504,-0.7400021099732134,0.2844096849826374,low,1
-0.2209673177863541,-0.2792209192116837,-0.647047639408727,-0.4703630136405947,-0.09024558548958914,1.147342422741361,-0.8432403245875508,-1.3902850599421557,medium,0
-0.1034201135746335,-0.9650127247795103,1.281230563762572,0.027688621076072818,-0.3383414900513758,-0.595227670334469,-1.1883460761176137,0.519184581186122,high,1
-0.02798245653021798,-0.27809629298790933,1.1582226687959571,1.923330679206459,-1.0656467344564875,-0.9272536446037599,0.13649199400572554,-0.964971658087667,high,0
0.22555983951018072,0.22585983631655238,1.132051367210679,-1.9599520832598905,1.4680465286160624,-0.05982268122831417,-1.2136163674392415,0.39210349732174843,medium,1
0.9476496098482997,0.3248847188245844,-0.36219113405498116,-0.09620986189277686,-0.15015703749131398,0.4753228728787888,0.6910374027783259,0.03550216547330453,medium,0
-1.1111049009175582,1.8783791319931293,-0.05097586530525164,1.456688850916263,2.0635414904733906,1.200553998907298,0.8335461180651682,0.1312059458801964,low,0
-1.1719715929007948,-0.6689093400034194,-0.059854397695851456,-0.785020405266872,1.1273863859339939,0.14429414671802135,-0.5771690138231336,-0.2431404535876946,low,1
-1.0933238578873825,-0.07347866159040038,0.7825181806723981,-0.21283881042567027,1.057329042985862,0.6830370831217859,0.18163246152835105,-0.04278557362527005,low,1
0.2889166671687069,0.4261239468194264,1.55356466849423,0.3317389850555395,-2.1300726437585205,-1.4129268966600668,-0.7426453395192898,-0.892966382013853,high,1
1.2449473786464456,-0.023422959200815323,0.36814655519840694,0.18450855372278024,0.811493741973321,-0.1284392189010354,1.4089169351214348,-0.7828977195866305,medium,0
-0.4313394382395105,-0.5006181459886532,1.9748910853573585,1.5657704754544142,-0.05098717927759595,1.0921863288344187,0.10588708208217844,0.13356891455812855,low,0
-2.5016998441596545,-1.5492571763442435,0.8971944180330614,0.44847381007323184,-0.8999067092107549,1.0959522736975829,-2.0753422635971837,1.3429926524306277,high,0
-1.7039928626103755,-0.5108345590530156,-0.23479939411441825,1.3277728955142192,-0.7475213283637553,-0.8320489764072876,1.8959552998483071,1.411405806479421,medium,0
-0.8330367227960116,-1.073702412717801,0.8287114061289749,-0.3600083573099114,0.13459172945237918,-0.6461813609102723,0.1347839778261051,-0.6739036885692954,medium,0
-0.5577288874952148,-1.7266066811237784,1.7059402787087732,-0.7405254112502966,1.8103293797647417,-0.09561404655042607,-1.0480218812736268,-1.3663720479849741,high,1
-0.4083886272547264,-0.7956788416705864,1.9982889833413344,-0.22572319301963548,-0.7608951544927903,0.24660314198253636,-1.6195030931285463,0.690250134575882,low,1
0.038581122980917065,-1.0470917207664545,1.1868913445990807,-1.1591030933676016,0.04629725927733898,-0.3383032174399716,1.7183889622788697,0.17148917342952746,very_high,1
-0.3117463308224471,0.5837865452929482,0.025674453657999224,0.48351169621009515,0.5607424000624197,1.4254059223124789,-0.2087982064229208,0.3455030494903224,very_high,0
1.0493396105434072,0.6010918374142937,-0.21669325405592046,-0.3858781127552457,0.9049599485840485,0.530993278184569,-0.3279348327877281,-0.15877649380672046,very_high,0
-0.6760173056813688,-0.9038792895808748,0.5760695035613909,-0.6717888999774754,1.34591124873214,-0.5928627292796731,-0.7437589743549698,-0.9041337882702167,very_high,1
-0.862317959475543,-0.2602286305631211,1.6739744952710462,0.4986584096210017,-0.9294750220625191,0.8176034060217474,0.5456903431210129,-0.5450918443657804,very_high,1
0.4788755385204616,-1.8582426621125354,0.4337691222144516,-1.1437157779742886,-1.4622589081012267,1.6595325997585602,0.3188858642454964,-2.0734663566586917,very_high,1
-1.5356420699261193,-0.4943399501826941,0.4545318718688109,0.7705022138557944,0.9722125042199887,-0.428211683413038,-0.9647205652413965,-1.5690667438383852,very_high,0
0.3896917053200022,0.3989819007023456,0.05139785431709231,-0.4783373884913608,-0.9233818741618439,-1.2635885620009257,0.26791912435014975,-1.6378934667611151,low,1
0.10255318372626686,0.8249378896141027,-0.3278910626312124,1.159096444094184,0.9949691941604685,0.4642105948193797,-0.38636995973938226,0.01830667293137945,medium,0
-0.1474424899181674,-0.7130470816913138,-0.1621345066439178,-0.39273757822956723,-0.061997809369039564,-0.7618113825596522,-0.5802393195274274,-0.6106781375454329,low,1
1.5882761071492624,1.0518548605275198,0.13542598524553,0.6319096665579241,1.0439109964164817,0.770117392013053,-0.9323632683909493,-1.194393792542571,medium,0
-0.6222074452947179,-1.5156919215134717,1.7180999962398222,0.17956237377290588,2.1552875982895463,-1.0277052036965477,-0.16122438970404027,0.08872041371766212,medium,1
2.0602981705240784,-1.2476277991437925,-0.23971377853080178,0.7439018737144868,-0.4582098742194886,1.155079972198554,0.4544586229434542,0.8458053237450754,high,1
-0.2254314492280993,0.7096618656378763,0.05261207591138063,0.10994689214762728,0.8939483218059867,1.584405832974063,1.3310439667883345,2.3248039595959145,very_high,1
-1.2770164449702281,1.6711212285632473,-0.8653776604065087,-1.6633974123432438,-0.6694467765275067,0.8473120418058289,0.7104351789845953,1.9202949052321883,low,0
0.0699195809948253,0.4934319881836954,0.7166310664731552,1.008793539242132,0.5579510813929365,-0.6810703447669576,0.5125451041001348,-0.2147466645997193,high,1
-1.0762452003187681,-0.040342386534012425,1.3666791787182826,-0.08768292245790726,-1.4103381860814241,0.7932264815558977,0.2060595151861,0.15219288177190468,very_high,1
-0.7517558478135002,-2.1951837465222086,1.6244978459567558,0.789516077354813,-0.38248339826782335,0.34226542477198163,0.10027069903925505,0.19803916024073265,very_high,1
0.39703330001549114,-2.0224470560434793,0.20336452469571042,0.6902464768688565,0.06380709241374871,-0.567279799488263,1.8709027954472213,-0.3076887654389624,low,1
0.5555820886501248,0.12940953689586895,0.5743542832792355,-0.7732964810113417,-0.7408437064288511,-1.2465874940428558,-1.7999654663144513,-0.36301500436813444,medium,1
-0.6221677002542582,-0.35806266957117455,-0.15355032217003803,-0.9147954051752969,1.1805279151289065,0.6294016120620651,0.5838343081286667,-0.8932100051977196,very_high,0
0.9874051450464006,-1.105835182152118,0.5280186796945225,0.655355101449004,1.391232836398735,0.3945708915461603,0.4225175362979251,-1.2646922996999788,very_high,1
1.157507758021134,0.06553258083005072,0.3139651524992144,-0.3032490294105138,1.780830548761419,0.32295239904683726,-0.5943572783674849,-0.16199485598784275,medium,1
1.436301756563291,0.11513136750780958,0.05826438725148733,0.936429279466497,-0.3604496531602945,0.6479830636940592,0.2794641116703421,1.0039366059713688,high,1
0.5294134071257222,0.9444158685402726,0.13775369227712947,-0.17820094286302327,-0.8640879739781828,-0.5006920238493904,-0.5628410727878568,-0.1864700766184518,very_high,0
1.3634287120856987,0.13660228301270078,0.45192228339364876,1.0234097774482882,1.9548995916476282,0.8366012004465857,0.11876379683361804,-1.361652219504395,high,0
-1.8807984279740577,1.2283943683343845,-0.29415243484556425,0.4233044842091017,-0.7900072964370534,1.63052189656592,-1.6061056897904893,0.38448433333011733,low,0
-0.31790654862846257,0.007994029548813363,-0.2424967920780333,0.2879749937141485,-0.009515185483472202,0.6660681903110566,1.0219686887820973,-0.06069020093158128,very_high,1
-0.8670052563234263,-0.11533499480733611,1.7073620136715535,-0.3740111987402744,-0.6624700986121024,0.24553838477322035,1.0022074144378648,0.3320994781399878,medium,1
0.11922586112739209,1.0643121862471823,2.710546768846383,0.2324276140615166,-0.27904236756343237,1.0156560625479392,-1.0918446169281573,-0.9443151340074528,high,1
-0.5714492191967373,-0.9784408800414345,-1.2043669485340438,1.1928527149527093,-0.4391435945417976,-1.4530581963496891,1.3508186670419104,-1.0996002878799076,medium,0
-0.16615784194973238,2.8144474532661614,-1.2594712043760588,-0.05421545866331975,-0.619520643687098,-0.2976834855402208,-0.8846194576513401,0.7142792376934625,high,0
1.8821748802040494,0.3752574781667358,-0.9571528278081498,0.5311744436838554,0.9836535952108916,-0.6091682115417223,2.133021769949211,-1.9046487855039445,low,0
-0.1697197964203783,0.3808292528376731,-0.10328841503855507,0.046360076249706055,1.7530848477164287,0.47404166744638443,0.3413860830560752,0.43127530731801106,high,0
0.4137923171902139,0.5250959739725976,0.895780511037257,0.12460404274542186,0.2997677204339506,-0.9659044916251056,0.8181909050727912,0.6606782115382321,very_high,1
-0.2322693299242352,1.8771364753316424,0.591252942048272,1.7234107569382986,1.7642410769011654,0.33047607964326225,-1.2275490176321833,1.7725229312021364,low,0
0.07571328795683367,0.7925074116726066,0.17203113678046833,1.2017300310395511,0.3379641936723808,-0.256733926420855,-0.43062535018479275,0.7643001215315177,high,1
0.006016680436071459,-1.6050559790039236,0.5289355469578989,0.07940381519571835,0.5132414912681309,-0.8156862901633702,-0.17407496537466038,-0.7695349798407002,medium,0
0.4483240659731595,1.4034703847675043,-0.6920861566283695,0.2144540879360341,-0.1187622248674092,1.8443041732047962,-0.2593885144687406,-2.125598324530646,very_high,0
1.165307535547177,-0.3408965794450173,-0.2441227717526189,-0.7018705035509689,0.44925937402602345,-0.13101043455338934,-0.4372153668610949,-0.9469256560568857,very_high,1
1.6473939976033294,0.10715507283932346,-0.020094548375796818,-0.17297154626495317,0.051844888660036635,-1.7377511434814747,0.32774003328524176,1.2061717020348408,high,1
0.30962008190916684,-1.2792539721752665,-1.5842163388718526,0.309397787548615,-0.9015934721953135,-0.9910742860246571,-0.9173189277192353,1.5216579970469513,medium,0
0.5895468860356021,0.5262020181238957,-1.161310204722596,0.8506135895691279,-1.6787244146786302,0.3841339258444641,0.14103678557355223,-0.44889546688333115,low,0
-1.150864509185567,-0.6513742900675522,-1.121566061277659,0.749220896910919,-1.0638948997728754,1.0866338154663382,0.24751285580509758,0.47864366466178415,high,0
-0.08787674241562057,0.10016963799347375,0.7641082236837743,-1.1092590559045103,0.32768870491182184,-0.468394663428241,-0.20582935448077644,1.164911805425043,very_high,1
0.940289464883589,-0.284099005360783,0.24535494857241638,0.9769827306786314,-1.2220919877597505,-0.20825883310778268,0.8392853589936647,1.8820797322157303,very_high,1
0.8659686384171532,1.9250128017358519,0.611061200073943,-0.08877367937755289,-0.7957578149464997,1.2750461182058257,0.058636302107016376,1.0444166388757383,very_high,0
0.21160973279505021,1.9822603001455896,-1.8396549898024643,-0.9869913556775379,-1.2639640425647631,0.5499739566271756,1.005696591169289,-0.02015525502783204,medium,0
0.8863939595679524,0.046513170214741384,-1.4835666860516032,1.3363847374319215,-1.5716639117730884,0.6836175165509342,0.208748367813911,-0.9221839147100857,medium,0
0.49076670899381886,0.06397771136885474,0.6632154402564954,1.463278996737953,0.15450324912777277,-0.5586357890526705,0.002677127509891169,-1.749932647203449,very_high,0
1.2003062582593216,-0.37344296634951507,-2.778669641666051,0.2637469823406603,0.015909284966284666,-1.0993535064903106,-2.459708848387683,1.0291349410333923,high,0
0.2893591569571111,1.1060062915027862,1.2246293575998046,0.7087936019052349,0.21068571346905124,0.8636480012646043,0.8608983962967114,0.19443807005353256,medium,0
-0.35569831557103465,-0.32891987033337716,-1.82331714352279,0.767449208744432,-0.4171415986152579,0.4209420239051994,1.3970313748793493,-0.10290317131597083,very_high,0
0.33584125693302364,-0.4213372746456993,0.8433448919249784,1.395772152812251,0.373152473452412,0.3806909685166615,2.405109467323973,1.6526782162184324,very_high,0
-2.9305943758527757,0.9785928636649645,-0.8885846247569626,0.7280685254317251,-0.7976136583668579,2.1921825021562906,-0.08221679411995671,-0.22749117975350636,low,0
0.38288573638504947,-0.5382990953166494,1.0489037151715825,-1.3276882774385688,0.3262908245538229,-1.0833539581026397,0.40825382854699094,-1.1615651332376917,very_high,1
-3.6484128252147836,-0.03775503444853058,3.208160913916495,2.0098077489711277,0.5515739628767288,2.2798715757495764,-1.0230240314925128,1.5491792447079755,low,0
-1.723463407405418,-1.5813107815109928,-2.2731776301211255,1.065656889480043,0.20807547647429409,-0.631623119941951,-0.44795653525035717,-0.5164964179088289,low,0
0.45176860094098414,0.7041903451231669,0.6953771478606484,-0.5095242052727647,-1.2596883066506925,-0.44242680693146963,0.11602839728687098,1.1636943566260185,high,1
0.47752933726679525,1.9408669391818687,-1.8081627135937397,-1.0296250723574096,1.1665402012943862,-1.4781768719571002,-0.43296940570874193,0.7110049191364247,high,0
-1.1624287801399305,0.7212253727997919,0.4267689222175041,0.5048134304040838,-0.8611751146591777,0.934068892165902,-0.5312731819524812,-0.7773635613937209,high,0
-0.7121020418789388,1.461799167547305,-0.20677216355189393,-0.27826003836757923,0.0061693653342358,-0.52291233502861,-0.556868525247105,-1.0697967998066982,medium,0
1.370540988614132,-0.8461021361773309,0.1297823224618433,0.3299953539989592,1.1000094354874357,0.24455046298816424,0.9585940807773453,0.5160685376747014,medium,1
-0.48403013157267616,0.2363242820282007,-0.911686276328237,0.7434068412782634,-1.649141274784243,-0.9268543647037955,-0.6712358110975197,-0.7485828702916597,very_high,0
2.242920312402985,-0.9431599243693896,0.7805411094965004,-0.5664418879967954,0.9705884668497021,2.211879640276645,-0.7637211711923855,1.597448306064415,very_high,1
-0.001919853176346149,-0.22776554558134285,-1.448357837970381,-1.1161079926843374,-0.23226375803886393,0.47355539694023474,1.2407332491412106,-0.05892462266226093,medium,0
0.4080361768812668,0.7722114773525048,1.2416372628987402,0.38581846787197815,-0.6273374211174519,-2.3600385186630297,0.07047161648847906,-0.7098693274534263,low,1
1.6168743984986076,0.10182061310329862,-0.40925030661018263,-0.5333878552769735,0.42219165014431453,-1.451312240821098,0.8060798912806176,0.4835993152605212,medium,0
0.13102711619341956,-1.4126410226012216,-1.4026906774030896,0.14609578573239815,-0.06331025284445918,-1.1902210941542422,0.750338603365376,0.18736424105126542,high,0
-1.0023439806908012,-1.3150291055377534,1.5949368233406982,-1.3433264369622646,0.5018903796731302,-0.642415413891724,-1.519058274920934,0.9573183749126308,high,1
-0.10972745169429012,-1.3811639314907738,-0.06734265280915312,-0.2521827244746376,-0.5353588032709344,0.4091101991300401,1.25797343871795,1.1387008030839398,medium,1
-0.03561073619009093,0.4914525899395903,1.9076359704420263,0.7149518910399967,-1.4887610454342513,-1.3172151395967535,-0.3117260129551111,1.4623171332871585,low,1
-1.3647416522015654,2.0638945356566682,1.2213561293133421,0.6059325076467968,-0.5963278530093554,-0.6169110981183182,-0.5317307962886673,-0.011226844086627264,low,1
-0.25583207134082336,1.3624582440002129,-0.798145704786435,-0.7883579708732686,1.0843599563269513,-0.1448210780096468,2.479134574725335,-1.173570998550015,very_high,1
-0.7421920939974367,-1.8959851991460643,-0.0849898009367489,-1.1682643693180517,1.3913453979864867,-0.41168400884564893,-0.3950606135118676,-0.9212978161298966,low,0
0.9243577571874341,1.421075938069784,0.12103793966357433,0.01576368975179213,-0.0006059497748582492,0.02069598424636107,-1.6023552669411647,2.2935053233258635,medium,0
0.03461187418525562,0.9364004170146472,1.5263031999864394,0.5610327970194089,0.06561227721718836,-0.626237433413442,-0.2670095390918342,-0.35787811124420843,medium,1
-0.28279574914757005,-1.5452999455287577,0.437517713367115,0.405175140192551,-0.014589910428114545,0.8048663485410703,0.22721993709877608,0.7042830203995033,medium,0
-0.10618193062257626,-0.3032016167104975,0.17629262109645927,-0.5121598443613099,0.23125255510589088,-0.2413056826832715,1.0031117343376488,0.32262242951592457,medium,1
0.22312201840616613,1.0955224114958095,-0.1998795870983077,0.2978244424866034,-0.18791013455132072,-0.10923934124699704,0.03044392367703176,-0.05636110121892039,medium,0
0.6168141996897798,0.5504335109347853,-0.0505570358546391,1.5023554712759948,0.764900555268261,0.8280759925481701,1.7838568379007467,-0.6036297106447612,high,0
-0.9997122286693814,-1.3090950523879856,1.3045920856783244,0.20514468730902757,-1.9091373162826824,0.8290430650218876,-1.456582115007185,-0.9843311035722854,high,1
-1.0415876326212719,0.6107421557961942,0.0037053507974743488,-1.63314793581862,-0.6214990354223122,-0.7583535100029103,-0.4848160224983458,0.7296259919185254,low,0
1.10467921540253,-2.1375005960805877,-0.3949972712981747,0.2032003381006422,-0.0541548642225358,-0.3786562845393365,0.8198907713290137,0.8479217540828429,low,0
-0.4123368722047306,-0.22282217575721136,-0.5645071656136869,2.043956971212609,1.0451094187643148,-0.6107559064588114,0.2362921985966739,-0.9389087403832965,high,0
-1.416842092596874,1.1379567694000488,-0.553765153836162,-1.2873908131155956,2.551348953621102,0.12716556128503306,-0.45984771764635685,-0.23216123467554106,low,1
0.44381270938310463,0.018394215571319834,-1.402095996042765,0.029724661829022104,1.4489632861644581,0.3128831075966104,-1.0488979062978467,-1.016318290128753,high,0
0.4633698060326869,-0.4989375499619459,-0.750375308326479,-0.2263354330321344,0.9319953933384871,-1.1509899087369713,1.1134093418671713,-0.09163355195690347,low,0
-1.5307152572567064,0.8893462537723492,1.498420275650323,0.09588295927506402,-0.4676904265729778,1.7485538771297098,-1.3882133365453373,-0.7318929559461467,very_high,1
0.2294817154636063,0.9747518150865815,-0.20659926056749658,0.19425215315377178,0.2164570434536348,-0.7912408182580523,0.9647932363648231,1.0122957331691809,high,0
0.7355830924283736,1.3100396928669502,0.7044116685560984,1.1399719860629245,-0.6123965875835142,-0.45830461983435805,0.28467606529839856,-1.3119290612133796,very_high,0
0.37438645170626306,0.8743424284463873,-2.4787565179008344,0.0847832864008106,1.7002090886758383,-0.23595484984027074,0.3561044924308068,1.1858020428493259,very_high,0
0.6319814837613953,1.0813747939371465,0.5683113089658791,1.277259557212047,1.5569813354906985,-1.7355375133587927,-0.31555368832751896,0.500688251483219,medium,0
-1.404269098090749,0.7329085574375346,-0.16135270436911373,-0.1176556587864825,1.7827667450403646,1.6293751728026327,-0.8159301412587299,-0.16240001990572364,low,0
0.3310401549961956,0.26552864911647195,-0.48144002289050875,-0.3501367739746331,-0.19512844410616964,-0.2254323493333833,0.9542579147468584,-0.8884646637338346,low,0
-0.30261975947044656,0.08950899976381409,0.18095995742113172,-0.6691829830386058,-1.60454308223482,-1.02830161270673,-0.6556915889970717,0.1871744006152133,low,1
-0.4827901587246448,-0.237259719097402,-0.4958252538120278,-1.8170870291201529,-1.2111005902599319,-0.92944741765211,-1.1156540011597813,-0.5544937442956455,medium,1
0.8705556094197265,-1.2123682930597257,-2.123874919888356,0.2757814119258398,0.6890568169738107,-0.9895293850696225,-0.35759662832977124,-0.5450226799167689,very_high,0
1.47927451067423,-0.9553115088198088,0.9222479411719373,2.0540002884718427,-0.15427927601770416,1.0506967233991944,-1.1523701760048088,-0.04936660843481989,medium,1
1.794370054600359,-0.28201448193520967,0.24301756134819305,0.4582354772858612,-1.2260460978856038,-0.0675110409850576,1.7329277582352234,-0.8529088029261331,medium,0
1.314807871505905,0.2414521596024293,-0.3139424547478518,0.6867473541616795,-1.3122316195925512,-1.4592277719040092,-0.787252329342901,-0.4499830116291807,medium,0
-0.10973418163018368,1.4408125980042632,-0.9661853720724374,-0.41303132501445505,-0.22602501507922626,-1.6483326407033696,-0.6259462115069723,0.501758473403675,low,0
0.35272016302634307,-0.04179722787551253,-1.469857516107135,-0.2443333912736707,-0.3551456948450711,0.2928437599380678,-0.7822669220236698,0.34152439616084757,low,0
0.7668228717842437,1.003476290877664,0.2238927070680576,0.9846414883332621,0.8884495729322054,0.3658007330936959,0.05566540350946721,1.1248180263058407,medium,1
0.12117794929946196,1.0793156564321207,1.613440960225359,2.0086936402898203,-0.6178561124619121,1.3725442840972462,1.8407658022347948,-0.6934377061177628,medium,0
0.13076418791154437,-0.231446797688791,0.2031664767410382,1.4879479357968197,1.0450425432614543,-0.07814500181077243,0.5945885087379836,0.7804035974883825,medium,0
0.823753131876182,0.5946902113701839,-1.382761606092826,0.805244629728022,0.4192746634002592,-0.006192694509936961,-1.2168685933937622,-0.9896526464284002,medium,0
-0.059282646025932216,-0.2435280417248615,0.22511672703840255,0.03515057939050897,0.9285198508026042,0.9613581623133276,0.7499129183216177,0.4401107032656179,high,1
-0.7292869363736615,1.3221358940784769,-0.053342962246727924,0.2097189142673235,0.27756044955483006,0.40759705542163416,0.4753625836642024,-1.404422165727381,low,0
-0.4144730658358585,0.6358433382659322,0.8640436260742304,-0.7535073194282543,-1.0289216244820427,1.1071450076540088,1.6541001035836127,-2.169047920412175,very_high,1
0.6339103777337424,-1.1904837546883553,0.6067331774117265,-1.448167521302657,0.08672137353152956,1.012719819158702,0.5064671545848963,1.4403950535999206,high,1
0.002993291199955732,0.16152465215384673,-2.9858225341099236,-1.126798357759941,-1.3634544588129167,-0.10567488377320998,0.5156560461068058,-0.21596110153435863,high,0
0.34020997686833787,1.6481121618238797,0.5452422044284568,0.0498000345219375,-0.06569738864044394,-0.59550931911487,-1.0859783833115408,-0.39181538253334447,high,1
0.6700792422021898,-0.18123103454670117,-1.0034794095040838,-0.2919922614266772,-1.9593918042559506,-0.7800764107150233,-1.9966920447743985,-0.6170748539780397,very_high,0
-0.3748414628976096,0.44771503009506813,-1.421728741448699,-1.4694417047196846,-1.1861163817288356,0.7031597458613295,2.84882512731232,1.4535381312573497,high,1
0.7562481636298061,0.5458788377391453,-0.18847341037356372,-0.037323379049736136,0.8584344557964826,-1.3696828024367917,-1.5734146534105542,0.02869810907939372,high,0
0.37884260345839443,-1.0366228991646005,0.41097110903001155,-0.31843032446594494,1.0944042842492405,-0.5687621414013152,0.19339548436164583,0.15911155655297451,medium,1
-1.2348130869114786,0.5107079492135139,-1.6407346102868243,-1.1728488552840803,-0.0724748761340012,-0.8547045026395605,0.27970740838496316,0.19504998019507824,medium,0
1.4423047911862443,-1.3938351520346257,0.7045764170575515,-0.3701790106200705,0.6657742660235674,1.027831588432296,0.6773762959754626,-1.0424433200607244,high,0
-0.5007447437569161,-0.6256241064013961,0.7633388475315999,-0.3209530007163442,-0.9114315628634524,0.09655474629983324,-0.9075366970199139,1.2771633373547857,very_high,1
-1.6550953431851838,1.075722967494192,0.046976196299497744,-0.6166371399244667,1.1529893053423892,1.0517220901954962,-0.27059971157366486,-0.4256097435274256,very_high,1
-1.0450437095863023,0.356756290308358,-0.8676236302270486,0.9266701647759397,-0.16511965017241503,-1.354580642471999,1.007466733665825,0.14377566826372068,very_high,0
-1.021045160678322,-0.304477807746527,-0.979378004189292,-1.902901562093312,0.2429696779808486,-0.020001487346713052,1.5261208087746898,-1.5384663450369873,medium,1
0.05217331865753347,0.44646102124518744,1.0259321315802274,-1.9857989907109712,-0.8873629718552081,-2.1950797785732843,0.8731764280166031,-0.557418413982939,very_high,1
-0.2738505055462372,-0.060092247755131445,-1.5112226864959049,0.0032857844490918387,0.389086491234604,0.6071424666276842,-0.4553994808406475,-0.7642481439850484,high,1
-0.33683196764059287,0.012578502351833248,1.0644704608191784,0.09612718939230591,0.9191681833081691,-0.05038200548374193,-0.7019363226322926,-1.1990180913983586,high,1
0.6197019654824789,0.6568185267201376,-0.1651991591304367,0.40421513601897335,-0.5540675349285377,-0.0717405873897399,-0.23877878224865942,-0.4444309746845453,high,0
0.3398753611927038,-0.7273677406591319,-0.09583449964285712,-0.5389735082790941,0.554504084144107,1.9652789446507835,0.7579677146845119,1.5936823294741405,low,1
0.31604787064428624,0.040336405554690695,-1.708087705413325,-0.9179238050923317,-1.6009447707270237,-0.014430255720158127,0.8580272441490993,0.7011617181594295,very_high,0
0.40982845732869266,-0.3122681946066529,-0.1467166301285866,-0.007316132694947453,-2.5365453589852063,1.2529768948842077,0.3354626264296404,-1.5440133451250129,very_high,1
0.6161346680022383,-1.5856033746002556,0.6135855160113759,-0.44157813534799617,0.1694825768329633,0.38122929857805077,0.9991091503153616,0.43027536843071573,low,1
-2.107953341777443,-0.9204557562492998,-1.3364100878519811,1.5510714046556944,-0.143026269782909,-1.6176451708508919,0.6490618805588924,1.3979702415840396,low,0
-0.3644382522644612,1.5682064470638322,0.4986358672518455,-0.3242272499251918,-0.6714637605324103,-0.8823693211221685,-0.45390527193833696,0.412423158198868,medium,0
-2.180210064489474,0.38472331458523407,0.08901225367902267,-0.053185151717077925,0.652530172699025,1.065379770075975,1.101759261329277,-1.1181810953696476,very_high,0
0.03605992679779541,-1.3235883014013892,-0.6437556138323068,2.4754181395979424,1.4660722848762389,1.5526799312371686,-0.15781481971769576,-0.7518424733102778,low,0
-0.00463297222434532,-1.5403543758484106,0.8546730864913044,-0.19476022673068688,-1.1017798865748192,0.011690406664868707,0.8478518564904252,1.3065584409873443,medium,1
1.0455322747896802,-0.11216390011058394,-2.202256768978556,0.5561568651990907,-0.038688267080288836,-0.10418755340144568,-0.635280249865139,0.7357495297606192,high,0
1.1876343927211208,1.5611865331764823,0.346680748743709,0.646309433386353,0.1418231751196062,0.35830543919592484,0.6154512479574837,0.6054370191303882,low,0
0.20277504825236733,-0.18675813480435263,1.6194351580732922,0.7314016437182146,0.8963285487429461,0.25536611768055933,-0.43461619498026516,0.2342296914461701,high,1
-0.5003610773968998,1.306999553404016,1.4399431391006616,0.28948726541125236,1.0817836671641239,-1.0461556284851803,1.3249843536541932,0.023166356309827475,medium,1
0.48516111254573785,0.3519307708186574,0.3898067205385225,0.19384079441050964,-0.5367580998571346,-1.0013677583425795,-1.740914883756743,0.6773998803592036,very_high,0
-0.5279176373243135,0.47125045784589364,-0.3016807761308459,0.10033428983711615,-1.6176153488358151,-0.9504279159303584,0.7515831891453333,-0.045636908671423004,very_high,1
-0.001392651443348899,-1.3357205093045694,-0.6358025565476308,-0.5759939022337732,-0.10172052314883664,-0.5806274992663778,-0.22584211067313115,-2.382089422255963,low,0
0.9861363169607678,0.9375229217497576,-0.30292579390564206,0.32551880283926843,0.9482793742187017,1.1918998441788446,1.406166055092316,0.4408693464480327,low,0
-0.5577713459894236,-0.3349320372736072,0.5438072479179061,2.028645837424592,-0.6350065291871417,1.324655676548632,1.6230542386835534,1.3626477430072432,medium,0
0.8056786392425009,0.8630924536109083,-0.8072438054594162,1.2106819089635574,-1.3065758665745653,-0.04063158995848167,0.014807018230262495,1.565564820091453,high,0
0.6774013686923024,-0.814169981986113,0.757423818050381,0.3039180222246367,0.0166811788807713,0.07349514814345873,0.3998588297626864,0.6264400860615683,low,1
-0.9547918171308215,0.1770493475099125,2.133160518003324,0.8558297981059901,-1.0576203946255687,1.3705585214046985,-1.6410412944356836,1.6377474592047725,low,1
0.973894128217401,0.3520029539376315,-0.061883235127395034,-0.8691759087306522,-0.584541132831021,0.9718539705834471,0.00034188907827354173,-1.3164768037618408,high,0
0.6985663453715051,-0.15403331657586652,-1.3443948032833053,-0.26051215419971874,0.06700434180048112,-0.21604828844197785,-0.6239222907829078,-0.034605999530600194,medium,0
0.10192588737265744,0.4045451930861567,-1.3447447463164128,0.9478498441840553,2.4345326688491586,-0.24001715181677286,-0.3737569538191105,-0.5416361454877889,very_high,0
-0.7623234580276522,-0.26639707519250877,0.7765655517115755,1.4871671934581916,-1.6390668778955666,0.3594324218994177,-0.23928997187640463,-1.4234001046420122,low,0
-0.85920601857557,-0.6490597530412794,-0.05974617896044361,-0.770866172095378,0.3169539939058328,-0.8643932196560877,0.2595639282200429,1.7291532286863516,high,0
-0.5376625769030224,1.6054833827939645,0.876830896064053,-0.48358830942315717,-1.4535124785244957,-0.8467962618468898,-0.2854057387452622,-0.352235118994659,high,1
0.54259446329196,1.0489528663614422,-0.5336342491593495,2.1813757938785363,0.31244294207806683,1.7305279551188588,-0.003719665087893742,-1.15219444687591,very_high,0
-0.9556251674013979,-0.7608647450481768,0.8306235475398316,0.09626124976897246,1.2630245767810238,0.2324430940059693,-0.24639439520896178,0.6225464025490614,medium,1
0.4375122486198699,0.5684443055946129,-0.15829917344972547,1.8233619727003787,-2.0557089287774843,0.5634742829724668,0.8922514769745777,1.4410872303793294,low,0
-1.2417555288783926,-0.742678854701153,-0.7325040553239491,0.20685731727579246,0.22616531586127328,0.24779955785298277,0.08538255970381457,0.11485603828621535,high,0
-0.20406858443884895,-1.1846846436623242,-0.4009984788023845,0.2461802823254352,0.21174940158281658,0.7406810339953532,1.2202875245843159,-0.7563324206936382,medium,0
0.10964775457400863,1.0338094413989762,-1.1970543554232365,-0.30549088765989746,-0.4226081198876573,-0.5656723572000585,-1.6160314153060262,0.024222455852962142,high,0
2.4451301450589167,-1.7040996256474057,1.9893595585816115,0.9425551415102287,-0.1550997518988721,-0.008957896397085302,0.4184369279091314,1.4111196951636316,medium,1
-1.3773156555203674,0.9268559135765412,-0.09638181355848706,1.3577775503039997,-1.1716121143338896,-0.09044014699361407,1.8835612633699454,-1.160900558428388,high,0
1.4720145664901334,-0.2527223125730585,0.644514088682196,-1.035002230140867,1.157913229285114,-2.3655342193942603,0.4102225236084852,0.6034106370730951,medium,1
0.14984241398728004,-0.21154660308052864,-0.5368691328707993,-0.35245055222043675,-0.6464385610897172,-0.5906623525239804,-0.32856849587562137,-0.3020960316877769,medium,0
0.41117191801596314,0.4097512196232897,-1.0519278219798232,0.9150785243742204,-0.3444752526824457,1.1907918238466282,-1.214428778915135,-1.7490584232715904,very_high,0
0.11834791338820451,0.5811988119942524,-0.23388051091793519,-0.1295486377843279,-0.19201775934058218,-0.3882322924825359,-0.11121712373266902,0.2092767007791268,medium,0
0.444726818195233,-0.8263431768289082,1.1011925333791985,-0.4933854685332102,0.505931127647303,-0.9622625738088963,-0.3018261778491861,-2.2146962552847524,very_high,1
-0.15368510436201774,0.7177256087500634,-0.5207317913982836,1.0095421538694018,-0.1760876965596295,0.6701040917371585,0.4765745842662499,0.549813780371322,medium,0
1.4540501814574582,0.1133705380252234,-0.8705319727294154,1.103453204712511,0.3882273927391748,-0.9612844126119443,-1.1711785562297325,-0.10110593350525482,medium,0
-0.4564711442247224,-1.2560547928680381,0.1554642443691435,-0.4496420906721386,1.4254641732494264,0.37514442930711006,-0.7164813901205392,-0.2715404385055802,high,1
1.1322345721792477,-0.1698744835797392,0.4990226007177441,0.2123665279879456,-0.06800295614891692,0.2717460329342649,0.06865454446230801,-1.39065674847008,low,1
-0.6443671202130229,1.3812790155589258,1.642848168853183,-1.208474795904233,-0.373609044891991,0.5604927050983572,-0.3623690345635789,1.2365641134052252,medium,1
-0.06025184640128695,1.6765947982456966,0.35375047837249485,-0.895480910478699,1.3571960642519787,1.1519034392643055,1.051286865174467,-1.2035116342070005,high,1
-1.0719625522902192,0.7173484576086773,0.643992678531235,0.12416523213337996,1.2227734874823142,0.27234472475803834,0.5543599049989679,-1.3878873051156215,very_high,1
0.4550237203475199,-1.19034348816837,0.7192752369203216,0.03140678757984353,-0.7913744025654164,-1.9944251417501968,-0.3511257378250668,-2.4474838515210666,low,1
1.4451259569265338,0.4906069024558882,-1.1530153819326303,-0.9668760917306345,2.5585118331044456,-0.3800407775032198,-1.4277871679797909,0.025297886566117544,low,0
-0.07735617982085408,0.8508609038591928,-0.9633320704695443,-0.7159739247255754,0.8645191996739301,-0.8895447793860404,0.2707337101351589,-1.1470590368724591,very_high,1
-0.19688569870390954,0.7257079833187221,-1.0838962896056503,-1.0650443699555594,0.5036237200273143,-0.14550579748246745,-0.29295825063128517,-0.5535999832493642,low,1
-1.1146169630679268,0.7849542886879182,-1.3321457556916456,0.4550598569132106,-0.7883967261811863,1.6783288504619516,-0.5526139577212386,-2.129418906638421,low,1
-0.2292926535523081,0.3632630792475308,0.7954598748704036,-1.9676391966919,0.9277246199991376,-0.25232405659133683,-0.134081600136371,1.1698144514190927,low,1
-1.5927942597215277,-0.0724123388305437,0.29005009166375534,-1.0115772295601961,0.632417722130904,-0.6678831497875924,0.5758766367523337,-0.3911352507696586,medium,1
-0.9128779867188273,-0.6083674959040184,0.07949606309144953,-1.862941547832321,0.8201336575112773,0.7480248076824996,-0.16542798540458478,-0.47162366999478544,very_high,1
0.22678604610913541,-1.8979355185014963,-2.5927165154022687,0.4190206038579806,0.5893308114979687,-0.39114180865788506,-0.653084363289755,1.0248975069421395,high,0
1.3190131977413961,0.33964176671335083,2.0554768586186185,-1.8027335500547015,-0.16355299512608623,0.11497517556259378,0.3377968746369915,-0.05668914743077159,very_high,1
2.809210861229503,0.18605284365218855,-0.8942720041535557,0.03172919853554027,1.2593384762119868,0.5318881192017995,1.3747189904956274,0.008496768138222052,high,0
-0.5865850850709007,0.5575758428248162,2.0518127559389576,1.6395240157474233,1.0044563188719415,1.01903828001661,0.9159991477383439,0.6311891940816846,very_high,1
1.43530015664544,-1.3375436932928941,-1.449241480651316,1.6734339812709018,-0.5396957852654911,-0.15522078756021063,-0.21451047665013417,-0.3680671447638095,low,0
0.2437524804016479,0.6450166893150603,-0.8124011585565369,-1.8059075691788211,1.3748648057082475,-1.0260404590462775,0.1698149087460972,-1.4218611776748866,high,1
-0.15124764674637586,2.054545094620777,-2.20284938250963,0.2984096016309557,-0.7853960359401979,-1.1359619241090577,0.19434346448170625,-0.7007345804826288,medium,0
0.4325944517261522,0.07845013077791134,0.3621249759426975,-0.9889712963804547,0.1717896151996206,0.7999894536344173,-0.8184004878717116,-0.9911924739914997,high,1
0.06191648367995918,-0.06166531920654083,-1.1012568208112323,-1.193136035710258,0.5392525802580823,1.462755191860625,-1.0713295982937014,-0.31796710127038064,very_high,0
0.11039572561221853,0.309002356085701,-1.0730001540983543,-0.11346995439007401,1.9730945361387187,-0.9930909993087541,-0.73881191980665,0.3811000946098597,medium,0
-0.4083331628266692,2.032337024710338,-1.3725142171743974,1.2282911569331254,-0.7592317545099526,0.24447060636890713,1.5494199537397775,-1.309482295099386,very_high,0
-1.3981096597988507,-1.023647761699891,0.777355062737863,0.5996588742203581,-0.5747692185828881,0.3457919212581986,1.5908507211018605,0.32532359230211194,medium,1
-1.5436252025220816,0.20320693339390494,0.7114636515675471,-0.7151409284828807,0.7181756226947392,-0.17316620233244048,0.5213510495946143,-0.20468099837781942,very_high,1
0.653244883281227,-0.7996574222976441,1.8120338910787854,0.7050339974100025,-1.3942316925502163,-1.013521624093676,-1.4089284248679461,-0.056429429196339594,low,1
-0.2767000900857134,-0.547004720844995,-0.6857066210729733,-2.2437083318816793,-0.6918315750668192,-1.1075086045688078,1.479676229538824,-0.990680352175839,low,1
-0.5960888996561666,-0.04959030788193934,0.21881937104680035,-0.7529457984332404,0.2483385337657695,1.6868211545616603,-0.11606707924568499,-0.038719306477064175,very_high,0
0.008505626723153567,1.3473232416135588,-1.2893351974019516,-0.8238915447012507,0.8782293382164461,0.4254149846118925,-0.5823407284001934,0.45595790628661287,low,1
0.7949322529156275,1.8009906006887368,-0.33503902273531805,0.07832069173893116,-0.623675549392598,1.4314626509552495,1.3019926847411216,0.43748469933537587,low,0
0.1803639430263982,0.4481421446267063,-0.5188453132811776,-0.20282796365999967,-1.20822152798315,-0.6794724286140688,-0.17169903133871717,-1.250411150505963,medium,1
-0.6560549366409674,-0.3765947230234853,0.46444995749542084,-0.14147109361988489,1.7672952381553557,0.4008358768586728,0.21882662896103644,-1.0175554190184881,low,0
1.2262929556489497,2.4927388666385184,1.017021806418191,-0.17471953010613864,-1.2281964255430382,-1.6793891480410101,0.0750352622415091,0.3838858044073592,low,0
1.579185502981632,-0.4275544813295202,0.9910666908314999,0.022407240989087,0.14791933990914743,1.4689938162322835,1.957697342347237,0.7704103507492184,medium,1
0.4945566553228533,-0.5711359143597373,-0.8428122722176108,0.5401309669582237,0.7381042438762555,1.3518099836779613,-2.007228137790559,1.482069037796416,medium,0
0.9736635113440901,-1.7749430445787269,0.9984679046229995,0.14933102610238283,-0.5349629549374902,-0.35492797258591785,0.32008413877575526,-1.1112542536987664,medium,1
1.241959996813811,1.3960915692447435,-0.044085137107797066,-0.2843518166045584,0.5252772064978907,0.21857124927399274,0.38081451436146924,-0.3239687123812294,high,0
1.1300993164045137,0.968245592371294,-0.32459689589701496,0.40174827980478217,1.0564161220028556,0.9964393121627113,0.42761023284313576,0.938892608723679,very_high,0
0.6140991771126236,2.417805536116446,-0.7085114868189184,0.8261235436527639,2.6765079066841464,1.2180670700487084,-0.08874413663528145,-0.9116792873468695,medium,0
0.5983470470748828,-1.3895233522181258,-0.559935794361552,-0.5560258907226293,-0.33178485559997944,0.5114225677258678,-0.7002562451892993,1.1921771715204037,low,0
0.5196605733465026,1.4581708074791095,1.7423138461962333,-0.059402730672675784,-1.6325251363164162,-0.135116007925349,-0.8425590491955116,-1.2582338539842965,medium,0
-1.0973376745470436,0.07013551836612739,0.30741076649402355,1.1619065630465863,-0.7614858290789228,0.010134331234219035,-0.6204707883142613,-0.5391343582500725,medium,0
0.7007231568595857,0.8061002168001363,0.17461184750120493,-1.1027606772673566,1.0142415707354244,1.4707454654887906,0.1477675624840646,0.22554311877052022,medium,0
-1.355813971126554,-1.647777141104471,-0.26224685853694674,1.8047021962559437,0.4812486200590785,0.39021936058413886,1.3258476830884123,-1.888704629155429,medium,0
-0.7945994551250549,1.4680818226652972,2.4459786114380284,-1.3391549747395755,0.33918986912764376,-0.02628395754211129,-0.939173032096112,-1.2993666792404774,very_high,1
1.3035650678080875,0.7865167513318304,1.3050104888464247,-0.3453646112047366,-0.7569258503964148,-1.7549004915056021,0.8565728600098982,0.45898290044606543,medium,0
0.8402201626941975,-0.038910034786217525,-0.7210621147987927,-0.950189996876012,-0.9145515927610286,-0.11344144337049392,1.2155876005192052,-1.6146992860287996,low,0
1.4873982896858626,0.6451126876611214,-0.2736150547046242,2.187926996869377,-0.6277653229124105,-0.026643686793205047,-0.49629189788378053,0.6428165751670194,very_high,0
-0.27167438368729224,-0.7654953010422492,-0.21424454337091037,-0.5033500288471519,0.27876877460746785,0.5604323437561043,0.2720995520236724,0.009508090915318122,low,1
-1.1522488412767675,-0.5794400855816993,0.14587197828259946,-0.5008411565285328,-1.0279917076026281,-1.350918476971927,-0.14850479496108387,0.2322780312543723,low,0
-0.24043719707034283,-0.46344461362539624,-0.7012259926314353,-0.37074873993991914,0.0725950471020076,-0.8752163282602088,-1.069199343536859,-0.6253494165607089,low,0
0.1020312972405742,-1.852727861690278,0.43881652336169663,0.09560280789395026,0.6066591179592864,-0.16800441804892752,0.815214056987588,-0.4434963521062697,medium,1
0.07898871634000969,0.8617584942033671,1.4520881320393144,-0.32844177890451104,1.8733826408134555,-1.6230604716803392,1.2844812434196993,1.654524037645827,very_high,1
1.1336804787567016,1.1915936141825663,-1.3136281090041633,-0.1328868046223994,-0.33047046937102437,1.4269020717397416,-0.32176135988999893,-0.7057855857107213,medium,0
-0.36127042500344553,-0.7013441497638416,-1.128146737092067,-3.5292099530237375,-0.5701937391185379,-0.946623124919582,1.1100078341089648,-0.7734483526217836,medium,1
0.35203447180292424,0.3482030159448188,-0.48315855529730695,0.05715983600182728,-1.443771889398804,0.03081068174919174,-1.1559260442227393,-1.180485822925233,medium,0
-0.9886271494346061,-0.2655404746292363,-0.43679556010782966,0.017806621486644806,1.0569722651809352,0.4404136877397962,0.5091203861327592,-0.12991717997900754,medium,0
0.450317278043813,0.3282739620810305,1.9984658747459307,1.0385687974123936,0.7911406384942357,-0.5631771623208023,0.8344341544476959,1.2359469389340596,low,1
0.003108550185636745,-0.6275772412110292,1.0017092200148388,1.309060948279402,-0.6944454956332078,-0.5456955064146043,-1.4669626257534132,-0.46940273163385776,very_high,1
-0.7498133382845175,-0.8834251560876358,0.9443223521182641,-0.18770806139179752,-1.0455755423353477,1.3251961086539485,-0.43344445795307723,2.114035637102753,low,1
-0.2358293621748528,1.0520748860237426,-0.2643656935134005,0.8162290816739554,-0.1439819498221597,-0.9101830651923999,-0.6877007735858263,1.3381791668583911,high,0
-0.18417574651522164,-0.06387058512449259,-0.2863134067868141,-1.1015687804448064,1.0288177791774493,-1.3155893009900326,0.654828453157915,-0.9714433167204711,low,1
-0.2701551293370962,2.0221089508534758,-1.4517054137653986,0.7673423426961045,0.23876613885355588,0.2285383334114134,0.053345786299150315,0.7175584126276655,very_high,0
1.7713412422676835,0.046309964794139964,0.7817402280478173,-0.5724757991345769,1.469729339193701,-1.1903429983058353,1.5020162454502248,1.8823114896955764,medium,0
-0.09844600230787963,-0.9260780403504922,0.49105460480878543,-1.1846974681300548,-1.6684916830731764,-1.383498913069118,-0.46185138093371175,2.014141590307422,high,1
-0.24389611017733773,1.2269408764359389,1.2859973646782836,-0.1855886782040505,-0.617184116751813,-0.685402258357297,-1.3227223250057913,0.87457602968039,medium,1
-2.0974509576101417,0.6308001641460198,-0.2108297133561673,1.4004724471977792,2.0998295097624324,0.6282093964264505,0.8299363160572701,-0.24210483074267797,low,0
-0.8942073519794773,0.7268728636964236,-0.1417791462003969,0.1810055367308467,-0.8735809803291802,-1.3692469438890817,0.910394719818091,-0.3849151872458864,very_high,0
-0.26307342445635284,1.1906006788679186,0.17004552856063573,1.49648814767838,0.13591440230756358,-0.29281835577044596,-1.1696028349685499,0.30163273296267773,medium,0
-0.6858526761766428,-0.6527962938457945,0.8918975755070955,-0.7487327138158041,0.9021839279554212,-0.7154106758755986,0.6161077734970362,1.6408484162225372,high,1
1.381707593377797,-0.12725330898528756,-1.470215622097479,1.04785110454799,0.7852914527418813,0.5718902461775794,1.8980914845175216,0.3715604216938288,high,0
-0.16493777539621862,-0.17144983148779322,0.7360561337383746,-0.6521600372369454,-0.036276028515956675,-0.7743885356827591,-1.208175685681169,1.266924065636675,low,1
1.2884442493182524,-1.2907465369156184,-0.020495562172830533,0.22532867148920316,0.7458644997834322,0.41601663038376163,0.9177853448957316,-0.5147120225832186,low,1
0.061704634050368024,-0.2635901501582435,-1.0586372679536964,0.216682828659415,0.37837183809975755,-0.29234167320751325,-1.2310283366062782,1.9385255423403462,low,0
0.037227836421576635,1.3363794578768242,-2.0846057526540664,0.6614917339241726,-0.9936327119850145,-0.24213576817937757,1.252858569157914,-2.1667350431236163,very_high,0
-0.08879644771250095,0.237338103793847,-0.1364737118783534,0.25074061991132746,-0.911473501456303,0.2645252401082543,-0.6760069617238005,1.991916854002006,high,0
0.0037962516214591325,-1.3460613278449878,1.44771298327407,-0.7391845378218174,-0.708091550341236,-0.3010913218376905,0.08963707490168742,0.17767660776220065,high,1
1.7187950030498593,-1.555839411664935,1.674684666741395,0.8803069520925639,-0.0014046076823149307,-1.377162416608716,-0.3402676709016609,0.6066583748408585,medium,0
-2.3196107267512183,1.6647760587482714,0.3553762106700964,1.7316565943253943,0.6727812796983775,0.03171813295781028,-0.2177401567664898,1.1941438925395924,low,0
-2.001545744438679,-0.09031901025512999,1.9620056638422476,-0.5838034222561184,-0.6753208982646495,1.2324287096787758,1.8300491631535343,2.2859924846717004,high,1
-0.5431708310561139,-0.6474102057016173,-0.04294108295674488,-1.8352320764450323,0.45789737961554294,0.817427827235667,1.275075272158284,0.31309193467476126,very_high,0
0.014527881937568883,-0.2739917648970031,0.9533035516427811,0.4993195683537887,0.459773800444522,0.5222239419083764,-0.9183692369000799,-0.32921371937622396,medium,1
0.6901044247640123,-1.477307754317332,-0.45123088890642726,-0.33118039405214905,-1.1888954535785217,-1.6516052242109154,-0.4236274985921485,-0.26388232643625964,high,1
0.4730871980274752,1.4230951495116198,-0.5145988392841486,-0.13110285595529653,0.5557378408401406,0.1881222436058222,-0.2569111775305763,-0.915126315776875,very_high,0
-0.3842459128805702,-0.3930529375860296,-0.6775091168806363,0.556177755731012,-0.10182221728940127,-0.4337897950069095,-0.18645428241326925,-0.7327443473547077,medium,0
1.0190436932417624,1.367401527738422,-2.0605289471243124,-0.4563924298255985,-0.562458313290188,-0.28733741800046864,0.6557549568180899,0.4071120685406081,very_high,0
1.030195403152731,0.05165171444731515,1.2870922599469117,-0.2688519713436714,1.2117290921120087,1.9564217732345757,0.5591584796708293,0.5431052223735305,medium,1
0.18405783127156553,1.4295319745684398,-0.6416324391380163,-0.10011951693658637,0.8260148974954985,-0.6561169300430894,-1.4704555243815784,1.5263233922477548,low,0
0.9626575724868413,0.2566944990430854,-0.8014387797551964,1.4697539379850162,0.4388517895955985,-0.8803313728333623,1.1266676227918337,1.2629499857706958,high,0
0.2726452634321288,0.853232662869076,-1.1799716816126755,0.030069604113581585,1.2463647094761992,0.0073370758311229805,2.23417468082605,0.7461652334929074,low,0
-0.5614830267828836,0.7190930460883368,-0.20435943653628302,-1.2356735808149601,0.06960670874413896,-0.15250202621506806,-0.2504240584376609,-1.657139227899207,high,0
0.6978168390000047,0.6232910662519707,1.7634923105597426,-1.1958784811411152,-1.3857529789405525,-2.5254072805223835,-0.34401364112330424,-0.7558936533922377,low,0
0.11061312257867771,0.3479344771827106,2.0937788508227175,0.13922992165960119,-3.103095950365521,-0.8508428759530484,-0.17364186517270233,-0.6341539400960937,high,1
0.001339846754486929,-0.2328507161155849,-1.6608668758020833,-1.129428000690979,1.3926606484755626,0.5163674402551751,1.0263942941019852,1.1091266896484484,low,0
1.4729535721895743,1.9154346915728602,-0.35444799597628235,-1.5623034869241608,0.4391146926861949,0.9951573533654661,-0.43596047804847926,-0.7906266500302912,high,0
-2.4508721285400865,-0.9069369850959007,-1.0343577700936986,0.6355359909340106,-1.481628871787679,-1.088004583066293,-0.6667563475834333,0.4505142131307084,high,1
-1.4176841701595697,0.004307642343159692,0.9883377412115197,0.6844984028686446,1.0323708795521318,-0.9218700543634186,-0.9754729712675083,0.5239119687496643,low,1
-1.18707042637437,0.01488587520759545,0.2865935472939267,-0.36813653389385326,-0.603503915494421,-1.8567648392517488,0.29084600141358746,1.5412904718161682,low,0
-0.3632606475688056,0.4024407533435215,-0.636569327379835,0.29365929115170897,1.0217036117201135,-0.059398580989951294,-1.765414638410031,-0.8947268556281281,low,0
-0.2546081697660301,-0.4294726458945011,0.072573080591019,0.1881216441955006,-0.3165277851406263,0.41951428844670424,1.8489228372414315,-1.4311457949184863,medium,0
-1.5073256477730475,0.31474630558958777,-0.4774186214077085,0.6024193859690855,-0.8959808529107114,-1.2679794614892974,0.0954476866095655,0.0014799911868473672,low,1
-0.9851580323108263,-0.16884258520296613,1.6142460943748966,0.6047499039397994,0.018150527945465157,-1.205395992911139,0.011827719134975713,1.2694964932060901,high,1
-0.8608416785235702,-1.5819525174378992,0.5469595150160383,-2.605788587527226,0.17751709440708988,-0.5287657574033869,0.06686765084477449,0.5632542222474821,high,1
2.457424092075892,0.009552286256846456,0.669823420916438,-0.2404989584823943,-0.0992187638135439,0.21737632393891565,-1.31656182004208,-0.7343367747777377,very_high,1
1.8017419477471466,-1.1005653330301517,-2.6669174780328975,0.5179041881781331,0.8420329513742077,0.093598590839362,1.4789657343651517,0.508019416461367,medium,0
-0.4117494176846493,-1.734385762448901,-0.06678867882881083,-0.4104565910390145,-1.2197527530405574,1.4387332500289147,0.7703174571545773,1.798311422930518,very_high,1
-0.3635832903067989,0.13687332068938496,2.083210959059034,0.03620263925982666,-1.2869403067827607,-1.2843337441271854,-2.8631999125690673,0.9183621370297562,high,1
-1.1492039971882941,0.48788334201956646,1.3261290700366843,0.7506999816780775,0.09777900012584652,-1.226133231043401,-0.08903368912477153,0.18470549500770564,very_high,1
-1.9081304132252668,0.5266980421045764,-1.8470895859203031,0.0809252332521623,0.27298691446528606,0.6638012949911665,-0.12413086991404836,1.1814818939252518,high,0
-0.11688018640852403,0.5671707070196942,-0.3134258326835941,1.5079194172348667,-1.1869330707008243,1.3892203676562416,1.2255715227151365,0.4654747370529418,high,0
-0.9978519832440257,-1.9325890209406105,-1.2015194659187214,1.1269862522811211,1.6586115688783254,-1.6333128662720742,1.241224524059651,-0.47620669857435094,very_high,0
-0.08485053166200977,-1.3610169279074695,1.7111015603628703,-0.118564152971434,0.12037584716904297,-1.2429260234082382,-0.49651981003569134,1.0217290731659654,medium,1
-1.6002058490434774,1.9735214368136709,0.2442782822759085,-0.19804617072477865,-0.6214854147181051,-0.6281720577950204,0.6422474222337905,1.7506350301399634,low,1
-0.7619744583102578,-1.0472087600770361,-0.767795559731436,-2.8503241052013646,2.8006844473432873,0.20374622897613145,0.5802241352988272,-0.43626174714740623,medium,1
0.14862709530283086,0.6108410311366891,0.03415794354078901,-0.3265021968905259,0.19251301213110772,-1.0490959923370353,-0.8056814382575295,1.1845675408912535,low,1
0.3662095977839374,-0.686937621665846,-2.607365529068484,-1.3532688927105265,0.4410391033135405,-0.37051690936918447,-0.9607071494755755,1.9719318519694005,low,1
0.41747195874201454,0.07967273926756446,-1.0849613034565766,0.2212295420006227,-1.1301019997344715,-0.1869727035205362,-0.7685586341021013,0.006380656994548653,high,0
-1.3204889841570373,-0.6332542022735941,0.03644372582630957,0.15287071112000175,0.23465806563492655,-0.12389084724356332,-0.7021617030922251,0.6434030426793305,medium,1
0.8546857301355617,0.5615411546196448,0.8456753684533224,0.6958557560267777,-0.49561731205497855,1.4799936990975222,-0.12131196039145109,1.0919866014965909,very_high,0
-0.8002116966018503,0.13677411731669906,-1.9413141205973408,1.3966704719481913,1.287672835425793,0.6911578081111006,-0.0006334968757647034,-0.06404169065102566,medium,0
0.6328579146073064,-0.4482897736442336,-0.38115530770242934,-0.026269429671968363,-2.1668956700131257,0.7188068057478623,0.24446556638507907,0.8255242662086274,medium,0
-0.010638676618193147,-1.0501721196807103,1.0096857385188218,2.280416311923196,0.6648251619535254,-1.3775070628614443,-1.16926560926157,-2.4762115997213816,medium,0
-1.3763874990779479,0.2677741974925111,-1.4514533243732721,0.2324514452199039,-0.7725255877786001,-0.9033818751704199,0.33465237796530783,-0.4255071941976285,low,0
-0.31619770458118795,-1.21271879904259,0.2291828347841731,-1.310216393716633,2.544766772752098,-0.03701062048807586,-1.0831630529356961,-0.6698354609330497,medium,1
0.3653637420637676,0.4274810421208385,0.06597450310600346,-0.5620718751101198,-0.1752459622572007,1.302164273045876,-0.07942995763220768,1.8552081718682523,medium,1
0.612965380474599,2.6264849090369,1.7143803203566024,-0.37274670030782203,0.42643604025989235,1.0219801943278304,1.1951523047116783,1.311872217428813,medium,0
-0.14098789744441861,1.350170051262012,-0.23013619311163766,0.5921271511533787,-0.005489260274919299,-2.4794225665636755,-0.19601003860056074,1.0912541779299818,very_high,0
1.5317788906010528,0.7183478868941628,-0.17160059837507027,-0.9472499002293007,-0.08648712101008141,1.6991394429299576,-0.384005284344807,-0.7161398240198995,medium,1
1.007510770986559,-0.08560729774114767,0.8549597531646885,-0.297975882809396,-1.1224650248361154,0.6223950317035366,0.2884818116086091,0.6099794463730516,medium,1
-0.25665411639975283,-1.9387526270035254,-1.3263486680493446,-0.16104028079608668,-0.058072979339253566,-2.1784187234089076,0.3762255513110471,0.09884145505964942,low,0
0.7501218121369445,-1.3222863959001843,-0.22088320655085864,-0.44812080765554363,-0.10465753208659741,-0.2578493020701671,1.7643119350074923,-1.0611269681278044,high,1
1.9337934851881868,1.2827928561027135,-0.45572501084051054,0.8114153816797184,-1.0907683526783607,-0.5578734440702703,0.27681895369223025,-0.21136299086311158,medium,0
1.960484600783027,-0.7897560801247798,-0.13891181270510022,0.6413213884653558,0.3327221082319697,-0.49368957119855783,0.8841465348154398,-0.30547974323760496,medium,1
-1.2279998808224974,-0.6992520981640467,0.848406448962838,1.1665671351039588,0.3613112745878556,0.22700020116483485,0.6442279245428527,0.31696440148470517,high,0
-0.9265331111571506,-0.16565047568402144,0.5541614850821731,-0.33102518111119955,-0.32537251416514174,-1.0687710980855205,-1.4276389027528602,-1.6707101476422996,very_high,0
1.484918786733851,-1.0620462588465547,-0.7486823085286762,1.202527567647902,-2.2127734108941257,1.1937234989771022,-0.8208690112974731,1.1864409721198046,low,0
-1.0582810508376372,-1.2267687345516363,0.13669920332721244,-1.3639970859770458,-0.23509390188328258,1.454024403025268,0.7132095634755817,-0.3372654606907917,low,1
-1.322541133291679,-0.050474072781421825,1.4904416141005241,-1.388384300989857,-1.322488522150932,1.389147096559379,-0.3482412012537256,-0.07182410341343931,high,1
-0.4861941306990469,-0.8915294546720363,-0.8313656987973053,-1.2138016860912133,-1.3028389130875562,0.40729017984017907,-0.419615480669006,0.29370278557554075,medium,1
0.42022670947458574,-0.7410185797788948,0.1451667803970126,0.00921169263208945,-1.5731160600611571,-0.4273725318120172,0.6407776171080019,0.3940600890770358,high,1
-0.10239670661109637,-0.781191026147006,-0.19316067693862857,1.2023781165777556,0.8981318530103427,-0.20359401254422652,0.0562763140152175,-0.47976687969372556,very_high,1
-0.6505636204055921,0.5223602138344686,-0.06300501583677695,-0.6021420806396302,0.2915285477217645,-0.556958110173372,-1.4890297465278044,1.1049612748983266,low,1
-0.674212461724509,-0.23212569049535728,-1.6306576222494007,-0.47669340496443713,0.072064352489547,2.3525996831445712,0.8015095417333089,1.6111495888269913,medium,0
-0.7123370644127087,-0.17857196789385368,1.4107628543122044,-0.2160179553093376,1.070976396820207,0.02666899295189106,0.3660169207685819,2.0208417130395606,medium,1
-0.8795096286589426,0.5969458973088833,-0.7743519008881833,0.5728281233876548,0.019254453676536366,-0.9032146515079627,0.8884685559080765,-0.5606268982866358,very_high,0
2.2816328772760617,-0.14203960823294015,1.0260719701535328,-0.4776253033545738,-1.6499132417448512,0.548638071833607,-0.6436933060630557,0.7305176393302107,medium,1
0.2975110711855549,-0.27825376845717287,-0.6213766080475112,-0.5334169579165013,-0.5353389148682913,-0.3865596168759948,-0.8503883000586403,0.837787755320859,low,1
0.8867590544047386,0.47045035557017084,-0.6255046518957602,-1.3453952633576904,-0.26707863873279747,0.3452395797024737,1.6134945254485191,-0.009298600891814125,medium,1
-0.4890774681189237,0.668197843557631,1.2131232504654668,-0.5717211111771211,0.27363486511602797,-2.0734642156744294,-1.1986457006907194,-0.3753664988784509,low,1
-0.18595667718604886,-0.14707349950860418,0.9938846034779243,1.1774617529353326,-1.6008332892434123,0.857778651167585,0.25975672955732215,0.14026524728250794,low,0
-0.713553981370355,0.0806077756205216,0.20866589896398288,0.09092600847847668,0.07939296466366516,0.5144494594410594,-0.26489605390328086,0.44457223924036476,low,1
-2.651708334919202,-0.781790229733328,0.7611505498063198,-0.7398545102479152,0.09748531298971336,1.1424982829260997,1.2320197035760392,1.3275888049496622,high,1
-1.3780092768478662,-0.8606830431645255,-0.28855278025639997,1.2361439727289343,0.031613954857745735,-0.4487889161594143,-1.8074847565174166,-1.3448996964004922,medium,0
-1.8106186799803947,0.7691475019668077,-0.008367627718889919,-0.5852135020601873,-0.1082884491284303,1.4122230288064919,1.3147991293756258,-0.6864861414865847,very_high,1
-2.2497837779516074,0.4449420625446217,-0.6616243924638191,1.4199555794824656,-0.4770688645739107,0.682616343003801,0.806017728106745,1.2420928121477375,medium,0
-1.1953589742981028,0.4552984384165761,0.9040649493002597,1.4036069779001006,1.014303687180924,-1.872814036121272,1.2962156815388617,-0.025016722818516402,medium,1
1.3249556793816308,0.28085434872552223,-0.6934133311673524,0.05601162637466865,-2.0374365056904526,-0.38866588724738077,1.355479399613551,-0.42670189170281425,very_high,1
-0.04443616770435442,0.04620327581495357,1.4851563449378529,-1.4985495273716876,0.03455512771410905,1.0626691395996983,0.19150096520412463,-0.9318115310981023,high,1
1.290563762321174,0.6964118908227692,-0.31583416831982436,2.289500615345755,1.6012169037012125,0.49764507803620156,-0.11644630729366463,2.2557438191333072,very_high,0
0.4109825769008753,0.9351087610227838,0.020508564016334337,0.3872760562645462,0.8167339153984602,0.3173424652443748,0.7302738347511075,0.7627320731828406,low,0
0.7825588257151592,0.9112280051906476,0.7587280206543343,-0.3238870247205901,0.3949362128294486,-0.16080585933565836,-0.4997762731365756,-0.19543728004423777,low,0
-0.9008969953045751,-0.10077791594598683,0.023864421189582014,0.9561279147750558,-1.8046101000371793,1.246502417448497,0.46215781970892605,-2.413012127212279,medium,0
0.5239509541926708,1.386992729908838,-0.2979083142853102,0.7023027870213473,0.8805517333965305,-0.2800143737206313,1.2450049537983614,1.049751799276634,low,0
0.7287142340743459,0.22846068173232117,-0.03002344780847147,1.3109383498864404,-0.1433240988488318,-0.44808942480870406,-1.3892382943521004,-1.4542743248552714,low,0
-0.5766472922336929,0.6323761925657985,0.8938183535575839,-0.6623477886798963,-0.6409254095126383,0.2832297772433627,1.0442134732144202,0.5136449558123697,very_high,1
0.5595403706161663,0.28208789083487973,-0.6628522221367055,0.3184734127743923,-0.26661782147036733,0.6030001966128898,-0.14837498159026113,-0.44147238325278276,very_high,0
0.5661877585748329,0.2470067074841741,-0.12623700727326478,-1.1858702302449369,-2.3304759565474984,-1.8733042973073608,0.3826997541336044,-0.2649823485324501,low,1
-0.5495526211300829,-0.7357519902503197,0.010286727337475357,0.6663343957412341,-1.0546109511637682,-0.9244057968617817,0.8923365371309138,1.212410431064439,very_high,0
-1.122768432270995,0.701350838344826,0.8645851955276563,-0.022945369627187417,-1.589011222209338,-1.3671235325115318,-1.4356264745005227,1.2888570057700093,high,1
-1.1841283318982723,2.845294394907639,-0.09984537387143656,0.2810092554868121,0.08019921646972153,0.22962869384744733,-0.05677827713874367,-1.121142047406505,high,1
0.08650554192146179,-0.3747950747900833,1.808299094493722,-0.1463497238404702,-0.18613850565368634,-1.200321513479293,0.5742854453580579,-0.4257876362725878,high,1
0.3270098687893148,0.07099471542494816,-0.1565385777150951,-0.25098882058836114,-0.12497916129802501,0.8913787722248085,0.2201629742289416,-0.8837001748568056,high,1
-0.7925258304579145,-0.4462052643472624,-0.23768363840527992,-0.868231174014714,0.3546887244730622,0.5113329740388726,1.0358742547319129,-0.6159827851771732,high,0
0.02658534132609864,-0.48801990156193453,-0.17103212161773174,0.7904302146842336,-1.7248172378408049,-0.11998481528830646,-0.2746598848076422,1.4478452201802798,medium,0
0.5705370361384854,1.5444494781186728,-1.3166414286580101,1.4897040367414378,0.6079887781716096,-1.761778622872557,-0.3517579646885818,-0.8463598674335794,very_high,0
0.6181907146653008,-0.6729710177274647,-1.036726846758685,-0.5566683589100853,-0.6667967571213573,0.07327907266145216,0.1265758022751699,-1.5894782909366534,medium,0
1.5518801201224885,-0.4740804733663613,-0.5306668897390933,0.5535405049710949,0.4047665126492551,0.08572227524128519,-2.3004109720079366,-0.5669914445046008,very_high,1
1.2769808321980434,-1.5874928237313013,1.1358298488501297,0.4321836246602423,0.5882229273129349,1.218033351825204,-0.9856473374232908,1.280929535279058,medium,1
-1.001291432756544,-0.7576117245422473,-0.03312605936201012,0.00809781134885869,1.5922225009389395,0.003304434083773343,-2.0474754927143133,0.849254571307144,medium,1
1.6835862095380225,-1.7083998929533477,-0.48464418961570654,-1.5265957333647167,-0.3762296113684838,-1.4530964310697694,1.6221994990060429,-0.5211011738028473,very_high,1
-0.5309765045557148,0.6318046992119288,1.2265347456065954,-1.3015973511105925,-0.43124316159285314,-0.927745202149278,1.3195291740298136,-0.07333474900022934,medium,1
1.0448728124544275,2.7996972218373095,1.5511771328922608,-0.7809819511515705,-1.28162594028312,-0.4576233546962562,0.4286958236309989,-1.2991799937588524,medium,0
0.06798662605108885,-0.36667879365052214,1.2553824609077604,-2.1390047235719316,-0.4204464374074576,0.06644080471399794,1.4795596456382638,-0.29995313298298404,low,1
-0.4121493784569676,-1.6667579329902373,-0.8530899972351577,1.408030729905615,2.746370632024671,-0.4331853535234298,-0.19065816116919607,-0.35784636919103263,medium,0
-1.8076968597749328,0.8999996644297332,-0.49524862019365573,0.3677032291797136,0.07775486301596105,0.9207964775932745,0.40398772327340576,1.077095563366421,very_high,0
-0.1715645102163482,-0.7269249589301569,1.813736070314719,-0.029961048399121757,0.20855210561587617,0.3763119700637755,1.1087366762686228,-1.1112099280024825,very_high,1
-1.559383235305609,1.2993469305535403,0.24113969200002205,-2.1902358192678286,-0.5125851305276068,-0.3509649215689761,-1.2119009746737657,-1.182150807954398,very_high,1
0.9672992358427723,-0.2820290477899447,-0.26762706489607857,-1.8238708550204004,2.2701932776422518,-0.5672401108083478,0.3473165281275181,0.22016659571216307,very_high,1
1.516792657139248,-0.6318156890827807,0.7183479613308372,-0.0023413881869583275,2.218714464517398,1.520973417981586,-0.2386592809807474,0.528767635709635,high,1
-0.7969109892966902,-0.17795755574568647,1.0072990673581124,1.970489965483977,-0.02009063116761963,-1.0959361334967308,-0.7987762185630215,1.148152650929215,very_high,0
0.30197074251927114,0.7577767609361872,-0.5714495709282644,-0.6986441958730818,-0.20756736483918675,0.2610553940600878,1.1972638213296438,-1.7042688720332984,medium,1
-0.7253915220079754,-0.22742063075565644,0.21943995861993149,0.863798014412438,2.017871381482644,0.2993077162033172,-1.1292160847034343,0.1172822935737143,very_high,0
-0.6284847301367896,-0.49672470279370545,0.9265600692170585,-0.47990240767496084,-2.546532937328582,0.17628581719109268,-0.37241455459248757,-1.6419981264369476,high,1
0.7744947038653713,-0.1988316029788718,-1.1602871459598532,0.05523925928886656,-0.13648023176044785,-0.024090252197638936,-0.34826062024476284,-1.02133755195414,low,0
-0.03853826184341251,-1.271855184500885,0.012345457426139817,1.2146838488929317,-0.6906899402746245,0.8592521140760645,0.23307029372674537,-0.06917332944659019,low,0
1.7396480419310116,0.39703160229398016,-1.1143896530507154,-0.3459516301665442,-0.37391493285421107,0.7371575583572125,0.5047837624854907,-0.4771988697727153,low,1
-0.482232478702921,-1.7867265938449102,-0.9835804969268109,-0.6901049080521332,-0.6748476301615814,-0.48269451761063775,-0.9071059377027617,-0.41317578313970504,very_high,0
0.9993363324744892,-0.44412145436551537,-0.5631000774803041,1.4180705541247638,-0.037296452956514285,0.9896960479049417,-1.5083720856454044,-0.30506405795494373,low,0
0.09741341295778198,0.7593852088307432,0.47711953787947037,0.04555782111359534,-0.4265775298368483,-1.0456574552976734,1.2812528334283821,0.4097120058435059,very_high,1
0.7957780097442332,0.3030482829327168,-0.32202262863813463,1.091205090586163,-0.42934782527292964,-1.019718097116643,-1.0515629945384386,0.26543928077085766,very_high,0
-0.4471576573299467,0.5903205729863903,-0.6484181249684061,-0.685248893384687,0.41238229202048804,-0.374767729287583,-0.18877085512658376,-0.031300331751797576,very_high,1
-0.04955883755158271,-0.06504567271880911,0.051554563324959245,1.4066742089609758,1.2336085658348825,0.2599590041503656,0.10973196780610626,0.29935339036987596,high,1
-0.11549887929893475,1.1697461809855167,-1.1469627282664296,0.273627274534611,-0.41319795297559575,-0.8440789473766365,1.0322202605548654,0.021982730571983654,very_high,0
-0.8360571148457872,0.924699196769792,0.4288032178339101,0.43478762621465866,1.6461587487764429,0.52061473409956,0.35854847957007036,3.2002429805170642,high,1
0.6620815345817527,0.44614100424767456,1.13138676195831,0.1316293114291747,-1.0905468078463483,-0.28122523217198736,1.5516847117455415,-1.2941673502800466,low,0
0.6502490055783642,0.927545777313543,-0.07920404098801156,-0.5054749819965015,1.1064268059685174,-0.2716206425130341,-0.11024578697649515,1.0733728201306294,low,0
0.5935546949055667,0.7504235544035768,-0.2026489933002083,-0.0016828104949717336,-1.4686024515220615,-1.3888859708625358,0.5817804434096219,0.25913209383079455,low,0
1.5369656539176446,-0.43946351334689027,0.3734403532155694,-0.44259023798936625,-1.158791620807134,-0.2705731251488672,1.1165172862504722,-0.8358179538292559,medium,1
1.4493448012363035,-1.3438989116913336,-2.028469418831545,0.9595460626447856,-1.190521567346379,-0.36741288910217135,0.3380789907165799,2.1151691570430904,high,0
-0.37494468984913537,0.42036212584262383,0.5368174565978674,-0.20305716706866234,-0.05367810523701921,0.8629366059851313,0.6962155518302443,-0.577660814366683,very_high,1
0.37305231843417824,0.5460892308314287,3.1018858037448633,-1.4965072277938996,-0.024383352293952932,0.2363753203557955,0.551348587286132,0.3458723676129533,very_high,1
-0.6236006892582127,1.0904719911385654,-0.12267622111472039,-1.6794237349892838,-0.5899087391299694,0.783382248852705,0.164568445384979,0.9827231951095236,medium,1
0.023355316114555456,-0.9363212750452935,-0.11912503371633071,-1.7267181523204245,-0.35041535615312086,0.7320734874260121,0.3579932570899805,-0.8202943023252682,very_high,0
-0.5997494491188647,-0.9064310592771633,0.7436070000996834,0.6179707575539414,0.7325093751084598,-0.07420419049605342,-0.4682311117311159,0.3641308968735852,high,0
1.620070309136051,0.45990026630777037,1.645332668197962,-1.1515043113734442,-1.5940750739708296,0.3756809225228319,0.6525547024135345,-2.3524485999677713,high,1
0.3636981503429628,-0.07116698885308664,0.974967844434135,0.3000857758385668,0.6946091343955793,0.5808783142645458,0.8024483547808251,-0.32756659201824834,low,1
-0.21802912810442213,-1.8857616105711281,-2.1556068785835505,0.13657451749141328,-1.7997443317653965,1.0922232405680579,0.7030654937943431,1.1684889308284685,low,0
1.193618571856377,0.37510816375419076,0.5633988376627469,-0.06470859490977714,0.8038364226253637,-1.5026809519567987,-0.8694935587098114,0.12597721650783666,high,1
-2.1706154097954116,-1.8524229149889546,2.5719301452416747,0.43840520338236943,1.679012447897024,-0.2400640653984051,-0.8657497217890644,-0.9171488778314291,low,1
-2.0141025948652898,-0.9452565518733762,0.6224410467594651,0.1583035370905262,2.2210267964751194,0.7568735811344582,1.1125318503624593,-0.23898558717989435,medium,0
0.7958386552197739,1.3516813728601071,-1.1546019132717495,-2.70972974278095,0.6992645059585234,-0.5057987557809394,-0.29130788654667616,-0.6747043162638402,medium,0
0.06046844811736806,1.8248790178071153,0.281829624418614,-0.3236252408484902,0.04897861250332282,-0.8217101261639599,0.28597897912938647,0.2845817455511169,medium,1
0.25044630026076065,-1.2156563684719617,-1.280687251341067,0.42510313406343103,-0.827459855563421,0.10496304895186157,-0.5049045629517913,0.046594167106034326,very_high,0
-1.3263961033185487,-0.3293915374126943,1.2328036892688596,1.6402828107549985,-1.2529401171040329,2.173486336893375,-0.07252359178774072,0.4118392739059206,low,1
-0.023233710850366202,0.04262252307870598,-0.9558825880279255,1.6864576165824976,1.142211549541648,-0.12562646945066996,-0.3941183097991737,-0.5755150212755739,medium,0
2.003509410401342,1.781226927581568,0.07424363469202304,-1.3631505135852566,0.4183473229529084,0.17281069063057544,-0.03985973311027262,-0.7114214179498202,low,0
0.8241996197958629,-0.49286894782440155,-0.8577800019918477,-0.34972529931277313,-0.4608742825797307,0.46027571216071417,0.6622598757704032,0.7970441968980189,medium,0
0.1697065451428121,-0.4768840230332781,-0.546448057547991,-1.5661148137079979,0.38356194091782453,-0.16845070488291147,-1.7422979909283682,-0.21592678953939803,medium,1
-0.43905391010493766,1.5487255584628619,1.486150645860495,1.519885075110083,-1.0390452044290517,-0.5673941757528043,0.13509141429097746,-1.1332467856850759,low,0
-0.39457285186939384,-0.374789152718258,0.1034571648936973,1.0128562081485508,1.5479020155527181,-1.6027063258803063,-0.18318215960710474,-1.1663093657640848,low,0
-2.1291978892000176,0.7222017089664575,-0.5592024737257201,0.3505878868631747,-0.1977372296181141,-0.9875761226287689,0.5739306153664281,1.3511506197724128,very_high,0
0.2576404209211606,-1.4771429651124275,-1.1452279708867228,0.16609486126021009,1.024613117720868,-1.3797356790288142,-0.24307102181913384,0.4674210673534321,very_high,0
0.8454831084818539,-0.17123274409232622,-1.8717014863994363,1.3806311003494742,1.753352992609825,1.0690395916289455,0.8964886236738843,2.6335955805393603,high,0
-1.5756193271706151,-1.6595968383264046,-1.2512806335226867,1.211325194760139,-0.28905843824156896,0.17735790366044885,-0.9150527556868009,0.06763378576780682,low,0
-0.661416892306816,-1.0554337809557044,0.11195924144437792,1.158044696656121,-0.5295190365678055,-0.11533388206559148,0.9496352908530433,1.1110905443863612,low,0
-1.157464632233422,0.8392013551522634,0.9802337687226637,0.4566798597822596,2.076033433963592,0.14837347843950222,0.24004496603076966,-1.617693484988327,medium,0
-0.9653511948087635,-0.04990539108671263,-0.5603514924222011,-0.34922829951416257,1.049823811532478,0.1697784627130989,0.10781472625287399,0.22717217057548106,low,0
0.05348162682190022,-0.31910574055297464,1.5705436007190146,0.7671248320175574,-0.09660855340148841,1.4083303552976218,1.0867076220654937,-0.1251994421155985,very_high,0
-2.0844021549884744,-0.7487496239809176,-0.7175004222282269,0.8160419052551146,-1.2590985067683942,-0.97169766485626,1.863622377157307,0.5779731183085232,medium,0
0.614270438357064,-0.22065607324128275,-0.2380117228798793,-0.1906374695919598,-0.05531856603524731,-0.806631113127184,0.27659260180744516,0.19738844631147082,high,0
0.7538550699336822,0.30111316710069364,-1.079576720337252,-0.3512489188342415,-1.1597562152110958,0.26475611106891084,-0.5295114324220319,-0.985977260489188,very_high,0
-0.2511025880369125,0.9829162064617618,0.9907617345678559,1.1333132695582098,2.169721357835259,1.942620128819636,0.6501227637622845,-0.2655850790791903,medium,1
-2.4807085099845416,-2.6251466840968023,2.097510614044568,1.6641161087696066,0.4056022634622747,-0.4202477524611892,1.318810060122396,-2.0357274943285386,medium,0
-0.9964186260023896,-0.8317611742628097,-1.7618169609361978,-0.7493957809147662,0.8010714920673201,-0.8451596472798208,-0.24014889117783317,0.5936434162432024,very_high,0
1.2329019341026966,0.15909624218900573,-0.3461620686346983,-0.2633766754479744,-1.2939382821662444,-1.36807448775486,-0.9460301878398408,-1.5375358505081602,low,0
-2.7779942807285725,-0.09886311596228586,1.264779847050035,0.35093307645469796,-0.9726611976947006,1.2334935482459914,-0.3120768180687575,0.03137510615660677,low,1
-0.34752341219351923,0.403376242526725,-1.4469455214256013,0.4865989977486106,0.6335370750645821,1.8757640278327723,-0.8876298840394212,1.7247483710747342,high,0
-1.180000778467259,0.26754028612655384,0.5666839069710864,-0.5223663592412943,0.01686349928871105,0.4001238323252412,0.39052649896701547,1.8571044190632442,high,0
0.8045703015848366,-0.30486786299340723,1.2214722002075706,1.883520630344044,0.541107171140971,-0.4214998199625444,0.8390771364644041,-0.9568469736229859,high,1
-0.6751139521434614,-0.5268531959871771,0.07822881435683716,0.4220952655451712,2.883283555780828,-2.5041899196462913,0.23314699633545147,0.27162292087889706,medium,0
0.40395402073561154,-0.2455014897355009,0.5502630709401326,0.5313834084705529,-0.20451926106743099,0.09140977316148323,-0.25200327546453133,0.2219797288210042,medium,1
0.5654604191690931,1.1487423498227427,1.7609023861276074,1.758884081511754,2.022392818747079,-0.2520137432973516,0.5696114076247163,-0.6690360998432168,very_high,0
1.83622583973002,-0.7320079329057144,1.9484265541011465,-0.44906162524459003,0.7334677873513347,0.41926023653217015,-1.02733535621852,-0.7524030405635209,very_high,1
-0.20294194367537022,-0.06280672314395548,-0.06196721303448301,-0.08843187644227794,-0.7634737077106796,0.6409021702125045,-0.9446713301813023,1.008383235601769,low,0
0.37604436962261134,0.18334221399842102,-0.5323778492992332,-1.2533222290216288,-0.9631878875400001,-0.7123424766969014,-0.5538025966610233,0.4046733549242198,high,1
-1.485055479127436,1.560350929874458,-0.9199801110736965,-0.17235047225357822,-1.0951560799128308,-0.027947013798820246,-1.1435014072910963,0.6435573650009794,very_high,0
1.190413563293744,-0.30030825823631324,0.9769641504287125,-1.4889275239353628,-0.023947338549361843,0.2716534029927614,1.75212411066441,-0.15760299239211897,low,1
-0.7605088480713647,0.9588066560109609,-1.3717755577909683,0.747849354193172,0.5791952359377902,-1.1326537657653448,-0.21056896327294264,-0.5989900460835171,low,0
-0.5607541640877456,1.2319794032650222,-0.25257403799120237,0.4199967500699922,-0.2500875956445107,0.8998913262140824,1.105668788324186,0.9262058630906704,high,0
-0.022247794849210738,-0.06375426499064825,0.10268977095446595,-0.27706930703854016,-0.257716561387656,-2.3578249953999575,0.36766099327727453,-2.279331724758887,low,0
-1.5628843453398495,-0.2107189790767625,-0.5030025127187545,-0.10042370781784783,-0.16166765578694714,0.2645772446304975,-0.4510849038292606,1.5355311485939678,high,1
0.228770028928938,-0.3290536720482161,0.2798202650191239,0.7614664151889905,-0.24940790679525762,1.3863099451817955,1.5651133475640908,0.5125586934746691,low,0
0.9674662729250108,-0.25582313424258235,2.564513318292758,-1.135796086889898,-0.5502704310217322,-1.446738712993337,-0.04241687980051322,-1.0500414414445323,medium,1
0.2929338234972916,0.8542398605768328,-0.12159859034654243,0.20416786745252327,0.2606003030551612,-1.9837086420039391,-1.263741268521237,-0.5068480548353258,medium,1
-1.588897564178725,0.2310099772555139,-0.43540562742738964,0.6995098064587445,-0.49389079973810796,-0.2705179313863771,-0.7061871961255575,-1.4493998418086262,medium,0
-0.12380929432965958,0.2352897091698694,1.0153318243818528,-1.7822740774072416,-0.21316852493030483,-0.31039010360624836,0.11179591879645313,0.41889457047519724,high,1
0.7420289029794906,-1.125223510379835,0.23958364414552194,0.6849380057020193,-0.6335508355113907,-1.575796803919785,1.271596365728607,0.3854459156110882,low,0
-1.8779887659659078,-0.9674900773752345,1.4393357712113763,-1.6740624632615668,0.27770505649242144,1.0679947332681239,1.7291765252393914,0.250610276157731,very_high,1
-1.074766013817714,2.14344682477698,0.1646876198197184,-0.11759448385153255,-1.2096020723147243,-0.03590275159667653,-0.3350126492563195,0.34256985170420967,very_high,1
0.87654360408152,-0.1778257252886896,-0.2484232079710333,-1.1633911040952263,0.24988939427925833,-0.9376907392668767,-1.2634385798838812,1.6457800627539385,high,1
0.27009543419728654,-0.7747719955783602,-1.7837248880945553,1.4312465792900149,0.44808134697505675,-0.3437313885581705,0.26786178466784333,-0.9869599061268101,high,0
0.41197158212675383,1.4310991655892973,-1.61973469381174,-1.1571210541523476,-1.1748701365740277,-0.3592884450277593,-0.6428931486594057,-3.257367642666575,medium,0
1.8594948076233115,0.2818085486835521,-1.8356986904271027,-1.6501898919653826,-0.8988664244629286,-0.21038988389078375,0.0017228004818540896,1.7679319429815843,high,1
0.4685527785062026,0.5781549168645216,0.37933916628423964,0.13335214159631562,0.33411263298353794,0.49561383521924485,0.8718085122411259,0.45427945385451823,high,1
0.6578880104331793,-0.1380470752815336,-1.3622494798674596,-0.4137029800208229,0.7112469185631435,-2.426634420831104,2.089051583278826,1.5897298447133985,high,0
2.710745527218326,-0.31867309057680415,1.255577365919383,-1.504605228663933,-1.4130064504087665,1.2103504324929446,-0.693876499064711,0.5338410165749355,low,1
-0.2138045580904907,-0.16958637249729036,0.030246564855953728,0.5258151991548494,2.2264068989731225,-1.4422167621086202,0.06898607031650121,-2.122187214511493,medium,0
-0.7978827636184951,-1.3827381702986268,-0.24418691910166884,-1.9914990624496793,-0.4252852051382757,1.1371833939059661,-0.42537943159186536,1.13862358284633,low,1
0.4277963982471327,-0.08792740941989748,-0.8438550752043381,-1.036240972583125,-0.28196160304474394,-0.26191209792050607,0.4955882556329172,0.3683744264070565,very_high,1
0.4389910293888949,0.29603307704261733,0.6222587482702062,-0.5752182704207847,0.2668306032897393,0.6613148266131155,-0.8978639286931384,0.38879866688123427,very_high,1
-0.5267153919462082,1.8504632338437539,-0.8044978195424114,0.8022223921551402,-1.6799927673875972,0.4890079549689279,0.6767797779381175,1.4611863774716831,very_high,0
-1.0323970195548475,0.0859990650052155,-0.9853780040698807,1.295468367013152,0.10031594215870858,0.43007319551003853,-0.7350378345613403,-0.3879680723577459,low,0
2.309844422090078,-2.334177042210305,1.1883499206053487,1.1027822473275728,1.4870295143442231,0.450157318950846,-0.9161124603246138,0.2713569626625843,very_high,1
0.3268434703880229,-0.09398543278462142,0.3546211607750226,-0.15327379046223277,0.9927923254543841,-0.9276386131664013,-3.133838815879548,0.3953860848963799,low,1
-0.7322853814020757,2.739504133108306,-0.23492942824827223,-2.427308244795156,0.6223275059805008,0.9502703883362412,1.1136331111633824,1.7447404859785316,very_high,1
0.9159303022795986,0.8663662349850397,0.6414329847337166,0.39085302121855847,1.7495488287840217,1.379060343235331,1.466217574022167,-0.04086813929777262,low,1
-0.1091451515613345,-0.8108889438085887,0.008931873110698613,1.4705737392246134,2.4822702544824122,0.06295293521602019,1.2287080639742345,-0.550274831024222,very_high,1
-0.25288144631783127,0.5911065144305567,0.38301315045168366,1.2337904078135682,-2.4449633250399656,-0.410443391000954,-0.09841108339228836,0.4626087683051862,very_high,0
0.5622728719144933,-0.7420134248897403,-0.816847902375455,0.4629490097437198,-1.0941429216303153,0.6599681889202039,1.2266669766367415,2.3459115827542574,very_high,1
-1.29188226823169,-1.3538075195468575,2.0703986089106223,-1.1895027643384526,-0.459505981481222,-1.271764657108261,1.8292022978652303,0.7373419355929418,medium,1
0.3526272039171724,-0.3483693632340722,-0.579619967676225,-0.525307003628415,-1.6198182942218182,-0.9311839508980528,0.6313202887739365,0.3538330241259001,low,0
1.9129548077317522,0.09152643923886121,1.5560163269499772,1.9338143987456746,0.6326125565018283,-1.56843644821996,1.35400906860226,0.2085559149049571,medium,1
0.46617766219731077,-1.8721555024333958,-0.18886884930447648,-1.4167295346641338,0.9901543391106727,0.3534992884457847,1.3249276085050186,0.08047561338956731,high,1
-0.3762121037834645,-1.1491592905386359,0.8070971156549623,-1.1478412281503858,-0.2852504325979089,0.2629671427671633,1.6979508797892537,-0.5027641700610439,high,1
-0.507105280428242,0.010335563182354726,0.7342234990261364,0.9425515511652842,-0.880443583007951,-2.066732117678449,0.20745874037010945,0.370405423469423,medium,1
-0.41033997334510935,-0.40817317598895414,1.1468517551500457,-0.4311592448055278,-1.4959849707722361,0.3043010746416213,0.26631363413944587,-0.8887806310925734,low,1
-0.25396267804778105,0.39481127114609077,-0.8406237071641448,-1.1817551222046219,-0.2523879277059673,0.6529292467777684,0.4166547317919907,-0.8808369978340781,high,0
-0.377806532758272,-1.2146683273085614,1.075635401278862,1.5279711787230157,0.887126405475567,-1.1726657092668147,0.06315536804319397,1.339640980170873,low,0
0.9163114410745667,0.7141137485533007,1.8464398509114404,0.4610559781451398,1.155526291049509,1.619187452322385,-0.2222055251708865,-0.34300861901628066,very_high,1
-1.7332091032089831,-1.183759097060195,-0.2586929792418571,-0.38180116437717815,-0.1861303750295191,-2.353126700695092,-0.09879459468957948,0.47040396819456276,very_high,1
0.862000050412134,1.64273430193763,0.034706067142122404,-1.1457748358995155,-0.8806291647519228,-0.26980111947260843,0.9769072641522994,-0.059998621413337457,low,0
-0.3796865251425611,-1.7157582843783166,-0.5234466424801542,2.047406563859938,1.2376380096203758,-0.2141110223772452,1.0912187771813802,-1.3954566958665493,medium,0
0.37694778569537224,-1.0925542703834126,-0.34643625218509994,-0.02445181874660751,0.5097360236772348,-0.08714486150098782,-1.1830062023209929,-2.3868033068435146,very_high,1
-1.1269879102008638,0.4173708030318292,1.7114227989324904,1.3973280624694941,0.24803820190132506,1.166801052791138,0.9286690993604492,0.5968468261195791,medium,1
1.328631066849436,1.6642332514976381,-1.0042345261302041,0.8936335446094399,0.4897669256391285,1.4325369463707245,0.08301092827375707,1.9017010443991902,low,0
1.245634960171873,0.31504303611617074,-0.942118821850772,-0.5209015616632341,-1.6069086112624469,0.988075214519394,-0.8187429365208783,2.043336920428779,very_high,0
0.9595905257500736,0.5628579201823911,1.610900936414377,-0.5129411149897811,1.5875715067580416,0.8844363055512506,-0.9215836236702943,-1.659341600135192,very_high,0
-1.5147547757935393,0.01753690167305848,0.6245484258883623,1.4463148979339198,-1.4995682060120572,1.5848856877275204,0.6696147602293553,-0.0762526538201018,high,0
0.8291210710660528,-1.0263984541151934,2.1203702490425242,1.4625173326199776,0.46529093544909955,-0.2024103885870802,1.425687234919314,1.391400860599534,high,1
0.4048550876357089,-0.4901383482393793,-0.45043863782585325,-1.8769159761207344,-0.5999943867003046,1.3059540444042912,-2.0225603801388194,0.4438926070113228,very_high,1
-1.6052712471325676,-1.2119097199812767,0.12628113723756937,0.5497802609821923,-0.8283518347780123,0.9737854874376467,-0.026385861316626666,-0.545700121949118,very_high,0
-0.02429738377081549,-1.2787099677768716,-0.6606769437718044,-0.12121480472361965,-1.0856844286977492,0.8691933365638794,-1.9823462138192558,0.2857044467311966,high,0
0.3645344890332625,0.40174891931974643,0.14330116864769596,-1.033323162938506,-0.5396957668657604,0.3896248678890111,-0.07957012936778779,1.0546956273055468,high,1
0.5560752738231508,-1.1231779820879617,-1.7740966972843037,0.2617460947171974,0.4526942328743526,0.2918612035602047,-0.47216645654704203,-0.30180354997569725,high,0
0.17726136694885572,0.3195540067233614,0.6849545566550082,-1.3495967909863944,-0.17335948710713603,1.1114528304329958,0.09345018954375292,0.37596660782513114,low,1
0.2912314168473797,-1.3018227522210977,0.3234740834923381,-0.4664553546461,0.9432302720603775,-0.5811735936743435,-1.0426535822967138,1.6461860091125715,high,1
1.4736113922530956,0.29638302011675466,-0.057554662465918886,-0.7984737327699676,0.9770957188917753,0.45449618290731764,-0.09315079590371105,-0.27960400805626334,very_high,1
1.2260339099106798,-0.4886825689629625,-0.39036432459966475,-0.4997912641559985,1.132519042238293,-0.06818374792584589,2.0725428647008015,-0.1973185497108095,low,0
-2.8670549537827434,1.4066155336506445,-0.8947539873680995,-0.07147849366199094,-1.7215227409939768,-1.6877753678793268,-0.4138117925724948,-0.23201802111278302,high,0
-0.317438554837682,0.32371889557906497,0.7277129120327611,-1.0155666619054864,-0.028608035253771327,0.8433710346341847,0.04489283262282717,0.013521426126866038,medium,1
-0.16465102754395128,1.2357828929941415,-1.1710899857034065,1.5731790288732976,1.4225884603978132,-1.5314842965779947,0.3013102907138819,-0.18165046174923352,very_high,0
-1.7520985727269711,-0.7556467164251925,0.5118959120492431,0.4932832333941253,-0.020829401155849088,0.008643705615898408,-0.2666396223097112,1.3932564041319975,high,1
0.09418305823231217,0.056143340244167284,2.0744513948094574,1.7945630283820548,1.9696512116134723,0.2722470816275358,0.021759840797327068,-0.14532695985443808,high,1
1.2487577724105066,-0.9810871581162783,1.4855214886442982,-0.1600799690780195,-0.5883933729072061,0.14574239903903685,0.00813701410781842,0.32524769926518965,high,1
-1.0865678595905903,-0.4136052427444181,-1.5051279426706532,-0.5487899622971091,0.40199488018391305,0.09490474617329202,1.568943492349374,0.4225688161824838,very_high,0
0.3364009386898723,-0.2621042227446291,-0.5367380603433028,1.758415614493028,0.04985140856587265,0.9589132924551746,-0.7260492083746808,1.4007892553113035,low,0
-0.9158234772964378,-0.7258582206871392,0.4214507405553377,-0.5780597398739851,0.455878017956095,-0.26442720156412625,0.4520077971168826,-0.2347962368714901,low,0
-0.6719120236796768,-1.215502858845695,-0.07028192201435018,-0.17829202198912472,-0.2715922897977846,1.5415801241416462,0.46727626850514764,-1.2888500298791312,very_high,0
1.477393634170035,-1.4135173236526528,-1.399405718282421,0.7200474104973147,-0.8915141803272791,0.743359288058152,0.5531651475959057,0.6163104662513545,very_high,0
-0.542557820111825,-2.339748115707397,0.3853159514734912,-1.2377258082972784,-0.8286409249020154,0.6107947758868288,1.2595886124323863,-0.6433417016248717,low,1
0.46221248901062467,-1.0563464635034578,-0.010016895116299348,0.71129468479365,-0.28718753877243436,0.32473303582206753,-1.4104762739609518,0.5514019908583155,low,1
-1.871218116060987,0.6274938966718445,1.9143254086037818,0.5833470661646026,1.2933308258074465,0.5137668280901231,1.913139872135604,0.668783760609298,medium,1
1.8623175613948801,-1.598498532013283,-0.2532287026174467,1.2693253180378326,-0.7986771352176636,0.2388910580778623,-0.030250588477874818,1.1861390348772767,low,0
0.602652446306499,-1.368122846253305,1.168003385326591,0.890044503010141,2.020902000460979,1.274776941714994,-0.20352363025714418,1.7978208976376195,low,1
-0.18249984265026167,1.790898571232915,-1.2670884031299756,1.299978352877571,0.20558978991522836,-1.276471051569654,1.84656925630141,-1.647386813080978,low,0
0.5755465099998948,-0.636496049848254,-1.0280092978965083,-0.11042190050841018,-0.6347131070612035,1.3223236746761615,0.9548448860788854,0.12205062822910663,very_high,0
-1.4098194289478103,0.3210460091648358,0.72166195980949,-0.8626703187070606,-0.11541372471114908,0.4224287792679962,1.651726075656116,-0.2466188732042133,low,1
1.1825307417526572,0.6423171465004947,1.0837307806073746,2.1099854140833623,0.47037171432699054,0.7402743074915507,0.11044773714527865,1.0033813137060326,medium,0
-0.3239847754964302,0.6625261297812802,-0.9573927260743923,-1.5266956155219669,0.127546009583492,0.3745748825636097,0.28736103803744467,1.6132716292888492,high,1
-0.2040695150484347,-1.5223142306080597,0.02407740648391172,-1.4265130788738078,-0.303902134921351,0.5279817014910116,1.0088508402701262,0.7742354415187955,very_high,1
-0.49165561496548443,-0.23105967989949022,-1.3815791735290779,0.5651280405088313,-1.4980501435140348,-2.4925126168403273,1.2752645386206238,0.43885744620613204,medium,0
-0.5806514027455847,-1.6182272695183921,-0.1812198263054794,1.6249860481773497,0.6943130277801547,1.9273099356659136,1.4135311658464103,0.9622205728019577,low,0
0.6946706116284086,2.4463178589103234,0.8369227856241259,0.18955084591416504,-0.7567908029698762,-2.386404681367707,0.6335134738849201,1.108627197461166,very_high,0
0.25590685010422287,-1.5948752640156,-0.4349584991361448,0.9993036997022059,0.6754304712767758,-0.15406685822731384,-0.5642774619101438,-0.825364796090765,medium,0
0.6517481414030399,-1.0478402188698202,-0.2490347059438028,-1.9958027274719585,-0.9778262538964486,1.755954065008587,-1.3023715530656008,-0.1970532768892231,low,1
-0.008794689485571452,-1.0406008548415047,-1.1297953982960518,-0.49954496218113714,0.29655486129806496,-0.0023837097571301727,-0.3567903536395394,-0.9327832660300539,high,0
0.513199811077181,-1.4966604767228804,-0.6483584136249257,-1.8739478071432591,-0.5444608900142378,-0.13686788936666924,1.9574300019179927,0.17217721589256915,high,0
-0.41884874392503835,1.3525939097565454,1.7581109162143385,0.7804109582286599,-0.46446477568049493,-0.784435509674762,-0.022957713448647867,2.5039260048522243,medium,0
2.2297318414095484,2.422447901083496,0.07292489171713287,-1.5472313265890145,0.36143780336482245,-0.8283985150905401,-2.7552720384017504,-0.789831331931656,very_high,0
-1.5679304164304986,-0.4757491193126174,-1.0023077666505982,-1.2778188460326472,0.595390294724766,1.6409242010534517,-0.34772223493197585,-2.356831103756661,low,0
1.2609373235629844,-1.32042314684441,-0.3147719499179916,0.5140252049614028,0.3970247610441687,0.23761386093645073,-0.010423796578229094,-0.5302490124363188,very_high,1
1.3679074507209708,-2.236925498726021,-1.5974276211665621,1.0618243520177295,-0.5013466740009617,0.30781687016269993,0.1953281650326036,-0.36850244336221244,low,0
-0.8521588059655938,-0.24410871852210148,-1.0141596921402123,-0.15896810822921661,-0.42733008672296113,1.873621782697747,1.1124478632661783,1.0203887312819784,low,0
2.2292736105559734,-0.31636542316144384,1.3603397390464533,0.5701725041085097,-1.4376892729668895,1.0964942157586206,0.9047672604499444,0.13724897668255226,medium,1
0.9954902829453182,-0.6512961263601446,-0.14248242438660505,0.5377881668730922,-1.4639446542350316,0.8674004443785023,1.1861351149659096,-0.6790924284911947,low,0
0.9711390068229115,0.2213752539762284,1.890730176101206,-0.2154268594424721,1.241061925008803,-0.6418644628934819,1.7790602078563824,-0.10905175786570998,medium,1
0.028022187025876687,0.3951731428154863,-0.09534783849605591,-1.0947054828862488,0.04510800121339664,-0.38663173436401965,1.1262123863476818,0.8858101395753868,very_high,1
-0.21722615821867644,0.32308325793790066,-0.035978696191495935,0.5648914068846425,0.18451974069406274,-0.456354498308363,-0.00906400742773296,-0.42569679157027407,very_high,0
-0.20940882703960811,-0.3161248719684872,0.6408941585421234,0.6130956907750826,1.0022737237986012,-0.09152306685720993,-0.9264749567712708,1.5408396882038173,high,1
0.3905305963195172,-1.101621829574262,-2.672587582219401,0.8940244030902588,-0.13016746019673428,1.549652719718958,-0.5099488133780679,-0.31892690132953483,medium,0
1.4011862750338961,0.6658330978067158,0.20493932365357484,0.31206642407889745,-1.316569171641841,0.3157353654259481,-0.7623447446784509,-0.5707217323111227,low,1
0.1813142178614196,0.012513759421530454,-0.04898648806095168,-1.1684999134793264,-0.5870702033039437,-0.8389144640158145,0.24721417761997155,-0.15559309248571443,high,1
-0.9114436231372903,0.8883575248346502,1.4860388935151474,0.6903401613691801,2.353788076462313,-0.15556118109919748,0.6049476222363666,0.7187495993359789,medium,1
0.8244270623849798,0.7900755494722314,0.9646793941636173,-0.0013810802283412515,0.27379913154503815,0.020698190262425645,0.2025583957114783,-0.5865167893481371,medium,1
0.9211507463947922,-1.4217620690471156,-1.1336916855468007,-0.48273744432334303,0.016922253283076227,-1.9719036438509936,1.4960727897653245,2.1608580179991295,high,0
0.6546595284477861,-1.4342222074576032,1.2421386186275805,-0.2946358371937122,0.6654691772510047,1.0810576700504966,-1.324669739578269,0.9282779452844234,medium,1
0.7454989065249826,-0.7555407187405284,-0.26231452558099516,-0.6902571783903797,2.290724229816844,-0.1882595699986947,0.9081822231716602,-0.17841293036013312,very_high,1
-0.2709281301578081,-1.056265408290668,-0.9044532262960451,0.8888437788544289,-0.5123502170389053,1.1650887873273892,0.6266778824519463,0.4043099616641605,high,0
-0.9289891671305796,0.7552517759761007,0.1971032508712023,-1.4181147335800204,-0.667012517696863,-2.5860563104340772,1.0743921084616148,-0.48883911034428434,very_high,0
-0.8681934306407798,0.35130967598791774,-0.2027693556638182,-0.9934859348064183,0.351697767915665,1.2002567810201206,0.8018925201094736,-2.4646951804792008,high,1
-1.635463248457858,1.0991839937853107,1.5384653140285238,-0.32877288467169474,-0.3436754856144842,1.1650111872681763,0.5912074951367997,0.6029690379656071,medium,1
0.23694861154594976,0.3964868174109183,0.3406220284912099,1.6137508482389997,-0.9126061921077914,-0.4328869589705256,-1.7998922615309485,-0.5903437345466456,low,0
-0.08344878322659362,0.20864958187336902,0.2056589208860058,1.0542805490928489,-1.4377408037578108,0.11647884722620945,0.5340489395039607,-0.0317934801752158,medium,0
-0.43998770452970876,1.1997297803441704,0.9006470828554398,-1.6408408032472255,-0.9474081622389258,-0.31719299236471077,-0.8222230412277458,-0.06283074212131123,low,1
-2.95561882434507,0.4697273397350485,1.092871618092712,1.351347088752486,0.7013175782057279,-0.5670311220756922,0.3762569002823384,0.887221995631192,high,0
-1.247317469694169,0.0681009634377188,0.7836050942972992,1.349420216983684,0.7991267895980826,-2.0666392628540713,-0.49285666370388637,1.103076666789084,high,0
1.1208406514031668,1.4804530339306854,1.4194634728149536,-1.174008326022643,1.8484632655514626,1.7043804799670172,0.29959213445063676,-0.25197861888480677,low,0
-0.664626000063131,0.11518088315279006,0.6086824129137884,-2.5214582705964452,-0.47580856553524736,-0.4082469084893662,-0.5932491923817148,-0.9183377477410463,high,1
0.3605916776568414,-0.30434060491792164,0.1676514647267018,-0.07222162234724244,1.6966396781422344,0.9332567682302587,-0.3224200582703233,1.0140288476007093,high,1
-1.3906854299752562,-0.8378232587776496,1.2391720620880293,1.122424409299822,-0.04070435093684261,-0.1031227256474043,-0.19994013798826385,0.6510661227372702,high,1
1.4387054823592311,0.7030254590454112,-0.09089614008213873,1.5912619698002022,-0.72842279757699,-0.7768521091003517,0.3059039812816682,0.42865121568327524,medium,0
-0.1440276600546764,1.2370505418424689,0.033246516344661574,-0.8708272643612502,-1.1320056227462443,1.2509651170851321,1.0386046095271007,-1.987376500973498,very_high,1
0.2900403964835352,-0.05058740143343007,1.7215769172969146,1.7519791046629654,-0.2089757973330139,0.18998708002714262,1.138223060052627,1.6525387866290535,very_high,1
2.325779791881685,1.3079156237798386,1.6219241279552312,-2.227932395816701,0.24103049895055914,-1.3756406863029984,-2.0262318239847383,0.8781589390245036,very_high,0
1.5164401005894037,-1.970015031971576,-0.008175806923322827,-0.3680506138292876,-0.814644860838048,-0.2697799647387298,-0.5572658883854549,-0.5839000734890034,very_high,1
-0.3065656212870578,-0.0554533748079148,-0.45355157730561674,-0.4172106692157472,0.21837313275364237,-0.22917831139566916,2.6575200205103724,-1.4344208990075602,high,0
-0.5932201848703592,-0.04009491210443619,1.4631735002084985,1.152337024924303,-1.048978285172195,-0.15743687199424147,0.14863838446267308,0.844595719635092,medium,1
-0.3255450115195318,-0.726994372407347,0.8004183579152141,1.29830246593978,-0.3669480977968419,-0.2790850978135079,-1.0799526863011757,0.6323098020916865,high,0
0.5098982484765356,2.383861037981873,0.315581254197363,0.9542236554333953,0.4351686713150501,-0.06954300253308074,-0.1928779598900932,1.1756003382308513,very_high,0
-0.10522413425087113,-0.06619263268876116,-0.32187271018994457,-1.3505500487458946,1.414800586184388,0.37259435149587056,1.3526640946554191,-0.4160826397204141,medium,1
-0.39524414500347166,-0.4077307716044333,0.3316965787145939,0.8626190317989219,1.1951007536819613,0.8434215382602388,-0.29045040691489654,-1.0462582360197108,medium,0
1.4671812507090423,0.02596211343350502,-0.02170845988770261,0.5090419685934918,-0.6848684412770348,1.7245034824886747,0.7600406435197509,-0.7659225773867657,low,0
-0.11420989177783689,-2.0028137385258296,-0.6643381795729958,-1.6712343852795908,-0.7783132737845555,-0.558825238466334,-0.16670039379719437,1.1145464908808873,low,0
2.2995890930373193,-0.7598679253449151,0.12904232858723516,-2.067013828801687,2.28953724484655,-0.9433002368286546,-1.409047731094599,1.688304825323471,very_high,1
0.09074256375217302,0.9832399694454041,0.2654240456396075,1.0379892900207761,-0.18234879775628526,0.38133231512452653,0.40656911910201393,0.1367124287435586,low,1
1.7853183942247275,-0.6289453549327747,-0.375395066920231,-0.18009930097924454,-2.4819671826662524,-0.844726182323417,1.8161544113709476,1.8554135027266563,medium,1
0.3573194227106268,-0.8288751628002715,0.9038256886095176,-1.2851820924548754,-0.9579642225236714,0.2781212197293803,0.4389811954670256,0.6007195192940576,low,1
0.9629605732494478,1.3095256365144003,1.288832392310989,-0.20817192870876858,3.157756183825162,1.1324746680436324,-0.19786370373966655,-0.7184776301608532,very_high,0
-0.7246110515177244,1.340254400951829,0.9698976936554127,0.36404108111320266,0.49539461503454135,0.09214748803451132,0.45833463364081156,-0.11271960422461444,high,1
-0.8537592225874118,0.5169904721611418,-0.27624838521399475,-0.08285112666754706,0.7263628509535036,0.34331687408202705,0.29092189832191895,1.3928601332111812,low,0
0.4597059550149875,-0.4551173340386673,0.7558215041883719,-1.5519861531260863,-0.7978822785584306,0.026560685981022587,-0.7298675829292409,-0.396032538243941,very_high,0
0.9885532424653152,-0.23947106511632352,0.07796139746004017,1.88555690356411,-0.14897097395772507,-1.829211027713974,-0.42334172933427894,0.058113174133872056,high,0
0.040256502000462865,-0.804149961574959,-1.2357459785659517,1.004217968987892,0.5560374413464144,0.47438857475547375,-0.13882609852598576,-1.1930397582454333,medium,0
-1.2863933350836971,-0.9947731190286448,0.6727293784977457,-0.3353774516734673,-0.6227765566217982,-0.285103802686256,0.6911685352578869,0.40410274956375236,very_high,0
-1.360258366289327,-1.0444164883084324,0.14613164095694817,-0.2950946559022876,-0.3840832036027939,1.5083607682847333,0.6728385125967202,0.11223468184195727,high,1
-1.4271364021862412,-0.6180544067852075,2.5935480020693076,0.35948739471317603,-0.6757604146310315,-2.1087542159604213,-0.6066963690697782,0.7474569572421684,high,1
-1.767622112939381,-1.034720990684745,1.45727086327856,-1.1296213957403316,-0.13683447267787338,-0.8478400707777279,-1.9558258259165358,1.4248456208147904,medium,1
0.10948535944708751,-1.563705118543149,0.7111501569345241,0.3226764365369687,-0.42953798189719095,-0.6716462670918723,1.254522477626629,0.8813508123793844,low,0
1.1250439217080253,0.21940266975390574,0.24917050128817964,-1.3307324368607656,1.1645429650435348,-0.1450704189212672,-0.6105421879872273,-0.2936123867975505,low,1
-0.013415786924808768,0.23459558089343707,0.16372225505801816,-0.070534216845166,-1.3208771027487902,0.7761309655085893,-0.22070485903146797,0.6172095336452706,high,0
-2.2604147573378524,1.7007927584283167,-1.0036894036331077,-1.1685714998568588,0.5485411113532397,-2.045986805407087,-0.866760249357017,0.5693647554018482,low,0
-0.19076046033454871,-0.6683383683547026,-1.7389872271999107,-1.1180839823267146,0.37306508381223147,-1.3907045800185749,0.01644398349469419,1.6099903939360567,very_high,0
-0.1627989966326071,0.29610058962327057,-0.8725591090815651,1.6457226136182097,-1.8507409474407344,0.8483714043161846,1.8222382267295831,2.797016010161739,high,0
2.0959987502254394,0.31271257927480167,-0.047717018170430385,0.059225894284554124,-1.364419923885355,0.4346779780244294,1.5960335983414646,-0.18708817975030356,very_high,0
-1.4571379129195563,-0.2538375611255331,-2.105539278208984,0.20740648540116763,-0.839602998877688,0.37235325312685075,-2.4895795151701274,-0.9503353818367181,medium,0
-0.3906776025991957,0.7443335887496761,-0.5443217922727491,-2.011379861081323,-0.3633567305764357,-1.3006174942757465,-0.499656198084956,0.3296550484679967,medium,1
1.7058526805445642,0.7752291868507144,-0.24761303312442595,-0.5970017585210479,0.06093756987086883,0.7319688030857388,-0.3431627007332465,1.3591778830519146,low,0
0.44997834134654807,0.32741109519753997,-0.21542655348545797,0.4612121187043472,1.9280025530595188,1.1130386304942625,-0.3559977805122219,-0.28931870423108047,high,1
0.5633130735164247,-0.25563970504779554,-0.6617235981881447,0.19413626594750497,0.5986709298719768,1.094548275233457,-1.3405912480150832,0.437442622061247,low,0
0.11458443702387822,-0.35753010855453504,-0.3415138143814004,-2.1540298213537055,-0.17730048583548338,1.453912503787458,-1.4176090322184984,-1.5992377860316624,high,1
0.32994353865726456,-1.3677538987970592,1.7238938281238618,0.2071379166570812,1.3874291641726018,0.325395451085322,-1.9046178968815513,-1.683128413046274,high,1
0.777609530278536,-0.8059177786176916,0.662145281490603,0.36655880354968934,-1.1792424192957673,0.13668629390565612,0.1959951132669392,-0.48975751065771067,very_high,0
-0.8094863188927663,-0.6220075239016879,-0.5603007768981497,1.2837619981986996,0.590467204934292,1.2115908787941763,0.9205817582716221,-0.1500735619498677,medium,0
0.8780585789081998,-1.123971762429434,-0.06834778836196333,-0.6552311189383428,-0.2976200368287706,0.6811022525002439,-0.6503651773718636,1.7250329420345678,low,1
-1.3730030168855392,0.43992396668766426,-0.0283133356522669,-2.242068720135671,0.21447507229702847,-0.22908081204594863,-0.4507933143865267,2.1723468524636127,medium,1
0.3283679728315381,1.19662786898701,-0.7679554337401511,-0.9967707518051554,-0.3047211809924265,-0.6641335984558898,0.04104061568892288,-0.10130636734269396,low,1
0.17874096328632716,-0.9080624323291501,-0.7691302177438546,-1.0970650388685572,-0.42436986434765633,0.6096865427839615,1.026986849421954,0.02400061296548023,high,0
-0.6162930881921079,0.28344143574463715,1.010524020326713,0.7367088777799742,-0.36099507176527657,-0.502441701957883,-0.9195730298823025,-1.5566494542389513,low,0
-0.022685275325646737,-1.0341111395297102,-0.419784377516816,-2.716736588395318,0.9040528673405135,-0.4244169426971771,-0.34601868369404193,-0.3654851997146472,very_high,1
-0.6225401526655531,-0.30492217093916213,-1.0946963870308715,-0.4483564600726221,-0.9283825705313375,0.2770533383899935,-0.06846613357016398,0.0679268250947688,high,0
-1.0717013268617444,-0.6903295791777758,-0.04314034406944269,1.4257954735772547,0.05716494026807006,0.7930218866509193,-0.029257327962928875,1.7443763934256975,high,0
-0.35361474161364437,0.6018956486064415,0.1180097531291236,0.00721246283363482,-1.7034668826002697,0.6383103581437317,0.39209680525978186,0.03254503176192438,medium,0
-1.1039886353716615,-0.6787881738421783,-1.9727042241938353,0.8963168161764239,-2.114619066459786,-1.9468440622656753,1.6475192204974811,-0.585502603099387,very_high,0
0.3227974640932481,1.0116604137066467,-0.04074635781719302,-1.6417983335510877,-1.6030332732404617,-1.0468582953682657,0.6786409468817157,-0.10250103569863299,high,1
-1.1500854941523635,-0.24572077366219902,0.8679799343482604,-1.6019895132063227,-0.013632565929807697,-0.20767196400660862,-0.6800438281748903,-1.1940026559300008,very_high,1
0.7119770229910514,-0.6496037095948308,0.45122938552183306,1.4372424578452343,1.5673091061298812,-1.038702954744184,-1.1040791020069483,-0.34777314242209234,high,1
-1.18147906792882,-1.253305262345163,2.229795115194971,0.10121536575725322,-0.18181820795666936,0.4995200652477213,-0.049248947611365654,-0.11463114144923346,very_high,1
-0.5662949155810063,0.2532045102953498,1.251109482312179,0.10327436220914413,-0.5252032515953069,1.639946892824547,1.4468630676808638,0.5040935065846489,low,1
-0.624603408215179,0.8952184022261802,1.4489340247508535,-1.1181528281069966,0.031057490362961775,-0.5146947573955469,0.02009069144047363,-1.0629667923878823,very_high,1
1.3251467288748389,0.2733212565368742,2.8000859359143266,0.10078172895023148,0.9849850271110658,1.1700243020669414,-0.38217871638453405,-1.0594251020467733,high,1
0.33028994561659186,2.238831666414424,0.7581562617745978,-1.1459375683400963,1.7560743221487412,0.06938963461353378,0.4522970861121,-0.2349234458819979,medium,1
-0.21173380254439425,1.4297874524704182,0.16307020793270105,1.18687044890565,0.6582759386044987,-0.1060667673388657,0.40352291152933,0.5075068572770276,high,0
0.4987194410697233,-0.3075277647170156,0.973740293431332,2.7278307098681713,0.5578553193877401,-0.8530057327600915,-0.9140293563468315,-0.04262160660725638,medium,0
-2.107192347329688,-0.31802743380706927,-0.5592364333949937,0.48394105366532936,-0.5223228267196286,0.24100029641467566,0.9082174308340397,1.187511874153486,very_high,0
-0.043133589640907445,0.4696967194853532,0.10768631949496932,-0.6349463854615437,-1.314801663057185,-1.1629985737084254,-0.28964539344164625,0.08028654100737626,medium,1
1.9975141778047627,-0.8380191804256851,-0.6477276430783137,-2.5336583304946583,-0.5526393301825495,-0.3044182401973722,0.48331382243250304,-1.3296224467920323,very_high,1
0.13234650640267256,1.1662883065324867,0.39798455756288165,-1.6844641145423411,0.020993543384299318,1.050847394228725,-0.5800048949645076,0.5743495925247685,high,1
0.0679131691693355,0.3616005218435837,-0.6519090880198202,1.554861831027136,0.8568083938882931,-0.198646917823752,1.5515635670896781,-1.492055847487044,very_high,1
0.5481283796421961,0.2564589108585328,-0.6869284998617177,-1.0291918432710732,0.11871975553304809,-1.0183266983729435,1.9520658700471099,1.8486977265675786,low,1
0.8956052433143455,0.6869536677708163,0.4134732931055044,-0.3708348816865122,0.1767843873458247,0.7056625547307366,0.441704808317815,1.515529608278433,very_high,0
-1.9974666928898597,1.722829883369059,-0.13771144078056718,0.6553259745791783,0.2651873563171819,2.2771036124116364,0.936846522707577,-0.35141449517792245,medium,0
-1.6823264817910268,0.17095535218750518,-1.927521135716747,1.4822897993617925,1.243341502973608,-0.7929542265304419,-0.40973827945847724,-0.23957189145484806,high,0
0.21029129108614655,-0.11304037087138435,-1.4555569213120896,-0.199586921163838,-0.19345836296158178,-1.3169708964801385,1.1620797379907635,-0.4043986487851151,very_high,0
-0.7148765618975097,1.5087196233225784,-1.1472664914614634,-0.4046668696660347,0.3039900072598394,1.2672074844021592,0.6308615141807926,1.3150562714566263,high,1
1.3120252622199142,0.9675504159911353,-0.8829719061139744,0.07162102851068375,0.23516883399180646,1.0932340918565167,2.4859721145920526,-0.2697969386048753,very_high,0
-0.3151743898852239,-0.3209798403837223,0.4144233294786382,-0.6276378166392172,-0.005244922510148693,0.5060590204930345,0.04215855757653389,-2.157742885710403,medium,0
-1.9345307357131178,0.005186448659020086,0.21893884707163588,-0.5738192032929551,0.9995550728085342,-0.7652066232685705,0.9209464430715432,0.1836091643903449,medium,1
-1.268013916843997,0.19538091593879858,1.065279371699199,0.4118801175338736,0.9058153852833678,0.6810315435642617,0.4205470711980352,1.015900202780414,high,1
-2.7496760196305754,0.36181294460498287,0.7528018229417711,0.18529151783448639,-1.644666032989024,-0.3781208731323194,-1.8044024227798658,0.6573648262086339,very_high,1
-0.23412553728291255,-1.356599850939114,1.0719029561826579,2.131605306558584,0.9417022421330418,0.4890946992298039,0.9679251293892988,-1.576603338267461,medium,0
-0.18838412726438336,-1.5424846078015602,0.6083961914591229,0.4388488166354295,-1.414915988808215,-0.3583296128058891,1.6162517359327573,1.0932371823546938,high,0
-0.42446270978189776,-0.8873900220024538,0.20967930909148969,1.151145548093828,-0.18162022860064314,-0.9935947844455818,0.187027683784429,1.1106758318223067,high,0
1.0788790390297387,-0.9647384430113423,1.0993517422876555,-1.071285176723131,-1.585690789184562,0.10461089711583525,-1.913328192066348,0.8041838331060075,low,1
1.1985198365166936,-0.6438240139725026,0.9194127917400996,0.5251572900302712,-1.223121399852933,0.8179306627322034,0.5593778371839864,0.2323989624142109,very_high,1
-0.1703884233561112,0.6347106420900043,0.3760953675539912,-0.7229813466010591,0.6349998362559559,-0.6449569299273671,0.5192038674849416,-0.2860773433964429,very_high,1
-2.134693667476856,-0.16892915632473834,1.2710718708601423,0.3954532632965579,0.28097720683042815,0.37992328680044857,-1.442368410195294,0.06135161950295221,medium,1
0.6172815804922585,0.19639460501018827,-2.3457882425033967,0.6885145981148411,-1.024213455210551,-0.2215014863888449,0.4357524435840783,-0.0043495993440132,low,0
0.5553602285085755,-1.2243034100422616,-0.29046317414044986,0.04986884400147382,-0.2732168331969433,-0.46802478903987416,0.19351352303118283,0.08553256189442238,medium,0
0.309391570156945,-0.46164220292094515,-0.305790465651731,2.407325721474793,-0.45066344342335135,0.06722258798449979,0.9629767549865628,0.27864052270818584,very_high,1
0.9814797493081158,0.5872576617448404,1.1526828774815703,1.4279797691084526,1.1331909788418906,1.496682496209152,1.3686276518030558,1.5629495167407226,low,0
-1.16482809646104,0.5949524581768018,1.5713949969507695,1.1772453328290966,0.6474262779104684,1.2183205528638965,1.3990273218566187,-0.7707188130139526,high,1
2.008755386185139,-0.7245738281879079,-1.4501793702102626,0.7642861923700136,0.07520306495041909,1.8470602330076118,-1.3872916243944506,-0.7692895814228655,low,0
-0.959427753141868,0.1616623863795536,1.411167174149276,1.7633608177300442,0.14461628703308219,2.2638402692696515,-0.04434161853329213,0.10103332252425415,high,1
0.7492229272008546,2.198847853482332,-1.171445186026269,-1.4369692974692159,-0.11629048500729083,0.36602601914408034,0.392211669327814,-0.8455566520935268,medium,0
-1.6873476944133516,-0.017597929255638137,-1.1412152455608227,1.3702831179905761,0.7419329264902462,0.9285761165630954,1.298501656194275,0.33543606678279403,high,0
-0.9302646872700508,-0.6931869461424454,-0.2342857023273647,-0.9912443119995229,0.7501848652146249,-0.594770213571308,-0.6357790519891622,-0.12479785765439863,low,1
1.5163686467253361,-0.17376238936216024,-0.3182064721325846,-0.5643391190667296,0.40690077169990907,1.0490820361682638,-0.7100436448383542,0.435149189885271,medium,0
-0.2608998230008499,0.09217710752683304,-1.5584172797168765,0.561392444061668,-1.016575501994926,2.0555610437596665,-1.0022331360172423,-1.279319318087845,high,0
0.8399226051327979,-0.1511683806905494,0.6498779734925669,1.2332201655107236,0.2685214784607662,0.6672321411899407,2.001228053509907,-0.7771298151946303,medium,1
0.2369553887192461,-0.03135470067650179,0.6794024247266021,-1.153576631681962,1.608805497306857,0.9391237655057844,0.8000813377617322,-0.589868695507319,very_high,1
-0.10495815600017268,-1.4434467969368396,1.0540415961636707,-0.5125448776777309,0.8031828201810357,0.1895372681193656,-0.5849278102334923,0.10669555438844522,very_high,1
1.3638503249326897,-0.9626304750859512,-0.43345532977786516,0.09753207250131049,-1.0939677526036804,-0.79979906806347,-0.6278024350706654,-0.41082115600974495,medium,0
-0.23665882465190033,-0.14933523707149754,-0.039582714972448675,-0.18636600469571402,0.9585710282019061,0.4614141144174627,0.06084105050342878,0.2769934750803454,high,0
-1.7807381075634705,-0.1652679700224367,-0.030427164902642686,0.8540320612351875,-1.6817059462295947,1.0715841917546007,-0.8264129428864023,-0.443510371177488,high,0
-0.8032400919517051,-0.5661892748600006,1.6879954414684644,3.4359276159845202,-0.07540582800391739,0.4869304410933395,0.14182791845640558,-0.2893322870616215,very_high,1
0.5511917287016942,-0.17701358607643694,-2.834244782633218,0.41932070852587977,0.708065532010135,0.3021173251356195,0.6925198408593666,-0.7053294927074957,very_high,0
0.39550910636250813,0.06101485541420536,-0.9569443489891034,-0.7351964381623162,-1.0876372010831383,0.11316865829340152,-0.2864262786177403,-0.3244143754270483,medium,1
-1.5670582502354382,0.8894134565245253,0.005540842791797656,-1.2965083306389955,-0.7717100009985014,1.1883422048081194,-1.204702794582884,0.9835638986838199,high,1
-0.724342519408201,-0.09921173522605088,-1.085570234915503,-0.3252539135856056,-0.38089113167934613,0.532607283793853,-0.15789901769657472,-1.1010063385093518,low,1
-0.5817213492022466,0.3991032052982532,-0.2583203572711174,-0.9402498860287901,0.6554415164696908,0.6035703236850228,0.24201141431921958,-0.3915165393405067,medium,1
-0.365469594114225,-0.541600301433921,-0.12607553636990937,0.4675497919754231,-0.32555315716402644,-1.7469441351768673,0.06125325025627931,0.522454861209501,high,0
-1.3759135886015514,0.5720957235984819,-0.6576861087924688,0.4520216357842265,1.7691491720192023,-1.0045621448299802,-0.6611037168937204,0.1330189956836701,high,0
-0.6283711081194786,0.3757302976123567,0.06446892610267248,-0.46316820452495655,-1.9012086250262723,0.6026979998756027,0.24831683955559872,-2.119392943833091,medium,0
-0.7286104852595274,0.8658170031798195,0.6281492777578134,1.984955013783783,-0.8085415219386677,-0.4533232643137902,-1.3381007846778628,0.41618867867357234,very_high,0
0.7715332597619193,0.7134604624444878,-0.23626644503100197,-0.7354473192398943,0.2650235741702826,-2.1593841017636466,0.28559603733279876,-0.19463879219903518,low,0
0.8091213109902438,0.5887356228811461,-0.45319473396873566,-0.11943106789817422,0.3536238313910272,0.8797647281273557,-0.6684934818931376,-1.643732810811891,low,0
-0.145810458088816,-0.09841740865778026,-0.16576491665387216,0.6391626658898175,-0.6656850935853221,-0.1555034692598096,-0.5160055636374792,-0.6832820926623819,high,0
-0.3920397958707315,0.24493922704446816,-0.007436346645589392,0.8920548937698285,0.46282604614592426,0.1995934027601921,0.8164877843441061,-0.6563073527953184,low,0
0.1399243120391134,1.0635089284515264,-1.740319565334422,1.2775765215431991,-0.5223336742273718,-0.5913027716817708,-2.0512894560470265,-0.5455686395469708,very_high,0
-0.8165751074555749,-0.6520745694027944,0.46155391796127865,0.42849647899323895,0.8008534306178624,0.52518385695608,0.13161804323697918,1.4488985261420313,low,0
-1.146832082167441,-0.6284077786968656,-0.4510012294467944,1.0509127007879968,-0.9648271219628666,1.124295273688533,0.027604896838708655,-0.6711783070441786,high,0
-0.9402212089257169,0.18143139795036198,1.2615350748110512,-0.6651081720279391,-0.43846696168798505,-0.8375254954727348,-0.8653518128670903,0.32154936102601617,high,1
-0.6348131639714567,0.41527969026545347,0.5910534756424747,0.918081960350382,1.5167467666559509,-0.29008924660150287,-0.3071494487979124,1.4396335305269161,very_high,1
-1.163473799792271,-0.8241064992640045,1.1700664042196551,0.9047291501563995,0.14489830376273916,-1.5610127225813104,-0.8118547822832325,-1.0540947973877364,high,0
0.16205955906287475,-0.07476256341330836,-1.0110037937149083,1.5128866747535359,-0.5083411145415442,1.6029048928422998,-1.5714372137740087,-1.1613397169127129,high,0
0.7297156737837084,-0.09399877422878479,-0.37138664118742654,-1.6684359922285426,0.5214360497641698,-2.5871362308958417,-1.7354101591652435,-0.26360369314061427,very_high,1
-1.5870983007982418,-2.2152801156034707,-1.2424584874574092,-0.9071831156010672,1.8877608852169696,-0.41449749016302595,-0.17064697742041618,-0.8368657572846429,high,0
0.02512871121603335,-0.21959398925875973,-0.7051912089293261,0.823140969367302,1.5285295844939308,1.2560207373800496,-0.029000612655416445,-0.8385317051352245,high,0
-0.21993579526633558,-0.1573178328484663,1.2521054245085916,-2.651364479881397,1.3807867044335773,-0.40051709834661836,-1.815429029347753,-0.36000925331746786,medium,1
0.3415086855368029,-0.16029294282301915,1.4874905779224952,0.49200617378835015,-1.8212981612694976,0.23203733199831902,0.5060046632553978,1.8598926148183101,low,1
-0.012938768103588062,1.4159142745772682,-1.1481332948044598,1.0598044249313672,0.7305214312887639,0.9668361511758767,0.5196209309353098,-1.0068016328441245,low,0
-1.4535992799316308,-1.2157982985088753,-0.45827766831728356,-0.5763752475504399,0.09719675228381489,0.09017765984629196,-0.5594338246287064,1.2916370135332556,medium,0
-1.2623892988571654,-0.8246225712046127,-0.07619567202394918,-0.43019000011191194,-1.8937007441190368,-0.22405651450483732,0.48027334824570583,0.3419611520610459,high,0
0.029423575584972723,-2.612195798319334,0.5856056418097813,-1.0741373472399038,1.4939890143566776,-1.1147905717021243,-0.4237083483506746,1.5450540380104028,low,1
1.0287809197455093,-0.4809166661741407,-1.7598102635364925,-0.5215471197314033,-0.05369444720276938,1.228921115237034,1.2140162509340595,0.6601163728463529,high,0
-2.214187371043003,-0.39564355412600094,-1.6030000815284384,-0.4925685019617576,-1.0410231230551354,1.3731770839291852,-1.200061711285794,-1.140413019373375,high,0
0.34572657980157995,-0.5099771763342562,0.4896261438724024,-0.6828412744655215,-0.4930144957171996,0.2066966990397588,0.4307670792802269,1.7781097393755487,high,1
1.1896220052876432,1.10767733948376,-1.9490385689179244,-0.7376781777844968,-0.6185343041584587,0.6764879581861353,-0.8317542000821122,0.9131555243760411,high,0
-0.1530258762062131,0.8606175223369632,-0.44679740613887026,-0.2710047848883935,0.4005438161569483,-1.7806539771146803,-2.2507455951814874,-1.5014242324134326,very_high,1
0.5502024960264408,0.07785672426730414,0.16209180855884073,-0.28310431565612143,-1.1481548228470906,0.7323098019889315,-0.6419077989107053,-0.24003009921924026,medium,1
-0.7030690808978022,-0.37061305353986224,0.4156659699331173,1.8741318998610565,1.643778427811496,0.5845055307914246,0.38503314032035113,1.2966984321111963,medium,0
-0.11936619927687682,1.0261896681068639,-0.14171809554383202,-0.3941851431170102,1.0683429769514334,0.9013025951587312,0.8898993632435327,-0.1550167029115077,medium,1
-1.6209135183081516,-0.01975785983585163,-0.3657567190475306,0.3441502161918585,-0.8698236451694155,-0.8071823649665381,-0.9170131510584919,0.3668477618260759,medium,0
-2.344343308418874,-0.8182700389184578,0.8445708597164794,-0.5768829664763014,0.43140019768001936,0.48788201965280414,-1.059756054288333,-1.0897685321092294,medium,1
0.9427658012252752,-1.7162486774845516,0.28520592636575753,-0.5895957758414572,-0.7751207236137811,-0.8804121395262857,1.6956870090748706,-1.533354771877413,very_high,1
-0.9849949277244419,-0.44131449389568267,-0.6470166219514599,-1.7043705377326224,0.2888763833590886,0.986238283017926,0.8683328173302316,0.616959177266036,very_high,1
-0.4555278450034305,0.7546436171726086,0.037722896682238334,-1.5713662478110932,-1.0824166884767819,-0.15637837777840877,-0.8528469125007474,-1.6960795310323826,medium,1
-1.3864422532701932,2.2765386895430897,0.3831690226561928,-1.2069982796529997,1.8725477782238211,-0.17346669741771467,1.9835157133335595,2.085827163443204,very_high,1
-1.4099697030838758,0.06161034618947592,1.7182372414513813,0.18369683476007076,1.905493019098306,2.358131865333807,0.3251675410557241,0.22832823368667324,high,0
-0.17383770009461635,-0.7653555151203043,0.7863236682915793,1.0761736552845853,6.220461036402953e-05,0.14966313516754304,0.7521825651534181,-0.4658178552965385,low,0
-0.7295771941356465,-1.184965208284214,1.2145568559539437,-1.786664526895518,0.3636187975725264,-0.6928048343248164,-0.5892734974713386,-0.1427532303141715,medium,1
0.37797099799469847,0.5519548963055988,-0.61060739629963,-0.549076801348817,1.1100424925166925,-0.16674153952334367,1.1604496378767173,0.2060162489421535,medium,1
0.4525384189795919,-1.7646160523842684,-0.5241829062550026,-1.3668907093503484,0.15822048628679414,-1.2916298640207338,0.3380771894706958,0.8491892963149605,very_high,1
0.32084964632460716,0.5503451014048882,-0.2353799928129901,-0.26427709413354983,-1.3521740853778679,-1.5189802022429764,-0.5368185250808366,1.384662357992878,high,1
0.2386007909284437,0.8177116062629123,-0.143572646638164,1.0757694937071505,-0.7746952397482023,-1.4529394669303801,-0.683989304453616,-0.7515511285130778,very_high,0
1.5777682049318862,0.43627945323286405,-1.0080249578028904,-0.4468824016079753,1.0125442493870442,-1.0499018721909363,0.7531660615815998,0.650756898675428,low,0
-1.067593769044886,-0.21966167193855743,1.2659336265568182,-0.04751697219969663,-0.08381869882790173,0.340819988157417,0.16323541871735905,-1.7105410768085565,high,1
-0.05493486620291775,0.5649406535468146,0.883351637758792,1.455228396392314,0.6362648914316762,1.5795941688675235,-0.6687912001471484,-0.545453156528892,medium,1
1.1326898205195888,0.17093837112829996,-0.3056778613015072,0.4579009305079092,0.2912159213168894,0.09701776762285522,0.6043079879670906,-1.1251865422151421,high,0
1.2645398093380364,-0.7781238418605918,0.6417106490138536,-0.760091855816802,-0.742215380225654,-0.14333390205557858,1.708013627256206,-1.3982428087660086,medium,1
-1.4217636493445729,1.8504123223750257,0.2228991630038379,0.1589152858357252,-1.2746457723106248,0.15306797455177262,1.0482329153900176,0.16965511884426968,medium,0
-0.3123554416558699,-0.3516793796105163,0.7198279809313747,-0.8275490114022908,1.3284023290520521,0.3305024347721445,0.8195660563118106,0.7152573868451347,low,1
1.3581210958672605,0.7757523004499094,-1.34430712352563,0.4204820127359998,-0.0766688056209485,-1.0780744688813524,-0.8293168941568618,1.4745861073252933,medium,0
0.5080791051990653,-2.4186142826957147,-0.14566107319743485,0.5153401540727593,1.8925681958060077,-1.4076884202708555,-1.083670780277368,0.7623506609519703,medium,1
0.19526303147977275,1.276470882780929,-0.05803852790579535,-1.3671597004984526,0.3073273366010497,-0.11230682636975019,-0.14257623796600769,-0.3042360687320763,high,1
-0.21768469343465674,1.4687637446545818,0.6236420996116513,0.17514941738577372,0.6416382875279029,1.6144221509724763,-0.20251253534281774,-0.3936382956358756,medium,1
-0.38380092570774543,0.029833787126638218,-0.6284376011821333,-0.1175732579959197,1.4697838550324989,0.690324897113818,-1.8990334264381703,-1.943120702796382,low,0
0.2882190630903242,0.5587710347377585,-2.4999307240823962,0.5446773971721118,0.23014544405437465,-0.03347013921869056,0.5147785518436808,-0.1754434421832799,very_high,0
-0.25237412498448336,0.5585151816075627,-1.0816997176829206,0.8313470510191334,0.7721113787740158,0.07757660711568605,1.1453394305341051,-1.6489062243152208,medium,0
-0.04257862104444418,-0.6427835696407243,-0.06104798571090735,0.477449604124605,0.13751230612798523,0.6020364999525094,-1.7151660028286206,-0.2604069068744816,high,1
0.07859870611503737,0.5471223054393403,0.06388422550333159,-0.30319335337975234,0.47716212639733585,1.1861298414542012,0.761505332406745,-0.06084604937204112,high,1
-0.6780715284934992,-0.8086304698725554,1.6837481226249844,0.9333300208640003,-0.20136363555463252,0.1467739527628528,0.7948023501473626,-0.045300793188042504,high,0
0.5321293738814383,-0.6087569236453261,0.582746440658099,-0.8730627763102515,0.9613087693170126,0.7121648607390529,1.2334718558813695,2.3284482979529106,high,1
2.9142446484154196,1.1269431432122987,0.08153027923148934,-1.3205219933694994,-0.46129255140475467,0.5118230478198007,0.46881841649041733,0.6135106935103816,very_high,0
-1.7769866393260751,0.9746576907002027,-0.032391276781437675,-3.1952866845608003,-1.6841115089840064,1.5138379913297342,1.8504168680581128,0.5680706632702146,high,1
0.3240125241899799,-0.7063755021157926,1.104183382169693,-0.07014095173715502,-0.24164480725949886,0.006323989816705009,0.697952159148152,0.6335523927703243,very_high,1
-0.7601900886189056,-0.7335763435010406,-0.5901104521574382,-0.8215464394934352,0.6266685716032836,0.8983899741423699,0.7866486699856475,-1.0243486652601317,very_high,1
0.57740257751925,-0.6455966024576721,-0.14028378774059883,0.3977544760753508,1.8585866164162272,-0.026626751955402317,1.4994799479824774,-0.9172952999115911,medium,1
0.04655747332786092,0.7326395664654908,-1.0892581201383016,-1.9712273940443676,-0.6411581518098584,1.379221252423799,1.6404765544088513,-0.09919612008756219,very_high,0
0.7618547740424635,-0.9999847808103971,1.418906048695304,-0.6471785508995,1.6506266279033337,-0.03291885796166941,0.12975161179698358,0.7336153696269838,low,1
1.1755065765087795,0.3567126390359526,0.3924989370016137,0.47026990586448525,0.11009759521456082,2.142787106201938,-0.5000135202502968,0.853826240706514,high,1
0.19242111776818133,0.7468468106342946,-0.7075232960039459,-1.0298361463489805,-0.16376590870295216,0.22165509290939184,1.7526199245394292,0.5535971465793009,very_high,0
1.1320522884141782,-0.08824545029310012,-0.11445501031830795,0.409256748612862,1.6008622962517562,-0.2894104369981684,-1.0469149098378452,1.7683473915902792,high,1
-2.3442978937886774,1.0100636968649277,0.5096507632062802,-0.5570225950680406,0.8936008501490137,-0.7623291856193604,0.38852630524616494,-1.0969327848618573,high,1
1.5904522979160232,-0.30431016948979245,-0.2507189127222754,-0.03280830977999759,-0.6479231851782796,-0.8776543349125515,-0.3031226693659235,-2.2933906429682063,low,1
0.3750621518923401,-0.2138556009939144,-0.5344706217126008,0.5951580064168556,0.7824141562603282,0.347666389547727,-1.0741869469626075,0.5478735694650663,low,0
1.0778433557451819,-0.9772462311318565,-0.6542736859843314,0.952797023115313,0.7219638704134186,-0.11563907346182578,-0.3251231503923271,-0.09106362372745465,very_high,1
-1.2198757448415216,1.0171773476202053,0.3389618992411148,0.09249241132060718,-0.7588015195223506,0.22655866626637872,0.7813687094923709,-0.9624128490889345,low,0
-0.8307698816053357,-0.7665204469788703,-0.3580542792106851,-0.8140102948787449,-0.6010981429621729,0.7594632011088679,-0.34200345172828295,-0.2311059313610249,very_high,0
0.14593829414477413,0.3497718177150592,-0.45375773476274617,-0.45803886237965,-0.8063430794948594,-0.08875531114611628,-1.5138410413168188,0.3207190607257957,high,0
-0.017037889337463016,-0.07131606712593476,-1.3360617550554057,0.6369553630869581,0.7955362981672176,-1.145256131671386,-0.1918875807724168,-1.2784703604581868,medium,0
0.2830685880099896,-1.0527830631116626,0.07764057652716963,-1.0212535834826066,1.4817880754412247,-0.3207527559739828,-1.3659198242449033,-0.6798792649748162,low,1
1.0845151609299661,-0.6091031438233208,-0.1812234387919082,-0.1780665966402057,-1.2957728788072194,0.6709869474954,-1.4462832373621035,0.31232859035487776,high,1
-1.7652203153028492,1.382872239040734,-0.3216483486419647,-0.38588409836147486,-0.5315282490933342,0.22734998005777673,-0.9376615093472555,0.8408444008270465,low,1
0.9738190717173091,0.20165754263448052,0.19877067748871843,-0.1033617833189646,-0.38636688860688695,-0.5053510053971071,0.6894735644077659,0.5444439135088993,low,1
0.008281909957927018,-1.009150341366842,0.7480022627358979,-1.0092825292493772,0.25424293627817907,-1.744592831825581,-0.34132171218916313,-0.10817402174670016,medium,1
-0.20378186112454774,0.30532828734869183,0.7015654719404685,-1.8519443522121117,0.5008192220989165,0.7200765660795322,-0.7734657928192906,-0.8097970024973209,medium,1
-1.4711152343848903,-0.1461140315945451,0.5527285008997627,0.5207426159596433,-1.543732080566156,-0.47697797518767865,1.3480778333873575,-1.5063005652107155,medium,0
0.503048668376865,3.4540464022441815,-0.24067027863572127,0.9641314234886486,-0.5923008129301166,2.0052678813877582,-0.5378612066696534,-0.4798108853584959,low,0
-2.414107851031037,0.2851238413422724,-0.5669983359412419,-1.7921749574981565,0.009321803567251047,0.27016705502368754,-0.8858198476195941,0.9887228007219653,high,1
0.6483940112387127,-0.3806248470663645,-1.0439156413224373,0.3689261609262163,0.8518992687651816,-0.3281355278399193,0.24318433089133337,-0.2130964948740818,very_high,0
-1.492105835472992,1.4200279177871042,-0.593156507338082,1.0831829148451766,0.1162641373710621,0.008753948314998811,-0.4582419990209142,-0.5159636304721639,high,0
0.053457912617474034,-1.8410361672928455,0.019650095136569568,0.5959110467623232,0.8195874593727144,-0.6845580979100881,0.12657927717612869,0.1841694910191149,high,0
-0.11916883732792043,0.09432015638109745,-0.7862861216524827,-0.4166701786760665,-1.7074964018607186,-0.9247326997109881,-1.3658445201219007,0.032884426651745575,low,0
1.1695381472938837,1.9944284946810726,0.09605713911744292,-0.9434963697507577,-0.49624111842674784,-1.194280523910846,-0.4032365371678026,-1.1241036012187688,very_high,0
-0.17865516901389017,-0.11619928435975406,-0.9654566779118643,0.08097807934998928,0.47922796979557786,0.15022928147435283,-0.30194192968056843,-2.037686766302725,medium,0
-0.6941385611456656,-1.7333010446480788,-1.660991889007022,0.24778505884688073,-0.7614565436873741,0.2472742172655216,0.6197071688043717,0.32463266249308653,very_high,0
-0.506602695971203,-0.39591796441059773,0.819406120864795,0.09580751115589878,-0.5683142343850899,-0.6097758813206436,1.037878228902577,0.16621639453813414,medium,0
1.2728827687546636,1.4545180409590368,-0.47441459536584457,-0.18013463011756567,1.8465211448947823,0.5777305473826826,-0.19054417393408338,-0.6859448136473001,very_high,0
0.5362969691808936,0.37606959632077114,-0.8370336532238911,-1.0826517241227573,0.2069970208896691,0.02451691953842703,0.6762764274550901,0.8800878568539743,high,1
-0.3856299815231613,-0.8388561095125178,-1.0938471412974384,0.4226882913088517,0.883975575631944,0.451374358902682,0.5548905834302266,-0.731637854843435,very_high,1
-0.23644641996451343,-0.685242807179024,0.42303597473040044,0.47085449441352384,-1.233676658990703,0.3093776144974741,-1.3367670581786077,-0.09812873883595526,medium,0
-1.567177090585447,-0.5597002711498134,1.3749077114679673,0.20082212546167189,0.13575587134398362,0.3417576813576451,-0.9563337029945921,-0.029414454951575738,very_high,1
0.388474200851541,0.36119788405399617,-0.4030738610061444,0.11099364507125732,-1.3122650975014607,-0.8540537691620664,0.8607546479153348,0.07755481324642004,high,0
-1.7598157076954657,1.3381961329386531,-0.21556337466258174,1.6792494877461053,1.0223023486923273,-0.7940687017982925,-0.5193352300975955,-0.6426418664668386,medium,0
0.7517964658354561,1.052423012799171,1.0716318398890723,-0.6243787845733961,1.3395220849476783,-1.701080095524512,-1.194218810910073,-1.3656830672931792,very_high,1
0.12862159249126584,0.45601218210912847,-1.8104457043583122,1.2814350974566557,-0.6143999346997633,-0.32667364608499866,-1.6146341779209363,-0.26238603616591866,very_high,0
2.3869517995739225,-1.3316447600574832,1.966868642912667,-0.7340244692218376,0.2529570482729631,-0.10786405129862556,-1.5648855254517409,-0.32795208730797193,high,1
-1.1001355537243058,-1.3279325139934413,2.4441003023263694,1.1089505729564282,-0.9918248570333047,0.6548911579778811,0.8850685466450698,-0.5286487086540953,very_high,1
-0.10266209104063294,0.5332520212137634,-2.706337529420083,1.2333675500805437,-0.10973959748403314,1.1471379815788132,2.0341506600580805,-1.0936654819332468,very_high,0
1.7982877009230627,-1.3454710979328943,-0.097503228916757,-0.29305120340188257,1.3049645661627276,-0.9706803403518324,-0.5751206682186601,-0.5863770982292038,medium,0
1.1913896402914144,-0.22556702106860427,-0.7189470318695635,1.6609630540608336,-0.3563655062206215,-0.19828458805508212,0.8379883282781686,-1.8958117218861563,low,0
-0.6962120515798997,0.304150446186177,-0.26477177090473386,0.46903588674608915,0.6699280762098667,0.5527761486208744,-1.0585421940333906,0.5597019503036693,very_high,1
0.22396742837344774,-1.1375939953626888,-0.4183850696159234,-0.8772724411405676,-0.04902651446550974,-1.0079610220638864,0.8749542563142473,1.7230454309708734,low,1
0.001999356415087233,-1.0242623343588635,0.8117590984793583,-0.374156594389209,0.03925207395003367,1.0901556348870205,0.11535871496318631,-1.7472963330080853,high,1
0.2819558673941572,-0.09412106456781866,-0.1125699069679908,1.1327623061066514,-0.978808636322899,-1.2707225989940136,-1.7277479909857951,1.1904072931656806,low,0
-0.6986804359848298,0.5036502875240538,-0.9109072141999566,0.9230647018766497,0.33333618024787187,0.5789544305794028,0.16181898981519993,0.2965707799739716,high,0
-0.08932040270073452,1.0615187704137568,-0.17218516129512423,-1.0580404013792908,0.13809768664539374,-0.7601595143160239,-0.8493371621515893,-0.10498154417592623,medium,0
-1.5980523752767137,0.6070534347705518,0.5147842369624097,-0.13925731219049714,0.42931973242657484,1.1016500671651597,0.3439053605694905,-0.810883719117161,low,0
0.13512345186808206,0.07365659499219453,-1.1837213277652818,0.20352298277651182,-0.7689372058793238,-1.3444903615265256,-0.730372202360799,0.24227698886521123,high,0
0.45002067342183205,-0.7461947535570493,-1.6462336889699805,-0.5076045890756089,1.85817761693821,0.48308155208218606,1.909167283314702,0.7151394039899267,very_high,0
-0.227419412643884,-1.0709069958445192,1.99274280083532,2.357799723374719,-0.3589022716209584,-1.0745092833292917,-0.4489598908008796,-0.011869530677998787,medium,0
-1.6150508905847878,-0.5108770883291476,-0.6424266797084363,0.23366374340532553,-1.0011424244708513,0.4168376924207596,-1.0053971661972523,-1.5334919481185305,low,0
0.9885318628514624,0.40993558498056715,-0.13735298691952277,-0.061812190903049326,-0.2343554882632483,-0.9909191077645232,-0.22808990331850998,0.60044430527921,high,0
0.3645250379928023,0.33662370662734287,-0.39779540582557266,1.19085104425809,-0.660825909089311,-1.3039415870389495,-0.5756234651492074,0.6556448097835503,very_high,0
-0.7260150977009768,-2.0999019857251224,0.548087704082142,-0.36521353483883495,0.35288992103335304,1.2014360509954203,1.729202119619373,-0.4832279281295279,very_high,1
-0.28060044683806395,-0.785677028267503,1.7727899230910438,1.007427610617323,-0.2605495207917437,1.019848697260064,0.7085724686727621,-1.9770584192526244,low,1
-1.5006694027818388,1.2045075516061559,0.5799338417292843,-1.6677323955829848,-1.221287916310358,-1.7820470316258878,0.879314983395656,2.068771855120066,medium,1
-1.0254101277779044,0.07921504780413943,-1.518365147539991,-0.45365404624556616,0.8541566653663792,1.4846253176907442,0.20833170018275968,-0.02531306491503976,medium,0
-0.5378113463571395,-1.417008913102986,-1.3841234270085299,1.0490704183772468,0.5375588822049737,0.8746940500325806,0.4618049060391806,0.42746307581686693,medium,0
1.2284208122801512,2.3558211815981513,-0.3989647753269165,1.570197720589671,-1.5929545250727766,0.8977163887565969,-1.284625119614848,0.6193856420858215,very_high,0
-0.6395033908874757,-0.028941732314764643,-0.2682331995332666,-0.7732957130059931,-1.1404321044907264,-0.6078007906051546,2.1214745513897446,-0.07948223786938155,low,1
0.6402136593287587,0.38433395931340797,-1.7219512695466006,-0.8898216362186484,0.8008792397130408,-0.772675205573181,-1.9205240224540956,0.5197695480464669,low,1
-0.5383162028615798,0.3995247560451345,0.8193409201744406,0.567446430370459,0.3211883422224382,-0.8126900381023642,0.7072041942696847,0.18349832460593565,low,1
0.24794756085187486,-0.36759546616018607,-1.0863205578814785,-0.6230338949177128,0.382012540704588,-0.2897313284303901,1.4167176421908052,0.39520784901585143,very_high,0
-0.14139550214380217,-0.7275736818213943,1.4933015621257555,-0.26857791775539397,-0.710540801020925,-0.7900677508179633,-0.02564933106056511,-0.36061612679384936,very_high,1
0.8730566000927434,2.1216749850659404,1.8206325972057207,0.8764050247371578,-0.15331905872332752,-1.2248217499837284,-0.8275809136886607,0.9650510846140046,medium,0
-0.5348113382185579,1.0032058696177506,-0.24825353263217734,-0.544102181614012,-0.2207117679497613,1.0601875692177962,-0.9147631888655418,-2.2351762984273305,low,0
-1.572528250002441,0.8219372011086765,0.4389726404181848,-1.9654257515356857,0.24208908854634123,-0.24951152033808952,-1.5604296200844328,1.0160595313515508,high,1
-1.3819490313636327,0.5762891917182107,-1.2319472220842016,-1.3010844356058813,0.389014694713492,0.41961025978337024,-1.2985242458498951,0.30287891642949083,very_high,1
-0.5318774939427574,-1.0033173903616845,0.6236763264791144,0.009955585720280876,1.1403102303706543,0.7212633250129525,0.5131296585920249,-1.7374212647704141,medium,1
-1.2490599706780527,1.2775301917402737,-0.49819242343437004,-1.8634231484728845,-0.9565743494364464,1.2821678819463584,1.13037949237705,-0.9505288107201934,medium,1
0.4102120156795513,-0.8431326580117493,-1.0872353215883535,-0.2971604172973206,0.24850944350710708,0.9007912574890338,-1.6756182498674532,-2.2096223138376323,high,0
-0.4657681648580778,0.2832867981506457,-0.2893349882529842,-1.392096516243992,-2.5314168223754305,0.1585724098120643,0.5922077735827421,1.2360799083277731,medium,1
2.3746065500264315,-1.6393899054645689,-0.46574800840536296,1.6399390068655983,0.1611816461351563,0.6515098396603243,-1.1757200084143575,0.9153477977515984,high,1
-1.737714595137132,-2.0408588506475196,-0.32515940300375434,2.1651425947656726,-0.6054463307058101,0.14138057222559625,-0.13933448517973934,0.7800739502478649,medium,0
0.20363317870980122,0.3182912026531147,0.949679902816359,-1.0581971023420684,0.22709049337885945,-0.6209316181533127,-0.9378428386917326,0.17153279190984858,low,1
-1.127953023505669,-0.8090992671949081,-0.7853075926357327,0.256758680037918,0.8005802914488231,0.5922325321771237,-0.7651144563438871,0.21378043187318224,low,0
-0.4934013403826786,-1.9891675712972732,1.735022999773876,-0.9604037319968523,-1.604312805801676,-0.5972251674470368,-0.05031682927271039,0.5214087249135335,high,1
0.14141947334054417,0.5406095029470755,-1.3250596328253537,-0.30931560205451125,0.9076746150282285,-0.9811661714165741,-0.3766983879121598,1.6443667017663253,low,0
-2.325371374874287,2.120080771050789,1.6154302731785954,1.8034693279558056,-0.45195430592599445,-1.0714939477626486,-0.19539840425407898,-0.4344474874361166,high,0
0.23682611678802748,1.3895602585800617,-1.0165106219066937,-0.4666885477264853,0.25552065940950486,-1.3056175719102803,-0.5881620731790873,-0.00011704912568639759,very_high,1
1.9029074622741677,-0.2573178852656725,-0.0010132325366156636,-0.2860374622371136,2.4329562846799266,0.7027957889554171,-1.0124999205494856,-0.09384525539919665,high,1
-0.45343829836859284,0.00884530669694572,-0.4901961134780198,-0.9425292672276969,-0.5193908703435212,0.47025780593454375,-2.2713770884004867,0.5531496213279995,medium,1
0.2598078568055095,0.8877062567839132,-0.34372867153785464,1.1461893776648633,-0.10970523169552479,1.4657229390265,-1.261517175608922,0.2727192786038304,very_high,0
1.0249216931253993,1.1221280198349068,0.8013572363555488,-3.2632667025240267,0.17033645828630078,-1.6141923055201761,1.350396627301327,-0.21135405040635602,medium,0
-0.16395350002699655,-0.3435357188256987,1.4998267972288106,-0.442797321531621,-0.3104828821929197,-0.38214639100558345,-1.1901796727497762,0.16495058607731836,medium,1
-0.5809601885314832,0.034177715724574294,1.190524704955642,-0.04588609413545871,0.6708882721498295,0.5175954936151803,1.62566941176381,-0.21163314337268058,low,1
-2.2757364037217522,0.30061480676453645,-0.40485633234184776,-0.6610773298509144,-1.4697423351527148,2.193343386074813,0.6621079965161335,-0.6924199211797911,very_high,1
0.6409907193949733,0.5538763202788318,0.18425522240455336,0.8635455077311673,1.3561623838860322,-1.3512775024551373,-0.7534748750839719,-0.13232484516036994,low,0
-0.11316840972889723,-0.13307644201126692,-0.7820778736683621,1.2020272839704742,-0.09657946291085408,0.711961946439788,-1.3732608583222934,0.29300054797393704,very_high,0
-1.0126838513881617,-0.12008524506874427,-0.9915503125746948,-1.412039512879515,0.40022023927052225,-0.07561635478009153,-0.6681017595762561,0.8308418720993512,low,1
0.12659671027769356,1.3798323297543882,-1.1463009057286688,2.0934866537708046,0.24279181109512263,0.025515733053315382,1.1256110262097088,-0.5827487610688902,medium,0
-0.5836803568061814,1.2095207024428862,-0.4375733069841293,-1.4232588243535156,-1.2418648706314233,0.43728427460040903,-0.42381584303224873,-0.8620739772698514,low,0
-0.5284261311155256,0.4774105734360883,0.24960563101494201,1.2886306816758417,0.5371054964629087,-1.1029604997230638,-1.014165964979683,0.8963614255173831,medium,0
0.6062911561087082,1.7191090700229286,-1.9118151597515047,0.1498276985356943,0.9554450859843071,-0.35935581530916555,-0.0011258993966320049,0.15629927193621673,very_high,0
-1.3383824113238445,-0.386445762226417,-0.046353702580765745,-0.5037010971138146,1.3058728262102701,1.1532370381923354,-0.6288188699353919,-0.9868295693832174,very_high,0
1.0473152860737585,1.6229734486293805,1.5160251245495246,-0.40936692967583616,1.376759702300817,1.1628187321187369,0.013049257333420017,0.7278085448741498,very_high,0
-1.3976861631184037,0.5425154435355505,1.1219110690741252,-0.03351279066031383,0.1489427913794047,0.19237362473699957,0.09819533680280466,-0.7880965332789023,low,0
-0.6627014083552638,3.2710261222145895,-0.5851840765266658,0.20841786186378186,-0.7014903615096384,-1.599236776782504,0.14285992734841,-0.040573372837559296,very_high,1
1.9229461940665773,-1.1924819267824778,-1.396872909282786,-0.9201543513715253,1.2607172829791122,1.3242943648465293,1.4184654583097516,-0.7570810272890078,low,0
1.1273547616424222,-0.6893452522173416,0.4598303064648266,-0.23393995767839035,0.9307435780654327,1.3821334382009005,1.5559924472104256,0.48499620969237567,low,1
0.09760399249544019,0.4187978282005477,-2.3174282502075,-0.7706728229275946,0.3656094634335926,0.55544086790941,1.2520750212585894,1.429628693983234,very_high,0
-0.9405302155012165,0.3972340529789919,1.1101541158826773,-1.2150495270738728,-0.5872788982958552,-1.0291173145526582,0.5339611518163068,-0.7924151104255653,very_high,1
-0.5292723066998932,1.9501389841750185,-0.2135874578832405,-0.8173117024578972,-1.7045589373519214,0.5668866123946673,0.3195349747424888,-0.2067666675311628,low,0
0.0732753145856964,-0.6683746832995339,1.8313003205774008,-1.1499746326954394,-2.0617763024430626,-0.5314286860726836,-0.5138831812339866,1.1117366588484558,low,1
0.03752323233959842,0.9049185186938843,-1.7269654855764658,-0.4201549127505187,0.4527706135637918,-1.2922398034417952,0.480248194083588,-2.237700352184668,very_high,1
-0.09087092962596285,1.1624630046819957,0.9181462252078333,0.43247490546841544,-0.14106752679785203,-2.7945007243990085,-0.7177494755598762,-0.8756622330858662,medium,0
-0.03083251408418433,0.7046478322206475,-0.10050883681419848,0.12071035417796232,-0.36464139579884286,-0.6626171533255922,-0.8164120770682125,-1.1586829519988435,very_high,1
-0.2143751097051141,-0.96099634192432,-0.33105053147208047,1.9743447766606508,1.2011356152362465,-0.25457382323628786,-0.017636650032275488,-1.1263308601925779,high,0
-1.4419787356400129,1.407758805254198,-1.3698434652121445,-2.210453013719917,0.22996376215381956,-0.21939860971382405,0.3960749777694483,0.3087087820510249,low,1
-0.5165107421608328,1.2293249313154138,0.5957479067117164,0.4693409662141885,1.193047513728957,-0.20764625982957532,1.6755716019169853,0.420420589419226,very_high,0
0.9146240539868465,0.5995845197903774,0.6761373847768578,0.00642023852435217,1.1752691693064463,0.2271896281408618,-0.7231068666196236,-0.7015674747694953,high,0
-1.3683342975511175,0.20434768720895413,1.7851278019658896,0.8156703423719669,0.14312608379091765,-0.5890262359910857,0.8330599476100415,0.03877133035603234,very_high,1
-0.18955551153927852,0.22610801004437128,1.0080502628605923,0.7164652043104087,-0.9754700667015576,0.9994716680081683,0.5009955693472801,1.1975696644619034,very_high,0
-0.819753928770844,-0.07873579223937772,-0.593895328955735,-0.16499175013517703,-0.08495340070791313,-0.1653745406433153,1.783030992590942,-0.29056846938195874,very_high,0
0.11135042939811132,0.6407851342526418,-1.0038625836175148,0.17265128485675557,-0.3813869921897419,-1.8618830801376491,-1.2273390978059533,0.40592088486198363,high,0
-0.38863318106681816,0.031134852944977556,-1.3684914335223863,-0.7440692129184846,0.40921340922016064,1.1459495013935026,0.39126015523412894,-0.7752347063340846,high,0
1.477393664974669,-0.8485249753526413,1.4732243456394702,0.6136799793544542,0.16960796092996308,-0.5755580049495391,0.4725193014668612,0.07937016601744597,medium,1
0.5065831541902538,-1.048591644827592,-0.778174284277866,-1.878876052122701,-0.17786577356298044,1.413567135542141,1.3808878160696472,0.1881441392705413,high,1
-1.3118031657772113,-0.7520362536522921,1.4802298689713072,0.7768264386493173,-1.4330459872638408,1.7193651133662835,1.036341887367967,0.7519515707043267,low,1
0.6712280116136986,0.22213224254945177,0.5250720408620666,-0.02317344423611007,0.04092265065579615,-0.12712870831908774,0.6828154383005985,-0.4510308135457962,medium,1
-0.774651856262063,-0.026955836435207322,0.3299028815939605,-0.4870620378310888,0.6194129389547033,-0.7735783670886788,-0.5740426834093202,0.19332663976096162,very_high,0
-0.5769963713775336,0.21534379328874922,-0.3068683125602983,-0.2325331994467262,0.8084697372233473,1.075404068932498,0.06331680621529066,1.495078023782975,low,1
0.3138190201071218,0.500813133546111,0.6606729130022508,-0.1591962345883808,2.0222392184013476,2.151758975180036,0.45661634953689034,0.8322626374355127,medium,1
-0.49174741973013475,-0.6273209259168789,-0.015470762836802118,1.2973037604805013,-0.20956836307333654,-0.6108703753643373,-0.049012016264423384,0.5559334756057036,high,0
0.8928558163229553,1.4656601683453478,-0.36921329146881043,3.2334936632485123,1.9866030716912382,0.1002745458025519,-1.4888285613450305,1.6443106212234162,low,0
-0.7745100615133954,-0.2677108270474744,0.6960047866482002,1.2198708241503822,-0.5593909255054242,0.27174314135090294,0.4171750822632247,-1.4454383189305522,low,0
-0.6189465525913632,-0.433426984781509,-0.14397210922113055,-0.5653257858897562,-1.4807824612725349,0.6217130633225604,1.1833798847028856,-1.221838044246514,very_high,0
-0.6563708935481088,0.4823862373324524,-0.7983347787388269,0.6297818242852791,0.9307787443246629,-0.6590707899115033,-1.9825790358678268,-1.0712560191947291,medium,0
-0.5656387483550389,-1.8365102023750728,0.5998267754606512,0.6733291660574839,1.5416708468091938,-0.11830257501622099,-1.0068279759903038,0.1478485549519405,low,0
1.099191555547813,-0.7905344497229193,-0.06398565562856524,-0.9251607224472203,0.5143400502063492,-0.9776640592717641,-0.8325237401905758,0.3754920484318922,very_high,0
0.6287962936103031,0.981072798691833,0.4889100117578045,-1.2607992972206816,2.1977875602358967,-1.0398655057795423,-0.5966063267153192,0.5155322850373589,very_high,0
1.709943954012071,-1.7374219290621107,-0.45385985835418646,-0.06328092891678859,-2.164083689587723,0.08733681890629923,-0.48714297656389544,-1.9240211990303109,low,1
2.2676442038992546,1.1175741969331559,-1.209121304680956,0.8077076027014347,-0.5677744596409467,0.05881501998245523,1.0081028602641444,0.3543481150820647,very_high,0
-1.0307170319323398,1.5111365663591347,1.7350739625142755,-1.6118082676014285,0.026724335847262387,-0.7049459469369983,-0.1837499538705739,0.695517347469211,very_high,1
0.07041912732728889,-0.36945533782374834,1.5466114107635742,-0.7208978676544061,-0.1478746844438469,-0.9291152623830385,0.3356581594872362,0.47798096384222044,very_high,1
-1.176200316643433,0.29181276742631007,0.8837849612619612,0.5726517089904064,-0.6787628729596047,-0.667797254265687,0.7561601975395755,-0.40743357100910893,medium,1
-0.7776059277482671,1.1190870848510266,-0.3878106853742732,0.041723613270580134,1.2541398701402435,-1.3710056062811726,2.056203139775511,-0.6126354131078269,very_high,0
-0.6300825102556694,-0.4667891880435197,-0.3003179731610725,1.4162736205989954,-0.10879966192537474,0.27136228487213593,-0.2627864997617623,0.8565766520329738,medium,0
-1.0571548741382744,0.8677755205261815,1.3823274458964647,-1.4113674540763435,-0.5729464718451013,1.8133418258699916,0.029382697013691877,-0.6756955610195405,low,1
-1.0518872728984137,-0.6711487951306716,-0.3538300375674132,2.3521649334494557,1.8655780310359804,-0.5519253764552517,2.0618382385011476,0.3988543514128821,high,1
-0.14428437852025486,-0.47760229333317933,-0.6325560363472975,-1.5379924435695795,0.16984381232799758,2.2159509392766945,-2.1922185694208616,0.21434151950750518,medium,0
-1.216718418386407,-0.7993364643249737,1.8722346756364532,-2.0291637188282605,-0.213093385083063,0.14931185214190373,-0.2662541494961267,0.1881306671883057,medium,1
0.8421269591376328,0.3426471991948034,-0.04767768161387231,-0.05891277949730691,-1.313558178184649,0.3813660378108791,0.7160544516995808,-0.5420656175080836,very_high,1
-0.9177535374175142,1.1579690525655495,1.7684253285138456,-1.1344589282460094,1.3355717456640939,0.8439522991711713,0.8318207440280142,0.030096952609887723,very_high,1
2.809568970096392,-0.18411293211716429,-1.398391910690002,-0.03875566404487908,1.5707546120621019,0.8080240128119485,-0.5702833418123653,-0.03968143828660047,high,1
-0.45138445096439517,-1.2712491599124032,0.5181848827845018,-0.07372687895466667,0.8377449040461442,-0.07747721454355075,-0.5668085471070716,1.5842069873778322,low,0
0.07201764191705222,-1.0827068222868157,2.071082599216615,-0.19577421210743123,-0.9413317556329183,-1.3271278095014138,-0.9435508196243241,1.2473448771190034,very_high,1
-1.2953411844660352,0.3945994213705404,0.029750744658861888,-0.8424110321967792,-0.07404553446516982,0.49631439555678053,-0.010504577623915934,-1.191976825952955,very_high,0
1.7060917581276394,1.8441164133942693,-0.2640044922677962,0.43265615257969103,1.374739965069977,0.3544194053297085,-0.8558899223922698,-0.22493437716977951,low,0
1.1195006808029162,0.39372499931439753,-1.1677519175984197,-0.3173371147671696,0.09758224092846901,0.3099231745993484,-0.3411254938103623,-1.4544127529070021,very_high,0
0.29691587073611253,-0.38689655065125267,1.0823430544352473,1.1036648707547636,0.23752674683135086,0.45659200019442725,-0.42240938607498574,-1.5620111153292136,medium,1
-1.3468025487795656,0.7661839668502841,-0.7701280826406874,-0.18037225252830674,-0.3232220089869004,0.7095343807195772,0.9060775733761699,0.7650294797093706,very_high,0
0.21066687772462028,-0.23949863558674636,-0.09480855938998854,-0.9646474228665894,1.8036658074765983,0.38985173953555596,1.0992158208098344,0.4938605738357284,low,1
-1.121431046017255,-0.3782852173642064,-1.2345022797926115,-1.6877105518433855,-0.15452028268770893,-0.8677115069037835,0.23143333070436067,-0.791010159313637,high,1
1.4623552634733608,-0.9584591056952636,1.5568946000974326,-0.17210943144837143,0.9810280981395949,1.2035700460201588,1.6192615615242674,-1.6760240840708927,low,0
0.8091947318531727,1.4084488442463559,1.1548853107256827,-1.2692045713626225,2.927815186233118,1.0095237198595437,0.22444797104701178,0.032037510311895445,medium,0
0.09543903848773612,-2.5392079174956637,-0.031584749213130925,-1.349961854004778,-1.93374655753542,-0.7723291046234922,-0.11184759450465882,-0.7158598754603867,medium,1
-2.4363756632473224,0.7978592002792693,-1.154148935586928,0.527457309146987,2.5587314219806183,-0.25165304156640084,0.27812000826673117,0.24253628500372185,high,0
-0.9834159786590306,-0.4637449377975369,1.535907049242632,-1.7776700611633918,-0.47728276587010215,1.2469812480386824,0.44356219360673566,-1.2871643737246663,medium,1
0.6877611315998724,-0.4103407314516127,-0.36593172704714716,1.4121933783329124,-0.1721483206717906,-0.21816545533062276,0.509296802223084,0.6347251891792207,high,0
1.2128836917231558,1.6923151561178125,-1.1052048408175186,0.15971638439554017,0.3389153580775631,0.08563770765617514,-2.1512070041123073,0.7778926289381731,high,0
1.1091698114921316,-0.7141310922000513,-1.762118012472544,-0.04384263102496118,-0.9847612766712409,0.2805822783966414,0.6479384810802233,1.171247065225061,high,0
-1.5920130022414554,-0.6800691540284102,-0.6459651318937749,-1.034765940550586,0.3216018068163673,0.9467723175007429,-0.3065400201941163,0.41200321959505254,medium,1
0.30155230681290407,-0.13039423891953036,-1.4546381225299396,0.764372296342938,1.1102967076213035,-1.6097111142566722,0.8167371741503242,0.01770896184800714,very_high,0
1.0155152164829295,0.41384738581223823,-0.6228208365228246,-0.0029049335973952714,-0.7805443703912978,0.08998357881629604,0.060630089731278085,0.43388356005045575,low,0
-1.6583355655822452,-0.4418557822928694,0.7444087336977152,-0.686096642740802,0.6362150880843536,-1.8458941280723569,-0.6678420571173637,-1.562730007139199,very_high,1
-0.007904515373236347,-1.5738589305358854,-0.3754001639752333,0.19982469665158892,0.40013077750903614,0.4560386468987366,1.4731893962485594,-0.31594166916180233,high,1
0.27384239830845625,-0.8656981808817654,0.3556933821137109,-1.6827854554393802,0.06602234717647512,-0.08623455466860809,1.306625832078896,2.081879363402041,medium,1
-0.3007645848467349,1.2813338564645194,-0.7233346595322319,-1.6353271315491387,0.8337195915198831,0.31911691264681086,0.3311124224504418,0.24717772903348778,medium,1
-1.8521618554012016,0.07477678913551145,0.06516906636423135,-1.1201860853010783,-3.5849805609217023,1.5348093245984886,-0.6947325876723991,-0.2415571449506083,medium,1
-0.3256981100737287,0.45108728370382206,1.920900822086021,0.3495272676097139,-0.7838033932533778,0.24024014199562185,-0.04431243542208476,-0.7165359788295381,high,1
-0.327305430255024,-0.2614212071730376,-0.3484860780268965,-0.003258321806131569,-0.03304669295836457,0.9278385712881022,-1.3403827876817327,-0.8053893208917831,very_high,1
-0.1480724045477542,-0.6594976961732696,0.38442943761965875,1.0489792655557526,-0.639742943448223,-0.9034022625450834,-0.5902909410086109,-0.10097871668938288,medium,0
-0.5634714254250696,1.677569449875411,-1.5655272274684384,-0.9199898521685768,-0.2099584361023333,-1.0285651484486498,0.7731589272535316,1.3262197622576775,low,0
-0.4430121532414673,-0.18819185705108066,1.5201061224168706,0.5746678404813418,-1.5535406174235262,1.0028569747749874,1.569796340625739,-2.1291789717047367,very_high,1
-0.0397062823469779,-0.44336987952712686,-0.47720662894486526,-0.11387055239528114,1.6378798864487796,-0.8624122658328115,1.5796678268932107,-0.17799428088000593,high,0
0.4424546049697111,1.0961423663553396,1.050533649906501,-0.9430451947409286,-0.7192333145470888,1.0010285260213891,0.8344521176154668,1.7247093557298234,very_high,1
-0.3044267628566672,-0.7223603588673853,-0.12318029575890527,0.38530767071291894,-0.009150044217235304,3.1083786151818966,1.3507926484737003,0.5405160350456568,low,0
-0.4096489283680019,-0.5947273437739967,0.6115793650208063,-0.06601185824523254,-1.530032729227635,-1.4450278570766606,-0.9336654869245457,1.3773026558902282,high,1
0.09235403825445808,0.010246684016898003,0.6710124272110006,-0.6291191941453987,-0.6133731833684581,-0.1358690108967075,-0.25774640292788603,0.8000506705236631,low,1
-1.9209159258951816,0.00027010408817970173,-0.452440339512717,0.04199908714409162,0.3496863861162428,0.3000857759467001,-0.8488680101529118,1.5880060292103488,medium,0
0.4770351272264581,0.2596113479032144,1.091906435761852,-0.129530385937392,-0.9927501245562359,0.8528799795201931,0.05449557715464238,0.4084283126590545,low,1
-0.0005630971229588082,2.091669089395488,-0.7589848639930996,-0.1536880685175025,0.8124162516419721,2.172428364524554,-1.2628337297844632,0.3542088059895286,low,1
0.039693526597561826,0.33624824635237044,0.7779342200275429,-0.41259314991079943,2.689606059597463,1.2396324781502501,0.28210734302997015,-1.2278674758694206,low,0
0.960734307594464,-2.3780539627508004,-0.390205294166531,-1.3049485388936377,0.7462745056817888,-1.3624921977174909,-1.331113844742068,0.008831265167877921,high,1
-1.9528155300482481,0.3262989434315609,0.3495579486320601,0.07476541589487229,0.38003140719429374,-0.43952529781711375,0.9201465461310853,-0.8618147129764268,high,0
-1.9738338698589637,0.03787999448959883,-0.46199300235426094,-0.8027143737214145,0.2141206786681254,0.6006490856285324,1.1819980519255384,-0.4553323451048814,medium,0
0.27380384532351953,0.04345002435145766,0.04997597470659558,-1.0203288676440678,-1.6883937561515834,-2.0190020959228363,-0.17597415806947792,-0.10752288086961366,low,1
-0.007116855128515773,0.2459473093961707,-1.074693701691767,-0.24069984410260706,-0.8710996998684417,1.5234538572959289,0.875839780302813,-1.2616068747216234,medium,0
0.17017694319193222,-0.028678287674799376,0.24755698468879414,0.7340265441721783,0.40600269165640335,-0.6264510243605412,-0.8086953154054325,-0.3382457837825317,very_high,0
-0.46212707517244556,-0.052612093055389005,0.044187834959585996,0.18561350769098114,1.1814013025187393,-0.7354468177922702,0.4605510946343112,-0.006411752877750488,low,0
0.6643536742399312,0.6130442097707861,-0.5401535540724726,-0.531142208357589,-0.2970745132500433,-1.2642341879976393,1.1630552371530958,1.552472042655303,medium,0
0.93263884299112,-0.542080797194501,-0.05502796639029617,-0.5713460578678574,-0.6490793125443132,1.0545944376485756,1.216148940980018,-1.1144114018925153,medium,1
0.48398229395152703,-0.9476863356391756,0.1340044761679099,0.635813262188768,-0.05893838787123415,-0.770776273654919,0.385981694087448,-0.6999453350839511,medium,0
-0.26082845840458313,3.023781452622391,-0.6163570532651123,-2.39673576944724,-0.10134272983504104,-1.489062282225359,-2.0564532699766427,0.9182723666383265,low,1
-2.107689387614403,-0.7158574437812334,-0.12875857572966917,0.7973649891994805,2.134864083025039,1.9718379250836606,-0.5064786217190556,2.3390529955826267,very_high,0
0.7692362080371281,0.10014291246007646,-1.005551940894921,-1.874015774930339,-0.6453138029430764,-2.5818397398122745,0.6881551376003264,0.031295874881145595,high,1
1.2217286662175928,-1.4956602508753674,2.3457330389610074,-1.4154079083229805,-0.22883617650444932,-1.1438569305988644,-0.42702666442117354,0.7066372859450395,medium,1
0.64455841198398,0.11646841505142191,1.059118660208185,-0.5142658312632256,-0.3604178573426074,-1.519387088057646,0.09120048177827504,-1.1119319414875295,very_high,1
-0.8796424273675065,-0.9332255506893351,0.2730941056315511,2.170124142930845,-0.7341009002301818,-0.29570409049575697,2.163983565744372,-0.3065742227005878,medium,0
0.6737943936677578,-0.44247294285001093,1.172112927476695,1.6774193600142666,0.5856219858989308,-1.785261802225653,1.2508093217785257,0.9939400434555947,high,0
0.8605297079614455,1.0450646657711238,-1.9792524766837778,0.7064877557971356,-3.3770974934763096,-0.25941169847577666,-1.272866226005333,1.12410678395954,very_high,0
1.5588162477990857,0.47200956837807373,-2.557679737834006,0.35654237829544994,0.3880098898307735,-1.2031111971400128,1.4942942105249304,-0.26226113901948783,very_high,0
-0.8761099242279576,0.5684095245748191,-0.3992910617499062,-1.8622769680124747,0.2653870668626484,0.5068080189166481,-0.4603043845625302,1.4069555777818088,high,1
-0.22645458454413847,-1.7712048383918628,-1.378564143602109,0.15675816288069885,1.4428916925146216,0.17754119854703979,-0.047038659255799566,0.5951301628988109,very_high,0
0.7472720511434552,1.8368951698290128,-0.23660552444832925,-0.5492215185599713,1.0167343072391721,0.1382238071542727,-1.8572185076279,0.8103860393713236,low,0
0.05741007143815779,-1.191881310941875,0.20565664059489883,-0.8166693336227218,0.035005756152338266,-0.11576618737057508,-1.4177684830656132,0.3725030898738332,very_high,1
-1.1173276020512748,1.528560814293865,0.9204144983406113,0.15480308997465927,-0.3126055311799197,0.7658796624131298,2.3556898387421086,0.8626132190088737,medium,0
0.414616285026703,1.0215438659814862,-1.1382639842752136,-0.4711100094466988,0.23701479612274823,0.48078018310931514,1.4338131332739619,1.2140503406380856,low,0
0.5786616338151667,0.5773327417846801,0.3996306861600717,0.8692995459688505,-0.8562045521961766,-0.07002672261360146,-1.0152870625376953,-3.700091559090642,low,0
0.08796289633100199,-0.8549847809083815,0.014389693152232522,-1.9359547676126674,-0.003610607487661706,-0.5252846828114393,-0.9969432550763406,0.04146462478482887,high,1
0.21958492717994416,0.15158984481952292,0.34750930993308465,0.07501142234598206,-0.4685971139654719,1.371743822473672,0.057714415879476136,-0.8715136696348803,low,1
-0.25870590168573016,-0.4709214106448598,-0.5197719507535998,-0.8790972235140434,-0.21296980325866172,1.113420653537455,-0.8236887091431336,0.5958794839967012,high,1
1.4782789357160593,0.029039571505291815,1.38313513986212,-0.40963582891569356,1.9932329695046769,0.3902514636605695,-0.6982262394258594,0.7363695287646863,very_high,1
-0.9006921837126766,-0.24987225908555988,-0.10350864842972622,0.3046264194792415,-0.3970110122958146,-1.16399570433001,0.5360351912265707,0.06351517676500196,low,1
-0.5873207627637789,-2.0386105065724083,1.7741822235037688,-1.117307862610067,0.2545209989906128,-0.6369928980212063,-1.515602041862481,-0.35211634338830183,very_high,1
0.010985513527525621,1.121784150984588,-0.7903886536822237,0.16423213931246486,1.2080615000880572,0.9467521020073675,0.2692328900921232,0.5957972033550994,high,0
0.8789540277008926,-0.08110715654936117,0.7428273399555535,-0.2123382052092645,-1.1050508262144687,-0.9055018988524346,-0.6071809255577043,1.4013590766363295,very_high,1
-1.4973731700945367,-0.484800399502237,-0.05966848056052859,-0.6605868651768887,-1.0798775633268254,0.05339111541619958,-0.4026071427527276,-0.15510053930068352,medium,0
-1.3102967497654392,-0.5603272328297677,-0.32774241666676374,-0.4705724860109197,1.4056916228062777,-0.018906536873635343,0.21615680460127337,0.2242582061333231,low,0
-2.037728507734718,0.3584595763667682,0.6323153404675466,-0.15455189118692608,0.10855369784052744,1.0623168217868415,1.4726909854807058,-1.1478149677194427,low,1
0.03269522525327079,-0.8937563382944722,-0.29917347918958953,-0.7678365125632122,0.062134580041521885,1.109187575735034,0.35959645428368786,0.6802960760798054,low,0
-1.1183058172065439,-2.2551755584740434,-2.661965337157328,0.007094475325611389,-0.5719874842699945,-2.196112305792902,-0.14248804924595843,-2.164219440843272,very_high,0
-0.3845501100179167,0.40712980320827613,-3.0628681231743076,-0.2781766216660757,1.5548214679089347,0.14064349206176574,-1.5125731076779303,0.37571265391317665,very_high,0
0.661378189891708,0.5191029979568217,1.272422160284049,-0.6112825370669608,0.47573549968692735,1.1849839904909205,-0.48516531169621985,-0.8712100478333836,medium,1
-0.6415427207828466,-0.1996318246776329,1.2302584578796958,1.5898422339029836,-1.9267053549407298,2.2640885613139448,0.1396500464804931,0.8667729543670075,medium,1
0.23128202274336457,-1.1479028751900089,1.8873409462559467,0.41523992256162096,-1.5430863698582877,1.4258148306808758,-1.1241002812766319,0.3488387635692419,high,1
-0.29933790775172203,0.08893554088928533,-0.017528248282177424,-0.38271223262295445,0.0739513036788835,-0.7845842361821985,-0.14963223702623105,-0.9500508260423803,very_high,0
0.6721143150964368,-1.4645323683135887,-1.2926348019978913,0.14586043082470876,0.571546927498214,-0.021402433097897213,-0.5683514716950304,2.1073178997820166,low,0
0.4751280673480088,-1.0272305966876594,-0.41958384265100146,-1.0268201367735081,-1.5446130968608422,-0.0820059806280231,-0.25804732657090645,1.0975824547543822,high,1
-0.69193369617461,-0.7506979365041612,0.011424515361312802,-0.4367716067785833,0.029525586982039678,0.5003377828194732,0.48216574824965835,2.1035567201819507,high,0
-0.16865175340045263,0.8439390708915561,-1.0070382242851093,-0.3200774504382476,-0.6810771326794941,0.19850109982821082,-2.6186794132702413,-0.03264754142036228,very_high,1
1.0437433977204944,-0.3626109504369171,1.6485747229738668,-1.2467939099098826,0.6021841188704216,0.2985560436456747,0.6492391555704942,1.1032565448777163,very_high,1
0.393376870254097,-0.4478664117764606,2.239502879643737,0.3873540479944179,0.4474559002894586,-0.31611143451269136,-2.3135219905597757,0.978173427007729,high,1
-1.3969620577511315,1.9546925154112462,0.47828070073017764,-0.5056127026128259,0.15265948751580072,-0.6880514951942374,0.9651520033405558,-0.25723642582813205,medium,0
0.6556180611713827,0.3524624971887139,-0.010863746698195903,-0.3554666674474038,-0.05598858916824332,0.44985171816549807,-1.1486320110301287,0.5625518619073462,low,1
-1.0846106224362382,0.33899451047482604,-1.2949669784744322,-0.5687198591233552,-0.6858037068991557,0.8852400475577491,-0.9950284610955705,0.8834424010104657,high,1
1.412513069961006,-0.3697007452087749,1.5464338961560513,2.9590905906430995,-1.6482767488700723,1.3644758516464996,0.31025372726349426,0.39412586588987,very_high,1
1.024098839841025,-0.5963716676367777,0.07630681084904649,-0.6626151501740128,1.4992207445612984,0.20102689621612732,0.6172873224960682,0.3711859306174261,medium,1
0.2898854759184008,-2.1864064400171506,-0.28916439841061226,-2.0686769538858276,-1.5834363028951444,0.21492205910420842,1.378937830644556,0.5833329633576567,low,1
0.1572328434361934,0.9687405319235582,0.48117408867453765,-1.5999319709588355,1.0975215056449055,-0.3094698518563403,-2.0920258724950047,1.0179038151825208,low,1
-0.20903225602742,0.44830970575637913,-0.5857115289891855,0.7593026226954348,1.7807283731179098,1.1477734005974183,-0.22779927366315994,0.45935984575446287,very_high,0
0.6785239514000281,-0.17916599321341334,0.14687517312181853,1.3364526916831299,1.000007037836985,0.23820002478458924,2.88915399420627,0.11758101095648853,high,0
-0.37077816946206166,-0.13722670183625574,-1.44246685084566,-0.6817971913728537,-0.9362131890592592,-1.6747188655948895,-0.28780229194835394,0.0384080843685186,high,0
0.23556987063989387,0.7361442622610551,1.087087189252434,1.2789496696354639,-1.4197710467742473,0.6606743221179475,-0.8303855240436768,0.6087343593944147,very_high,1
0.8719343665194511,-1.554710073079853,-0.1044110411356732,0.7415899998425441,-0.39550909005262913,-0.9638189322675995,1.5436493173836279,0.8729120942991958,high,0
-0.5618065435255897,-0.5898813315538055,1.1588008606340119,-0.18948013098608893,1.468427763679853,0.08326172397551379,-0.620507210194651,-1.0017020643727599,medium,1
-0.6161927399906946,-1.1363028628925305,-0.2011361778416194,-0.26044628377053547,0.7717204779815932,1.3897592151078182,0.0235102160344747,1.2131249279356775,medium,0
-1.194365480724459,1.7715092824867462,-0.13619970878397838,0.18087022641565326,-0.7815980186558542,-1.3063132338003884,-0.5062399623418663,-1.268657427449655,very_high,0
-1.0644727461261723,0.8756555318533007,-1.2123174282919575,0.877455822153641,0.43929642630934557,-0.09561484916431168,1.7220017623455741,-1.302267368971505,medium,0
-1.8283953114415024,-2.2026926411353642,0.7597569730181432,0.3972945655950222,1.9996737921018612,-0.14404050672466737,2.4468137784045276,0.7856048394415386,very_high,0
0.7298287890155296,-1.5137616266399756,-0.8758399540230916,-0.6768083017986958,1.3348948234548708,0.0016024602480376217,-0.4882116645955765,-0.11544031988041326,low,0
1.8089145420827708,-0.1323456733574863,-0.4864223731992286,-0.1742070470263107,-0.06596288322979406,-0.004406049244960837,1.6892349953192038,0.5932757107274774,very_high,1
1.4253289434703056,-0.4724402120724247,0.001047186082536809,1.981263454721924,-2.1595440976439484,-1.2170437000299426,-0.3553453276653664,1.492494464014205,medium,0
-1.6260844886265164,-1.3243822080768883,0.12122418368935654,0.251213797296192,-1.4678268356512514,-0.24512443614896287,-1.197598257754914,-1.3936257681498054,very_high,1
0.7248546715562,1.9447622376504894,-1.706096940217759,0.8693254268826153,-0.35160886668065167,0.1731528628025136,-0.09295634716808657,-0.2514956246084482,low,1
1.4221063499235564,0.3125399139825792,-0.23080586548801652,0.5398849872492323,-0.31063460417164707,0.33723547852414704,1.4186353120639537,0.9474356365540741,low,1
-0.456809980738664,0.4748163228630915,0.7952302186437133,0.2733577439977027,0.988532418236605,0.47543801152736886,-0.6247210006134956,0.1820970961865688,high,1
0.10144743065004946,-0.6920149492322138,-0.3783380345239026,0.10869890001506896,0.04705294782287555,0.4802433341567212,-0.8629510169238006,1.992832044246513,low,1
-2.0078930508046704,0.7222741471780024,-0.2247317542133216,0.8973906253249794,0.5778512233281415,0.3667634630103227,0.6429433934517144,-0.7083703516482622,very_high,0
0.2667361679766415,-0.3804327609820118,0.16240605084272658,0.7186422353106833,-0.10798068167831221,-1.1862149390699346,-1.0948103882759563,0.12470506883758806,low,0
-1.0635597294347174,-0.2833431737074994,-0.12596043254699904,0.2638934780115486,1.8005059834424213,1.0489212805426362,1.8268443208509975,1.7214234891089006,medium,1
0.19963501791151453,0.6110019598252598,-1.0305155023876045,-0.6937625255478881,-0.8693294626501766,-2.6777726821641856,-0.4062341248929654,1.765652855835952,low,0
-1.5612029221888803,-1.6289975650602997,-0.03634612366690454,0.3855588055484719,-0.2099209948637558,-0.5545702490828831,0.37499515360771546,1.2860846842143108,low,1
0.5428582244775959,1.5970278598509826,0.9940731700058961,-0.06700793646808344,-1.3477759816305928,1.4866200392743552,0.7330668744518097,-0.2593805613484587,very_high,0
1.0245126754266898,0.1823892147238758,-1.0511759472670905,-0.3082559113450759,-1.3650288863899045,0.9312134911910329,-0.0682381088639992,0.6065438360128927,low,0
-0.7831798617151676,1.2809442087804244,-0.374481889485818,2.678775974966068,-0.2607033598943493,0.7367967160363715,-0.06333021839482893,1.2552977728008514,very_high,0
-1.1369225814104345,-1.0754197566188184,-1.3816313239350773,-1.5390513077078276,-0.9585636252205919,0.8239926513336804,-0.9926626572282403,0.05401544115475644,high,1
-2.156023042549981,-0.9231651240281931,0.941381950490345,0.9585128590574828,-0.8352829312605818,0.7869261855643823,-0.505355746151903,-0.5806975274123481,very_high,0
-0.26641353407517704,-1.1619002215998122,-0.09235820683787886,-0.8626709442538306,-0.8359729436834187,-0.886835469363095,1.0411560400300823,0.10855715192493393,low,0
-0.5815939342816051,0.2502976726648389,-0.8501996336058633,0.1311954893433961,0.8556413783882106,-0.4066012322434449,-1.4030133395614652,-2.50731501116164,very_high,0
-1.5510194123480547,0.06598330191824608,0.09226560014317738,2.568587519090185,-0.8599180661115711,-1.2438447712985012,0.6394028303859915,0.8057915963088538,low,0
0.45301875631217164,-0.4644118192311805,-1.2036002148954528,-0.9623689948240629,0.9126406596059781,2.0548929211131277,1.346663270971097,1.1910570951969557,high,0
-0.44997038186464916,-1.0140691928852794,-1.0334955314604064,-0.7238726548272637,-0.44371820552892227,-0.055886052896756015,0.4407416036627621,-1.2575119586549002,low,0
-1.0757359586452324,-1.2665962697308424,-1.4601335298517806,-0.01751373715160032,-1.4277501429825845,0.2351866222914129,0.08305392239553691,-0.6527086654686133,very_high,0
-0.5545724056404471,-0.04848390047065598,-1.0667792375574,-0.8472169576313617,-1.0446003659283085,-0.6898347401772399,0.7805264849125059,0.9288157801261377,low,0
1.0713045389296156,-0.4655867795886001,1.3573375839998063,0.884056350940301,0.2320426047432404,-0.7788072407790315,-0.1973395335773042,0.14383739415156346,high,1
0.6029369437552222,-0.6856069923582623,-0.733118331282596,-0.5345294360632951,0.31755901349310944,0.2731623405402428,-1.0784983371070054,0.3882766393074978,high,1
-0.13002606149848983,1.5470894861316096,0.4662251226514788,0.6540096401493369,0.6889345300871325,-0.7195201794708872,0.9155856165836077,-1.3172348617768252,medium,1
0.6191050184648526,-0.08232567819273391,-0.8363014199559217,-1.3291891318000693,-0.2755190822941641,-1.262409062503299,-0.29071101150480405,0.2214809143448012,low,1
-1.160911956386739,1.2700429339269252,0.7595337457632192,-1.8068315021542254,-0.3946883837708456,-1.7484009322633238,2.0415387843169444,0.2124912169339837,high,1
0.03237010072703053,-0.5332521826826966,-1.0260820009313156,-0.22898497895304948,0.23207341165914078,0.6045206306008323,0.9781548498345284,-1.5635539288146632,very_high,1
0.14732233048647056,0.24477628379865687,0.03922792776175646,-1.568507838037595,1.2458252940172545,-0.06634661085754201,-0.11872869068319965,-3.102760796624073,low,1
-0.4698365084987269,-0.055476016256334894,0.05285130986894881,1.5182689127654503,0.5188492762631571,1.2006174663098916,0.7288369221167973,-0.07571506577828939,very_high,0
0.43545833595741784,-1.6976223095181227,2.3278053364265916,-1.529803490494998,1.0051755563671387,-0.3938264187449053,2.1821106519534137,-1.0961672347066005,low,1
-0.7804334546444512,1.4283383062639128,0.6304252879801651,-1.0376866876706978,-0.42110538712392287,-0.7586401780205851,-0.3649316144868989,0.7980906964011155,medium,1
0.5098207077761179,-0.13515360703241588,-0.5929040143292734,0.4136198854746102,-0.008296767619785253,0.058814816208904316,-2.3123254929747867,-1.5152605079180672,medium,0
0.5518587715312919,0.7464182196329605,0.6850489636505139,-0.5863639500620061,-0.8429288013477375,-0.23178748714611774,1.4041283796080901,-0.07444949739319742,low,0
-2.917159880697066,-0.7520287224615594,2.138174470485208,-1.518387969867604,-0.7930997872646736,1.7105759089922536,1.5324939714590151,0.5958774356488822,low,1
1.1903057035101177,-0.16484438157976464,-1.629636090484295,2.0399641600719596,0.30680493510414963,0.38369709915070194,0.02554020839024015,-0.5700110556093595,medium,0
-3.047632565352754,-0.8668523599233547,-0.8424820425687267,-1.001633803159574,-0.6397149071870721,-1.1450739583590241,1.3659878354682442,0.8823137950296952,medium,0
-0.6160490255561253,1.2359984827633934,-0.23689755911329374,-0.1962578074965492,0.3521783083677695,0.389700890390535,2.342883558076062,0.8725686809157047,very_high,1
1.025348034257755,0.3114093474506757,-0.41708822714195104,-0.20919252010603026,0.03798101306933453,-0.4344239584101757,1.382710252661615,0.6522721175661845,low,1
-0.31728672525244067,0.36705352668088814,-0.3327566983298747,0.7103091519665778,0.4538665543398381,0.8373860884208123,-2.0958309562928616,-0.9223867925846672,high,0
-1.466185982469542,1.358184147104979,-1.304232265593243,0.4623524606710589,-1.924461303828756,-1.7661311658852938,-0.27046174039426135,0.49154425909494237,high,1
-1.0937370617166706,1.156341296899023,1.4039560535500122,-0.8268010377310057,1.582399552691461,0.08226388788949895,-0.37265285346052174,-1.3073595861552483,medium,1
1.0269057463206197,0.7653425361362853,-1.4226085984766192,-0.3258272174433068,0.7075293079967273,0.7527222034871184,0.2646190067284926,0.5471149352947167,very_high,0
-1.9215045305486382,-1.4217273470374627,-0.20021280962249907,-0.22692243354181574,0.07527184311995858,1.3673188377502348,-0.726646839299346,-0.07329104454049068,medium,0
1.1289911009620173,-0.6956791195166836,1.0458305917606978,0.748959498198562,0.792705131739008,-1.0144844465914487,-0.32176547550349094,-1.8596764908226535,high,1
-0.05510209904228934,-1.0038881360113527,-0.03018485714585262,-1.1683219148586013,1.246790275725483,0.9107079513000965,0.8126276134697776,0.8394003959799484,high,1
-1.1923953304424335,0.7275336936257992,-0.979394166902769,2.018110556755782,0.6143956225060794,0.6789134576286263,-0.6556821299075588,-0.20019344351984655,high,0
-0.5831150723026911,0.1706519417500514,-1.3486756563739577,-0.7591833874594441,-0.3357051386995137,-1.5663096360348399,-1.2350089868939376,0.2299761150234739,very_high,1
-1.0172243411016413,-1.3905124336305947,-0.22999919602778213,-0.008749396756593255,0.009341909159706499,2.764821861854195,-0.9197624301552701,0.44494214206569804,very_high,0
0.8662252008585286,-0.18874421301122754,-0.7570295658504664,-1.1599894396932418,1.0656771211655787,0.6550668617746184,1.0702539738421097,0.05539434765770002,very_high,0
0.7324278097628383,-1.4941123357187784,0.20523109170297799,-1.2981590116406168,1.2831591063542616,-0.8522276007105466,0.3215679376343867,-1.5472966295268524,very_high,1
-1.7191611338760466,-0.05315648806975988,-1.4014511477241796,-0.874428409077624,0.2242314410317344,1.3487728440670128,-0.1093575047678297,-1.856267498765311,very_high,0
-0.4035921185193341,-1.6553725039871847,0.8130357368876219,-0.9705232176642551,0.13108854718723997,-1.0002086234017997,1.1457622883908887,2.0358572812442954,medium,1
-0.8631856623442771,0.5288274933846129,0.11554952316446464,-0.4142570241548305,-0.09924241072697185,0.23804623471157915,-1.1109706315521002,-0.6906674495813695,very_high,0
1.2935099684593703,0.37796262603407355,0.189836394352477,-0.9789650287637407,-0.13220643789951475,-0.8375569780252101,-0.45204189636327474,1.0728236873301344,low,1
-1.350099118126421,1.9079484933468815,1.441076778240017,0.6955524212942098,0.2546498973538494,2.4622187450424615,2.0310626272890295,0.5732027808186728,very_high,1
1.604229104685014,0.8478732894973424,-0.43779549837186593,-0.782983895318375,1.306826284796275,-0.12585200348909859,0.9247938033643068,1.788583018787357,low,0
-0.033294739516937566,-0.42291425582250275,-0.725816694733224,-0.8938154934519152,0.5766508774815967,0.3614754480885518,0.10316448497421116,0.014633305665380455,high,0
-1.1619344063800876,0.818070093274486,-0.5477636283468732,-0.3929688641172687,0.31557219784948487,1.1186152928631783,0.47651466322717995,-0.1778765946763719,low,1
-0.6772741840092779,-1.3976638809451785,-0.19252656952325795,0.9928388786962945,-0.4724425178270377,0.2611661028790306,-0.7060707378823271,0.945877088714622,high,0
-0.8016188407684506,-0.9624726036810854,-0.09096489479132862,0.2148761736103992,1.1435274200570102,-0.6388192209670263,-0.831067664648249,1.1360572262676651,high,0
-1.274618402015506,0.33314253207511,-0.8306977366017732,-0.09968952988746987,-0.20251712890189022,0.6986604956523964,0.6614492386457271,-1.2557637367332921,very_high,0
0.09482685973037566,-2.1582496627479273,-2.023085253033059,-1.433044769968679,-0.4104069434153738,1.700018047741905,-1.3335486135636627,0.3173988824803113,medium,0
-1.2279155506918433,-0.037160784933883036,-0.5609290008790382,-1.1427084598637094,-1.9752346764341837,0.6582079780516632,-1.923937026745006,-0.29166686096702593,very_high,0
-2.1803662087381888,-1.0202632921184207,0.35982566628688983,-1.2784099400396236,-0.5300359772950388,-0.9037341515155196,0.8003564705620101,-0.2495180505293995,medium,1
-0.3796764708481731,0.10130705515326355,0.13625830625349225,1.3068512236723466,1.274992477169323,-1.1672787351545773,-0.459607255470422,0.866447011069771,low,0
-1.8028561964178826,-1.0777363580472634,1.199554469825827,0.5305631231316476,1.7753471597361934,-0.2168474850667725,0.8745273814123651,0.872435178022542,medium,1
-0.7521608680675204,0.42424813745518875,1.9554865439637885,-0.8616205089241941,-0.479012111846559,-0.04296456195419612,0.712684247490375,-0.9864248439608577,low,1
-0.9091028886033559,0.01932742366738962,0.7593337714584683,-0.5643716438256554,1.484202721753623,-0.7348550704328964,0.35408388202840285,-0.2022042088991031,medium,0
-0.8712160720258142,1.4003659168813305,1.382520642408226,-0.8252901762373339,1.4303897213876449,-0.08516918775752377,-0.3568261282178774,-0.2697156362748927,medium,1
2.0009631015901537,0.006734534101622121,0.76677429226312,-0.8858612163807086,-0.6700906926250441,-0.49944686291588003,1.6632101128886154,0.7114888270604257,medium,1
0.05641156716957076,-0.7686428049614663,1.7098992559273836,0.46030103121618055,0.9816556346188225,-1.5871938013873703,1.37567835171567,1.2951557698269225,very_high,0
0.24537100899533215,-0.2468858558272829,1.8508536342912676,-0.2875362207843132,1.0115514390786569,0.4372345438651721,1.2911403848681489,-0.6258094313735969,medium,1
-1.7763982963422946,-1.3442363970167315,0.9511651707789268,2.0811677442974634,-0.06424481845343902,1.3688815309003928,-0.8558783527822338,-0.9620616975696591,high,0
-0.6539631336369219,0.40613725470544,0.7063801464245854,1.2503598245169982,0.7175304970758656,-0.7030805759400762,0.6704179527719332,1.368399342050404,very_high,1
0.21530262994151197,0.5898502463152723,-0.20523217193736742,1.3094803404667223,0.3532927685282417,-0.09059774888897759,1.7356236356474142,0.015403994491450964,very_high,0
-1.0245289129130064,2.469196036692818,-0.041337280963909824,0.6713569749481262,1.9582814791855765,0.835268079629934,-0.9970912329070127,-1.2390227813082875,medium,1
0.9080628435179854,-0.6218359906044048,-0.3378373313502621,-0.4226590705071891,0.7094991234582252,0.4447858668440133,2.2070820654636734,0.43505628776140703,medium,1
-1.2026965859010301,-0.2677945736751827,0.6212516108950558,0.5977908845295841,-1.1333421031098903,1.1804373778973447,-0.006061229208251097,-1.5061397682327318,high,0
-0.2863661358651756,-0.5757585244382156,-0.7203480373593485,-0.34883269452865795,-0.9957381111270069,-0.4256375103498155,0.006191976442666506,-0.9051780483349907,medium,1
-0.5860516399755586,0.21211370113122407,-0.19110620977990994,1.6302760507283627,-0.744119834113319,-0.7172891963202355,-1.0080205171315602,-0.4827645646031226,low,0
0.16432065938191598,0.38169053447961365,-2.3551698851783,0.40427938304992056,0.5865841159758453,0.20080005353029065,1.1947152249907882,1.8867033904376027,high,0
-0.640490071855426,-0.05337484442851077,1.7230898947725095,0.26236035860301515,0.4495870246333079,0.7403372722948937,0.4665888170021589,0.0501993454265921,medium,0
-0.27089362707093734,1.0863259168730321,-0.2204745825863184,0.12707266242950907,-1.0216699640620317,0.8389195543048392,-0.03129480985833017,1.4495189742906422,very_high,0
-0.23613009177798555,-0.6169795037547775,0.4555804373365769,1.7402664273608581,-0.6259516222759774,1.2466910468987549,-2.5607419565035765,1.9302257449578126,low,0
-0.734387757391301,0.9861740478907121,1.4577866947114024,-1.4337503338367856,0.4951121791708695,0.427416166147528,1.12371686184175,-0.32869680730441203,low,1
0.48509386849711267,0.5384978536410825,0.3002934374411798,1.8382878276687262,-0.3272879113805561,-0.21916230249965762,-2.0491920166173037,0.04537160896073783,low,0
0.23838837483742528,-0.012029919898946523,1.4443437020934313,-0.18615380745413765,0.6490851030934534,-0.246079735826514,1.9610948855197334,-0.256178656840482,high,1
-0.0886139452531673,-0.31493664075714545,-1.241737812151367,-1.4061489758156511,-0.2130715064595033,-1.6232681884604083,-0.20471300513749557,0.753413441171479,high,0
-0.4304583334619581,2.4266677587313694,2.397376589597702,-0.752209731643056,-0.2932677378278677,-1.4567561169159648,0.6444585877332862,0.4194865854634887,very_high,1
0.796544030519997,-0.8170086507420794,1.0871101984887657,-1.6508072627235828,-0.27411219523462255,-1.6843747928095578,0.5337601830766953,-0.009142765073484103,very_high,1
-0.23583424381418136,0.29793317696841465,0.20920249248664097,0.65365674558564,0.02873303244641783,-0.045466889189501626,0.4172544718659806,-0.5969310688011311,medium,1
-0.3066972878259372,-0.7502190702421325,1.4250793326254454,-1.0382929503465195,-0.09789526633794199,-0.9204063082699723,-0.22909546546596546,1.9395613574486996,very_high,1
0.10469002988812601,1.7856207486213058,-1.168634885989372,0.16866766620470017,0.30803794139964996,1.5516772609549183,-0.8248960980066457,2.4904398698799954,medium,0
1.6965866829708507,0.8868263287992036,-0.2886148787694938,1.1342170301658476,2.0038058955091795,1.999403047779649,-1.7532298067972054,1.4670921431418145,medium,0
-1.340356208021204,-0.6783498788411441,1.4442503964023794,-0.6720169285661368,-0.5679684573180702,0.5246381201649862,-1.0079153247547583,0.5019970879162784,low,1
0.7698568930553547,0.5125949934312284,-1.8670601808949647,-0.2681036930243923,0.17707927926181868,1.335362579090148,0.3865179354324531,-0.35979158728114685,high,0
-1.893171161238105,0.2576957212765554,0.5604577749588049,-1.3033666099160157,-1.4064802420048998,-0.8388607841960342,-0.4302700605070151,0.7868502461181258,high,1
0.21727315822862395,-0.5166247619747387,0.5321761598451539,-0.3883571089511976,0.5351664545013418,-0.02738254891043338,-0.7880996460025648,1.4881169365693359,low,1
1.5750828276087308,0.7581642172281733,1.9692258168221626,2.574023625273372,0.41903894970582023,-0.11210465315375005,0.5629931670346557,-0.6054869852169364,very_high,0
0.48866852446730713,0.38930539110441015,-1.5829554197222364,0.7779331641104418,1.3782779158359368,0.991323082496371,0.15762532597364812,-0.43512524610368397,very_high,0
0.1706250785397928,0.21569871388595227,1.6096310570316332,-0.2647304188936049,-0.9916245447619685,0.881229551720133,0.33278488807662393,-0.06253744217872143,high,1
-0.5604494688030756,-0.04191971124232876,-0.5594707431489028,-0.6116880361817151,-0.5102153033613023,0.42705554324524786,0.3168244859600677,2.6776532229251733,very_high,0
0.03104720048855424,0.43105449259965123,-0.4470094599118548,-0.04263339565643339,0.5158827721264073,0.575558933309626,1.8395376554957452,-0.9704265647402719,medium,0
-0.2520628154033563,0.22938766149245945,-1.2220043869597932,0.1300507521936395,-1.9071388276787276,0.5587738421619017,0.8481737505443001,-0.995600052234834,very_high,0
-0.7859766079313554,0.05909333302501734,-1.0878520374669252,-0.4190697071457578,-0.7188799926247862,-0.34246810901656316,0.11956591562003217,1.594196362759815,low,0
-0.28987561547486984,-0.6410159159875635,0.4035223474539224,0.5300591957711293,0.2912471253656829,0.7748377547924228,0.5684701636794856,0.6054010330667036,very_high,0
0.19838116062643954,1.6937662407624925,-1.1123319147813555,-0.953447490060409,-0.5547227246051216,1.6877797868303248,-0.11114939817242687,-0.24384820298240492,very_high,0
-0.7672170685306403,-1.050419943348547,0.7402843336529155,-0.9583876749842681,-0.6305668668769702,0.320278190699021,-0.722834623995237,2.519235815445017,very_high,1
-0.8062818206846841,0.427636218879745,-0.6629660469697535,0.3701954570502046,-0.11024098143654597,0.5198571735005325,0.005199805047380755,-0.34859948840839855,high,0
-1.3602434375921744,-0.3202407423014329,-1.2130338058486476,-1.1686417535643978,-0.04060143522245945,-1.5206674074319642,0.2630233215655902,-0.04229287251264407,high,1
0.3907250260888961,1.7595472694492997,-0.5278091463598945,0.7290172528625397,-0.07751777776448186,-0.3603393634785457,0.8749100602756985,0.5331344037084068,very_high,0
0.5453232619670604,-0.9034825372238406,0.3367071917563058,-0.014280612396933458,0.4947297644723308,-0.1976065518151338,0.6167685261844357,-1.9806131592389713,very_high,1
0.23166044423651747,-0.7352632617603321,-0.2773532619310194,-1.8279092187172135,0.2743801437775672,2.1844558941257537,-0.8693450596806322,-1.1176453826140642,high,1
0.9651704927286658,-0.9698180632618253,0.03421011833279838,0.10949912556094678,0.3625347427666591,0.3382447744369442,0.18582620325048063,-0.628117160926389,low,1
0.08786763708072752,0.3234650509506103,0.696207461836084,-1.6851466245889946,0.28315055665068595,-1.282592000298381,-1.377006297738727,-0.3806317984682371,high,1
0.3920109373657567,-1.3730506595686418,1.0824214516169486,0.6933620096556613,1.9877592372562929,0.9792593032537936,1.4332175871290809,0.6536616875430717,high,1
0.30383742563756283,-0.47852849475776627,-0.31009530858943096,-0.24871432925059608,2.5057903148560925,-1.3228556138923926,-0.41323031639424485,-0.33517976958241175,very_high,1
-0.09154001941820787,-2.152365822854285,-1.0442220155761586,1.8510842165068195,-0.9787767576860877,0.7634296075766009,0.5796498317694024,0.8133474349467968,very_high,0
-0.5308218281296473,0.24042135412809051,0.07609447892251621,1.071312844372607,1.538319636632596,-0.04920946293737541,0.5301579094915613,-0.7365492855629082,low,0
2.214152615791911,-0.5002148587562626,0.47064958610407176,-1.0606925062318246,1.764828784603602,-0.8121187873570754,0.6413120769528883,0.5310427995074826,very_high,1
-0.4519509798535085,-1.488056743931853,-1.4607253059719505,-2.0207398638414173,-1.6582006485990783,0.8912069925461823,-0.05803200641519668,-0.5999091184624037,medium,1
-0.6658777111204364,1.0856094029740586,-0.890608297007585,-0.7551012567913739,1.036770787041004,0.7312405173250732,-0.12792345800550073,-1.1391074640692798,low,1
0.43400982345010697,-1.3076668983849393,-0.7191868959629409,-1.2212586028303711,0.7530301599246617,-1.2777424256543939,-0.11815448824430838,2.681072127379903,high,1
0.25185441529500513,0.7969436900282153,-0.20782218872037653,1.825738086877094,0.7422492039950045,-1.0610352718663285,-1.2273016561724444,0.7958220370380511,medium,0
-1.4047915476103274,-0.7010408239878044,-0.7610339036267858,-0.01031465928015141,1.1736214815636739,0.14313323762451868,3.5563627855501307,-0.4723198153133484,high,1
1.1226782545637386,1.601571377895426,0.7070407250968996,0.9334188041831667,-0.7941456625874695,1.1320800106524298,0.5405123938742858,-0.8611898534143274,medium,0
-0.09419457535083331,0.7495505389261462,-1.6051332014584174,-0.2850309125505859,1.4718347735005264,1.351709105372455,-1.314395639265646,-0.3659696437322058,very_high,0
-1.1109310952157205,-1.0080478708740281,-1.5797186971944246,-0.1796674882806456,-0.06717780069472265,0.2834225145492587,1.126931916660077,-1.232161706298422,low,0
1.188784114353874,-0.9170825522103063,-0.3338888115114624,-0.03262702250890829,-0.22369908321664078,1.3046236198552499,1.1197653482522973,0.8197663671870976,medium,0
0.625675571596154,0.60552520522431,-0.17565280413985668,1.1065393185924464,1.2295697376796937,-0.05264523083831041,0.6779680123724077,1.0120389753946053,very_high,0
-1.2645419919479142,-0.2623781307101668,-1.4546438728581037,0.31162475567459863,0.043675415418173304,-0.2626102209464174,1.395075362788366,1.4718525786825125,medium,0
1.7771828402577243,-0.16934250702136555,-0.6067488426475648,-1.057333843476665,-1.005033731864265,1.3190344661661122,-1.5417273735953745,-1.5928014285416519,medium,0
0.6587973683661927,1.2722388617720979,-0.4010438174190893,1.6225141380864172,0.10243971572915438,-1.0599521662771993,0.22186433837717967,0.2664700886364802,medium,0
-0.010196115625046132,-0.7486888733699565,-0.3932979470221456,-0.29281549898631315,2.033464179167857,0.42976121000730444,1.1284890365217846,-1.4562129886693227,low,1
1.5902188056217794,0.09129377217545448,0.15188148328929144,-0.4555201238766485,0.46006261064892634,1.854857689420273,-1.0099357789723815,0.14337664650128207,low,1
0.15929778382964058,0.954627793652306,-0.6615788844235619,-2.829505302249035,-0.7186225992146529,0.19311131880820975,-0.49261121336276187,-1.3055239031696757,low,0
-0.02808307510403198,0.8091174883856003,1.4778363000082735,0.634399591161337,-1.8860080994642394,0.4765838032145902,0.5975810254311384,0.5925534365473859,low,1
-0.660300116021989,-0.1596126675206725,0.48820463973357225,0.1010126396618833,1.005951290574182,0.7067786675108583,0.007294406644997998,-0.15682874325924895,medium,0
0.5818504393070786,-0.2889058808526582,-0.8071135206413219,0.09992565660190209,0.19216183392872419,1.617247805317998,1.1378566156165137,-0.2562104236290778,high,1
0.4766029673239799,-1.7388154625209316,0.09451149336757297,-0.40282467111081804,-1.101430049521758,0.730067177405201,-0.8308571426653624,0.6902555612776734,very_high,1
0.014680139889711287,-1.0562449926651958,0.12401531860560501,-0.5752178401327828,-0.5700124323271293,2.922803309238031,0.4906354877829783,-0.7496256332619503,low,0
-0.789986353867603,0.3183592265747336,1.214721474497781,-0.36958042683042985,2.364955607848391,0.49298868470309865,-0.5661528561658385,-0.20346061104290386,high,0
0.12992985416607386,-0.1378821889422362,-0.6003824289163511,0.46316087112727944,-0.008720675213032339,0.3458991462741695,1.7736108966542765,-1.1279706645626761,high,1
-0.06979878576213788,0.07492707856622638,0.7673386977205734,0.6391177730333506,-0.07289760468213104,-0.4990453460587155,1.0721741677899421,-1.4614256346847099,low,1
-1.333474318734201,1.0392536096340605,0.041854475782477606,-0.23103158837459842,0.2245330147621503,-0.13817973987289622,-1.352847250479958,-1.7105524961850338,very_high,0
-1.4718123513241856,-1.1873231090622745,1.4915665164487661,0.948937494316759,0.46301484795967973,0.019645723071779902,2.1952449089594404,1.022062493065567,very_high,1
0.5651533788097695,-0.23618030223264996,1.290891452639408,-0.07897418101747768,-1.1799539281165214,-1.2173925901246845,0.6170752351160163,0.41449921809578877,very_high,1
-2.601888315051689,0.1887109634112177,0.19697930459260035,-0.5042264181236554,-1.6307888753126598,0.7035974159716445,0.9892686334202945,0.9361720668113871,medium,1
0.20541052696125997,-0.704159937574516,-0.26228262101606054,0.19841557490736433,0.5186151715960765,-0.7756570919653527,-0.29294608184713095,-1.0429363392979336,low,0
-0.4780830577538245,1.431477113927417,0.5066059096794557,-1.3593864184938602,-0.24096232837912,-0.49093674763787193,-0.7587914430556403,-1.2995970521782207,very_high,1
1.3082466068799101,0.9085868016131475,-0.18045002712716604,0.23271830907924854,-0.5005629432242592,0.3299655735312294,-1.758971956244352,1.3576491329094167,high,0
-0.49346820915387574,0.2901333270887555,1.680307105978335,-1.5421821055263716,-0.44387454292512724,-0.4351410706639482,0.8694098577660546,-2.9530954287447893,low,1
0.659484214251896,1.7942317793285865,0.07847007817701199,-1.0277269599837642,-0.11908383760119232,-0.1306110812312659,2.5053119636784147,-0.33759347044813187,very_high,0
-0.3969138412377916,-1.4988952796101422,-0.4056426325128372,-2.0186914067166244,1.8116571865359512,0.6706140857884296,-0.6738160712813385,-1.284487585986946,very_high,1
0.11374815348614345,-0.007726281105681772,-0.45961508607392565,-0.17511695267150065,1.6450252236564493,0.5459630955291201,1.2334481539361506,2.5919470477380866,very_high,1
0.7368365309200512,0.36633696893406104,-1.2130355851987074,1.6096337023090939,-1.1006328657939177,0.0510607655044548,1.3702151935211506,-0.24877979094801292,very_high,0
-0.46255571632458015,-0.9145550467939221,0.5565591280933229,-0.11707666108143513,-0.06693689798839145,0.33434742094683506,-0.35074104034384945,0.15953634032107483,high,1
0.996554884498404,0.30071454181772833,-0.8200112026395026,0.6435853794331272,-1.6085419264167173,-0.44159329258107544,-1.23320808685344,-0.4071086073883589,low,1
-0.9936978771064832,-1.106582493787878,1.098148252187747,2.352313897312389,1.0118211762355755,1.0233999370855111,0.5602941543334771,-1.2676492312148346,medium,0
0.2945928425583791,0.6905573182742532,-1.2929350540015732,0.4040558481200959,-1.347192311780125,-0.14729338595109662,0.6474211672292706,0.9921043229151046,high,0
0.9226397227878528,1.0578347681289066,0.12724144897325032,-0.7652120445880223,1.2584715640140411,0.25975638693745856,-0.23356027201029736,0.8736605096994118,very_high,0
0.6600374917903349,0.2723334011283283,1.1502237584974535,-0.6275686027358373,-0.5241716983237139,0.37898225857006895,-0.29431337433662763,-2.0085948022004048,high,1
1.9164448767354103,-1.8527978150649458,-2.1522470646236362,0.0006582082230062616,-1.2945221817905157,0.3282242093337605,-1.5353063021612068,-0.719667077020741,medium,0
-0.7634393173106605,-0.9667935211660346,2.018265543792186,-0.6328946452609244,1.2017247703113458,-0.5335150599859272,-1.074970953608707,0.3643450819935937,medium,1
-1.379149251348588,0.5647100032131608,-0.4252851971981094,-0.5580869998134319,0.790560560649339,-1.0118799491645347,0.2108538821397784,2.4695667967271864,medium,0
-0.9943351084951194,0.021198643512365802,0.1410953821621393,0.9852539092594899,0.18673040970062812,-1.6610402580376213,-0.8529792879921535,0.45972070204276977,medium,0
0.660442566548437,-2.694002617692488,0.5714492255163438,1.0261562807722122,0.6144329606007793,0.42493868579659283,-1.3180294358777604,1.0153062826248176,low,1
0.4979229342693786,1.2428303838682404,0.7261290561155536,-1.646892482048664,-0.764921905807427,0.22948491553421296,1.5670230080065792,-1.0038763521274903,high,0
0.10225665964741577,0.13665650625383235,0.27388393825968216,-0.8181695179002196,0.1560204688303409,0.6573599777724382,1.1840305496790888,-0.40407526400193994,very_high,1
-1.12295704910713,-0.819074664000045,0.9973845837063676,-0.4640043869133926,1.3303217188263794,1.7839591788715732,0.5019232997216204,0.15743691035263355,medium,1
0.7668672933290608,0.9949555975666642,0.5190707129218126,0.599088946165252,-1.4589867321496075,-0.277953532658498,0.11233773622650821,-0.10949230243290681,high,0
-1.2247047776505404,-0.6775400129068989,1.7608811400323037,1.1430755885056563,-1.4541732744065268,-0.1819742702898053,1.9947695091303101,0.9955987595022235,high,1
1.1589495823768998,-0.6884521176042147,0.5223275428545973,2.701967934273884,0.3906823750224901,-0.3654318573986666,-1.7540702517567133,0.45712859041199905,low,0
2.857438423139865,0.3583526510140362,1.9646355198830872,-0.4656732962826614,-0.32555586261277647,-0.003659189502331053,-0.4471904354070139,2.1713830601352306,very_high,1
0.3664511465715505,1.7810384592422948,0.9010788402376559,-0.4157287143420289,1.032811733676764,-0.9253267660723773,1.9214153269654546,0.618969138823701,low,1
0.5831081356577431,1.6235871779728863,-1.8057501257682627,0.5885700156377142,0.03271691129624232,0.9585748535381327,-0.5988788406423085,0.14053255467279163,high,0
-0.4928597688955594,0.35971149890410664,2.6111026783878413,-0.6822167189548592,-1.1008542015399994,-0.2700928477579016,-1.0254625750431887,0.8686680157067189,low,1
-1.8102133210868163,0.46238565885031974,-0.5743441084772188,-0.1409618614905171,0.2918037041313899,-1.3901558183935978,-1.13343688314131,-1.1818812091706816,medium,0
-0.6027193630302223,0.791498932084825,1.4955440152017352,-0.41503810878354574,0.1803816199704611,0.364755295191631,-1.7722351317102942,-0.16863938402966697,low,1
-1.0928952410987494,-1.256983675369349,0.026793443119438404,-2.621653921904179,0.534178492770258,-0.26763633107926194,-0.08083100561848665,-0.7449489385030598,very_high,1
-1.4470045764150157,0.6441483371519825,1.0610902576025796,0.12323323015154566,-1.2835794232332018,-0.39973399038889545,0.10759845327296835,-0.25136046221523034,low,1
1.7223599419956492,-0.7340734681435281,-0.688478910865794,-0.18236095930279028,-1.8116835364114072,-0.6915089508917581,-0.9593848415011973,1.6792245927130354,very_high,1
0.272862518025773,0.3184780667965807,0.6257445430895879,1.2712310502568995,-0.05079167799560296,-1.404756540299123,0.7380441057123723,-0.9810764913178983,medium,1
0.37968758061398367,-0.22746762760733732,-0.25319054539440544,0.005490407536354829,-0.6288495611832894,-0.5005056602039589,-0.35472025149075065,-1.313501949329265,low,1
-0.30902236519624954,0.5012083271142144,1.5790031115898886,-1.2547474783141723,1.019944247863435,-0.03355694037415523,0.12531384148877067,-2.2322481303512967,very_high,1
-0.17287108244343635,0.1181034650064601,0.43866816741700937,-0.25809887297952333,-0.6855198901631185,1.1239685543676947,0.15427480419769662,-0.5620534290453252,low,1
0.9645506822393334,-3.0730302708212998,0.9359426413015662,-2.091082843136628,2.174845957428076,0.803247273047384,0.8630743996890041,1.8188277054526254,high,1
-0.03233711869521544,0.17889171170518062,-2.1640768714730703,-1.2109178351996426,1.352400051381753,-0.4785752577468287,0.7375785328332071,-0.630096707424706,medium,0
0.5306939380247327,0.6421529522992627,-0.08557267978862526,0.6355059681529976,0.09700057545427611,-1.2673989099597236,0.3294242223746807,-0.3119582098742691,low,0
-0.19600429784501586,0.4459283483384537,0.4105516350582958,-0.24734043995366325,-0.45766188575892325,-0.3450547031533927,0.8528364648382424,0.28519795249377733,very_high,1
-0.3421528907320472,-0.10258594620857964,0.2236149064397072,0.9225082394980657,0.5201095956248266,-0.5539610702342861,-0.05835936047652984,-0.34804803691154235,high,0
-1.406914165601862,1.642161691930406,0.9611572137178506,-1.9668922508780478,0.059822147463227435,-0.628559633958922,0.00860047106251455,0.4611806655547585,low,1
-1.977749062367128,0.3113731291216611,-0.3659042451374545,-0.242461397323753,0.31700876164470465,-1.5786830961518248,1.105571343141608,0.5271808107719738,very_high,0
-0.2615619010664018,0.4376733001931063,0.04878710503463059,-0.47551249838778537,-1.1165964397754258,1.1334517288164596,0.9357800635681301,-0.1822320472078898,medium,0
0.05649669199323269,1.0444918940505687,1.1812267644149919,0.955848582613206,-1.0851460564900364,-1.345809697722493,-0.7512343194730294,-1.2557756424029562,very_high,1
-1.286130036708791,0.3625929996965988,-2.278689003445357,0.6727627681666226,-1.5020519232689415,0.14889547810609455,0.4357051268851052,0.3574992319479522,high,0
-0.03447486503463288,-0.8980177534142035,0.5893505016383412,0.642252150088298,0.9464003174496751,-0.44592216243667043,0.0875506456902121,-0.29356151296573024,very_high,1
0.053752562990502024,-2.4383374137796223,-0.3338848259935533,1.5414100380841014,2.0998659234748756,-1.1939337601613753,-2.0311008426043244,0.5691315690190213,very_high,0
-2.156008006059379,-0.47712090201808144,-0.9123181245536214,-0.36808710928656624,1.956977313248455,0.7378903512166558,1.3957809586872068,1.6600607328763102,very_high,0
-0.9151246594795012,0.7609455258811165,0.3365442242759801,1.335080835300719,0.8811605101631488,-1.2822095629435222,-0.008361855838356781,0.3000386190591678,medium,0
0.4072638937354685,-0.35309633141780583,1.2274512968086555,-1.044206150879736,-0.03810595784881155,1.5672280636879041,-0.7568316836883636,0.7990523628666528,high,1
0.3870587293957439,0.8011783722817295,1.039143831484181,-1.0808777497656938,-0.8575323892383291,-1.0766014982535788,-1.7013150734801645,0.48557702994877266,medium,1
-1.1536749163997606,0.148728175920273,-0.13511303090662863,0.7527465714983388,-0.8257774299767748,-1.8761051244360556,0.43271090184889094,-0.1737272936003161,low,0
0.15844805049973495,1.2880660702621847,0.8757409637609486,-1.5047407384088016,-0.9640399246508281,-0.23857516342326593,0.4699964857392591,-0.32998298442134943,low,1
1.0224072253604721,-0.2952167071206611,0.8680678984458442,0.5727656284189578,-0.058124955035487945,1.045547467252617,0.040267591244210886,0.06842354229428835,medium,0
0.7770729589908982,0.46761482656768805,-0.08737127049316686,0.10131319372132609,-0.8896638105646044,-0.9228974163537158,-1.6618540667519153,1.1812258363871515,high,1
-0.09528578701393456,0.5058850645353592,-0.693080551988208,1.0718527286548727,0.08248683925289688,0.29558276677738937,0.3395293962248911,-0.7345462902549224,medium,0
-0.4679763133242924,1.501601872631193,-0.6352340311223299,-0.05944396495488946,-0.4742086773826163,2.5114240168750044,1.020202041456085,0.16788228482539208,very_high,0
-0.6293444843345044,-1.706637306334278,0.837853348868137,0.056048946295527126,1.2396882445084165,-1.3805243075650036,-0.22285328107495792,-0.016324396808585634,high,1
0.4678197829096571,-0.4584082745531576,-0.042146813712690696,0.5092649929249059,-0.22399274529243318,-0.09853111508787596,-0.46134882729133975,1.0489351625851082,low,0
0.19510397314288802,0.8485161053885039,-1.0461822197305883,-0.6626495500597784,-0.42735477156733853,-1.8436759943961023,-1.029639443148255,0.3171774663719027,high,1
0.6294040061022004,1.545896479778648,-1.6848628355091249,-0.7062063074902213,-0.3131916920406554,1.1239851461377777,1.3540428872992891,-0.06922733527997318,high,0
0.13187381312115198,0.24007151264208035,0.8318314520963794,0.47442943984341945,-0.45254444222339946,0.6268877214515259,-1.194060480024647,1.7958348093792744,very_high,1
0.8187639503474419,-0.29270416442148695,-0.5467784222642238,-0.02928780913063744,-1.198926353941103,-0.7890184755006823,0.4212487640448262,-0.3382511036836211,high,0
0.09459253295770016,0.7571183686744447,0.3303877556559817,-0.40731391730428035,-0.35939634701610634,1.5248117581200582,0.008306992701303577,2.4205551310087463,high,0
0.7846887161316864,0.868702675231683,1.2397069070691236,-0.08278409969766753,-1.3494043382481336,2.0864965834732474,1.098678954870516,0.3801476250809798,high,0
0.8708227703666389,-0.3596616786673072,-1.3089244768534851,1.59455950783833,-1.1890467646171878,-1.804376110336264,-0.041749707501356106,1.3787703391491681,high,0
-0.8045266302248135,0.3303073121775462,-0.04513738051284493,-0.4430184067398925,1.7091714974091443,1.3212207831921898,0.020608706785452846,1.1837569213272254,very_high,0
-1.808144046870746,1.1805272624119694,-0.1706941462188697,-0.4720196132820156,-0.08018197108287686,-0.2137755605448221,0.14045048733324203,-2.4119078277253156,high,0
1.5434928560145533,1.8904589932744518,0.3797428756279606,-1.707444224662495,0.7204379830848138,0.14451109141550142,0.3446744203613738,-0.04347637559950335,low,0
0.2566587307122617,0.7426049592352919,1.2391599984204347,-0.042352938157114994,1.6625947609033647,-0.3678288474017184,-0.6177701275301731,1.3579827784518277,very_high,1
-1.7144858954961215,0.044138896665593126,-1.329451814662408,0.656883511240392,0.27306585597577754,0.769369723099595,-1.1549883356904824,-0.08089437401954816,very_high,0
-0.7138194972187111,-0.05407517603790821,0.5697979487057669,0.8361981156808681,-0.6771418191301696,-0.9983333049937513,0.07860395283669008,0.10205701109779418,high,0
0.7718742923698284,0.5573965571936229,1.0315237749937014,0.10821760163053258,-1.3781524372396443,-2.5493767704006305,0.9212319274388695,-1.0829819732047492,medium,0
-0.279676831132893,-0.11567284247945017,-0.18637706395678272,0.9558335730808833,-2.183235481953956,1.0229126820255576,0.35033822407253107,0.31019454405094826,high,0
-0.5120614193191271,0.18964049902238825,-0.13744699289312357,0.7312304018802419,-2.0601621540314854,-0.9851659884079055,-0.45172711044619557,-0.7487427711363346,medium,0
1.4008818603129667,-1.0578762645308748,0.4184493689849223,1.1129502296922626,0.24619970267879507,1.006438316255191,-1.4802040270407004,-0.008835386798477098,very_high,1
-1.0472871463838105,1.297057196491159,0.3448170778897882,0.9843026554775617,-0.9240831699718196,-0.19283277376787883,0.4665521154873495,0.011208859479515595,high,0
-0.7981533577548339,-1.1401847271486785,0.5823526073671226,1.5699781961072512,0.09469814704959638,-0.3118625396642448,-1.1727097548638747,0.2471685564136635,high,0
0.21138647504826755,-0.4321117604530126,0.5612805264012167,-0.16969316656624964,-0.9928320278055999,0.5820558248452637,1.26792350634002,-0.6600930679640102,low,1
0.39045493205388226,0.09759326085181382,-0.9819723056156512,-1.3270580423615084,-0.7641485569213184,-1.6786615521872594,2.0044816868750948,-0.44888538051576915,low,1
0.4963430343407315,1.9909868798886388,0.9902664977049435,0.6637187436854202,-1.1267750469893425,-0.3879674663939809,-0.6952093666633166,1.438073186760554,low,1
0.9112380445689469,-0.42268298485232736,1.1667831621902383,0.7805531893227763,-1.5385342312883374,0.5517840822874117,-0.10720649630930866,-0.22294483627911554,high,1
0.19857862068151685,-0.6660158139603963,0.1860828936902982,1.5699953933811395,0.13671163729453326,-0.046817586860285504,-1.4056461019236404,-1.6680951496718293,low,0
0.48938393893840915,-0.5508169173337938,-1.4941553065496669,1.281290356169706,-1.0843649408989298,0.269205798523187,-1.7987149107097629,-0.4471600929352337,medium,0
-0.2592092593150832,1.6588971676113125,-0.11474570600009057,1.9454724558645653,-0.0396552795316196,0.3989642627095406,-0.3265401934909577,-0.6674920039604384,very_high,0
0.06269830323671424,-2.8123469935060212,0.19440587694056835,0.619853980326533,-0.32003268854583433,1.4191303675543003,-0.3251272494443485,-0.016269663269797518,medium,1
0.10753418005363442,-1.002738012148587,-1.1446002377868172,0.22881059193862816,0.23121860863232505,-0.419848194895952,0.09613497374574913,1.5308140265956272,very_high,1
0.21509813581903608,2.7312887091595517,-0.36013806357701345,-1.3849831213257466,1.0557383436195333,-1.3419305718275,-1.1801199417011128,0.21775092275698957,very_high,1
0.7725398075827608,0.5908820734916369,-1.4093693875585418,0.30809653451408037,-0.5191355524414507,-0.6975848637562034,1.3938430026729642,0.6858766667536402,very_high,0
0.555145681944831,-1.10598494933922,0.607292224986444,-0.5525033568713179,-0.441450058433225,-0.520020587315844,0.9488906046631579,-0.26272586025589867,medium,0
0.0442170029001831,-0.04191798217477153,0.1659553149020513,0.21151001343247092,-0.913196436385215,-0.5112951396395816,0.8750835514586764,-1.5096648567279527,high,0
-0.8091259849410398,0.06745456606786167,-1.6457831648142445,0.05451318630965609,-0.7082187587461486,-0.2103003947869439,-0.146245580617356,-0.2207448716373115,medium,0
0.06767125806270954,0.8461252459056059,0.3514648615819806,0.47173358885013494,-0.44435593384119726,-0.571425173941403,1.3197735469654726,0.025049316069927614,medium,1
-0.028017784895743934,1.8395020028225635,-0.05650894739029124,-0.09733070953851063,-0.6446527223520863,-0.40794382113068245,-0.6411712083613678,0.7653441719145009,low,0
0.19318157981319836,0.38855168127921547,0.5164142827544048,0.9350201907325847,-2.246245871648214,0.058308037464886345,-0.27939082757020917,-0.5857882168073019,very_high,0
2.206525307140402,-0.5397883030129608,-0.3915324337554278,-2.723154312875058,-2.733519603048116,1.5762440649698903,1.0546777604474915,-0.628053263194818,medium,1
-0.5237727785412354,0.7870844420982043,-0.8014794007430242,0.18999357515784446,0.5043869514626891,0.5312159898409977,-0.6338818575715607,-1.6167767538642601,very_high,0
0.42228901912535954,-0.6982526968628611,-0.7708446264578068,1.202489779152562,0.9561240499355512,0.15685302829435002,0.17577524924004453,0.6213170284965213,very_high,0
1.0684620672442982,-1.0333374959890294,-0.5381702165484047,1.8700485084562146,-2.086366677487968,-0.3508719793653269,-0.45482995620432537,-0.16143465850198208,very_high,0
0.09800191409938289,-1.759908871956445,0.018825096581047043,0.7319613383850628,-1.7900801974573115,-1.349142385563377,-0.6817450365356267,0.15434512646656093,very_high,1
2.337845119172165,-1.5651283945004009,0.14795846542479205,1.6848830225825389,1.631323419561157,-0.28635419988434907,0.8304809096249848,0.7101624782657501,high,0
-0.3780392917314767,-0.8964451561242719,-0.19071987780810284,0.16893599575874238,-0.024280939838200406,-0.3995319384405037,-1.0653993306026128,-1.1315928661217227,high,0
0.32408922232004705,-1.177789767700871,-0.42331954899651913,0.002862575927063058,-0.05442251028191393,-0.4155073778401859,0.6648086262968088,-0.2004891670887745,low,0
-0.798805744892982,0.31323652737471736,-0.3514032680054818,0.5294156432277516,-0.26649806903018347,0.8206298472079934,-1.0235132521759185,0.20927681753754343,medium,1
-0.35152473514329313,-1.1994018258240353,2.507724785506933,-0.0031942828910650643,-0.7608098913694541,-0.2933521870394913,-1.5716830087786549,0.10964019415733277,low,1
0.2489339103966579,-3.143666302024744,-0.7707251514982087,-0.7823574680173606,1.0724372172227898,-0.09197242303418851,-0.5718136565692742,1.1605593280564532,low,0
0.8463040623077297,-1.0439117745894657,-0.5579720085461926,-0.5152402441318994,-0.7476829058353383,-1.8292466620316457,1.309506304332777,1.872865696593197,low,1
0.3190948340235742,-0.47185964772141936,3.2938541083681483,-1.1121529060761572,-0.8157724406166661,0.06981358150805178,-0.5156941370086527,-0.03131500614289812,medium,1
1.259114849334736,-0.6054494878719654,0.4210133024605525,0.5283770948652446,0.4075518601783045,-0.9609654939539469,0.19265965024424375,-1.1161274229091975,medium,1
-0.09496531059267174,1.5195246793091843,-1.3799806659036957,0.011391812500477263,-1.7367513275100213,-0.40454819145156884,-0.5727375829079747,0.9435793567386618,medium,0
-0.33216852983900536,-0.6135425592891501,0.8426872039772633,-0.3602861167580975,0.12250323310381701,-0.02245202849718196,-2.129108844405882,-1.996946260171668,medium,1
2.7039851072793866,0.8809234631991979,-0.9100388892011476,-0.5666837568372902,0.2785599881738056,-0.23486519272011225,-0.8640589749334503,-0.24031311936570296,medium,0
0.39423764944203077,-0.01898259968086171,0.9090615078050971,0.5050563461996265,0.7790032488823733,0.7230199818658054,-0.553414527643637,-0.049924253849210225,high,1
-0.7194815459785476,-0.042304725672598735,-0.21096227937068143,0.7804481806100702,0.42464439544068067,1.6525980907904427,-0.028147631341616082,1.1687448042065185,low,0
-0.6942637622480688,-0.835380288848037,-0.43979584948940736,-1.1305139965051827,-0.6376738245507104,-2.135824417011362,0.15130654000973548,0.647523954858833,low,0
-0.9426799145313405,-0.058782651580767155,1.6091649688275829,-1.2876846697756177,0.18828636759084047,0.6042103472318449,0.5472375963384396,-1.1958611200346472,very_high,1
0.9365693558567879,-0.7650961268974169,0.5664013526592448,0.954509955621015,0.009304497385398744,0.5910376189165157,-0.125857890847028,0.38103736705546165,very_high,0
-0.36437729289324183,0.1700243142545705,0.9729894374492074,-1.3751332384885957,-0.20402205410241547,0.28410480889670897,1.2497686952567908,-0.13323016480975813,low,1
0.12736247565648562,-0.2362496326236882,0.43491967951994637,0.5474868338224844,0.6760431241559943,1.434877610609374,1.2887835128175609,0.7149877663288735,low,1
-0.06350867443826871,-0.9446279331916002,-0.4444445237930985,1.6169091987540132,-0.6358327269963114,-0.5846004876588028,0.044868391828119164,1.6882648344406712,low,0
0.7314924079409346,0.9918943397005953,0.6113544202582081,1.6192348033931345,2.2422020885964304,-0.3823279632742421,-0.766901313473445,0.8452047123117883,very_high,1
-0.8467440928840201,0.42684048002142533,1.2092153926844607,0.7378725906320917,0.6499469110237343,-0.7694554668060049,0.5020281277390727,-1.0335577439006578,low,1
-1.0755722861430155,-0.44806273414224823,0.1347380435175534,0.7088095153221207,-0.09487016410425736,-0.819963599901102,1.0527482478786325,-0.5781675319095977,medium,0
0.22429730718159427,0.14549304703531002,1.8016426043465061,2.251907450196455,-0.8801982816740165,1.0376098114216656,-0.6661269743496928,1.1420111027447535,very_high,0
0.600959284699897,-0.08382252150196365,0.8504872032019086,-2.3343956628937708,-0.4459409509452489,0.029667808261014925,-0.4737089765679515,0.5457219952569772,medium,1
0.33253231309764075,-0.8675909372632739,0.2119825497716119,-0.4643356760806351,-0.4174806637727649,0.046179163240046645,-1.5822157635258771,-0.07584824480507829,high,1
-0.8094537290973276,0.07049622902116384,0.25148653101781787,0.8484918490766015,0.1380543802611692,0.9516565657248657,-0.3772980878607757,-0.45929071232625396,low,0
0.6774848420913938,-0.6210117548073745,0.13723712896762474,-0.33728700784195703,-0.4057449035487259,1.9658926249643698,0.27554336518645245,-0.5855362157982205,low,1
-0.7438609270956342,-0.9449338356200992,-1.2512387855949916,1.2397783086070346,-1.5985307257659223,-0.8303935694073183,0.759193508538641,-0.42703177324196284,low,0
-0.5215386447863833,-1.6227673302665249,-0.09007219580860511,-0.039354060310192646,-0.8481837840342408,0.6494807999399321,-0.08126307538162784,-0.6272044142101095,medium,1
-0.9439535247220022,-0.3586073535386307,0.22118648534116717,0.13174386033759755,2.2058831255474276,1.219623074205644,1.4686253296698477,-1.7521039456297145,medium,0
1.3011583486520308,0.5669706595837234,-0.41608512126652875,-0.27467466424593767,-0.6447890991508832,0.543840195833846,1.0598068784522,0.3264262129200396,low,0
0.6334215410273492,-0.6946593533788596,0.33767701870469485,-0.5225109588080608,-0.6610133379972355,0.6205708661328546,0.7200731732094269,0.14095237243740402,high,1
0.6049933756788733,2.5207086921579696,0.021307490355111102,-0.5471099631476519,0.05012253576855028,0.26909655774723035,0.7159609751718123,0.6301657072365295,high,0
1.2472114211424503,0.8856856536527323,0.7736918910987685,0.2711662968367763,-0.04904941732733615,-0.08729830906975687,-0.780330644199764,-0.7930281493317485,high,0
2.8126492482387233,1.3043301326604781,0.6631123810657311,-0.7745649658228669,-0.7128688863945637,0.8139338679130238,-0.05134271103562696,0.8195952584351628,high,0
-1.7092261039101555,0.7952430120737586,0.16715328758484124,0.9532048834912875,0.8429299247720777,-0.47636575650187174,0.4088994504790421,0.7378879895483643,low,0
-0.7383765808771081,1.8528649749385728,-1.3672128913019983,0.6532259246028234,1.7016934475488603,2.265953046114074,0.9472882944978129,0.8058807621299916,high,0
-0.6161750841745238,-0.7870019834725421,1.7907227386811706,1.0994164409698404,-0.3234333416867257,-0.1101702112685181,0.9644048953605289,-0.9732171948664226,low,1
-0.8508196223826928,-2.5607373856586215,-0.14189099857114323,-1.1289243559929987,-0.3973291887424982,0.6562531748955085,-0.8659361582742,-0.22541606691735783,medium,1
-1.0775832476037126,-0.44612560835288306,-0.08088645369513175,-1.6994765467864439,-1.011869238634457,-2.4397679167857196,-1.0265125394188044,0.2608865173166925,high,0
-0.2996530640553656,0.5582185755475376,-0.3425208486993877,-0.004185755631763539,0.494362983861405,0.6095723948431382,-0.626394900537446,-0.8406091249871873,high,0
-1.216603715289405,0.15151697174797846,-0.4884116560655365,2.898800613559521,-0.2117500702369409,0.9070786225461024,0.3813735643375491,1.2838205628328871,medium,0
0.3350423675374132,0.2754726109677837,1.544058048000524,1.2662087780945706,1.0675342501078458,2.0346758971383183,0.05374256160762678,0.49930667694076825,low,1
0.051698321428614635,1.3209100026698724,1.3860443203860797,-0.5544463085067131,0.8940565258823384,1.1290581695243005,-0.4944531840666109,0.586159571074838,high,1
0.4810286647636553,0.3820575744624996,0.4443934035776708,0.424512134431341,0.39078529027585124,0.8120197407652732,0.5188995089994819,-0.13898782617284264,very_high,1
0.5077284516382525,0.7989129275910215,-0.10750015443072543,0.7275869074436836,1.1118560895246137,-0.5541944340199974,-0.0017991270465755513,-1.768692805220901,high,0
0.6030068534266765,-0.9395627418527589,0.6191179850137531,-1.3683882407328614,1.2231175762642705,-0.25729522748926126,0.13343615783469404,-0.22019573494393999,medium,1
-0.3734089368238823,-1.0953936892160367,0.07379698176937273,1.3696258690346048,0.23217128684659583,-0.7842425390277837,-0.23527693644343234,-0.9045509281058803,high,0
2.1211434026336673,1.6141139230244876,-0.19022291832309887,-0.1674241268209407,0.23923812026770214,-0.43123791738492423,0.037078745622395604,-0.2207252557763486,very_high,0
0.23443111648209775,0.10090153514706786,0.3381059215063302,-0.09068084460786036,-0.441012315343429,0.6350449654318838,-0.7052072853082931,0.8142384003799,very_high,1
-1.862484752624795,-0.6232291834461349,-0.44115774694544485,0.02378465943385564,1.084506292594542,1.4710168911386976,0.29244500007902535,1.2379467016632417,very_high,0
-1.0023757457662175,-0.6213944935471182,0.2522642640034325,1.1445401393078949,-1.122052363884504,-0.6032381417632023,-1.495700709517121,1.0611441247247708,low,0
-1.7405029890278156,-0.6491231216382576,0.20422092562163552,-0.755182158201408,-1.7798423404806971,-1.0973926808951608,-1.7383120105244307,0.27215802982543186,low,0
0.01733462915130733,-0.7089590210458417,0.6029360212579244,-1.7069700047844523,-1.690282912003786,-0.04187332010517151,0.017112028447046856,-1.8697830974860992,low,0
-0.12180522405333363,-1.2831478026036598,-0.6191369574756088,0.3229552929000445,-0.07463875197299875,-0.35682327346988724,-0.32948322705273764,1.1792869787361118,very_high,0
-0.4684256978994578,-1.5004204022205085,0.7101363528765408,-2.043658086173129,-0.31329848598180216,-1.3218815325797542,-0.2345830986138149,0.19429310341952244,medium,1
2.010926112400514,-0.19500437765441916,-0.9063114929505052,-0.3011035951355401,0.6106911182243943,2.2119092501962143,-1.7131208570803202,-0.5070796670338041,very_high,0
0.5489828740769108,-0.5929258703203995,-0.5725666516212387,1.1868742898588183,-0.5220455602658349,0.7894935055744232,0.6309006973476589,1.2368798568138026,very_high,1
0.7260983614463344,1.1071592854432952,-0.5289250591457441,0.5790939035087382,0.33307270710052334,-1.7458297854199043,-0.7004071762641193,2.1860528665936143,low,0
-0.9310734879421032,0.29307665326691656,-1.0720517723736782,1.042356065725276,0.49680656919057314,-2.5145092240681874,-1.3512271818895092,0.8869372813999129,high,0
-0.9991448913310123,0.2653176800779831,1.0156622833856628,0.620351365202829,-0.37644182538827886,-0.8143560243549126,-1.9965425396350924,0.6934058862266377,medium,0
0.03680549909695475,-0.7431204075544506,-0.9690524761897973,2.410334488783408,-1.521865174513654,0.030189139510283732,0.581248015410128,-0.20067369012537317,high,0
0.17300713965222583,-0.1210284157799757,-0.6989163374066718,-0.588239627656815,0.0381268154874417,-0.706794808628176,0.05425961329983219,0.7352169313239425,very_high,1
-1.856311567114457,0.36100110363144033,1.2554077104866421,0.3981316770083233,0.7907293385893434,-0.6750980312359129,0.6362125515697836,0.4654664273365452,low,0
-0.18030702284953407,0.7161957397126754,-0.5705827018536505,-0.43812047121265035,-0.4643127375394367,0.6796931026475401,1.3769081528064424,-1.8116718979804987,very_high,0
0.014072082873504806,-0.09389182651836551,-0.18814268513809665,0.9568012699148709,1.1641596759081714,0.19911850016603302,-0.24071662335799826,0.39043344921914314,medium,1
-0.21514916577112894,1.079123779324209,-1.0120290009165358,-0.06157487605049596,-0.17769501994666997,-1.4750269514389793,-1.7415229570683606,2.332306634705884,high,0
-0.8133904123466764,0.007989308907942713,0.8329512076226846,1.7188448794440452,0.2036890210023668,-0.03073279311087399,-0.8277740194808911,-0.3070621097632671,high,0
-0.53953518192114,0.7928471185176799,0.8467362441910651,-0.5308159554019765,-0.19663827755196503,-0.7522027276944793,0.47948879322404475,0.18836469186814336,high,0
-0.17685919357279603,-0.4898522085891503,0.7389459041234467,1.4071265257169843,0.7050448120198358,-0.1705239122982678,-0.16888794028147805,1.482452562252055,low,0
0.09080002361004777,-1.8125883665686418,0.5375298281939437,0.5931395305439708,-1.8736317482243667,0.5555387020574802,-0.6293500948742695,-1.0773509572934485,very_high,1
0.604791582550568,0.26835898801852265,0.07358911101947667,-0.032461069086980585,-0.14476838375915804,-1.2635640576318425,1.9349461190095545,-1.6106862643973994,medium,1
1.0808562049508712,0.7253240631466256,-0.5243766669379845,0.5424423378599244,-1.8892767748471897,0.27065823385222715,-0.6411087002104213,0.8192748153293696,medium,0
-0.2943477235272498,0.5753473318075695,-0.814969306666021,0.26126438752919223,1.3506077790068294,-0.42971391740392456,-1.6045443561459176,0.23751605302686585,medium,0
-0.45615619611535785,0.42218666143744,1.2899055267616704,0.35595468025181004,-1.8192598813774552,-1.0553802760857103,-0.7371324454764893,1.5553833904007333,very_high,0
0.43765567353430623,-0.3485869659549873,0.7648042717265899,-0.2068710730943909,-0.3477351627927347,0.4708697298722388,-2.0394598798600456,-0.5649061111480014,high,0
0.6108449164108543,-0.8067462514455923,-0.6933042272004243,-0.7015885075549914,0.165376306395468,-0.5393561459036081,-0.03830813213100007,0.3381085047120181,medium,1
-0.4342004332588856,0.5517282690437805,0.039831768223134466,-0.3350711199625306,0.8610039569234726,0.31870210988764247,0.5112404704296791,1.7135547882300832,very_high,0
0.7903934769661722,0.42644741619827503,-0.30011509298501327,-1.6831449779482226,1.7409584463809726,-0.67191436622018,-1.5924138728455486,-0.1402807907109069,medium,0
0.9795853411559731,-0.5608990908438263,-1.1282107057057502,0.8419483325326256,1.4594141523893558,-1.130044432656839,-0.07887896045994186,0.40517936604288673,high,0
1.291686465658673,1.1094241891920569,0.1776513766213024,-1.2351639721754797,-0.17152964723869607,0.35856845320634534,1.0790976309119762,1.535745471222662,high,0
1.7783209067198225,-0.8828655145476005,-0.4154926642391958,-0.21764705523569966,-0.8158457535945645,1.5345340940933647,-1.0776334467354902,1.790578843115133,very_high,1
-0.8664161386594389,-0.5835233787910404,-0.9525366662956856,0.6480450414810331,1.48939879142887,0.6853908559730856,-2.112490040137815,-1.0391208310755444,high,0
0.01389820933251119,1.636425212341665,-1.479132554141762,0.8393967170999113,-0.6756469985509331,-0.31527987833788707,0.6128081808259253,-0.16997428502863698,low,0
0.011277696618660139,0.8685819377339127,-1.5638035002056712,-1.7746519368372387,0.8856587131385649,0.5149027751537264,-0.24899594297956376,0.7112661841046735,high,1
-0.0980735685325076,-0.3580093058910226,-0.3714261276946395,-0.09184807522507778,1.331361192415246,0.15120788555750925,1.3239276665806796,-1.8736527813752126,high,1
-0.6492629196101362,0.2873807096435505,-0.08509497042491564,0.45974469944882207,-0.39786179668083926,-0.8590509883435039,1.1585005794051257,0.8890874318763199,low,0
-1.4855620032310715,0.15479224452383833,-0.8753008101623161,0.052016109262326755,0.7154956353164654,0.5941480464059347,-0.723071506657659,-0.8353039469631652,low,0
0.0926794460290038,-2.7456138649773782,0.6507394276572277,1.3440749576735447,-0.3375318972369645,-0.1774875383065662,0.7969967803585124,0.26938036450055797,low,1
-0.7683556595479125,-0.9064739494733817,-0.06554654178296233,-0.8218068999146023,0.23887432494484498,-0.25404541940391334,-0.9348262136644454,-1.5895072437723774,high,1
0.085993480747625,-0.050846617109281525,0.5768853105986501,-2.0490411301901967,0.44639714947946735,0.5567690282809071,-0.7282444334917635,0.17107986210176426,low,1
-0.7940435416988534,-0.3566114765593062,-0.18291079018770778,0.8103260167685212,-0.9865828118518803,0.03373219974833478,0.2623530303221784,-1.6288178959393622,low,0
-1.0996583458443414,0.24710256483042056,-0.7871176352071059,-0.5370861196184876,-0.3653928360832361,0.9585187329102928,-0.8131027528662195,0.14057528279507805,high,0
0.2342983603768977,1.12948231294792,0.11411757113861393,-1.758540597585998,-0.24969182572347334,0.2680200381594347,-1.344916804563747,-0.6557871985619501,very_high,1
0.15092152680649595,-0.32153578465392746,-1.2626745120183225,-0.15851239056647382,1.504764901997609,0.8429207452769032,1.1003921899536477,-1.8259108560397628,low,0
0.579281971320933,-1.0576547961228648,0.5394385206366479,1.2305579759317014,-0.3111015696781119,2.4156419264140396,-0.31308397450644404,0.7449042996231737,high,0
2.1858637664176253,0.32485165851104525,-0.9371492065131337,-1.2632526178126982,0.35612346073120876,-0.023530623537210665,-1.2000328302261225,-2.701163913485515,very_high,1
0.2772895312108468,-0.3266233335678035,0.9182325265334489,2.3359959539472674,-0.6164977862575388,-1.8671131949710573,0.4379610210029292,0.4187894090690363,very_high,0
0.4850817670641296,-0.15606350082190265,-0.3384557462419147,-0.8378815945366619,1.1157157017983719,-0.9189863692796179,-0.8749817066683421,-0.31870326839747254,very_high,0
-1.0775613288673254,-0.29177371915307865,1.062533516309917,0.08701085412574988,-2.102638993812386,0.12820633609125687,0.9321218244806693,0.8908564470181395,very_high,1
-1.2869074405363745,2.2418378000109858,-1.1226231885883153,-1.2191324178476084,1.0630005202455413,-2.747182706515698,1.6134686895722739,0.33040495357337474,very_high,0
1.5828294467733337,-2.240704260997945,-0.6777697007288204,0.041610348696014196,-1.1746344769133745,-1.7538268445886498,1.7863776850056396,-0.9265218346195151,medium,1
-0.9234797799333037,-0.38833390313264615,0.3809349468485706,-0.13374782175867694,0.5274546404624888,0.7728866602885157,1.0784162948642855,0.2233861673908023,low,1
-1.043944071468642,-0.0036890256483920517,1.1704970934267551,-1.4894939023310871,0.706632632504221,0.7225560564001341,-1.8150348911862193,1.4186848416533524,low,1
-0.03909892121655298,-0.7811424922827788,1.6666089083149223,2.82582696895091,1.0344156365938488,-0.6341099680578243,0.7055094812835387,0.5101942052992025,medium,0
-0.09019241337738836,0.899825832128283,0.04136616368087278,-0.4953371690186946,0.4510866393803189,-0.08644865541402229,0.7139508265701227,2.1852717621153803,low,0
-0.9025065064432917,0.8132576787196394,1.837745630786756,-0.49446255730602856,-3.188146327938179,-0.4156742669459145,-0.48402589991402845,-0.37756817539797416,low,1
-0.3049732187131,-0.04775461848854061,-0.28966454982543055,0.9690358793536544,0.8724341692015912,-1.3813294558816875,0.45077510572165874,0.6384656178570431,high,0
1.2293757176501043,-0.27067375534369414,1.0987676223629725,1.8142548833484688,0.48714327582592387,0.9492672557274634,0.0535652822568983,-0.3464966137256527,high,1
-0.8059936088317976,-0.111956834231647,-0.9421809969593052,1.1264368680043029,0.600366237611991,0.8896810212187528,-1.7123927598904787,-0.18353152068455755,low,0
-1.3936724843661716,-0.10478665364781072,0.4202005068632542,-1.2011801230265864,0.5609648266120248,0.7267091713377622,-0.27441268115708217,-0.7292679819584333,high,1
0.9425936208997923,-0.07837302812576266,-2.3416930408564456,0.21390900949466274,-0.13324231699295894,1.426466662123303,1.7729530541494887,1.0007110486348894,high,0
0.4922969119380367,-0.1879991015167995,-1.1215910116531238,-1.8813724823849947,1.8255748861826457,0.24072029057980024,-0.47919389041560584,-0.6753404364360706,low,1
-0.6205186206486616,0.2524493145923928,0.46667679808076484,0.9017050813223565,-0.006369747335058674,0.4630868161622686,-1.415156939485918,-0.4489259275676643,high,0
-1.582167016126918,0.7532120648278651,-1.3124388522005235,-1.635188138530462,0.6436262691608821,-0.02592275207982139,0.24450813382834077,-1.2385224069905463,low,0
-0.7446233564385631,-1.2302601475985768,0.42694961078918464,-0.803201323609237,-0.060861837284073246,0.5105511151899946,0.23130329218186066,-0.8488243865620512,medium,0
-0.05470443684927131,-1.050663899233149,0.9064581208123634,-0.0032015040313106763,1.511838342876808,0.5442582325965617,-0.16253304335640567,-1.0258367617196469,low,1
1.165672089883819,-1.7485180294835236,-0.5013201927182781,0.44500656114101217,0.006590362234072988,0.27594709860000655,0.5655634451015591,0.38798558438881453,medium,0
-1.036581974869657,0.8663974003575995,-0.968952955674198,-0.2609346233953191,-0.5111048993925803,2.0469888822896674,-0.5564673219278842,-1.2917036952978975,low,0
-0.08451988151147344,0.25032329319046315,-0.4741866158547388,1.5190836767328817,-0.35318888712971186,0.9399838206668305,-0.5759476893411938,1.477514541943261,medium,0
0.675144659894898,0.5052675159327706,-0.9658123191841855,0.7232395821922794,1.1095580667467424,-0.7577211325275646,-0.7422167279197915,0.09104570332997283,high,0
-2.3812673401219207,-1.4294982383634685,-0.10121355801591768,0.6447247540642086,-0.17895724256595336,0.29246545068078506,0.5884859534502324,-1.420505679773367,medium,0
1.0337861679388998,1.7849481228801383,0.10209062488808177,-1.2294009019846637,-0.5186825290597565,-0.47012215762086856,0.40687772851834864,-0.5047894355822636,low,0
-1.1824505722064373,-0.6088509081453577,-0.30601012309680875,1.6993678975454027,-0.23651865183432527,-1.0644060312583128,0.49633198118254557,0.8056969918537202,low,0
0.3319954934569346,0.16820580711125588,1.6743592401868217,-0.8030651442785116,-0.774232070040323,0.35337302341920734,-1.4088751352015636,0.7826608771802104,very_high,1
0.24668314961074406,0.8543846606783719,-0.7194038196869753,1.737542432987094,-0.16201563389323612,-0.7739115995184248,-2.3105676254753127,0.8140252947611006,very_high,0
1.084586391463845,-0.9869797557960719,1.3914331792553123,2.0221950569255713,1.795651198335153,-0.19497351749050496,-1.092675817717898,0.8376242263281327,medium,1
0.5509243808935403,-0.5463243585126668,-1.0412392363121137,0.5126565323637751,0.4781317236434184,0.30275170329694523,0.09300346417980701,1.0285138034825314,very_high,0
-2.377290491729981,0.17917177460087425,0.07277756994154895,1.0320130976794208,-0.5226876847115626,-0.9231124713864258,-2.4991158395501887,-0.3461613600997941,low,0
-0.7847792471559913,2.857473075464706,1.1831054085480694,-3.0829197630568688,0.41919691899708905,-0.3358669348454299,-0.22742865029729498,0.8119660957518811,high,1
0.13820512935328008,0.3011247428520243,1.131357152253318,-0.1950024154903774,-0.11669005993665713,1.6864256759352592,0.7381489163330344,-0.415860853744142,medium,1
-0.19497988611978695,1.6063611506307183,-0.4202578977002351,1.1021656399195396,0.7883796935040357,0.2028456983794867,-1.1211597103339774,0.8947128397780704,very_high,1
0.47761072975677044,1.2056731451919556,0.555069720071345,0.9245102683140846,1.181388868005845,1.5427490015144636,2.069198129556991,1.7299590353229013,high,1
0.7893665556697054,0.36801003649451874,0.4211790836642261,-1.2197233380998775,-0.20842787529097462,-1.8296016970021376,0.010867845440044674,0.5191360589119515,high,1
0.6084517364296791,-0.9891957716306787,-0.5399391785927399,-0.29372203986787376,-1.8882209986724166,-0.2866213487470736,0.6453320488566818,-1.0259150349639117,high,0
-0.21427494255446522,1.059753610818235,0.6159499371480742,-2.5363655052011467,0.4316270008792509,1.1179676410257444,1.7126053927940235,-0.37782606261066637,high,1
-1.8463370111204804,-1.498110341648047,1.8624921720523726,0.41299284017275345,0.21506917255752092,0.6493748593883674,0.5374030856413456,1.4250055602997709,low,1
-0.4554812488548173,1.600875123677092,0.47170066506263064,-1.8833284012268237,0.41802107822299267,0.48741100902423373,-0.23522923252996578,-2.2640097424955847,medium,0
0.4163681481389552,0.2000053082182553,0.5663563790706708,1.1304778427875717,-0.7105607626899747,1.6779554099237237,0.37529136982787337,-0.79548482749426,low,0
-1.0904472525504776,-2.650223547298176,0.6721549782007075,1.182724860717409,0.5906176822183752,0.6961491937436464,-0.2157768511535411,0.6036754821556082,medium,0
0.6312747301215763,-0.34050609503183893,-1.4609766073551405,-0.47436681440649864,1.0672152751681616,0.9926848357705301,-1.6389253714029226,-1.395191843941112,very_high,0
0.9083932972673044,0.6539478209229405,0.46022467320628885,0.5212759304540885,0.9321963500270899,-1.262381005028561,-1.5703800384229065,0.20777206561012146,low,1
0.12686697629584257,-0.2370238730397667,-1.0167595748385274,-0.2170987240605085,-0.3167073879248491,-0.04727918960075725,-0.09043838886471532,1.1265382817824927,very_high,0
-3.063779866312396,0.7150058109935733,-0.5898869406977998,0.24190839501486613,-0.4789178528321589,-1.1306591638032404,0.3888461549835758,1.6314801144427198,medium,0
-1.2780883627118034,-0.8500241677122955,2.161941781188503,-1.14725942324315,0.850358892014213,-0.8371355925341191,0.0212713681001226,-1.1619422823001564,high,1
1.8861891585560817,-1.3059823727876074,-0.25326160965881,0.6224926232399093,-0.11645497871559965,0.6081228991620768,1.7780616086895233,-0.3888954209093435,low,1
-0.546537793028378,-0.07144540304760538,-0.7401741042942273,-1.6411852302244163,-0.20210388917957658,0.2993176234884291,0.201900088256738,-0.15742281028525582,very_high,0
-1.984143223128996,0.031565667289914785,1.1525825789013922,-1.8299301623293818,0.1362145398678148,-0.104796265119467,-0.7777061268309715,-1.7467106873411962,high,1
1.2352473883102724,-0.3483843510623214,-0.9476770028423769,-0.12192831666699186,0.24541789986735613,-1.059330534928173,-0.044372359551817266,-0.1438514335271137,medium,0
0.013355591543672855,1.2272911466421925,-0.44741914418967715,-0.2112432796112795,-0.7933107131492337,0.40508167110485566,-0.22581170155035063,-0.5909935914277588,low,0
1.1049404889577255,-0.8502073751390576,1.2490521679861668,0.27230173055175044,-0.12998506576253574,0.9244835688697693,0.20664007421348365,-0.2371220219746366,high,1
0.2769586752193653,0.31316560733234944,0.04276756530795937,-0.6495074902363289,1.3643850146676004,0.4904140351801323,0.2602009815728582,0.6385295042598844,medium,1
0.4585591362121688,0.06796997116362523,-1.5615970451265293,1.8856916657855893,0.18406782076952255,-0.48895542387934543,-1.550553321335531,0.34283585238734404,high,0
0.3630092477145166,-1.5567159521360834,0.543989614322619,0.16060498937944198,-0.28771295827025517,1.0358210686017664,-0.7216033208616328,-1.7713844118646866,low,1
0.697488311921,-1.3190301836685123,-0.3964658820465088,0.23288177851622544,-1.5409393025519862,0.3380363554906751,-0.7520778697056207,0.9846891924957778,very_high,1
2.2774304485560983,0.011911016248631409,1.539851486530245,0.19723387740704562,-0.92497409323813,-0.8081068632553141,0.5344396526836521,0.9798397814479904,low,1
0.9710063359591881,1.981199998686964,-0.6061869476341336,1.002909868948078,0.28167087002955826,-2.1975905928432646,-0.5485161098987617,1.0936568078962312,very_high,0
-1.580339317845535,0.579269811898811,1.0512259737259262,0.5760174144844643,-0.23882383414896743,-1.2471158783700453,-0.5134921744150664,0.06606968804030436,medium,0
0.4466615152789034,-1.7256348251446327,1.775698032365714,0.44201789970827926,-0.9248236759798047,-0.42685000647234383,0.39557726622524236,-0.1694089390563463,low,1
1.1414807681032177,-3.1104880651193376,-0.8509432238115706,0.7359841048655908,-0.6700624996857939,-0.4138585496704325,-0.9994263975842171,-0.7071449963877648,high,0
1.202700806536146,0.7330535930043798,-0.1932130207581928,-1.8246146370471914,-0.23032096122549042,-1.7534869590840183,1.0249486990649743,0.41671981978507205,low,0
-0.42660498305909955,-0.09621348292819902,0.3886252741444505,-1.7868476505857773,-0.36537900611389673,-0.7920988290577884,0.6769057090796319,-0.3716522260476548,medium,1
1.1649444451881277,1.1412659695103695,-0.8573457525541744,-0.07605874530144384,-0.18919441984225716,-1.4801345297253927,1.4053961679571554,0.6623300571835197,low,0
0.9277423995512052,-0.8807179207114415,0.27029494670783055,-0.19767388268190214,0.19186192099534252,0.9741179148473879,0.05574101275759173,1.5567541866680903,very_high,0
2.57251743696973,0.3502124978585262,-0.2249202875059923,0.5798098440482081,-0.12612173591138312,-0.5825297430408646,-0.9894092520207243,-2.2135746230952877,very_high,1
-0.7500017362485115,0.8461734630278627,-0.2450675715933652,0.020016902183505356,-0.3534938100632818,0.8753557474700663,1.07645217088882,-1.0809702299310213,low,0
-0.5074005764004252,-0.44746363820648183,0.0489383927081116,0.5818649344542106,1.744686889450433,-0.07006514979360157,-0.6602875371187038,-1.045173294904216,medium,0
-0.3061190484599539,-0.4260855702310654,0.07126471557856422,-1.2455952695612857,1.5078944209782768,0.6854379817631263,0.1817623463107941,1.5885209435910486,very_high,1
-0.4902221500387753,0.025262831098390486,0.16388076907604027,-0.01074457040869473,0.33412221072252435,2.7761196575361344,-0.24742315559350855,1.0980284971591932,medium,0
-0.890020749763603,0.5426763465603288,-0.5988263454567843,-1.3410567379577842,0.9028484364194213,-0.2483871835647762,0.4613683159170215,2.3901359098825514,very_high,1
-2.762675505673743,-0.014334004511910938,-0.5551717243497534,0.38685793437140087,0.47684111268985135,-0.7747027921783913,0.18822870450322624,-1.008002501574517,very_high,1
-0.4346994737231341,0.9739963377594865,-0.11858758882483045,-1.8782850423633206,0.8618776396898403,-0.1796354459135899,1.6635319868837088,1.522896069369992,high,1
0.36935805969990443,-0.46193518926703,-0.04475764123579518,0.34831009854087963,0.5655111216544726,-0.5884572179411017,-0.27218052729658815,-1.0780077139635724,medium,0
-0.4932218455059107,-1.3283952054631096,-0.43884933994661673,-1.4689993808971122,-0.1043888642558086,-1.6603672466550468,0.5768139749961225,1.0221282705262742,medium,1
1.9353811835291097,1.9769753681131799,0.3239396420860183,-0.3835277932217955,-2.6972420584385057,-0.25299276441509744,-1.39338621236748,-0.6096190325367516,very_high,0
0.013375812715862578,-0.6046337365424463,-1.8147617486751968,0.894927691449249,-2.434473082869535,-0.8163625248873582,0.8295696118548928,-0.7019261195486607,low,0
1.2910290551841355,-0.5684420837177473,-0.7304662589089517,0.22737998859841746,2.0324061686075274,0.3783873934105239,0.9343024110319759,0.49466971787421915,high,0
0.26142041272996835,-0.06580332107218435,-0.27992782620285456,-1.645660223724301,1.2640249099721235,1.9053466044672862,-1.683516924610645,-0.03531735618704696,medium,1
0.826407309893258,0.06718110965398118,-0.856115187030605,-0.6723938446940241,-0.42927723531224793,0.9810606294734381,0.2568876825190573,1.925472864442779,very_high,1
0.27924155393356226,-0.38668364248828285,1.6291980148088911,-1.501378525476802,1.364702437788823,-1.199164219986234,-0.8060859240170528,-0.7236914548697733,very_high,1
1.3687846319035628,-0.01743389694900904,0.01886184672495171,-1.6947584996051934,-0.9671762861318086,-0.9379343492107619,-1.1213554174005556,2.7530272188787532,medium,1
0.05593935013240072,-0.03976223142817396,0.1767696782259033,0.1176631761339743,0.5298880165590641,-1.1406173179952024,0.9592583999199787,-1.7736666252424869,low,1
0.4961207080887857,0.17481932702080696,-0.48323070796546075,0.5602983435601032,-0.7313738994719998,0.21887153850827396,-0.7930823140871928,1.5239981010956674,high,0
0.3663329336500437,-2.357487458987316,-0.015778920372960952,0.4406059207156895,-0.6896034260842834,0.9976170770685008,-0.39328457127305777,-0.5904366372401125,very_high,0
-0.2882854581273188,1.8808763070078494,-1.215253464302734,0.6026268148797509,-2.4528245758881977,0.7348170667287091,-0.7130947942136585,-0.7146073036523718,very_high,0
0.4049823189246768,-0.14728831353455754,-0.16981703609507345,-0.011910850885818457,-0.5312127717698095,0.9559146327623915,0.2792447291650234,0.38299102534957313,medium,1
2.234386246197682,0.5806226194469853,-0.9370084285957558,-0.2733902187499678,-0.302715502342898,1.5279883901618925,0.9304600697882323,-0.4996809586010486,low,0
-0.270396942095442,-1.3781013415340242,-0.2774035847561625,-1.0730693270623144,-0.5844737333806651,0.9814952700507851,1.178691774666408,0.5549436020159315,low,1
0.4194648928532483,-0.4710002612492502,-2.559916566302497,-0.4400796717504989,0.7537790805287139,1.3035782036029033,0.1735565456780371,1.9798030556016668,low,0
1.2577789508694428,-0.6723158663204145,-1.1280032084435256,-1.3213483853261705,0.684807520446975,-1.020221358463,1.0585419084637493,0.6128608557410278,very_high,1
1.1402532809442802,1.4697237645085452,1.4639264045143334,-0.8451655271269194,0.4997085907082238,-0.40400601806041114,-0.49107021242102733,-0.2501772410127606,medium,0
0.011716417719365251,-0.5858136068358828,0.8303977491075424,0.08892687043804186,1.3471089708472859,1.2756382767617225,-1.4965674449423507,0.038360143082646854,high,1
-2.3833887029573617,0.7580799869400913,1.3190393359152313,-0.1178060875409223,-0.7812952818006472,0.43824999207384374,1.4608508378280027,0.8918089839532661,very_high,1
0.5167028186484662,-0.6504204526731951,1.3877212696709238,3.064728037894776,-0.7184678475356595,0.036507772766668604,-0.7656476792661457,0.23943007058056626,high,0
-2.2194742586230527,-0.45261893965394406,0.6729874241644773,-1.3457955975050075,0.9598380054009069,1.3134918538469562,0.688977163945762,-0.860169862840881,low,0
1.469937230941231,-0.24555016520068595,-0.452868685379135,-0.12509872083178206,0.5200200307053304,1.5005211088612125,-0.024791877068242422,-1.527393562133019,very_high,0
0.16947387119326057,1.2838451268293003,-1.0372509462656228,-1.4237321112037242,0.4894045501614445,0.17114151604912703,-1.167971151006377,0.01621622289545257,high,1
0.999674019871989,-1.8898526590301186,1.1467446054496968,-0.3877858759699509,0.5030207205535471,-0.6798871281524327,-0.05706528295749935,-0.6160067020367657,very_high,0
-0.9021111381810512,-1.3156635552744327,0.06456797438739051,-0.34709318211518453,0.8948739786361127,-0.5243348685996414,-1.168469658855036,0.2778150822312614,medium,0
-1.5525074733000543,-1.9473051656898168,2.4940228163819067,0.8448800262331382,-0.4183066637026055,-1.1352141335604424,-1.0114087245217422,0.1626701525605247,medium,1
0.2607543841411672,-1.0875021197614503,-0.36509797601075417,-0.4496665392179212,2.496514386020694,0.5942534326678129,-1.1516951814120133,-1.5356362430171133,high,1
-0.03360343995614198,-0.8116000511921072,1.97289585478048,-0.19131960005615892,-0.39686709472701687,1.3314749495046554,0.2818638384599395,-1.9825203096943333,low,1
-0.4915408261571657,-1.614481254090389,-0.15679179069575525,-0.4303179624722195,-0.6752820560071288,0.44203693836823876,-1.052752429848746,0.15281759395857636,low,1
0.08466128073276377,-0.734147746614669,1.3360485972587004,-1.401051744057209,0.006185418978453521,0.37002598444821344,1.4615103173579602,0.24557542360516618,low,1
2.76743589203226,-2.014714480933415,1.6966917372324548,-0.6521023717931075,1.4930050869581586,-0.18317803620779846,0.7735667681014465,-0.6128957711701447,high,1
0.8345255473690577,-1.0179887237676812,-1.0229499281807124,-0.3819367150838177,-0.8012679345779451,0.32225995534920887,0.8038280951636176,-0.49479927552455316,medium,0
1.049498605863319,1.2004203999102006,-0.48499807829086855,0.07382588340638456,0.3568182184639621,-0.8250159699797889,-1.5179436873354848,0.3531964184012357,medium,0
0.8439368915533556,0.40358807028110283,-1.0329792256985308,0.5589472872248251,-0.12885939144057856,0.5210704145812396,0.6607503524304116,-0.16100189158719877,low,0
1.4794621438521929,0.18746767217252772,-1.2299444882582236,-0.2345965097110292,-0.6385868031711459,0.5849639304653893,0.1364026634449818,-0.5497593657574801,low,0
-0.1900716729007449,-1.0027785562791145,0.66706685052495,-0.2521762639813468,0.617822810255927,-0.22165240556205526,0.7527167787721363,0.879335797438561,medium,1
-2.0547613076752937,-1.536084959044724,-0.19662837024902155,-1.720813158487053,0.9496474848360985,0.1384097544619332,0.26775823758403977,-2.188749095111957,low,1
-0.1885861330060098,-1.1391560755342807,0.05236632319013622,0.5397345172563511,-0.9166943638774402,-0.3186547224035695,0.1143510076537779,0.15525032504097389,high,1
0.8117357099965018,-0.043209826896014984,0.55623913497328,-0.6958978871500408,-0.6849445912661709,0.6913629637748382,1.8092884435515908,-0.35332488744912666,medium,1
-0.9698003951150737,0.8681767797266683,-1.8573868337149146,0.7471232382297756,-0.685331823910873,0.08546782653049174,-0.5257631096130041,-1.73032841308321,low,0
-0.17636595048933035,0.9023674171353204,1.2867660039570548,1.3164399478541957,1.0201901394674444,1.2817940401233752,1.5998895879579749,0.22630443877937667,low,0
-0.6917697430023131,0.630612362483333,-0.34909416333991755,-0.18791502669300522,-0.438016149157182,-1.4913876349798483,-1.5298919895419743,0.25526271056272676,high,0
1.5020292518431304,-0.7375568640679442,0.5324013062378574,-1.0233112807658922,1.9583735557262432,-0.08309357618599605,-1.3578348108056013,-0.12192038375503231,medium,1
0.7494570154065637,0.024549832403988035,0.620712839228547,-0.016698613086298133,-0.4912316767984467,0.34374956747487484,-1.2144725291060277,0.1307214328259615,high,0
0.651540620643959,-0.3213425300372459,1.3707965607638406,0.34870199801863844,1.4197377702319631,0.310375849035939,1.0431204505192768,-0.4438960403060948,medium,1
0.6216013131209713,-0.20118976349475026,-0.10485738778303354,-0.3155200012467209,1.3478470412156416,-1.3715844249638158,-0.4031403022455935,1.128446306725966,medium,0
-0.037249252552126945,2.037127896959813,-2.1236374590429308,-0.5640384093793239,-0.2856020318712541,-0.2653321165665122,0.11715177484724544,1.086083841919241,very_high,0
0.1975562825275035,-1.7620002370036125,0.057127613453560856,0.5635322106974137,0.01145724149896091,1.0923885674907958,0.3417929633297362,0.8591201678208314,low,0
-1.1851845805323176,-0.23467681592226086,0.20070685816160114,0.49757827469419513,1.7385527334330635,0.22021305414542847,-2.748309347317814,1.6595271734693562,high,0
-2.1864419787505676,1.2117489071961567,-1.0342608591401172,-0.3462896403271577,-0.3954939611513931,-0.6056830651871992,0.4395018685343685,-0.8883889189372892,medium,0
0.15008113034502407,-1.4658914950335382,0.14749065443293866,-1.6540661652606898,-0.5528781038116881,-0.29224704370223725,-0.5152082497318609,0.8528141316548622,high,1
0.3239902562721444,-0.6437474252662504,-0.3610184347262918,0.4563781853794524,0.3930367383442835,0.6106022135172877,-0.09309427016570114,-1.020309329123823,very_high,0
1.2092645684253776,-0.5290384975676395,-1.3427539492825105,-0.7673271934413766,0.9275346546294124,1.612827013935584,1.0345384209614492,-0.46037140386548175,low,1
1.5713358160823676,-0.2232897220539845,0.6714848950092839,0.21434107537030897,-1.2290964255277457,0.6365220467082366,-0.10174791933650049,-0.4198498589157446,low,1
1.5699984849989468,-1.5959571596062172,-0.5637251508977961,0.15115723167903694,-0.013127264244281612,-1.0817785502523014,-0.7243825807659221,0.8501040968971368,low,1
-0.9980235932938778,0.5952860603380394,-0.4063792147370691,-1.8889474270426652,-0.9336893053731921,0.18558032741011987,0.8723620916133091,-0.40270589540679624,very_high,0
-0.3522650349497693,0.6662872825131441,-0.46257884728708454,0.0810816844115734,-1.2786691779251602,-1.4540556006084089,-1.539285998285257,-1.6521837644104314,high,0
0.48033429588137955,0.5083753250179477,1.2354785974641467,0.5145325253744555,-0.9777893193891725,-1.410192363849219,0.3797966951356056,0.8239492471907172,very_high,1
2.5319046777421774,-0.8703736742910814,-0.0409161617733923,0.6371524153104868,0.875284464669774,-0.9181034660425893,0.27609096444970527,0.4968715773924243,medium,1
1.480099203713916,0.08651079078729512,0.0790998205458215,0.1173657510963127,0.16475210390471504,-1.2516182299616831,-0.6276001760942014,0.3717873055880829,very_high,1
1.1193971619983802,-0.8994402395690875,-0.440636154386397,-1.97718604394959,1.1514396133218394,0.6608584777343189,0.07970003877477616,-0.07523051297531867,low,1
-0.3877879555492906,-0.3325966607715127,0.4628668222549053,1.2770810621866373,-0.8355065338895054,-0.8028548545936912,0.5747593155406493,0.9449477714858265,very_high,0
-0.8831996311551246,2.153467927170878,1.3493180484506717,0.41102266754258043,1.1826664380697987,0.07225755152647977,-0.9829301825938861,-0.049932896349257086,low,0
0.7889078833832395,0.09569537759625597,0.6478608174865064,-1.2033193293704774,0.6578599917560968,-0.3590874030973931,-0.09853161723445317,0.6936222296710834,low,0
-1.10066126423436,-1.1875265759871734,0.6868669613348561,-0.7877630401582735,0.9639765858222498,-1.3475963519596137,0.30655096793882525,-0.09089899732260745,very_high,1
-0.23843635098030264,0.18033534066391385,0.6062302058843455,0.23122420929452067,-1.374373961863985,-1.5307911227912112,0.7500443858611368,-0.3909221415491874,medium,0
-0.11477794900192263,-1.3517959260633097,-1.3802426433111632,0.6797841932982557,-0.6597491609091383,0.9128103798272368,0.2992162104100391,0.24066408805704353,low,0
1.592912089122808,-1.1990103925150117,-0.8761188316991384,-0.4879628563477017,0.5015055532044023,-0.9922129187574793,-0.6585530276812745,-1.3653476647851506,medium,0
-0.35469730295967755,-1.041123135948791,-0.20498739359912627,0.8255254073790749,1.0644732600673101,0.22669498916318015,-0.44182090649650346,0.10914631810118866,high,0
-2.4392496385726155,-0.4443094521956835,-0.7258640424932256,-1.7927668291001777,0.0660686839264923,0.17733443025982318,-1.0399943539450265,0.10653836003021079,low,0
0.5044446476624683,0.9369689955892015,-1.064537024755998,-1.0424590110937872,0.5756236084039785,-1.1027491919103805,1.1775978301589163,-2.445236263661804,very_high,0
-0.6990218531039264,0.5783981980168391,-1.872175740870574,-2.0643640098420826,-1.6392206767779147,-1.1999346291371316,0.29905703794100097,0.6187149844245802,medium,0
0.042631024437746814,0.5229953282473283,-1.346529213134141,-0.8974051428696932,0.8926060522578717,-0.7965542527560597,-0.39969194678204123,-0.30207794248237124,medium,0
-0.08670470084212364,-1.0989245655905424,-0.25652555734260035,1.5080771845440948,-1.9341785743912234,-0.02466706650849419,-0.11500715370273162,1.078182763710338,low,0
-0.2737039958177683,-0.5413143554356487,-0.06942636681888449,2.0578022345854023,-0.6394073240696911,1.2034912255235453,0.29328886128435216,0.549379686156372,high,0
0.7903405817847039,0.27200110688318835,-0.7930537761305755,0.23459046823044263,0.45787164743455405,1.8210499948476817,0.09154065798031732,-1.0113432768427388,high,0
-1.5328648783527072,-0.6283199853884129,0.07892521268322598,-0.6384292072685546,-0.566551674227108,-0.10993697641829091,0.3701810017557189,-0.8213543152188554,medium,0
-0.5170142249543602,-0.2783664403010984,-0.4338336409083763,-0.22163990085094343,0.4758485710704116,-0.548644971209072,0.9733853159903573,-0.9861575978626317,low,0
0.6840379131173813,0.4413586925299495,1.0905735873738482,0.4733398908330222,1.9060558657553222,-1.5302264415929525,-0.02671652899829002,1.8514838475629,medium,1
-0.6140847753443682,-0.348772681201302,-0.16162576402483733,-1.5629808516390824,1.3467706690639987,0.6524748644050148,-0.007201884234801467,-0.13064526146287425,low,1
-1.6088067092699718,0.22605958910202525,0.6963308814017153,-0.5724991759812048,-0.3191116598853623,0.23221850583119408,0.23166290969257514,2.465858757153896,high,1
0.6685553432567358,1.5927284560195685,0.20321376229469254,1.434893074450249,0.6301453207938449,1.164963167409901,0.5405013115277916,-0.08604906673669008,medium,0
1.123094630441539,-0.17185879898699755,-1.402071039244055,-1.0457100693283625,-0.35065448223628093,0.44421102913658,-0.1703207209798789,0.6249363905316047,low,1
-0.04499520764300634,1.1793378097192062,-0.09065817573717544,-0.7490248992615429,0.14684845840864394,1.552067321407369,-0.22462349734481402,1.8430016269667773,high,1
-1.9608455984695325,0.5593700673073582,-1.2356240993286836,0.013193655981440497,-0.05650819214600028,0.11661850230386629,-0.3114232441637862,-1.9805560711064139,very_high,0
0.7059697466988162,-1.4672419934867666,-0.10812083821692123,0.28314225950470917,2.1927131639471136,0.4804292700326692,0.5413209613564595,-0.18259268555799602,very_high,1
-1.659887881419688,-1.1021370292635242,-0.7451308172306892,-0.6250040461994723,-0.0392716184597749,0.2672200981968966,-1.5652164674642235,-0.5293418702444488,high,0
0.3087992768481657,-0.8335958830698964,0.3819630334848083,0.07696438325195544,0.9072117345839911,0.9349397421295044,-1.5791809153177498,-1.4777797752480817,high,0
-0.8874638247421598,-0.8548349169327834,-1.3423543374662013,0.6079395337394395,-0.7468083880048326,0.8945926060417757,-1.6301682090820182,-0.09840994373344757,medium,0
-1.1598392857669653,-0.0902897461068142,0.014701825279437203,1.9614518237636474,0.480467097003245,-1.031159996146353,-1.9667640613254171,0.1712727615456816,high,0
-0.4419100170796902,0.6146440480818223,0.5724155825631939,-0.1262443794347809,1.0074549626330378,-0.3585516533841505,0.7756816410154472,0.4857737748884289,very_high,1
-0.18329755642725984,1.2551584167047227,0.9075955693089953,-0.041297315340562746,-0.055387916044218145,-1.7298993027940788,-0.06765967361924727,0.08845074846271171,high,1
-0.6442082503864482,0.30817508872508226,-0.7641677578842229,1.5274523459795106,-1.5326823663406166,-0.3120448148078744,0.8681035715646148,-0.10408545272113312,medium,0
0.5887032782151507,-0.4456795560532098,0.017750972207175114,-0.5491658582980953,1.9063263977834999,-1.070004186831552,1.2331547099843143,1.02124973587419,medium,1
-0.44606937845883377,-2.0822412436298743,0.18414697291157353,-1.3243530327621809,-0.03289055308232672,-0.036458732952163786,0.18194775634353694,-0.594541357437788,medium,1
0.980190871671822,0.07058957541733794,1.547126279542768,0.2502489756589624,-0.355224530897812,-0.323297700598883,-0.3107562305520698,-2.240824789036072,high,1
0.28117316564347944,0.025770193694991287,-1.481330060750137,1.076175025087915,-0.5274677801539326,-1.8668110866147,-0.3500510149109371,-0.38095747800739044,very_high,0
-0.697557206596308,0.18292875353895768,-0.9111025450710489,0.36104713519968545,-0.539229958429416,0.6677901798734956,1.382812003385717,-0.6280687090215913,medium,0
-0.8659398838322859,2.1062402977033328,2.80446249273608,-0.09701565754724577,1.7286917749097015,0.2289761551492464,0.3737498420689271,-0.40725392396832805,high,1
-1.6474962990474387,1.2405965461930721,-0.27309728395597477,-1.4483933731348388,-0.039642613685584374,-1.8321029378798617,-0.3552325339828173,-1.1831787902197832,high,0
0.2907331778668224,0.7850609182499858,-1.8909938099032746,-0.058369245268373136,-0.9168390970588787,0.47812846569247985,0.044763420933796275,-1.2480090035788647,medium,0
-0.3545875472513581,-0.9620771300715998,-0.582550143348166,1.2331549263163366,0.6205627016310842,1.147993035813966,-0.9024212312739336,-1.097440494941047,very_high,0
-2.3721955280635143,-0.5129947491967435,-2.768873221464362,-1.2341170815392215,-0.009767946495007592,0.09146893532197314,-0.7393910551016492,0.21522022854038678,very_high,0
-0.5357148727694001,-0.09484460692850216,0.24092071245615312,-0.24474717380327135,0.2543652688569327,1.0649632491393441,0.028983856536326152,-1.0258031906239433,low,1
-0.901034029254952,-0.7754071240103536,0.8097847602782187,-0.38748473215836077,-1.117802175304829,0.21778658358668515,1.223888793650001,0.1610109421508236,medium,1
1.5756775921706603,0.5004645249851181,-0.9116623761687532,-0.6977045706377453,-0.7896397522873732,0.35544586284517415,-1.2381320527936235,-1.1341010782630543,very_high,0
-1.7027786118933097,0.35690884921570454,-0.47072392225150683,0.24792300451900576,-0.27773506234059747,-0.29745419301668297,-0.16906601631274953,0.7258710667459374,high,0
-1.4413507997340538,-1.0883077930546925,0.9236541553689125,0.4433052412560076,-0.7430814416659134,-0.7070922169485016,-0.19511081084703372,0.30221974269364166,medium,1
1.1099696431056998,1.1968167090961244,-1.7502154648460704,0.4328269047934368,-0.12449018617308494,0.046283559060141234,-0.03622440509418289,-0.7803829025639386,very_high,1
1.3567631574639631,0.1023103338088603,-1.3215712121995455,-0.976809763615125,-0.4823114551918347,0.12922055068405935,-2.0603352460383695,-0.21517428805831407,low,0
-0.7449829387256415,-1.7290711467422513,-0.22811518171563971,-1.6459836943336827,-0.9790217696992899,2.4221859469667826,0.2495259006308594,1.226022178048868,very_high,0
-0.6320858228089109,-0.051342858344969454,-0.7523348374668184,0.2623884365307285,0.9832428819980648,-0.19907166159309786,1.60640201191153,0.8466872985764928,high,0
0.6162353965533128,0.28120645592290483,-0.2938668974735878,-0.5059190414826519,0.2632896244576094,-0.1367324164624988,0.05223918486637631,-0.04360073508674361,high,1
-2.32709979694531,0.9727923614357405,-1.2637503194065218,1.8383123796867857,1.739973801410464,-1.2052141169587356,1.1423547635088067,-0.36823448371126805,very_high,0
-1.8611936845055561,-0.3374764031266163,0.2143134859215077,1.8845096960149461,-0.3334453630141593,0.4127536765402529,-0.1588442487953629,-1.730592123378259,very_high,0
-0.28073340085071186,0.8279382674472072,-0.1492330851799887,1.99068979439604,-0.9427536135219672,0.08388286115631548,-1.052421786175074,-1.3370016514874539,medium,0
1.549890566129126,0.1871419867702157,0.5491904942330328,-0.9401109010347132,-0.5935112620702715,-1.168815021306427,-0.0354326147271854,-1.4819067230978304,high,1
-0.4357300881667396,-1.3150546090375794,0.20039950048029245,0.5693690867420935,-0.12732681899747975,-2.4804060345012777,-0.5231099030498442,0.46841001022675305,low,0
0.10093679173515462,-1.4151667734825137,0.2066900724960235,0.870952517251484,0.5117921944358096,0.432679209913578,-1.0177214269522048,-0.012282303305984794,very_high,1
1.133789272564012,1.1225598701493487,-1.4463073545301137,0.7583542335444021,-0.8764222304605156,-0.20581055758128874,1.1502391179811413,-0.8576320647592103,high,0
2.106884733278146,1.195984178381769,0.49259155164487217,-0.3543979441938586,-1.0791911082922734,-0.16096190319500647,0.4467267145738957,-2.404526789936707,medium,0
-0.5768484731483126,0.32290923040472297,-0.3308664018044421,1.279164902965326,0.4293319271863781,0.2258441091983972,-0.522378384637123,-1.1045820055811701,high,0
-0.016836723733426057,1.4957067211800286,-0.1665983076496178,0.0004749863665227949,-0.3224067375218164,0.5453472016290055,0.3802231355175076,-0.447418285568487,very_high,1
1.8220552213428425,1.0566098490416067,1.0482643763908097,0.1281061249354394,-0.5942776100361612,1.1904539741519027,1.321292530547531,1.050114674490225,medium,0
-1.5221992751914284,0.6836287294797211,-0.7194355565168952,-1.5378334517771435,2.5470791443679888,0.15184445908924354,0.24105647884645948,-0.022061345238108394,low,0
1.0275810705538218,-0.9113114887336718,1.3511843284590006,0.6447649695729887,1.295073237384764,-0.5724034296639381,0.9196110260373133,1.1595531083185424,high,1
-1.0183155323612583,1.7314287510323434,1.4444752993730932,-0.2604117135724109,-0.6919692758983038,-0.34107825551218224,-2.6770761806813215,-0.11646765636659494,very_high,1
0.10247236710315673,0.536301432208273,0.752784437364372,0.4647788621005251,-0.23750507908192364,-0.5900802922573274,-0.2977469241094995,1.2153659703190185,medium,1
-0.24261904740027426,-0.38583877461162164,-0.9806208107674219,0.23511369980461824,1.857916176408613,-0.5707335048847231,0.21723178513126298,-0.43340192562702723,very_high,0
-0.9580116007012293,-0.668270005305298,-2.1862932456269317,0.18093657666377086,0.17970531130936,2.128076137201181,-0.4201275549023192,1.527579175855062,high,0
-0.9831019276582751,0.2567837815138569,1.078834914259941,-0.045713572466684164,0.8366555945455971,-1.2197109779090505,0.3484139492093068,-1.0691204379907002,high,1
0.2764143642537545,-1.6710590848384548,0.11138506133107968,0.786599734660454,-1.518390053038153,-0.09408301957142737,1.095612037126704,0.5475538789942053,low,1
0.9955393281626821,0.6996732753528626,-0.7451974708214624,-0.1988925368850661,-1.898386382837097,0.496944580460768,1.5811987953584126,-0.9639460368701671,very_high,0
-0.1297362031885032,-0.9535708146940268,1.1735623437556026,-1.4551974194529833,-0.006493288169000422,-1.958693533674366,-1.560880356713502,0.7699491493714125,high,1
0.07011315873321637,0.37060810882428674,-0.8615588808778094,0.5689556063739339,1.4822209657932635,-1.198124766698186,0.11849479816377954,0.0067610613883565315,medium,0
0.5711740662910472,-0.5216203373581595,-0.4241552582309427,-0.8090055249116386,-0.38260722864699254,-0.36269937553848075,0.17464582428037445,0.3025810278382157,high,1
-0.9716187730129598,-0.26441871272470363,0.5248903643169941,-1.3242618426821398,1.2059875089071193,-1.2012785122887206,-1.811683534504736,1.0169650543878639,low,1
0.739692508412923,-0.7569098727650648,-1.1136028316148774,-1.0222433341425983,-0.3794758186151776,-0.6120996398827769,-0.6335123220917724,-1.4582640382249243,medium,1
0.819343097059747,-0.16122943118080152,-0.10948090960706738,0.2833323793569209,0.6493311122795312,-0.0039314396099758234,0.5045071285069141,-0.49608199744484854,very_high,1
2.60362629875041,1.889379546017354,1.0891371839133615,-0.0965188030948501,-0.5083618753435353,-2.108557300525894,0.31662379292629717,0.7673847690286804,medium,0
-0.3761041905595823,1.3850596270486406,0.21111074362112997,-2.1326830296728474,1.199206267408414,-0.85069218770483,0.6707268128673335,1.7447759421571496,high,1
-0.4580818016681276,0.3544789549954567,1.2474263368236806,-0.3836559430526696,-0.22648308602302578,-0.10567167547406495,1.628295386951797,0.40278257379117727,very_high,1
0.7689658715737455,-0.025294265564952366,1.133602358005998,1.1692312249747645,0.2792513879440206,-0.653796659903744,-0.58350693521321,0.06160726549294719,low,1
0.8191041689121383,0.844201190692885,0.0077383344216193865,-0.4512956709333788,-0.47498983672062767,-0.45279783404976814,0.23978975541886646,1.9418182204014498,high,0
-0.535087153376712,1.1299703941075565,-2.3367413763573883,-0.1654765534275925,-1.9226590871263654,-0.9139076498769614,0.2622878618709137,0.09299475967869714,very_high,0
-0.40316267693004887,-0.8298183822075292,-1.1057722952153066,1.0429914373271527,0.9600772983713738,0.9301154737777166,-0.21713309215251053,1.099121036550878,low,0
0.5411308382180404,-0.0774388676322022,0.7633341123844894,0.7954892582045359,0.9682943092937359,-0.2824189031573673,-1.4479934059605262,0.5932367006148741,very_high,0
-0.8275842407346614,-1.8219582295680803,-1.550251420285287,1.021751087651711,-0.4066018713159627,1.5627617502434605,-1.6559409143215462,-1.196793236776362,medium,0
-0.4105339880150149,1.123102110260895,-0.32669258858695,-2.772553610053703,-0.37076388592769405,-0.6671333860592241,0.13367771881822318,-0.5285904578303546,medium,1
0.08959276736843465,2.0650242577008555,0.3384806136890324,1.7335230384421108,0.278425070350371,-0.6675368824713616,-0.10601816131897332,-0.6455390463595895,low,1
0.9959386848222581,0.0800826246230855,1.4695706957615102,0.636400435427929,0.7637021746737039,1.7077944408420136,1.0645719950739163,0.33171608186131646,medium,1
-0.6045986161795408,-2.1250101249030164,-0.5750196964544141,2.46147641402415,-0.28691872418274067,1.0570212604673288,-2.2814867670234147,-0.3632602243938508,very_high,0
-1.842384462030672,0.6088905165770311,-0.6434877090831294,-0.7823260307742839,-1.1382803821845036,0.42338828424553665,0.37698927076568955,-1.454332430262492,high,0
-1.916597467518211,-0.9040891661490803,-0.05244576649550049,-1.7634506056489103,-0.6174452680015198,0.4160986758835331,0.6697886858912635,0.3989389337731508,high,0
-1.2594130667061334,-0.66334944166446,0.3509129698101024,0.007218456725176393,0.28887127242257243,-1.1760650889160043,-0.030751783863223487,-0.7964832467220053,very_high,0
-1.3131677181999373,0.6265763897910038,-0.15424682739609405,-0.2753723297571609,0.6832381559814402,0.6804013501198701,1.7134915557639816,-0.329977464800349,medium,0
-0.15461075861990903,0.2545541255127244,1.0492683488858106,0.6536639836148213,-0.353602716257443,-1.6022364078382039,-1.5235831208460078,0.6211030089681117,low,1
-1.188880153597605,-0.4881087753386017,-0.7991438330284719,1.0749283445863558,-1.074912565010059,-0.10171987710496015,-0.41222760273766684,0.885652357796067,high,0
-0.7027549598212041,-0.6496056326016644,0.12016093337904353,-0.08729414487949709,-0.7984686791721995,0.9716330097430793,0.7287913848387821,-1.4109834375738992,high,1
-0.7740858849820498,0.12583605522083274,0.44521271024701903,-0.24070804581272578,-0.7150767895851483,-0.7414377928001679,1.8695146613125098,0.124271388451788,medium,1
-0.4405078608479934,-0.4094655525123675,-0.40023280990585663,0.5227198195161272,0.0849512252956204,0.8742402628292937,-0.701604475953444,-0.5308499694410018,high,0
1.3225043315231224,-1.1092371336030074,0.8397099365599667,-0.25632866569249774,-1.516389290490369,0.9907718409092912,-1.6051797348235601,-0.24576680857540925,low,0
0.6619475894305167,-0.33256318147836006,0.14895854124234953,-0.3399821008967875,-1.056251661934343,1.2976668586049531,1.0444578738347208,1.1513222997781045,low,0
0.016129415276003874,0.33959262325518413,0.7888457131522739,1.037134938675286,-1.051056158201663,0.33987256883113187,0.7153174901793481,-0.7995136850986247,medium,1
-0.4610262805808381,-0.17810346681963335,0.19410410804883196,1.2597778569035725,-1.1313476460586354,1.658245290581541,-0.47495579905351665,0.031292303612764895,high,0
-0.4332326566230212,-1.4135085982481852,0.376404571487228,1.0839662438630937,1.1056204534738094,-0.9524665646324091,1.1682608342261538,-1.2787207156216913,very_high,0
0.3277464699519495,0.9890646213755394,-0.6323917568493553,-0.16822971272552553,-1.7152995851047468,-0.10455565186810466,1.6254372217028938,0.6972561082456549,high,0
0.5841690733522902,-2.7388114369433336,-0.6307717051912234,-2.139788987753183,-1.0484151416241725,-0.7348012441683575,1.3443958210311588,0.47233949125698094,very_high,1
-0.9076175061006004,-0.4463651550284352,1.2243964799287768,-0.1482060863928482,0.07379381248074093,-0.2817314840134854,0.7666616304754316,0.2593530344559697,medium,1
0.03648075561423148,-0.6201984545539159,0.6355104445203323,-0.7579800126770487,-1.4140070565414014,0.9539082973195758,0.44002631163938394,-0.6062620491478531,very_high,1
-2.031619568663027,0.14817887787141484,-1.0229651662224017,-0.12972501901058803,0.2438124990666245,0.2633988390950769,0.8838955762448353,0.6687066203052989,high,0
0.21171378417059702,0.5616618078027354,0.18086342465483146,-0.6710908927176088,-0.18858505354499697,1.9836641542345292,-0.7338008208640142,0.74597183899408,medium,0
0.762149241958686,1.1267648082610353,-2.3737760535354258,-0.020739855465601982,0.45471362746317107,1.233423318370273,-0.31157842696879184,0.6018363421336642,high,0
-0.2800686268808754,-0.7124048733521602,-0.5739401636994166,-1.0392756292315644,-0.6413014942783173,1.258098998719208,0.7111877956738906,-0.4345499315116685,very_high,1
1.8165269961401054,0.5865823373334818,0.9610276766199058,-1.2807174367183787,-0.8314196500730329,-0.02893426288513256,-0.4292238345561155,0.7513119890199909,medium,0
-0.8812384474360504,0.1958183878814611,-0.12514558871115952,1.222691482570892,0.758483116961044,0.5944601425890348,-0.37524914741317256,1.8297175914563026,low,0
0.21744041530326128,-1.7115393751832233,0.11791266966603123,-0.9696576133676534,-1.4090140860567608,0.8560991366686891,-2.1494079407874596,1.4918168263306393,high,1
-0.035824746665955476,1.9005402554341098,-3.0163812465202113,0.00033162525635355324,-1.426985074805238,-0.9484645024773715,-1.6340886755150135,0.38288295270354256,low,0
-0.10029766744340833,-1.4387751272401994,-0.3922536181361517,0.9545148466028355,0.5020890306959483,-0.30482415145357433,-0.47536414021209417,0.5093459668615934,high,1
-0.11432216800474763,0.41949727230971495,0.3382722238272125,0.9143041262295727,1.1458028720454552,-0.6337783362306186,-0.02980946266093038,-0.6353271325314106,high,1
0.10710503000947168,0.3899599441977477,0.4652898753983397,0.7948482049153512,-0.7782896852701315,-0.4240967305005177,-0.41900050977106246,0.293360944027211,high,0
0.8479587434636998,0.2756367823290771,0.9623557113343643,0.3028665145015353,0.5063016057687203,-0.10699658214591841,-0.5797526668094674,0.19128289725747308,low,1
1.3777362362747443,-0.4945768821616075,-0.21025775177342823,0.7240033085368497,0.5691578157793534,-0.28546518796484144,0.20451940969953508,0.22002400494526173,very_high,1
-0.0022502445041573905,0.8272526511405023,-0.16565581262414916,1.3730881326061544,0.38158370156277943,0.07321895306977201,-0.6923708198604551,0.8023851549305044,medium,0
0.8153160721716332,-1.5603674739430955,-1.3321174294098623,0.4250225939953734,-1.52548014592645,-0.1950882222613307,0.19148979436821387,-0.8185056976526855,medium,0
-0.7017669462667825,-0.06582878867392292,-0.20452153917319804,-1.8372023468141836,-0.07148283664910232,-0.055907894275819284,1.2346418697154549,-1.3115578611847116,very_high,1
0.765955452726233,-0.5638746765524585,-1.2615750623977986,-0.5285332061500967,-0.03283532019120811,0.5802112339524622,0.1278362665378552,-1.7260235717651908,low,1
-0.7619915238269903,-0.6772979420670315,-1.8478701198054168,0.6963700717220878,-0.5242758796377893,0.9937198181169649,-1.3843211357497143,-0.8557374270410827,high,0
1.0906599360881322,0.42874778745354575,-1.0851793701105783,-0.6270959337094042,0.4728564477829363,0.442720876831501,-0.9840051137237156,-1.5979913601913418,high,1
2.2106408773932396,1.0774785427196831,1.5086849078039715,1.6201061394586438,1.4331239415397288,-0.34530161537568577,-1.1446864844840328,-0.4298803224648433,high,0
-0.12208388797139179,-0.34325576183686607,-0.27056120151327656,-0.0631798281664315,-0.2331431567766334,1.4071936415148125,0.9249707194042877,0.18433806620425153,low,0
-2.1925434908074086,0.7806810899257774,0.21987736302336577,0.08524877135943626,-0.6922636288411202,-0.5480223263456659,-0.7466159816479937,0.19082127186492498,high,0
-0.548072933244823,0.04974066544459848,-0.5134962511980561,1.1247441989017355,-1.6740748681552187,0.8045980620611511,0.016123706326332008,0.35764141350861095,very_high,0
1.2318751342893033,-0.8927322092380086,-1.7905510194518974,-0.18284989730929277,-0.7669697193401658,1.2589056893158195,-0.14179355708717323,1.5125472265669353,low,0
