feature_0,feature_1,feature_2,feature_3,feature_4,feature_5,feature_6,feature_7,feature_8,feature_9,target
-1.206625076897207,4.012912277635135,-8.381159982534626,1.2614950327705643,4.151133697125363,-2.0801827089087617,-0.021124250139108874,-3.804141720172117,0.26548211134322686,low,0
-0.45872166158315036,-1.9800480110499044,-2.211465303361876,3.995366835711475,-0.1877368875470733,4.966214401216712,0.10829157745509856,-2.9015336539731447,1.525182233867594,very_high,0
-0.009592142586376435,-1.8824876534928447,-4.90434427618318,2.4262903915022633,0.45081202684931476,-2.921700120572713,0.24320008501576357,-2.4622369595166598,-1.1201491293406387,medium,0
1.293900793537247,2.692579026732903,-6.9243363350806595,3.3110701225888293,-0.4531719701834873,4.91492789995958,-1.7599308104071698,-0.7803125810488407,-1.7367648799592696,very_high,0
-0.38987113288628134,0.5791675977520228,-2.3322220284374717,-3.259371269765978,-0.022229674592284532,-2.3691760476322754,-1.4853259317756367,2.4794783599282395,-4.007075594638103,medium,1
-1.177358387800693,-0.42820590271952486,-4.714592078872816,2.3876884685511626,0.685914663864251,1.939067303877196,-0.26551267532945166,-5.170497216431513,0.9319231044466265,high,0
-0.5194565435918242,-3.897170504170311,1.6902486042818265,0.07291240891224504,1.4773406370190822,2.2501865595111763,-1.0650431177837292,3.112897004627886,-3.514346118636108,high,1
0.8706504584119262,-0.7971423333298373,0.5293784957760025,-1.299897014039716,-1.1218273722539502,-2.948848147064232,0.6392324657830095,0.9274736437689559,0.037458120235112746,medium,1
1.4309684579048882,-2.2726639515188314,-5.783605971344629,3.65562373510061,2.278277345895957,-0.43669110818688184,0.7591359143960578,-3.1344403206684914,-0.645221733405446,high,0
1.1936227854251766,-0.08593962987064785,-3.3889967034567428,0.8827874865736919,0.5137980166299239,1.478902438828112,-1.0765419885749057,-2.347217530820763,-1.5381773081287424,medium,1
-1.005081770186085,-1.0709947109224225,-0.9713415939768524,3.8897112576305553,1.9712657239479043,2.5109074540544762,-0.4444427910126572,4.0400253473096965,-1.3707316950989146,very_high,1
0.38272021046471283,-2.4008898003172523,-1.780093026874522,1.3131159724102355,1.2714360120270833,-1.0263611512529296,-0.23072614913617365,-0.027431479530892755,-0.8672007852816828,high,0
0.2895903662894727,2.684538490347425,3.243935037804609,-1.1856860765316197,-4.227715406044801,-1.9167922172052145,1.2696339473672964,-0.6006618880935635,1.0450460298295547,low,1
0.16263895976016457,-2.7469064693661296,-0.8486908375502356,1.347486021754083,4.662263082159037,2.796578557576182,0.4548134888819476,1.016374959747228,-2.837616925056648,medium,1
1.1249094429228372,-0.17421777595168408,-1.0151617776108819,3.7475024496626523,-0.4635960372052359,3.079879979972852,0.3059825521578638,1.2519348539346487,-0.7101068082014104,high,1
0.9469616148189975,1.8030567519596414,-4.471145350648711,1.0006200584687672,2.3549044099653926,0.4913699240789866,0.42443186878089884,-1.1412512583070533,-2.9787374075368294,low,0
-2.416507274367611,-2.023517790991472,-10.333460790785935,0.3210441282582588,3.1961502134818724,-3.436982625311004,0.37950433478436296,-4.793822952211666,-3.447352031068591,very_high,0
0.8767656061815922,-0.9015358487948716,-4.1088774036318565,0.05818761124194971,1.4488747324813098,-3.4135167203486274,-0.28700185837141107,0.8305884680312252,-1.723513597442951,high,0
0.5011591786083459,-0.43160945399790185,-8.514608036204825,2.4798276272567374,0.3694613978407961,-2.598262660175412,0.9526078251048096,-2.6000737397817613,-3.384452086717774,high,0
-0.7457377069338,0.03760127471747965,0.49786361968725323,-1.795210315662384,0.34974764881819964,-0.8097177128863137,1.155281789025571,4.8799252875604475,-4.82541865038124,low,1
0.9936909520929552,0.8442688064286021,-6.6888524867174235,3.6403235375624323,1.4116807393270683,2.6888230725265565,0.08857161781449174,-2.322547776951721,-1.1996523498197864,very_high,0
0.24873507407220474,4.380914914816572,-8.839420731478958,-0.6175278274056508,1.167385538754706,3.23625111649761,-1.1030464474763466,-1.3288738648408336,-2.76699409927903,very_high,0
-0.9729954937699533,2.9656415555733897,-5.72019419614119,4.499730214799933,-0.863992394487817,1.6008528069688137,-0.7747271337075675,-0.08048192928254361,0.9690706963246243,very_high,1
1.1518238990681027,2.6135245946057157,1.3485653715344201,-0.11885871485176103,-3.244907036066606,-1.9436263385092318,-1.6235140518990299,1.0004735123315638,-0.45488263068776846,low,1
1.4075104142222452,2.012377871958222,-7.557401324498038,2.5899270341002865,1.9487031548555427,3.0652977566547106,-0.9441514020199524,-0.17107505053224603,-4.345543100453888,high,0
-0.9334191307950553,2.561320301137865,-7.689213878136409,1.0535109165298517,1.1494155308170324,1.9588643096081593,0.1560080121177067,-1.526165324544206,-2.3319030802081024,very_high,0
0.6899671706381076,-1.6441069676965656,-2.9570023457956767,1.5993286869957821,3.780684525209124,0.359886023728498,-0.39038368736561413,3.2396000660145337,-1.6090018151539245,very_high,1
0.5278728632179637,-0.8063015471196628,-7.369218187258635,0.6432857131499423,1.9345827025961344,-3.386266382613535,-0.9545953710317489,-1.283573197738273,-2.2456673484064007,very_high,0
-0.8860542893563849,-2.753553636229872,-0.5787073809619308,3.1200716220715994,4.5844823067107185,1.9014722864694298,-1.8722713470228314,1.5420771063643999,-0.9601133976830163,medium,1
-0.7473157340399759,3.805810339594121,-5.075057579702545,-0.7658027516575936,-0.38524294772944123,2.130070015298471,1.8605067253363574,-3.5871815119531814,-0.19351438349967554,high,0
-1.5506099091513506,-3.9033543236727146,1.8641772557796408,-0.995326313723514,1.5336478300360474,1.7935359414437984,0.9328971532456979,-0.5583125659065205,-2.8236595481000646,low,1
-0.4675344843186192,1.2624635398511375,2.1470431277073088,-4.038737159833899,-1.4527301653395677,-1.1236011255260538,0.11712251532310052,1.809976467943141,-2.1797358033732124,low,1
-0.8530857973623502,-1.4293046569448538,-2.2027171063731226,1.6448574374240428,2.473874720534185,0.461073047596386,1.6142122555132652,2.5736545294274946,-0.9661631861902311,very_high,1
0.4694875982907002,0.6242430198254856,-3.8425459185472697,2.998474984686506,-0.2634263660379894,3.85005145189934,0.1449700259319039,-2.5079429316303097,0.4399851031581006,very_high,0
-1.6162661457670928,2.330366706205239,0.18166149416212307,-3.8257589199373143,-1.442205764354641,-1.9917031426670724,-0.6331630716148046,2.1429390808449793,-2.1562928988567798,low,1
-2.866071607888922,1.4462209084580728,-8.298726268322195,0.98510182327067,2.0016521083056236,-2.8454933574487127,-0.9640283323295351,-1.151602854786265,-1.9519152799614103,high,0
-0.09599526618925949,-1.9551799671791243,-2.0539775160905456,3.405711267250923,5.897143485424431,2.564184193062685,-1.236793539871822,2.598055365492307,-1.9143747362816739,high,1
-0.15936628595244004,-5.429209254211557,3.285069818841449,2.312265024878333,4.607169609792365,2.090834934118415,2.1345955514222443,2.193073677121113,-1.8669876148495983,low,1
-0.15177051294524704,1.9520640706537595,-7.11530893563074,0.7963035183883866,2.552566871977444,1.6749057069417352,-0.6557539966613662,-0.811344627157784,-3.9986157457053535,high,0
-0.2676177219007939,1.4552630185073228,2.8333257158622516,-1.3916336931309934,-1.5886197661173649,-0.38696406145749096,-1.7620487755402687,3.608326474113162,-2.9809582921994693,low,1
-1.295055125405176,-2.119109473406886,-1.1769630954860255,0.4952976181629587,2.6804165828938404,1.549169054663823,-1.5607682266966907,2.7485529812904343,-2.9315325947202338,high,1
0.739196767739077,1.8878312919052669,4.210701499234393,-1.1641003673623755,-4.896761417008246,-3.1426534285521477,-0.7491747481395453,0.1431850156515866,1.2147381125249674,low,1
-0.1110687578538671,2.6620198105410844,1.6616099726854379,-2.0434115111881197,-2.3544984856189237,-2.040674061297952,0.9367667818292721,2.2599193019173907,-1.4147519358967873,low,1
0.7795842461630362,3.5617307324948033,-6.660447479195788,1.373461701344044,3.6109209671370723,-1.3610913565383413,0.9955557966352104,-1.2235317137053217,-2.771703407830964,low,0
-1.1434835036182627,-2.1706417822515736,-6.925234763788095,1.2674387138908658,0.377287269025411,-2.4565682111366174,0.38940296058892643,-1.4497975860081778,-5.729470852828306,medium,0
1.5266845775258495,-0.2025892652632988,-6.292957252948087,1.7937093781005418,1.7749245436070125,1.4853305390465366,-0.471485832780439,-3.455568732809735,-1.7358437220759968,high,0
-0.5998896018339789,3.6817962629440117,-10.385380271451014,1.0789352057457142,5.175972800107709,0.29869250018267723,-0.4907211254756556,1.6510576432043405,-6.24348420328165,high,0
1.1802027066679226,1.6786457516271038,-0.38250797163838285,-1.1179730939473609,-3.2843328425528533,-3.0392341350331895,0.010199542843669786,1.9267175634982852,-3.212955197725761,low,1
1.7973518726167068,0.6419870134689019,-0.3148870382879323,-1.9856089854107823,-1.2483669862464921,-1.9115012313235442,-1.1625972879478728,1.407879772586014,-1.9247269814242218,low,1
-0.17287307537972518,2.68446473584159,-1.3849621264838965,-3.451656914335108,-0.996389576580366,-1.85840290813015,-0.2722425174560386,2.1536937417486635,-2.6315565581266043,low,1
0.14540151456856792,0.306649901868693,-4.3719107978699325,0.5316962726568559,1.4773472711131965,0.5005667916237682,0.004391097403525749,-1.5519578934062512,-1.0292808546343137,high,1
0.631901467646787,1.0712794138885986,-7.427215293567745,1.5558421456049054,2.889536001184266,2.53107851561481,-0.5537416231177833,-0.37979941147414364,-4.594176137622949,very_high,0
-0.2438731170273253,4.237136666064762,-8.784578428139412,0.13821982045508396,1.1850763471456265,3.173480451459209,-1.6618775137606852,-4.255816421169173,0.008552496291412526,very_high,0
0.42966257750315245,-0.5553387926959974,-6.305017404983341,4.329455605646331,2.692822860056064,1.9654625413313753,1.8939885180303484,-1.731569830593115,-1.8458424145117074,high,0
0.48698463430161737,0.1600388595915474,-4.5779619775140725,1.000322054441972,3.2233902424686676,-0.6186652329529343,0.1840667438083314,-0.7263431489593,0.27340075356158366,very_high,0
0.23240521365368297,3.2850535620022363,-0.281410870275711,-0.40907140379703155,-3.4976332891161075,-3.1161426119642606,-0.15784119969461402,0.3232295211796694,0.48105829831875346,low,1
0.12947772321688975,-3.1398013576497714,-0.5494239393771905,-1.2557410091883205,2.563156707782774,0.10246838792907265,-0.7325546823255682,4.139696625970209,-3.4393714823585917,very_high,1
1.7345247129881387,-2.7248841903965593,-2.48611148464523,1.8861020117861327,2.130477340889808,1.1426224601599848,0.5184978417332853,-1.1797143864856112,-1.9886197549326057,medium,0
-1.2450943897792426,2.7317547503916475,-0.5301504813477103,-0.418755662634815,-2.253403613683072,-1.3296878177028715,-1.2144875608390209,1.9507564384365237,-2.587596286356751,low,1
-0.23542462455063976,2.9224118939439307,-7.885885335228521,0.08962116645247198,0.8506888641943994,1.7765019946922738,-0.02161668689565994,-2.4589247894038992,-3.056930346698863,high,0
-0.17372198866757604,-4.73549253261884,-0.5408394426088139,1.8002843009106602,2.8608046616277276,0.651735834756886,-1.3159299323995737,-1.5470817752981483,-0.7103560509477398,medium,0
0.21606875405378725,3.859956380728028,-0.9331527519743146,-2.368442036843927,-3.657472074304516,-3.443227888390151,1.1426506859624583,1.1253165098768536,-1.70206933006373,low,1
-1.0768610419413662,-0.3316687380045702,0.10316739635356831,3.1953223821325274,0.5032014642530078,1.875675795330581,-1.13833633655989,-1.1741591877000528,0.15393163418998945,low,0
0.914208994398929,2.9777416728332176,0.5502534608047451,-0.9721217097631742,-2.7790997819778545,-1.4618708632614268,-0.02745179701597003,1.8919655516316685,-2.2592068410302573,low,1
-0.267510256766537,-0.3134008217824418,-5.126205824737372,1.8121222118064204,1.5816534331085719,-1.57491821000408,0.5321615652448167,-1.5439310132698523,-1.4064018709000885,medium,0
1.7059568902427267,-2.488998485276893,-3.8015282200064515,1.2540424267225172,2.4720572526379603,0.2916095966984258,-0.8245859718761545,-1.8663835947280347,-2.9727377847621534,medium,0
-0.22142750309347212,-0.37802306236556094,-5.448581308179118,-2.125061937435703,3.1557060428086663,-3.555203115063784,0.3945067448208977,0.2698237384014319,-2.430930798737953,high,0
0.8275431521494215,2.5971801632057425,1.688923494315372,-3.4664780126068466,-2.992759341411892,-3.6367438817278974,-0.10490025459387249,3.494756502796198,-1.5308206208902884,low,1
0.704188744011972,0.05584634437513758,-0.9005892101638411,4.759803954174826,0.7752240297393485,4.5839516713773065,-0.23449615927938086,2.7250375792220067,-1.7965261515606412,high,1
0.7782916252584764,0.01350225717221365,-9.032722922700277,1.5963904884234639,1.2909773101244877,-4.2266358732613805,-0.4797628158046786,-1.2954759197076653,-2.780579133436845,very_high,0
0.8000324898266281,-3.980649895413354,-1.4190750916648338,1.0581430457740493,2.6165885579434085,0.9813816185022872,0.25424915915090257,-0.8982420855457203,-2.2404038809171665,medium,0
0.330782566097054,-0.8816263430612772,0.7075565593406967,5.155017368121884,-1.644790889848702,2.9840360087616067,-0.19537980392792959,3.52335590004998,-0.12338087677690757,high,1
-0.26432069166930966,3.136283396900894,-4.375496086585655,2.118811618514546,0.9387370538903446,0.588600040275217,-0.1639450880971419,-2.5027910049200295,-0.45411669783831,low,0
0.10795164816935787,-7.39216299874279e-05,-5.5315574906633875,2.1862170540890693,4.013419964621162,-0.33064385055818923,0.012379668254104165,0.03568886256792969,0.4474017196477422,very_high,1
1.642011993640754,2.341075704790489,-7.505161644022966,1.3990142779133647,3.2435092905086504,0.724009975540798,-1.1483100513690894,0.6338501297580958,-5.055572480732176,medium,0
-0.5135367526164957,1.863685779633031,2.3418718721726646,-2.8416187810192852,-0.7967705191092951,-1.6342504143108094,-0.5697013875153973,5.57161197599107,-2.89266297913096,low,1
0.6868592573272025,3.436772532479413,-2.4582845059113945,-0.057831522589960827,-1.0443278352751255,-0.5103021981498213,-1.1303856195356372,1.0831936083043483,-2.0790530071018245,low,1
0.1245704810242697,0.07355211988796295,-11.079858740371082,3.469868405852432,1.6998786361114395,-4.387437542071108,0.4546478815657283,-2.4976397049610597,-1.138811060125502,very_high,0
-2.3560823802978357,1.2400297333500896,0.6724057371971282,-1.916769489237712,-1.9606463004821426,-2.899554877868004,-0.4002491366529474,2.2976479102216283,-1.4382145009595,low,1
0.3597247964616449,2.482423421626362,2.0354195243624025,-1.921873928335326,-3.0484358339038398,-3.046315923841143,0.055440850832215956,1.8978341751856411,0.7228105874157846,low,1
-2.225578196305371,0.4737294962796137,-8.00104142798359,1.9487607942789924,0.20332050600371288,-2.865523663314513,0.47528577456232785,-0.7630498635498151,-3.5066186766059904,high,0
0.977632966801429,0.40031701555253774,0.13614114856665477,-1.5340414577661274,-1.1244273713640816,-2.0159108256071017,-0.15424577302421397,2.715472057385398,-2.8577522987197916,low,1
-0.8827301165213008,3.284198593045817,-8.713502116374801,1.6068025608887582,0.973477112480291,3.1010753952021988,0.38033759144676577,-0.21886139582447894,-3.6645305969080066,very_high,0
0.8683078173776322,-0.9079160676115888,-3.9236932880887414,-1.3717632300556908,3.1688205310358972,-2.1713282575632924,0.048473417086757446,0.0937203479869666,-1.6665309535140769,high,0
0.37000019933041056,0.3234649764518207,2.170787863556002,1.7822076026154663,-1.6127500306646412,0.6094462455296907,-0.05442087522810339,0.9785855852991637,-1.1541966636813559,low,1
-0.8598624691505946,2.4622506693114428,-6.681899284081388,0.7699514608378784,1.6371621282895905,1.6275270229285472,-0.04101261799188832,-2.011447086994069,-2.640251776703579,high,0
1.6393788314523075,-4.212987987060157,-3.5361014000809767,1.5525285634492392,1.0835219445756104,-3.6739696722989352,0.6590081571339249,-0.8851282603118455,-1.613455723237587,high,0
1.4042418905902316,-2.8269506890788874,-0.5832314645691798,2.860124577481667,4.72108596155497,2.1437598712122634,-1.1618242978830005,3.1179788219237285,-1.6693318827279477,high,1
-0.3590614078663869,0.7868556494502208,-1.4877567926843502,-1.0928587435762322,-0.3285558087549245,-0.9147907310739508,-0.7198272516814679,1.0321609363613191,-2.384356167217871,medium,1
1.0358932969708927,-2.295958311492137,-0.4767438644244384,1.1717901626992004,1.8102509698363412,0.7572655889520992,0.1534440502771525,-0.5163539242385353,-1.083692395092919,medium,0
0.7539356049834559,-3.3718260689337347,0.3231879163787075,2.274874251984843,2.5015672024334843,0.4571949183015256,-2.058842247252665,-1.1121098693419922,0.5956873963138871,medium,0
0.705938136443298,-2.603070925611269,0.8544988750177691,1.6459705911914395,0.9023885606401626,1.824948494661521,-0.5489087767352165,4.643212201365015,-2.6074694025008514,very_high,1
-0.34451958349622464,0.7758844768330964,-5.149543389497341,0.943812923235111,1.3247857042076268,1.8460976591496951,-0.06753142512261695,-2.4746140201235276,-2.2675544364723845,medium,0
-0.10736453399910106,-1.6768891331330584,-4.817060999884176,2.1014549346250058,4.641547657900397,1.3616379558403422,0.31592691838662956,-3.933429516062308,-0.5783725663555719,medium,0
-2.265666213919125,1.263331309029674,-9.66080821971875,2.8094924758445203,3.012741594760653,-1.877642223866792,1.2983030879598398,-4.161217360424294,0.5640991680960605,very_high,0
-1.1932113549314998,3.0788727964510096,-2.207333245665555,-1.6472115751177638,-0.8881113323120841,-1.4432276972461016,1.0255405773436301,0.7212884603518246,-1.1028941811063806,medium,1
-1.4838346538773421,2.803301657976247,0.07390061287771899,-1.9292176301519446,-2.5762842030491617,-2.3043715973470427,-2.7324743415480826,1.0068373720679258,-1.0295604322685623,low,1
-0.2243023727476552,1.8673527122489937,0.6354420910333876,-1.8207061039029528,-2.4433878205448014,-1.8351640597849306,-0.18751104721531495,0.2677490956138777,-1.6946589430070915,low,1
-0.13710474209043605,1.6949781456656543,-5.837751294491532,2.7697969161223637,1.734634554086313,2.009323385207178,0.8539735404780205,-3.100689628208638,-0.09997990381132049,high,0
-0.7275519111522949,0.8044679719550384,1.1587358635953102,0.3450812580887199,-1.8111904193945143,-0.49385476735363154,-1.3096175918540411,0.5618156857554875,-1.2138431425844056,low,1
0.018415738232976108,2.2141032299823893,-0.1970655246621842,-1.9258432806822239,-2.9779173024110444,-3.3510169585052356,-0.9033997948281881,1.0104428121342806,-1.3942184719931803,low,1
-0.023142890964951306,-4.155404013494059,0.05976345340886702,-0.5938793484003642,3.610148309448998,0.5657178110339982,1.7257421521077827,1.6345642318895228,-2.954138354257081,high,1
-0.6049757567054451,2.5704648550086047,-7.305229694862134,0.26260971851515946,2.9302412037711827,-0.6853904461321443,-0.7641808316734657,-3.006228024882337,-1.1145838149321956,medium,0
0.13207313252018013,-3.1638995375756958,2.3584179882998177,1.0703266862834262,-0.8774566581628556,2.509929237227126,-0.7087879326164699,-0.052655284817868964,-2.3350149479013296,low,1
-0.7631789014897544,-5.523544982577929,5.292951989693891,2.443663578553882,1.9898717871313998,4.026927053011708,0.918181178308778,3.494695009844329,-3.2094123575597493,low,1
2.454858020042945,2.3038164902422027,-7.090495312349162,2.5776461816213136,2.1847656525551313,2.486289778004929,0.5515158689800774,-2.96201751674538,0.23761182255210023,very_high,0
-1.4384201693187728,2.8497793582330684,-6.313364039839095,1.482657822067653,2.5628064061268705,0.3874669343663668,-0.8307242630538235,-0.7770725234223057,-3.067593274389752,low,0
0.31208056032611303,1.434547273686058,-4.840986455922723,2.2923267545500314,0.8136786541055537,3.250839222419252,1.814655342273463,-1.6198747533788986,-0.5571119516311049,very_high,0
-0.05719055484082387,0.46555102757983713,-3.0893312868706113,1.5490551219264959,0.368480293298034,4.618901125816546,0.2937609175533706,-1.0197806393171973,-0.6941768448727004,very_high,0
0.5571715835165172,-2.1725985692642436,-6.521289726072517,0.9038084753982599,1.3578503749840443,-4.947875477897857,-0.07641285095303539,-0.7604955039843913,-1.3769706911697634,very_high,0
0.10034759175135267,-2.309553385266773,-4.530096133867184,1.8313345911313292,4.581006687143194,0.34752848252952107,-0.3747861895595717,-4.416462876179157,-0.3129293637389907,medium,0
-0.05028432548218332,-0.8200305228179567,-9.41624363806662,0.24225435405564766,2.350966543141989,-3.803556276663107,0.05456119172615764,-1.6247656920770222,-3.426636967885362,very_high,0
0.17214540866226877,-3.038640091673022,-3.2358173979283773,2.6688521179840285,1.3359060685063155,-1.8272201091312705,0.5195828276850126,-0.024250336694703778,-0.38901709557109165,very_high,0
0.7049410664905743,-3.2285249505359928,0.19569337375886042,0.7729533488967226,1.5043642226659704,0.3870001721661518,-1.7008356270873959,1.8413447129832767,-1.7512597786438058,high,1
-1.1837348018697584,-1.8824719539219363,-5.127944082710082,0.04162125802681915,2.3687095280328574,-1.887922616445617,-0.9848028005680826,-0.8716948632793928,-2.2686412679786243,very_high,0
-0.3277142647508787,-0.23095558396589477,-10.442864996591993,1.3717238536185643,2.9473505414299574,-3.9658096488512085,0.43540154148426075,-2.5546056574155145,-2.1085163025671756,very_high,0
-0.6769366948394923,0.9056342266199449,-3.363439004088023,2.876165867022694,-0.22022516462887176,1.9387122352772173,0.9579074455546994,0.8558794044680438,-0.6525359315795503,very_high,1
-0.2801919674382956,0.11795651510557725,-2.2986187137730845,3.4135209538152687,1.0146564431497476,2.4416913758943855,-0.8771929472488935,4.075531813714145,-1.5838688940640842,very_high,1
-0.4734253397167225,-2.590132589597994,2.5045731935872273,5.199411647206051,0.21412533446622084,3.940719309558437,-1.3403122689209055,3.239254054452668,-1.1024472313474378,medium,1
-0.4444195493954515,3.1772014952992205,-6.958270763121022,-0.0922185440152663,0.9725485616478107,1.4884549062611483,0.2549070295170637,-4.993241544702249,0.9209432693445969,very_high,0
0.5675804506552077,-4.257012213695225,-2.172545648055369,0.4281092094216876,3.5873085506138294,-0.3604960817733316,-1.6650166320615098,-2.045308725439405,-0.9909277480874966,high,0
-0.26926942435262874,0.727307739681698,-6.735229198671888,0.5890461086541126,2.421163855792062,-3.8647428647470514,-0.6813892194235872,0.19407835761843284,-0.7247791459533661,very_high,0
-0.4775109378050145,-3.054551862125597,-3.9337424687965195,3.6852437434320517,1.3605024284154814,-1.4546468875801764,-0.9750840731985067,-1.5742554729316243,0.3557424601179522,very_high,0
0.8780873850786999,3.2448594269508773,-5.987586069691045,0.241071600648882,0.7689678110818692,2.2735528407665595,-1.2622984722217219,-4.027012491764632,0.37245681309818157,high,0
0.293939848286231,2.2473227826664735,1.6539082688761941,-0.6767953350663682,-1.3395267543493388,0.5072947798280516,1.5248670444098233,3.016673184398729,-3.2209132097229944,low,1
-0.9766370227959653,-1.5094901036885606,1.6784696161057302,3.6817182487117073,-0.45834999940100385,2.17258016753678,1.5718213057772534,-0.8292643723249704,-1.151701951672841,low,1
-0.8678040112779463,-2.558880940011458,-0.9090604398682616,3.4357868243722196,4.29820020824281,0.912723085160526,0.8547979150407607,3.6088485889024784,-0.5872253925372375,very_high,1
1.1206702235903225,3.520946355221095,-9.739215811508458,1.2398122645303467,2.493318959827987,1.1490681962491993,0.7353837965683436,-2.39862818872253,-2.293920852559374,very_high,0
-0.362131556954333,-3.3069943763394853,-0.28525254163181213,1.5447039756187029,4.788430644759227,2.044861125891975,-1.5599782029136051,4.190258015484626,-3.0940538057292186,high,1
0.428895853958112,-1.5246260393816742,-1.3177624630362919,1.5026108295894622,1.3304680833856908,1.823521982952589,0.030867374544816535,0.03100485082265836,-1.8185269111800342,medium,1
-0.5970198971078851,-1.6982929335292707,-5.010202029448603,0.21178357366578315,1.30513598534362,-3.7342839388492246,1.3370391259050196,-0.8567853047977697,-2.4115681354371694,medium,0
-1.0681043455829369,0.8507268943064907,-9.349936615034586,2.0629425728471458,4.114322049937691,0.23129244736428922,0.4218048055067076,-5.183476229686232,-1.6898516980479907,high,0
-0.4190647448135233,2.785181497462702,-4.969458526042231,1.0171169686077097,0.6612588224574578,2.911762339072552,-0.8835733438895558,-3.1393185934606396,-0.09617869275760138,high,0
0.44533081585490525,-1.8176115589363884,-5.158096256807548,0.22234982997262254,1.9205669108408938,-3.0408311121186378,-0.03172665245157495,-0.4388237853531245,-2.187300369964418,high,0
-0.10991726920295179,3.5999207348436277,-0.4389702595291214,-4.819887362195693,-1.7268309801127293,-2.645610297598832,1.1647873248261669,2.722975112276118,-2.451498319106265,low,1
2.0646746505847577,-3.087643358130965,0.19748251017494223,0.11673768360114312,0.9336172831340611,0.25204879734265573,-0.20666557619269588,3.720637916730648,-2.3572020682941366,very_high,1
1.9290206903969034,3.0896787039075604,-1.912409785161448,-2.402399594513523,-2.1152649645352435,-3.2726078466676842,0.7348907289349106,0.8819244430233795,-1.3980532030407355,low,1
-2.4186647623122846,2.910652417226993,1.1373501718817742,-1.2584340323816954,-3.143443902511599,-1.7523810394662616,0.06402995503849272,0.3672332350697938,-0.31104078138780533,low,1
1.4011774694886965,-0.5812355195812726,-11.099956896403562,1.0658217856734173,2.073742759149866,-1.9468561230896606,1.6833240931362694,-3.646343389078017,-4.780571689260529,very_high,0
-0.921280639493207,0.47577439873003,-4.684377457559641,4.334755446090749,1.176227563177271,3.32868187607988,1.0637385661630874,-1.319656788951854,0.03917825334268765,very_high,0
0.6577409817095412,1.3490008923141563,-5.381832805765191,2.0886446774336203,1.8126306558029863,1.4971415133021204,-0.6990291382789088,-1.570086958848678,-2.2490949339502397,medium,0
0.0942306473041842,0.6338068979349529,-6.005661783289206,1.9825579558815365,1.7069747582335335,2.876417921247521,0.43312822742233875,-1.2915943008267416,-3.282716389969104,high,0
-0.6109786848970712,2.9471984432575855,0.4893344346407762,-3.504154343476828,-1.709836439984154,-1.5989436126283127,0.4286184915078103,3.314264585274229,-3.42323519762106,low,1
-1.4469294993322073,3.3294619911881513,-1.7838192834582711,-3.5618439647399516,-2.0626235651000284,-3.0203219824316916,-0.17912368225123385,0.43481375635614006,-0.5555365765364788,medium,1
-0.41920406101641394,-3.7637051016946,3.0670519780429495,2.6701883274707052,1.8992158320606265,4.56724977527507,-1.6548941034258782,3.953781657602713,-3.82872000930033,medium,1
0.07233393603837522,1.1685570580362568,-6.14298476070703,1.647455062164347,1.231017510373526,-0.9930760546286763,1.0766064809804556,0.7118755711392311,0.3239507204252059,very_high,1
0.6356004082697304,-1.6330653226276837,-0.07174101268224753,1.6040469166492115,-1.0748456578490881,1.7481433602547,0.6575567839657648,3.010965443382955,-2.0026128776081276,very_high,1
-1.4113542883257841,-0.26396011730919566,-10.59543440559666,1.6383496864855205,0.8778643607421556,-4.012309483643262,-0.6033441299111424,-2.17937328845234,-3.9841113284094787,very_high,0
0.8355176584902099,-3.8076825958218175,2.492276778257679,3.400464612253658,2.422004805562559,3.4302685558446213,2.4645527202219695,3.147184534862423,-2.4743503808350367,medium,1
0.9502316923585493,-2.24778641544107,-4.175905161928205,2.304536415485712,1.3066377363532937,-1.3872289635668265,-0.6800125236415224,-1.4993614202517858,-1.7200488911817573,high,0
-0.6369222382195563,4.686707196821428,-0.14379302405123756,-2.878214397735537,-4.758796724420578,-4.91923217327416,0.9178545532451186,1.3254940610336396,-0.3659434116965157,low,1
0.6511829726078993,1.9439253920861737,0.7347551706812558,-2.310908519031256,-2.426026517169131,-3.70389063865413,0.09438854971188436,2.482073126098031,-0.8703335125324093,low,1
-0.914855675359249,1.0773549026498537,1.2066220279023052,-1.5551518032495801,-1.491889805871212,-0.9398548095093795,1.189316403567726,0.5324428787911855,-1.077802837023827,low,1
-1.7608275329585021,-0.4982825108626898,3.587614106904041,1.2668536385556417,-2.1844068494576754,-0.09325759282551904,-0.8473994592019098,-0.2246637895861745,0.1824441781060513,low,1
-1.667757103705861,0.35212647528341057,2.6866653335170128,0.9175262160701994,-3.6626080298410404,-1.6401350191541748,0.041102135718928276,-0.7112635245528429,0.5358440492641001,low,1
0.6215198628928822,-1.1430180671002181,-6.419864850423577,2.8753760094761276,2.039218141405125,-2.305785044807559,0.9170015492748824,-2.4415631856373206,0.20231818304272298,very_high,0
-1.6017769450743702,2.446708244572469,-5.689477662189661,1.472191880847111,0.5327147859751356,4.307242115442778,-0.41920347014897574,-0.2689128370721654,-3.810302462659939,high,0
0.4450175979014189,-2.4687361878716927,-7.330701609183519,0.009948004285156742,3.07505066153134,-4.860852675020219,0.9297497073276195,-2.511898597441992,-1.3075172722841044,very_high,0
2.0475521663086043,-5.577633545301672,-3.7096163127013697,3.364348040678907,1.7096079100050063,-0.9794598062682619,-0.3566674911519234,-2.1420955775896258,-1.7151373861982642,very_high,0
1.9439668237751293,2.809736187232211,0.11794381529885789,-2.401108853028646,-2.204608669492246,-1.4586896919887828,-0.7207480823478093,0.6220130318360042,-1.4165096167220712,low,1
0.5822222457802877,-0.382551178179515,-7.692513298668486,2.999337715877652,0.4763435801995748,-2.6488446025519727,1.4268992278253134,-1.190330678340802,-2.3399973229488373,very_high,0
-0.9071906237979962,-5.5133913974599995,3.714978765045797,0.4604822352165161,2.2798963099955643,1.7654449296489492,-0.3243571825970377,4.362465268066503,-3.3059095275312167,medium,1
0.6395585655013442,-2.1605423521762304,-2.64016722539212,1.142852063321497,3.0410387308040647,-0.6816927551437149,0.6550031346194506,-1.0371782429293392,-0.03505528853069584,high,0
0.7311091442209081,0.47370898719284393,-6.573083054909603,1.7671347003752127,0.5630217015950216,-2.409901017425277,-0.40993135792476165,-1.8618062094095023,-2.5397135230156977,medium,0
-0.32843802400964067,0.4821542447429763,1.12647789588556,-0.7676370813874547,-2.729394125521654,-3.4858439191958537,0.6576382785618705,2.204098690049099,-1.0097362573563475,low,1
-0.5754968043154589,-3.310691414600014,2.0279998082952235,3.1236730126790833,2.8721703577372937,3.664167313952853,-0.3189299729500246,4.833228887951157,-3.0668598212196883,medium,1
-1.9436567277162222,0.4983570333006715,-7.111103629640968,2.4588596190032614,2.1926552704656763,2.125784105110533,0.5314505987246029,-2.329258104795816,-2.3141917724219847,very_high,0
-0.9957247664897044,-3.6075609045882793,-3.902573431313506,2.0872968408861556,-1.930293381859521,-5.216238972581443,-0.025267921374658567,0.3829719199997348,-3.3460240892873703,medium,0
0.2582085427268659,0.44262149313187504,-12.238646786368324,-0.8307208112435485,5.695870552800359,-2.9413141570835846,0.6149258072369297,-4.476673815471225,-2.1376648028645526,very_high,0
1.0192674781225277,0.899155346311052,-0.12415935318761112,-3.043157817284966,-1.9930784854363206,-3.7278684147630177,-0.44058083886898175,1.5747192383193451,-0.9750437645921954,medium,1
1.4405148722255117,-5.5809870700732835,-1.917541186757429,-1.069719316071448,3.5704731303240047,0.6485786071625534,0.8911454606193804,-0.6592420845942211,-5.266694078640078,medium,0
0.07467660720882827,3.706566365476457,-0.8501074482825258,-2.36629107677391,-2.399749667858349,-1.9382532987226075,-0.6542960186720946,0.7211306711077439,-1.4937079249086878,low,1
0.9390443692694539,1.0109390713681412,-8.337571770635352,2.01045090204485,2.1219632828513944,4.003389747722774,-0.8794928094299472,-1.7388715267394852,-2.1119088835950675,very_high,0
0.5921403142519512,0.8005344523832496,-4.282008543863928,2.62536896743729,2.8590540842528718,-0.014060029489237014,0.9466199491172445,-1.4265299816801291,-1.468234548558781,low,0
0.619424570057224,1.4921816476437102,-1.212394978870651,-0.6067654674798462,-2.5173227869838515,-3.82669150604442,0.3318339872388406,1.2589390644779583,-1.0425833011023509,low,1
1.6772270760369838,3.165335196386004,-8.263935764136509,0.8968404062181414,2.180540509043591,1.9556929628200428,-0.5359382468133194,0.6759105976919655,-5.026246267683824,high,0
-0.6689302183219863,2.4067892204685672,-8.207535361930603,1.1224944440986102,-0.00920165226128189,3.258276814434204,-0.13761767964894556,-2.996326250217215,-1.804911725669906,very_high,0
-1.2907102932143713,0.2559763804681945,-1.7953575755530389,1.208187066035055,-0.12055686966196766,-4.316494961931136,0.9914226122365295,2.4321830231465436,1.0424792872601245,high,0
-1.240430457832238,1.2435538771807593,1.2650585231017106,-0.957249004579593,-1.588556950447286,-0.2769866919735968,0.8526748436150817,1.343886473483496,-1.5060374219581494,low,1
-2.026968765589633,-1.9120807163463864,-4.727890144529865,1.869582693778848,1.8933862148785132,-2.2097395080789846,0.4193381132286831,-2.369241712104147,-0.6435232123447467,high,0
-0.35480905786782196,3.6338926847940574,0.12778295269220497,-2.7035540455252356,-1.9429737831261855,-1.4210371753908446,0.18724302233613757,1.485326804995979,-0.8790558323192037,low,1
0.4717610797705814,3.717770487242922,-8.446328487027339,1.6061802641672585,2.845493741819308,1.5663227758405693,-0.5731473386216588,0.5557318441013088,-3.226600624354492,very_high,0
0.5593208304666297,-0.9293050280255826,-4.648780194000048,1.4152438878943265,3.3321284375771913,-0.14775089187855017,-0.2793072275876803,-2.9609967004220716,-1.289745896122488,medium,0
-0.38754351451567076,2.8612740371640335,-0.6946230295768783,-2.734329218445576,-1.6844478165109344,-2.8209832830318353,0.40891065585279646,3.601297333285781,-2.649933349838954,low,1
-1.5665284961224042,2.4833876186624373,-3.8544633736183664,-3.8016737556329394,0.7358213193008709,-2.1666423900342777,1.610087102681545,4.732013628039927,-5.3056211311332,high,1
2.1643308492002387,0.3310047785770809,-10.127633249280478,1.8555316659038767,2.2949581320724644,-3.5112397488935736,-2.164934575218884,-3.539620016132446,-1.456115035629789,very_high,0
1.9996404718082499,2.0158153664952185,-0.2346391611770401,-1.5632614017281563,-1.6453255102894988,-1.2919935030187881,0.7755542170900663,0.021596030713183723,-0.13809868207086629,low,1
0.6295123578669228,2.8201945285162866,-7.957623371476932,3.2634084607105316,2.870920749911866,2.317142794531949,-0.6730001902845336,0.26645821351103804,-0.7079831062416715,very_high,0
0.1258918965464835,0.33332067300660273,1.123357380535014,-1.7383841478394908,-3.321653219104813,-5.184288569456487,-0.6251814838036688,2.3159872344420047,-0.790006273976686,low,1
0.01860803191245936,1.4657758485331964,0.15708928295226074,0.010909959317053186,-2.3735077587230653,-1.772424059226612,-0.4362371033673646,0.8645341909319714,-1.2687665195112883,low,1
0.5750597983909651,-2.1205466550390235,-11.681957017659307,1.211393297478495,2.945676571931706,-3.6833660046647263,0.09207564513059807,-4.094587940580521,-4.559262616868615,very_high,0
-1.291796224330867,-1.233252656152513,-2.6447842230548684,-0.20744352657688725,1.8033052192263903,0.16772153306595228,-0.30465870457762817,-2.7285377998223064,-0.8780697179558625,medium,1
0.6652505633025415,-2.659156454532077,0.21239388920070318,1.192185667195401,2.1498908516543853,2.124377741497348,0.34156281397528726,1.2476659452529066,-2.5825454898139424,medium,1
0.31785091821446787,-0.3607799811009109,-7.7388073306264324,4.390453673967975,0.4164483835116797,0.8238267143095352,-0.2953979696530294,-4.099031712714743,-3.741752127776878,medium,0
0.8930944782187934,1.7167477533412698,-7.347057805898768,2.3643553061323788,0.06002202634768605,-4.138421087403495,-1.147587028684117,-1.4614130820877456,-1.0284680410766045,medium,0
-0.408332724369099,2.07016978637462,-8.019028551339986,1.6446131581184997,2.7830894149785226,1.4585370665101531,0.7889775194487749,-1.129711190555705,-3.550400614756331,high,0
0.6217581236782944,0.5862500857310351,-5.046330704107361,0.6968860755480346,0.20418643998444708,-1.025406439032314,-0.8840250981794189,-1.85099162376718,0.3417920942150692,very_high,1
1.5469930745796276,-0.7714627344807763,-1.6063752238063667,3.0479109451442685,1.1180706062371395,2.0786298776886376,1.224584741589711,4.0531986532174775,-1.7158502132269857,very_high,1
-2.5684534934951477,-4.548898631867065,1.3938560813425926,-0.23035681118230467,3.4875202458605017,-0.013220560656677094,0.673272982157471,0.14089778154155885,-0.21397888856824587,medium,0
-0.24943073841888813,-1.3809474803098927,-9.665761156819913,2.960680940732187,0.9338816387220044,-1.5016525105210363,0.014060737187958142,-4.491170547495387,-3.4236240850383446,very_high,0
-0.7743982218435244,-0.5369352800684017,-5.506808530382315,0.9223704669043281,1.5998471633266576,-2.3043135626560263,0.25165953469992697,-1.8194562821276032,-1.1428273146642118,high,0
1.3394534158955294,0.7244594758970837,-9.951717534591303,2.2662608502647976,1.6047325239971495,-2.8280504245129663,0.31893616207100617,-3.275370962534973,-2.7718340070448764,high,1
0.27815156036083044,-2.066674981759471,-3.334101288699327,2.1230186607345423,1.181573060848042,3.303140032304862,-1.5441512919128424,-1.4961248981420323,-3.947900543693902,medium,0
-0.2598355374912037,-2.0663099029083436,-0.9278435280816344,3.69451132648188,4.456614309013453,2.8697724474459703,0.13020588122500582,1.9291807541534267,-1.3705568478274577,medium,1
0.011265413595362794,-1.7058736102051597,-1.4604572907556959,1.1658280729085955,2.595718317799979,1.6437448678377866,1.4290406046145134,1.9753704507400545,-2.1296791314315127,high,1
0.31539644050950855,-4.713559821021781,3.673841610430635,2.6745539653083843,1.0781115179222927,1.9827341534738268,-1.5704881309107588,3.8048593044918793,-1.6909619431272387,medium,1
-0.7286355715610763,4.2760788311696825,-9.29777668650215,-0.23699179745077514,2.831615990658787,-0.4584525141306195,-1.4472134608962595,-2.2612442456338053,-2.6467322969562583,medium,0
-0.4574867711358297,-3.7260834909725804,3.014050027724695,-1.4872393180634635,4.031453766305521,-0.31394116056197663,0.6248537468091299,2.5093796701654085,0.676753739378172,high,0
-1.1024857037694658,5.734283065062198,-10.896524186036439,0.07559503674755708,0.821994777340532,2.8645146793986185,0.8875299190579455,-2.25305848133175,-2.8832266480047752,very_high,0
-1.9856084588126837,-0.8225318275035058,-2.7740066466051907,-0.9608896115001146,1.5631327587795805,2.2228341434382597,1.2950171368023753,-2.2703920805880227,-3.1051306132026255,medium,1
-0.8193702550792226,0.9328928425693707,-7.682377469622853,2.144144454586171,3.9753970854877183,1.0032375356885839,-0.7352004571534939,-0.6381417278724884,-4.290051506543045,medium,0
-1.4088955350875951,-1.5898542662803352,-2.235078831447956,1.353237157092925,1.9982950742238652,0.23622047407279956,0.4374559510423428,1.4888186369033054,-1.1767706082912817,very_high,1
0.6366426511995137,-3.458224367290426,2.0283360962966315,1.6427396331749342,2.0668307051498487,3.500328153837502,-0.48601526054324945,4.8120919199684025,-3.973682717702143,high,1
1.2262915708485744,-1.7125722307230768,0.6782953464332127,4.664669733412802,1.3316882796652818,4.196297909714455,-0.786844396877179,3.458283147775194,-1.9534837669934795,medium,1
0.6211726322786069,0.7373243450232325,-2.1485928836866783,-2.0729265634757,-0.2257535603834271,-1.418377044558235,-0.9032282813075986,1.0656334072177633,-3.102782281612123,medium,1
0.34793235817526436,-1.0113592858433698,-6.453223842192632,3.8344911571346536,4.680113163096014,-0.09009341371963009,-0.1947586789831651,-0.10435518376738662,-4.205528855675139,medium,0
-1.095236420600197,-3.2858915896760355,-3.4220858831267726,0.718432359654672,3.421254191851421,-0.9242152771650956,-1.2634041111200902,-1.7536119775803094,-0.3936643606819208,very_high,0
-0.27599635731722516,2.2314809587827806,-6.202829949391192,0.5214694005053395,0.40261093668016645,2.373852933801928,-0.6782783958059331,-2.502720577935246,-2.8488472837536456,high,0
1.1519705170698569,-1.1746827844625503,-1.1217009959955906,2.250336696846913,0.904418574063307,2.406080080578451,-1.009505153459445,1.4586795451633194,-1.7607771768588039,high,1
0.2218225852678171,-3.2292542534423854,3.021036832461937,6.204244089836943,3.9138019967197426,6.693762019851554,-0.09146070435708879,3.8450042704056235,-2.77761900585259,low,1
-1.3446085530734686,-4.671001910483037,1.0358903391352634,-1.0749217226473198,4.483703471510717,0.11275515577346473,0.4751989427654956,2.5963750763090205,-2.567546236465065,high,1
1.419690661246281,-0.7022889301507114,-3.0063131290334537,-0.7599861742785279,4.700187649304531,0.451899506980155,0.21943048925229228,-0.17340395874812864,-1.53336164291053,medium,0
-0.4485122449410041,0.6832741549267507,3.0055233027873376,-1.7874784825733814,-1.1666504827578463,-0.05875125744620391,0.528111521830045,2.5727336806436765,-2.0441101921662175,low,1
-0.20653792426033865,-0.41624972560064366,-6.962485447250552,-0.39989813115733974,3.489329705881361,-1.8895109449866307,1.466950873521857,-1.8293438931695,-2.9919246920741873,high,0
0.24325789237888523,-3.9840118029268616,4.3649837778934515,3.0717666625553925,-0.5675637524459465,3.729297608835247,0.12247360034422076,3.5227376665930223,-2.493768028870464,medium,1
-0.21819784025973687,2.554345263032586,0.22032056484231288,-0.9137583753213877,-3.3291925643603255,-2.4066063146830254,0.861374183263478,0.6531940352025241,-1.6928220019089495,low,1
1.0081338961675632,-2.5348847065238727,0.019469421152895183,2.8495819264496904,3.3811355419917652,2.291204841895583,1.451634279330816,3.5121201965577296,-2.0897750890137354,high,1
-0.7602495394509514,-1.7122368764004088,-1.2764401473491387,3.461665196527415,-0.5041798823456471,-2.9276064030453774,1.3475787477621644,0.6274644015481947,1.3526585946574927,medium,0
1.5319068295157567,2.0734260511308475,-7.15198823215219,2.5358324685239744,2.1644861492906107,2.190942097537362,-0.3229332745646458,-2.9322401671471168,1.025251059533382,very_high,0
-0.7400140491692955,-2.667199640198608,-7.433437210745633,0.9162599226810263,2.2518495981706583,-3.9801115013606863,-1.396590225127852,-1.9952971973694262,-2.5662194407913583,very_high,0
0.5387245203870492,-0.8729809956072393,-1.751886904478256,2.945224633121714,1.2645117092795919,1.5588852229650936,0.280866519204263,0.10610650723608317,-0.4363835152212805,high,1
-0.8947340967526255,-5.310515883347115,0.3840438927098575,0.7446969992754815,2.970979378244596,0.015817715817983302,-1.0708320038272598,-0.9335172950959721,-0.6451683332438711,high,0
-0.9173874677803909,0.594161728116317,-6.480104644672744,0.3477783188898429,0.819501045217632,-4.423443069101131,0.4066512589277669,0.4953381077833219,-1.7250962889159107,high,0
0.869081773265981,1.4625583332450955,-6.695792175540828,0.9074433477582826,2.109667555145729,0.8343565692640825,1.0673169551747628,-1.5199417275829175,-3.517545307920362,medium,0
-0.6533932610533676,-1.4455230725369965,-2.3458683733809136,-1.0135365282915039,2.760134497406176,0.9132850558352235,-0.4004967380260508,2.965343576418614,-3.3845807094671985,very_high,1
-1.248930084461459,1.1228043455518952,-3.644530490703187,2.2825537078910787,2.1674774189750146,-0.31484852699649735,-0.0518391957622089,-2.0124019046143315,-1.3684699572993588,low,0
-0.37306378696379305,1.995670001475569,-6.6467755371701065,1.95720594589059,-0.9361804809558649,5.7377703853329205,-0.8710736708952417,-2.1563286861134943,-1.7343728909538747,very_high,0
-0.18740558476366626,-1.2298259604706119,-2.3486403441854447,1.5564694319738936,2.985102348106526,1.5577565143292234,-0.6141328558236717,-1.864378063770796,-1.472426136801827,medium,0
-0.40002209723511,1.113274975959452,-4.262807913127894,2.9192309472679545,1.6516494387174103,2.7513998317908577,-0.5680015584100027,-0.3705396655253195,-2.4579052825556786,medium,0
3.198398193291884,0.7724609485883205,-6.079371710135221,2.0905238151823404,-0.7771631228781335,4.322756374242296,0.4249152460469182,-2.649867744279062,-1.8840719946747013,very_high,0
1.000504177131177,0.8548886635572759,-4.276264508709839,2.046923614028618,2.120732357600412,2.036268161501268,-0.5365266011739941,2.3969708333941755,-1.8064395265714817,very_high,1
-0.991405846592298,-3.886180831411301,1.1769913591373744,1.7899491555699671,1.851010222200458,-0.5239692993478797,0.32225369861622677,0.588452823000263,0.07113853754744248,medium,0
-0.3993303668666362,-1.985353875698904,-4.489099242122261,2.214077970686766,1.4616230276637299,-1.2073303225602394,0.17146184869294437,-1.0531396122376262,-1.404344266345777,high,0
0.24920819138088382,-3.0381465295566827,-4.376538351054194,2.7975705440562173,2.019230317843278,0.10985401123682181,0.6660104939049428,-2.7465526617078764,-1.98321491144405,high,0
-0.00625039883681698,-2.7065724813449554,-5.83568533729043,2.8071665251831273,2.759384991633196,-0.21434831162795875,1.0149674851900448,-3.863353173393337,-1.9486180639593407,high,0
0.8980923901146406,-1.807917063702279,-5.527477394890832,2.8470580185684944,2.0035282711273785,-0.6333496984897082,0.938848796276507,-2.9467884104042485,-1.0870092796875497,high,0
0.46305975612925454,-1.937431318871689,-1.743038753594967,1.9147545977425278,2.4864944339248654,0.6245338283479871,-1.4357180341106015,0.18292767733066806,-0.4438505654901266,high,1
-1.6881112218433878,-2.2968255002640316,-1.0261853335705342,0.2909477928216013,0.7408508923618375,-0.17920847477244783,-0.4452630230855119,0.6845759352287084,-1.112201291403149,high,1
0.07567753838284234,-4.254774010080857,0.38268014106456905,3.247731404173196,1.1838918966172547,-0.04364319486478352,0.5403282023099774,0.7327368405585528,0.1996553119892015,high,0
0.3466228924755964,3.5334836161070147,-9.346846857589048,0.978314216357857,1.7797417223877887,2.5329600886168713,0.3744206515170237,-2.075494766643233,-2.290249648300455,very_high,0
0.45055790737889195,3.036530313677106,1.458357365393762,-1.5073636866984836,-2.528562471739465,-0.9189491972161287,-0.22449913987633913,1.5906018556114292,-1.8994876749996823,low,1
-0.7619331331516591,0.9645128277586512,-6.3494145269469415,-0.5724352856790758,2.892143538024672,-0.7452692238021508,1.1347225102700484,1.1295351193750234,-1.6157172594074103,very_high,1
0.05023768852610452,-2.141202069070055,-1.3894467220046343,3.2517728581133074,3.748529658033859,1.5022300963463504,-0.4043688182176844,1.1275083691278156,-0.9243164557194485,medium,1
-0.02642138428183185,-1.2327116842102048,1.0770551196673628,5.0392093499673685,0.4357383788641258,4.488497143870849,-0.026414784657196985,1.6951505695785536,-1.1412413534707864,medium,1
1.1064602028144823,0.5030127481203013,-7.1960069445739965,1.9976960858220516,3.8494106351714503,1.3697555256832603,-0.6063906894727549,-1.0580046338379194,-2.6498917855018274,very_high,0
-0.8927843039485224,1.678540437304692,1.294633916901449,-2.2937540498274327,-1.8375777595853493,-1.8691238581673968,0.37821728101145463,2.7370692645570025,-2.482125093898386,low,1
0.8032162702039384,0.12781609895651247,-14.790413810500814,4.273174392969153,1.324217706979233,-1.8310054155683164,0.9189163932772911,-6.52741287942788,-4.9267699839849985,very_high,0
2.322069100684279,0.2515606453865553,-7.800902638758394,3.271059151191144,4.071091053259657,0.8531428589420542,-0.0966513015926708,-0.4761861873218405,-3.1678142245948013,high,0
-0.27302329621919785,2.3962515466920804,-1.5262896375445019,-3.1694984638816486,-0.8713486795185074,-1.3808844460541485,-0.20290974228154723,1.650774049729435,-3.51109863794813,low,1
0.8625645966638215,2.926000011040223,-5.804680400023301,1.734458733424273,1.0315227380892247,1.216417008688368,0.8537636181219457,-4.0262323400853965,2.6320251762117177,very_high,0
-0.7704477091874306,0.680782488113358,1.7055452124818615,-2.194837947833433,-0.5625117277588165,-1.4810243969337407,-0.872041495778088,3.143305987916515,-2.2542014942125377,low,1
-0.8309391458067976,2.100936195355225,1.0004164537696372,-2.6633837293648654,-1.7632050595524085,-1.8056725973158743,0.32186070479610296,1.11381389435972,-1.0313823509018207,low,1
-0.002176989652869435,-5.38432985142415,-0.6495837477819354,2.271944942117082,1.8960846959592248,1.9253643016861932,-1.454480359287401,-1.2296239254339247,-2.3103279982456444,high,0
-1.13888405523677,2.9395741177972097,-8.856040612472974,1.5534219100246542,1.109419081458252,2.2325808577489714,0.7763403679167561,-1.1843339538945696,-3.5642261862249116,very_high,0
1.4440376642358839,3.3397788866013904,-6.84114776250127,-0.16594244346291642,0.7496189209182542,0.7499849061815969,1.304439038682118,-2.426374537499924,-3.981262777858345,low,0
-0.3336826469073132,-2.593430307880848,-5.654743008757309,-0.9303371049671842,2.3782606838799865,-3.9667978263005645,0.7307296820820871,-0.4965137680551659,-2.6671148175102113,very_high,0
-1.4900102932649493,2.6329003832682263,-1.6029129958088364,-1.2218274629809547,-0.8285190157927855,-0.4167695880867035,0.37294048850722356,-0.2918942915669118,-0.7348007535221242,low,1
-0.30989722030322864,5.558658311988575,-10.553898885304124,0.807258243958709,4.630648392824545,-0.5826693234933547,-0.3258150797816233,-0.37553010789746,-2.720507308235929,high,0
-1.6408127395761454,0.7067863904630383,0.589137754371189,-1.9158851981421718,-2.50649323896583,-3.680820883116713,-1.0563034191355287,1.739569251771205,-1.3048316091358783,low,1
-0.7646206181649926,1.7464224161880781,-2.7645078255035056,-0.38546728495603877,0.538263066716095,0.6906496290354638,0.4761740090044143,-3.8695108213534013,-1.2558039392664515,low,0
0.0802950513686876,-4.3663277502960085,-0.4412741056013547,-2.007580360354271,4.034162476939459,-1.0225111903288175,2.03984857474064,2.8779443881678333,-3.1668007962370837,very_high,1
0.6766799547820018,0.47400082533090737,-4.707794007973746,3.7219553186811045,2.6910224363044124,0.2825473268476104,0.0815070410804269,-1.320105446875613,-1.3414216880921426,medium,0
-1.3578850114934842,-0.6708371365176413,-3.1647163007193475,2.5048671913235303,4.123229807489546,2.4285612842814963,-0.5565247078975187,0.2531337678271597,-1.5805047146006566,high,1
0.3643257548998739,-0.4982794713142211,-4.315812437164005,-2.4200140544706867,2.099328181782386,-0.33594633323446454,-1.633940433179015,0.655925272487202,-2.953182894411399,very_high,1
0.7589588945925353,-4.748176555726557,2.4349399879131095,1.9769186113401458,3.9416628748293068,2.2038450947995702,-1.4504734094552116,3.365246079714084,-2.4091484670045755,medium,1
-0.33350801435375643,-2.1802123098811297,-3.2393383428217897,-3.1781627355444693,3.1669263750932437,-1.4060279341066668,1.360723575705263,-0.4400375893330979,-2.5179570865955654,high,1
1.8863850086499634,-4.2946095705586425,1.9836141830213467,1.5312956478522624,2.6574136920551847,1.3512224133430424,-0.03504373441976615,0.38356786101135554,-1.22224579871133,medium,1
0.37193984399376884,0.6443499974200628,-0.8879940666137558,-0.7227714173450792,-1.4939647067544555,-1.2748363734390564,0.9936935155554585,0.01443246743895954,-1.7788489849883926,low,1
0.43396489242469943,-0.6705615483851242,-8.491583357995225,0.1866322690604072,3.813664279194086,-3.193280773299798,-0.6971720445031513,-2.8595774976593376,-1.9439658457082885,very_high,0
0.668801511676504,2.3734934951060622,0.2154893707994031,0.22802615317708708,-1.6867363751454498,-0.4201809196480826,-1.1111890996918,2.2063822166412486,-2.41519288847147,low,1
-0.7724680266194729,-0.3037359021623225,-1.8854653203175276,3.112477423463531,1.8847779773841518,2.3674534493246098,1.1269769873497977,-1.8803824493147394,0.37608599305218315,medium,0
-0.13349408006784486,3.8576990648462406,0.2668170165900705,-1.4122285445752953,-2.6522948377545195,-1.2437372387000698,-0.9696813659468673,1.4534574437986758,-1.9982044513593487,low,1
-0.21992404966826046,-1.3649888657607427,-0.10147072870066576,6.974118309216389,3.6626045650260357,4.946973044358101,0.16794522637996623,1.7817107390232143,-0.7093118773541742,medium,1
-0.9854567877872806,0.421366026491776,1.8016083392798605,-0.7069629229615872,-2.069449662007306,-2.3729165820623876,0.47716990918982766,4.260041790397711,-3.374647637244557,low,1
-0.693313766011662,3.923289812376793,-1.4655871754678782,-2.2314948582082237,-2.2546522285734736,-2.239446652372144,0.4055131193217209,1.933200997111445,-1.9930296161741021,low,1
0.29252413053704757,1.1027334215516844,-4.656755830471336,0.9540007547436835,1.231373585715795,1.429647679730433,0.3527412295869309,-2.6501746596612805,-2.1197414474170913,medium,0
-0.6446296339028974,4.593829156246884,-5.243354696017975,0.9648905650215125,-0.2643456421618742,2.1701251937835604,-1.876832025502892,-2.6301365937487544,-0.2662457327399492,medium,0
0.12546597845853819,1.4898566516069112,-6.580155173232038,2.397469354946563,1.0803510986924434,2.8573284485184187,-1.43409732599647,-1.08118975283181,-2.59113611756833,very_high,0
0.14586995397925656,-0.13227358257211486,3.344751891320619,-0.9475248295935,-3.8351394464471804,-3.3387169972814075,-0.12498020955307776,0.575177052294475,-0.4684754204000512,low,1
-0.8180728884839722,2.329758597749634,1.2096197674933027,-0.07342908699634854,-2.9809494220837918,-1.1134977204353,-0.3646734033431833,1.3734416500676943,-2.8743230278457457,low,1
-1.925466346462215,0.644568125369968,-7.581112308873738,-0.7327488739529564,4.58511183983371,-2.7013772081981724,-0.18225933469234612,-1.6054943516790838,-1.3594883543514746,high,0
-0.05338054842224136,-4.191996367723781,2.6661031017047025,2.5581315807205756,2.464985362843378,2.3214543276463093,1.3654519451247127,1.1803648464165934,-1.4320042302678635,low,1
0.9684281249067952,1.3813190664479773,1.363152384406281,-2.241640697989243,-2.992826389541393,-2.4383500501605004,-0.35852625275568056,-0.606096261801534,0.4673422809935215,low,1
0.4225599779326877,0.5583336024188557,-4.844209891722528,1.0837797796266102,1.6282604410096968,-1.686796621145366,-0.5598791255777328,-0.10251297217422306,-2.537825837592518,medium,0
-1.6845444815208366,2.4991188552746935,1.6844689141964606,-3.4868538599660557,-2.4955823269456414,-2.4139655368735955,-2.041885679406644,2.2647749748093395,-2.213296732022289,low,1
-0.22959418039907242,3.7056418639451616,-7.4027831569227285,1.995829568204503,1.9157856799937791,2.4101507569862934,-1.5807108528717373,0.5962410648306948,-3.352419049204787,high,0
-0.8323126640345019,-1.1005105489476128,-4.854062722841691,3.293796719946493,2.8849596560112207,-0.06950867178639952,-0.9246808183508971,-0.9742756662818612,-2.7145287711319463,medium,0
-0.9791459117744856,2.322150135584849,2.745909814172204,-1.9743753188618902,-4.717422934884499,-4.608384423793217,0.1479190258027757,2.5655818995526403,-0.6278111497596031,low,1
-0.8597250899430822,-2.224254777563618,-6.007914241998787,0.3030484010843002,4.12203403430022,-1.0839290602920029,-1.2252371896762841,-2.185916933660234,-1.7177702454869042,very_high,0
0.2919858428760578,1.4238982507502846,2.371401787503319,-0.9056630995682063,-2.965622143657387,-1.935211203256009,-1.1294072543628668,-0.7421024653839698,1.822815547179233,low,1
0.012757229055384369,4.748694143806246,-7.023263798964522,-0.21516900288088459,-0.9708465880040313,3.043052292819401,0.9423007227024084,-2.727507574422405,-1.7124317465639733,high,0
0.8247732074733342,-1.918625568926503,-8.318194314133388,3.3473170628447884,0.1678308213337989,-2.606831856953049,-0.8381891354261873,-2.7083903717362716,-2.141884482724555,very_high,0
-0.42218871238912853,-1.530381178928015,-3.312686977880273,1.8227645146724565,2.2904020004739216,-0.9735837874012668,-0.9627760316113136,-0.569791257906139,0.014722349950332392,high,0
0.32265405302143124,-3.3395545022359023,2.3889484264548173,2.338501870323067,0.4591583179186034,2.6703135201651698,1.2881121438567547,5.448370057177917,-2.603969837195068,high,1
0.8401983025554061,0.5200111206403251,1.9574444381836407,-1.3755503163661809,-0.8453913582046867,-0.821177031861618,-0.613012820812323,2.665172980846444,-1.7622258321683002,low,1
-0.40315872741456904,2.005797734213233,-5.523534161497591,1.1903752542256227,0.805370246019001,2.6758314522669893,0.47508273096807774,-0.852127743565697,-3.3350473848437066,high,0
-1.1233261808047477,2.314768998732683,-3.747174814551359,1.581561011751786,3.0532040215952456,-0.2098331528572659,-0.5300081620974401,-1.6782277492802367,-0.023143848335316575,low,0
-0.22554369239194977,-1.2699305177309226,-3.51021028063821,-0.3519012018842058,2.2879246617575055,0.12072276171868923,0.4752681221146789,3.05008999808011,-2.7322738248442775,very_high,1
-0.5984540511455073,0.767795919685816,2.1041826081894057,-2.4196279376232863,-2.449353225903918,-2.941563395235415,0.6266882253346551,3.151749769864333,-1.8337159620379873,low,1
-0.8431666558168289,-3.8180363369444628,1.7440664758180342,-0.7442977299300397,0.35892837457356674,0.018317654901451652,0.16548243280787156,2.0022345311203606,-1.940134432914877,high,1
0.24676367385591735,-1.7492947313834961,0.4637596252221027,4.2870279560833024,1.425255221146439,3.464253855757792,1.8081836903960395,0.3096447394602526,-0.7323877460266617,medium,1
1.0115453608545755,-1.1296556624977938,-5.989413673265496,3.5356312705859922,2.8151093552115674,3.0591665711486025,0.8963874081543334,-1.156756099868118,-2.2996654482994816,very_high,0
0.5789193065864303,3.971489273765904,-8.717359498736352,0.6891015044242177,2.7009338652520287,0.9493236411250611,-0.06749798224982147,-2.7846694659205626,-0.9345851088923186,very_high,0
1.835573972382828,-2.802373133584652,-0.9309026165606769,1.386230740133113,2.7891625157293642,0.007934752163073044,0.9158257655296167,0.2433317206213641,-0.7328158656315322,medium,0
-0.7361285703771391,-2.3322154429156945,-0.7286601201780953,2.1200180583086947,2.4543466028778766,1.3862078098010213,-0.21549777746110094,3.164040936176376,-1.8153679012162567,very_high,1
-0.6293000147553776,-3.470487760385754,-0.640718203583988,2.823280466139992,-0.6031060473087473,-2.146486949981841,-1.7820411552701603,1.2938733219863685,-0.1446619075340816,high,0
0.4566041785528336,0.5840510593228656,-3.7112497602222088,2.535462310557678,1.5571889724827352,2.0591328661888806,-0.8040215450611209,-2.7642530617982644,0.5963514729675554,high,0
-0.7228648046503318,-1.509795202562034,-4.517648604814802,0.5178749358840338,5.123668676678552,-0.44606484858439965,0.7221643586571564,2.037203841183835,-1.6903580690982727,very_high,1
0.1244666505963687,-2.0931714054734782,-1.771916018702189,0.4378393091550332,3.0702537394755183,1.2672051552668664,-0.019015952450190294,2.105963534005419,-2.439643177430568,very_high,1
-0.7432780781582758,1.298948726278217,-7.6579006953284,0.983713856211715,2.311693059199074,3.287084806406527,-0.3931798165590337,0.12336166942602689,-5.1525586274154325,very_high,0
-1.5804423303659738,-2.3298175854053502,-1.337211393976302,-0.4051448227790406,3.65226693203717,1.7102086322192613,-0.23341482292397867,1.9584239987455312,-3.597322271321516,high,1
-1.1035829297835538,-0.5513893740434308,-7.468163018421226,2.8913445079853775,0.20819864279319034,-2.2703110781175306,-2.664735663667659,-2.3844545414514355,-2.5691599174683892,high,0
-1.7163301304687766,0.9197828701291038,-2.6942223620347607,4.014590393001472,0.45973943817986185,3.7500345259148036,0.27835285624693307,-0.432862555780402,-0.934969843233555,medium,1
0.7645790396989405,-3.2879511386627014,-3.1225464379888876,4.368191579392264,-0.42042210568053373,-0.27993338311890104,0.17640941567213667,-1.7754921166196427,-2.091527559674995,medium,0
-0.1102242127136019,-1.7687472814930858,-0.507900793207474,1.1346317416423797,0.26866910179677395,1.7253843144605006,-0.02461081397154203,4.639997370678794,-2.815229624158955,very_high,1
-1.102713014157342,-0.1519318706806414,-4.390065446124858,4.013556499011352,1.1376898213928792,0.8979342249442215,-0.35132836087028474,-2.2602953302134496,0.31144897832331764,high,0
1.1972281027897675,-0.01255690473629456,-4.608319902445535,3.506786255970611,1.0611052842153919,3.5277293389591975,0.2811155809967153,-0.714537439370488,-2.237473871531283,very_high,0
-1.9180367594555092,-0.9764586044919203,-7.793493253974507,0.3578368873991786,4.351266499663348,-2.5836382201734214,-0.28693035104798525,-3.7452154139705316,-0.6359652413294952,very_high,0
0.2325800712937796,-0.4170087055230838,-3.4922181146176383,2.2589075097091458,3.748171138121077,1.445132894489984,-0.7598848302718139,0.0916156733842699,-0.8140560653198963,high,1
-0.004281854614648401,-2.676421512898975,-2.027736450241407,2.5937472346181134,1.2478304136805578,-0.6446036825886865,0.2216415795038768,-1.3986887821685254,-0.09135111710345312,medium,0
-0.06762220807054127,2.5151799870537443,-6.823927460281142,2.1680917833362257,3.4525435704990457,-0.6010172029018264,0.2359907646150768,-0.5616345878250257,-3.0898052129922338,low,0
0.24027132276354668,-2.0105288358586915,-7.396354518904593,2.7449270609356655,1.3649926238371133,-1.1640072190217126,0.10410714692767735,-2.907313465091857,-3.2841862469882583,high,0
-0.5125886709940031,-2.4778627543718867,0.9331690241238528,3.0334286818047196,1.3194381397019952,2.8406444011178156,1.1826485284956558,2.6521392057418187,-1.8554028365036976,medium,1
-0.8427039936607469,-3.1544403245870014,0.0005332187911597508,3.3861300288737946,-0.8028139667871017,-2.022998599664028,1.637444815882714,1.5392617343511519,0.4853587805117787,high,0
-0.08141274691167123,0.3601979139669318,-4.9014365500761645,3.3328162927497704,2.3637416571951526,0.36928181045007125,0.8568280095944134,-0.5346721912058432,-1.4669629285444494,medium,0
-0.21837008016971785,-0.8506981923561086,2.361554328048796,1.8457072604264118,0.18853298097882787,2.692109976510814,-0.329043851857876,1.972616993426193,-3.1915809228780536,low,1
1.1918225218220122,1.53092454311441,-1.4556588351723936,-3.2201022428699657,0.7667013422830384,-0.5716833751512289,-0.5760932798723324,2.8045015242151683,-3.830778137357652,medium,1
-0.25626130699103494,-1.6460878069583118,-1.3067806151267762,2.1502390296227896,3.0541391418171777,2.7393853574987226,-1.7786611203604923,4.380649359969858,-2.8884829015759768,very_high,1
-2.200672892346951,4.171558105933825,-0.6995827767839133,-2.9472442652506334,-3.1713163272053806,-2.5812552092612604,0.3146785461834707,0.378829547917251,-0.8263903415732228,low,1
1.112561592597041,-1.4168808177946395,-4.162595950556074,-0.2710702392171054,4.713875226036828,-0.6483474793272881,0.8795777972889077,1.1605079442990687,-1.5349091851500205,very_high,1
-0.3320138925388161,1.350624457260754,-2.3242694357391667,-3.2723481205102214,0.6987069532260552,-2.3388439385621203,0.6871186663566974,4.87627784665467,-4.748220829528691,medium,1
-1.1161396928241294,-2.5413024660281605,-4.796890095858476,1.2595055900924201,1.8667343713438855,-2.2812918941883296,-0.6959239270911106,-1.0859194564357915,-2.4530279371114716,high,0
-0.4623290170784439,0.8380434117697965,-1.2291685291068306,-0.9403835667375356,-0.8466986125404429,-2.1079879214781174,-2.678780133999607,3.597913479248614,-4.119789432594502,low,1
-0.5819874128655903,1.3972993498923367,-2.727240198496507,3.089781054124011,-0.5076447940040236,3.5752742139590485,-0.44228867796443744,-2.108992834227767,1.163583765060843,high,0
-3.199760562363539,2.2441980131185453,-5.43960928692148,1.7561046663189874,0.31148314060715854,3.1620455458074046,-0.8392125115243891,-3.119864495113755,-0.03163268865903923,very_high,0
1.279673954992276,0.15384146246253727,-8.616788144407192,1.1683886813438291,3.6880671217385808,-2.0382903067584057,2.009057389800248,-3.3353192581595748,-0.8749270072851183,very_high,0
0.43040845843119835,-1.6223017591384419,-2.5074268888077156,-0.474839908261117,3.893107316451749,1.7610077727057807,-0.42742227802696786,0.7987808569981081,-3.3286674033050954,high,1
0.7149466867823437,-0.18430554225631646,-1.0657864810271978,5.535931022867145,0.20762571190883938,4.030362409830453,1.5610179956104762,1.036270742099798,-0.3891856625448553,high,1
-0.10380603073658189,-2.021076804604499,-4.871271095944511,1.7593219311125163,2.747927491813651,-2.486639116920563,0.25004544046363747,-2.4942944779558176,0.17619638541293536,high,0
-0.1160460469146617,2.2201838317738742,1.5931214195699197,-2.7008033516195424,-1.1812054043677942,0.036540586022497434,0.9286055180655671,2.1818356672234285,-2.133605397621964,low,1
1.0679950665533804,-0.16837314752727695,-5.035789543215486,3.121523416076794,2.1366782382206733,3.169871554801742,0.5999926819657305,-0.21156564448973536,-1.6403994882198023,very_high,0
0.5732323731272099,-3.5434350550269293,-3.467769912873546,2.167730121864606,1.978122449150568,-0.5424142416953022,0.6728816213050826,-2.18348676434583,-1.4526625785322436,high,0
-0.3042708453379258,-1.7113298989524395,-0.470089123856122,2.951360601223537,0.6178347463766736,0.6535911099971168,-0.5441816791738863,1.604765607853578,0.09577571979845279,high,1
1.3105238432670179,1.1944845271424454,-2.8753120254030797,-1.3863396356005178,0.1817757578737984,-0.8623849292214706,-0.335471460838838,1.138790694314287,-3.115252969357438,medium,1
1.058184701858798,3.3851321044461335,-8.66526759122021,0.5849167353551019,2.010909450721836,2.479350263032675,0.529798933229799,-1.8434630103927523,-2.3195091316836396,very_high,0
1.2980108400854717,-2.6988256729345323,-0.332057082725851,1.6259709414385213,2.3682715511830095,1.426120969099747,-2.3226461888929726,4.455837989276772,-2.5218122936562386,very_high,1
1.1979949812971982,-0.5044901530013499,-2.964723250061831,1.8641545563579174,3.3843677468023268,2.349635006919002,-1.0398979456854378,3.3761749071358778,-2.6266490182666944,very_high,1
1.2362517455768374,-2.7163936319364463,-7.591249588090603,2.524095904151063,2.164371905808689,0.24767848778925994,0.06828724872559469,-3.063760083226586,-5.55204692842107,medium,0
0.9327532323162595,-2.4075603855396954,-1.881508469207643,2.9495579004483403,0.6147219001891953,3.508276967743087,0.9871041984354595,-2.5605619863849944,-1.2387627345142076,high,0
1.3038172515051538,-3.212783287172333,0.7656386771877419,2.86888471885445,3.1470018708938663,2.6271776556734645,1.546757835199292,1.4164932011541365,-1.754254798427681,medium,1
-0.3388956749124193,-2.327482907902429,0.029953795076842704,0.037442226523128896,-0.01853782922438052,1.5005954646753064,0.5278001164508673,-0.2511658418407283,-2.201764442687624,medium,1
0.40220181414930867,-0.8517385136906892,-6.573832817915927,1.3194391917431538,2.3220946178855724,-1.4392220394504296,0.11006937113260383,-2.5873562509662498,-2.38043888425529,high,0
0.44410596664876406,-1.8237626543988348,-1.9851267123049623,0.2476705680473419,4.418714943707101,1.8380530974096208,0.1351156727677247,2.7122716569567897,-3.1744166097467916,high,0
1.5872520785753697,-2.2347278596797877,0.19006659113895297,1.9318160247513068,2.641206692147322,3.458507696244782,-1.251816425396504,3.293539921062184,-3.2777101858793505,high,1
0.4047260149337088,-3.076660961214838,0.41985495097321035,2.5555252914033186,1.9893926707706622,0.8254990233412289,0.12168342713320474,7.023202628291661,-2.0263789310032623,very_high,1
1.6589306719960346,-0.08956584281371605,2.1498636569225202,0.48924652883823616,-1.579949215326305,0.0010152421340685613,-1.3368580454316261,0.7999431606337088,-1.4787190673496136,low,1
1.4910548522169547,-0.3750476460292895,-0.853918668637494,5.53326331391243,1.0721173533717407,2.9069613027706396,1.3553594593719906,2.118646580165529,0.593923804715162,high,1
-1.0292462473037578,-0.4976149999755346,-5.599270048265171,3.3973994417188136,2.5705076671940876,1.8093451411742123,0.9355295139114032,-1.6353305731785426,-0.9785469182511739,very_high,0
0.9239067512627724,1.1579203522756716,-8.522802423841714,2.8317700746391177,3.3106555611313286,0.6721119069552708,0.023324096991325986,-1.881744351714068,-3.0639220620845316,high,0
-0.8209218107267322,1.6818821956579064,-3.565440593628113,1.7086328527346422,0.4817856796942346,1.5244892665641614,-0.4095877639036041,-4.573762431815576,1.4718500580590999,medium,0
-0.5267143930433216,4.983304718156687,-9.386448418153353,-0.8951118391400266,1.5291127557322373,0.37780729252224154,-0.17415050712555769,-3.7536208888200653,-1.5521766217764357,high,0
-0.03868812868897097,0.23749854502103074,-1.2621265920469613,4.959539329136186,-1.929304633218319,2.0624547291654953,2.459462648083638,1.7730266904923042,0.6636871567807183,very_high,1
-0.32911312167451645,2.6457531036718005,1.6680785419696305,-0.5912995836865382,-3.9515695829713486,-2.7131928173422177,0.40261839800912697,0.44964730799426156,-0.004188149392489127,low,1
1.0909837979226358,1.55928758732346,1.1263292271468583,-3.253400494192795,-0.6959219646451513,-1.8303368953770283,1.0024520252250873,3.044587854424438,-1.8170917537104798,low,1
0.876562114798443,-0.2989962735815028,-7.03913867170619,2.3724609728834745,0.18341305511872363,5.949181213650438,0.6216498618680703,-0.7014544463397787,-2.8549155667903863,very_high,0
-0.0777233994537694,2.4471563513441996,2.2599999380453535,-0.12113875873998392,-2.716681996819304,-1.2759960810538862,2.280894135025777,1.9624293528800285,-1.1036865062490144,low,1
-2.1306985905822597,4.07088887390916,-0.03927718718481571,-0.3125419647041632,-2.5204024979533743,-1.06297195633141,1.123937198312004,1.7593357563937952,-1.9288878291927125,low,1
-1.128035422308663,-1.4230332819421272,-3.5842338946074035,1.8084577563403212,2.711062944579468,-2.09918839860966,0.5816220130799076,-0.9711563206405918,1.6924885779915766,very_high,0
-0.7553714883915988,2.323984024140132,-9.596764629508865,2.7705813467549687,0.6034456432239437,-3.563107270525129,-1.3855301625347713,-1.9826465255364647,-1.5666703003965652,high,0
0.13724940288273335,-1.2016366780739078,-2.138521229873982,3.7556682256824363,4.281737101544889,2.8301947689468063,0.832718244943051,2.983058907586861,-1.6755465888094252,high,1
-0.46357444676660786,0.20052890880047447,-4.291058730920429,0.8574867834086849,1.9706089059541112,0.44224161425931063,-0.8707316427304579,1.3603355414639746,-1.178208082498073,very_high,1
0.14569778206722211,1.9768178049187943,-9.52306434156483,1.6709206165713335,2.192029572669623,1.7487326547335296,-1.240021229615308,-1.230257563516464,-4.552855316212747,very_high,0
0.3707798575061537,-1.868078750679454,-7.9761191488269185,2.1385508645317386,2.8357721634250366,-1.0985950781191494,1.2675330669268319,-3.8777463632533378,-2.4575419118718758,high,0
-0.11701425534857327,3.41581158990014,-0.24314386356851636,-4.9135679736652955,-1.8727467913754974,-3.5046876618540086,-1.1536256608904276,3.9702852364703274,-2.973532602649941,low,1
1.4564714778054515,-0.3236644925756951,-12.518673480172488,3.2943815645452728,0.9063943183903516,-1.9873765574030438,-0.8654362759277975,-4.502371848395091,-4.85678192257099,very_high,0
0.18477661218626903,1.1993545067405045,-5.16688763744861,-0.20786243454269893,0.06786036301902865,0.20442328915331576,1.398540159154591,-0.8596938610534777,-1.1399782248463812,very_high,1
1.9391020538944455,1.1107270696622933,-0.45506063502079064,-1.9545774544483678,-1.05279016839371,-2.485086240895162,-0.35455349936266073,3.023810246725195,-2.477808652676423,low,1
-0.7785343147152758,-0.6786214807018789,-4.173418636557477,0.20942873091602254,1.6368414339156383,-0.8323233220858535,-1.0730989433067928,2.4035316230758332,-1.3314313688478578,very_high,1
1.946573926463251,-3.752497179605466,-0.9013167355507191,2.486657939519623,1.8969365387641677,1.8719929080342943,-0.4392034383558623,-2.3308356686925324,-1.671374953481281,medium,0
-0.14645043860624934,0.7418998644311392,-0.1485177590668983,-3.628183418432241,-0.22487631087025628,-2.6090973778265627,-0.2720881547094755,3.443937221498679,-2.7033431980553564,medium,1
1.2200455587833618,0.9991004427926742,1.4718029510441313,-0.7083726717343577,-3.235183985873312,-2.6959626539486243,-1.9461130189833913,0.5126702371090996,-0.25848975652405537,low,1
-1.5706153347318386,-1.7590025576422093,-5.822079171323692,-0.5405501820867704,4.952567148345422,-0.5331294446776689,-1.1629011377001146,-4.038384767426769,-2.406453261400089,medium,0
0.42254564930504573,-1.1062399382826165,-6.602653038769951,1.9462517059927302,3.6195016319474185,-0.7575145952501645,-0.08663650065520895,-3.460343393736945,-1.286191234994022,high,0
2.0558485322012303,0.5603978628799844,-4.240235893596079,1.89834520763204,1.5879864346357573,0.9930777460113787,-0.2218723282821758,-2.0640654178056135,-2.0669987837199746,medium,0
0.22651627663170246,-1.902188083725038,-4.30250149081118,3.2653681333499316,0.48421162528296957,0.20880703186050176,-0.9819284795135034,-1.2167633049198803,-2.3438019869221542,high,0
-0.8942382883809976,1.9473010700573574,-0.731414769984226,-2.0029938023323846,-1.4241701487865392,-1.886441352627705,1.4448984241593805,2.1786563056068418,-2.8166534749969756,low,1
0.8920107069019514,-5.447834862764887,-3.0398863926121695,3.2753200065691375,0.4495479558996931,-1.4273938566723121,0.09393834644373124,-2.2485562120040314,-1.8314955855989903,high,0
0.546684063723304,3.553774081001511,-3.711459312721719,-4.558763660246387,-0.0745897689070163,-2.422700949941163,1.8794108073215259,3.983306346392708,-4.691104933994526,medium,1
-0.696243220440997,1.4705115472842836,-2.844021922426519,2.2362499947217866,1.4641479377888391,2.357049187419184,-0.22915065902964205,0.04933147768216384,-1.9572548827590934,medium,0
-1.1774785826744747,2.9659824674994604,-0.22149059261584514,-3.3749933333386384,-1.2895339230445044,-2.0296706588228766,0.46292425944877036,1.3548415229573385,-0.5864043239747239,low,1
0.48646626307119517,-3.8825203819844853,-6.897437115959973,4.976985008001384,1.4936338294734077,-0.7508865646236127,0.5266708563360242,-3.396273254247183,-1.1526893783440728,very_high,0
-1.5771652892359989,-1.8101400883671235,1.408016270260783,1.0752259043129957,-2.441130849487954,2.8922550603348602,0.6673533101496636,3.5200864733786017,-3.3020972210430344,high,1
0.9870148360637762,0.17673307756069012,-11.258756401708041,3.7682797452814114,2.2527807826391015,-0.5892955616459497,-1.5228972464858057,-5.874271907174275,-2.809248876509391,high,0
1.2218433476960013,0.5338826475429101,-5.571689134196733,1.4686475904873981,1.286422277460991,3.162063289323777,-1.2129736395984096,-0.839244538461126,-3.8080524139713834,high,0
0.49666879318063917,3.0486949674872648,-0.6015181590270533,-2.6663505376942793,-0.8630090780854955,-0.5774050460098705,0.9090722428854773,2.6062793241366435,-2.914550064760495,low,1
0.39837841938739627,-0.5307752874852552,-1.2554819095871033,3.8158989516031037,1.66056860018335,3.099820859831018,-0.6850073147097533,1.4680324548894168,-1.157735254063645,medium,1
1.5739139823955863,0.47504766624303385,-5.18214422986952,0.8698977438139881,1.7541764035145697,4.398238906806451,0.4833436319714619,-1.3627264454525512,-3.237841292691385,very_high,0
-1.016571137578464,1.909186053471525,-1.0364593276045153,-3.385999435617581,-0.4339213434691831,-0.8833727490792369,-0.65301469808036,1.5443222287859146,-2.497979315564884,medium,1
-0.8220538954011098,1.724004332761981,-0.9138131243586837,-1.6077958483308752,-0.5785479104658062,-1.1629494447119573,0.7731645302189882,2.9381575739269845,-2.8295488349229747,low,1
-0.27440434558511984,1.8013006453705815,-4.226766197979293,1.451724871762143,-0.7106378966400608,2.4879122063889834,0.394778625689483,-2.504778111060501,-1.1456810053127597,medium,0
-0.5721788510086941,0.13115542441935912,-0.8074404914682914,3.7110125967779037,-0.6403452546592752,4.300416938660688,-0.3077928453480523,2.9770459241771814,-2.417961471289737,high,1
0.2629631636168223,-2.303777109912244,-6.252269308104243,1.7079275383177086,1.2864488128534974,-1.7098209342821182,-1.7132545216134494,-2.559844513601975,-3.606040136069717,medium,0
0.14739530768832076,-3.017986236835605,-6.073733049790986,3.252848337700156,-0.042583381300086875,-3.9454358193728796,0.6224497393785089,-1.8662123050105084,-2.382280524271921,high,0
-1.7658225363173938,-3.558599112632413,-3.531549975482962,4.071947108141534,-0.8583643915873254,-1.9280499378531932,-0.49900850509573247,-1.546138704424664,-2.2506624978600573,medium,0
-0.46953985837130413,2.3181768914259893,2.7185245438377175,-1.480795959104007,-3.6283561611078072,-2.171356508044414,-0.0009359368589859087,1.072142496875506,-0.3972644459054948,low,1
2.129481628141108,0.7025763891215997,-6.77299215296326,1.1691182671238858,1.6699995112226032,2.4258870526200558,0.24032683285978704,-0.0014482583778892,-5.7530764167995665,high,0
-2.614741992799992,2.0479888019354315,0.3816514828536587,-2.4036366378079927,-2.055014620731168,-1.9032841131838725,-0.02906785964881662,1.2152918804006785,-1.4821575832332505,low,1
0.17553846291793312,-1.215564319852041,-12.446270444603906,3.1794581543102027,1.8112180945258274,-1.858870396079497,-2.957525269102138,-4.98340650373374,-5.0609767110740655,very_high,0
-0.5335633488159626,-2.350373484613038,-5.409045439120041,4.716369455309872,-0.4234883225053008,-2.495661929696504,0.42971167842076313,-2.807325578487485,-0.4446430728364197,high,0
-0.02712810423388632,-4.0574116211270805,-7.072303779713921,3.2033101532138533,0.9045203554387121,-2.560781179442952,-1.16084456899877,-2.944715421384376,-3.079331126663465,very_high,0
0.284560851325541,0.4974484189186479,-5.902127277681199,1.2066643962859085,1.7385214495991776,0.9740747818189913,-0.7165407556907275,-3.6838789416524156,-1.2409461367937378,high,0
-0.15275019467442363,0.4744402949396207,1.27675635810818,-1.3845469933783856,-0.7995743634817076,-0.6879494255545597,0.04786832716518899,1.2042171830774644,-1.4129354574224995,low,1
-1.4626022271731902,0.6225500677969544,3.2441155067986864,-3.0706328052565763,-2.612777015613906,-3.197361842446422,0.5083097056604505,2.509380110270201,-0.29896209457501155,low,1
-0.8344712580041804,3.5910870804776795,-6.064915634009962,1.6159706230800497,1.7160378691748497,0.8014649531827942,-0.1292813134177646,-2.2247022193269665,-0.733894893785769,medium,0
-0.5355686939228255,2.74780587778565,-8.812748853614941,1.8231176231905102,3.4838854766778393,0.06290380867694378,-0.217742987155521,-2.2547648986310147,-1.4117690987277123,high,0
-0.10401465666081319,-0.039974824446136425,-3.959988645666735,3.0664452627660292,0.9753989311094633,3.772565079405856,2.0630240902130335,-2.0410138488900595,0.15234374389712957,very_high,0
1.0438824559233826,-2.5025116817916784,-2.0182583645533607,-0.3362182007357226,2.0673759133012983,-3.4656918332002737,-1.2402084231196748,-0.05961272660202166,-1.8998322708378539,medium,0
-0.146259018108199,-3.210789032365258,-8.063204773379297,-2.4636017882636585,5.80931925914747,-4.067638037209589,1.3350432139975243,-2.42300940543941,-2.2621557907738112,very_high,0
-0.34191370553832906,1.4412654030408996,-0.8357176624306016,-2.6432786179941012,-0.910928211949936,-1.9195235177530607,-1.1354578909867286,1.5020123744981773,-2.2396470967750073,low,1
-2.236330499363674,3.411438522252483,2.7888440887395416,-2.0113259353596558,-3.5907472768942146,-0.9592769931055054,1.5648743979321735,0.3023928361462327,-0.29407013129235593,low,1
0.3234717617411176,-1.0148831850766102,-6.170761956025482,3.564262389809431,0.29507714119271,-2.8538582251225586,2.316953896579558,-2.0168433548886324,-0.1937844726285487,high,0
0.3609832510278513,0.3532132292028216,-6.544871460244552,3.404635431039266,1.8574217325599138,2.459073555110767,1.1252709514233556,-2.1010619390019096,-0.2951797790957307,very_high,0
-1.7812722550978268,1.6147857389280451,-6.265310315139378,1.655697304471236,1.6439596417905942,3.0376383708940127,1.21926331311775,-1.2756592572726992,-2.565967135840156,very_high,0
-0.23106472683026763,-0.26017246789956117,-3.302219526931297,-1.758895451541976,-0.8015634729755943,-0.5014286075440928,1.0417501408456848,-3.0705051223178943,-1.050631685102453,high,1
-1.4314522912290448,2.387693340952656,-3.8041256578525795,3.0358915498000005,-0.6931228672099532,5.15576500045757,0.39799035854710024,-1.4602101172086295,1.331598730467251,very_high,0
1.0768849308026256,3.240647666595879,-8.53166265386219,2.0890621729029495,2.3279036616898057,1.9726447968239416,-0.35005290451877136,-1.0230607160283607,-2.319956068493656,very_high,0
-1.3548712136321346,1.959579096725766,2.6831681167944947,-0.4476091712574315,-4.016910556800511,-2.0178484055528108,-0.2176584152325228,-0.09689198854707382,0.3228715999955203,low,1
0.4542692066677654,-2.4535359300321753,-7.0448293487897535,3.1041245303903167,0.008758144522776456,-0.4795767699086946,-0.23674697280395773,-2.2841110453474034,-4.998361327172027,high,0
-1.1260291332528498,0.8801886387360202,0.3381803066722998,-0.5168798784503492,-1.0512991108178795,-0.14569242061002052,-0.30297458421914075,0.8715639155577644,-1.8442788984787193,low,1
0.9348357230128954,-0.10291503934012969,-4.5102185586990755,3.361000691532473,1.0362276452012384,2.9026253729248896,-1.0398806986524123,0.24558147190181878,-3.320076063813576,high,0
0.5024040902838255,-3.95553604759556,-2.8694584541381194,3.6337147855407377,-0.11332710942576463,-2.3898467607254923,0.3484424710564096,-0.8151333739661633,-0.7788482860427386,high,0
-0.5298547105937411,2.8990621676552806,0.5911842283608855,-3.497084904402813,-1.961381963115204,-3.108235438313976,-0.6550547102736625,3.3641280531779967,-1.8880554454245837,low,1
0.2716840182670818,-2.6558318754851182,-1.0074318765989163,2.7573425031504444,2.1814055411348865,0.22256506594152037,0.11358554576341835,-0.7072089078422992,0.4273443153096659,medium,0
-0.03751621245485452,3.8714676236502115,-2.0405090944871334,-2.2991213375170623,-1.2768890283921897,-2.7264098162371786,0.13691521991747196,2.79154896473914,-2.000936834618779,low,1
-0.3364134337078333,2.2774042423733705,3.8157785169682055,-0.7362613896631787,-6.137462972637183,-5.418511983258565,-0.09236886973581691,1.8173880889822263,1.0293382749330096,low,1
-0.3322286667531232,-1.828218315796827,-1.5535482193602945,1.9152057547600525,0.19932526174654308,-2.2994980429896312,0.6127998064789755,1.2269374048681347,-0.2773784966399242,high,0
-0.19334594971272004,4.235128594900524,-8.677167250071353,1.2246206910526949,2.5363599283168567,1.438175274119184,0.9808973683835126,-2.3576093659308164,-0.8126499640129144,very_high,0
-0.8610613357751137,-3.3673123797822893,1.9125089200134495,1.2615095446311724,0.6276447288578209,2.73432309266113,-1.247177960238712,5.30094972217678,-3.545697452181454,very_high,1
-0.9837276891840416,-3.2236600398806257,-1.7247458280158443,-0.9844903915159102,4.247696182872123,-0.7823391715126209,-0.34050486661065577,-0.8286275113725896,-0.2898199732869835,high,0
1.2121821556402712,-0.7938440246635867,-7.881022970556405,2.727460915252227,0.7680770772448695,-3.5410957568490726,0.5215573227977609,-2.571411985724902,-2.045994865076566,high,0
-0.6311143050660097,2.0238632872336555,3.8345125112213063,-2.488107265928621,-1.9293933625111783,-0.7313693436280608,0.5916050019487271,4.371602269342945,-1.9416494908276383,low,1
0.5925535386416035,0.04315281275483551,-4.2235370173589795,1.6447683948840923,3.143318388807521,-0.275662154959208,-0.8300679276811157,-1.8349248720573978,0.6617636481811895,high,0
1.34232645948319,3.540217905161299,-1.6509075805985673,-1.0756950339283413,-2.11210070864709,-2.312636562024711,-1.0998032896442007,0.7848236244272246,-0.39278576454365677,low,1
1.3210340257184807,0.025621703299048226,1.2114331691811546,0.09073037497462133,-2.1113848046984414,-1.9849801735806658,0.6734207454257233,3.090574242432642,-3.629241728791689,low,1
-0.4900578507865783,6.259249491878686,-2.514032442530742,-4.429149174008726,-2.1951621287362437,-1.8775116778808867,-0.10037686347257806,0.9668420133320962,-1.9610016832465194,low,1
-1.9621826279355212,0.6004494808590561,-3.6584271319122834,1.7888121475392762,1.9421879915081577,1.7066171443878355,-0.11363685228209751,-2.3729247220337526,-1.4573564547358673,medium,0
0.18971919620628963,-3.573322634603633,2.4820022388203,2.8658792771218695,-0.3493516642532615,2.079347509287427,-0.610624961537091,4.1134910323528295,-1.7643004555980595,high,1
-1.7221949241039127,3.0657718088337083,-8.89276495420108,0.9516861399150377,4.141968045962636,0.9528723186432677,0.11716621904792983,-0.3721961015757742,-4.215552941250896,high,0
-0.6370960253976408,1.8232214874210284,0.9561832087173536,-1.6105929035949844,-1.7193945620494528,-1.5482376727402636,0.3680355745502127,1.8033819437544534,-1.1063270858986642,low,1
0.4683924202349281,1.5941531025176863,-5.320841979883566,1.3510905503451647,-0.26372723398403575,3.8128577545592313,0.1528399157242538,-1.2838814574809339,-3.837292392023021,high,0
-0.5816204604912354,1.5665370550145776,1.324129045862528,0.01802384446659122,-0.7829960608376618,0.34547463834613734,-2.005419948034622,2.8896762936714997,-2.479391187515054,low,1
-1.5686170899365988,3.1769599559815003,-3.3736718901986817,-2.592644706182654,1.176202391478178,1.4697306708498437,1.3289755868077573,1.689415772308813,-3.817451693475501,medium,1
0.140409855055293,-2.937502104452033,-0.18731713042318288,2.188103179472143,-0.6638169387973256,-2.3980659608204826,0.24280192920365332,0.7455591960493633,-0.4579221749132252,medium,0
-0.22392582491694826,-5.156977265297702,-1.9617894792246497,1.4638583625501833,1.0013609891729076,-2.8783292123072552,1.484483922898453,-0.8485024129669121,-2.772116988420186,medium,0
-0.10882531121503705,0.8400270634992542,0.5185724170814763,-1.1196878389159148,-0.3242576732695259,-0.6583517679884563,0.1829367478209555,2.5520139946623828,-2.7838690916952293,low,1
0.7381614484080973,0.980082429540695,-6.38439902271446,2.988136576406762,1.9277974745205038,2.8435501599280713,-0.18509282967192134,-1.7921857578824982,-0.5559308911996401,very_high,0
-0.36554958666681114,-1.3704746055475663,-2.209247101356799,-0.3167762658935762,2.2620297827914633,1.1248890975398131,-0.4081966735302207,-0.19000563581932917,-2.4105790967965404,medium,1
-0.10134812293696835,-1.3955413866279562,-0.24785636404038358,4.7238508180579295,1.863514778484857,4.244800253551382,-1.2172577518885987,5.4810081093526195,-2.541483656532159,very_high,1
-0.4479412099352875,-2.949253551126296,-3.878760517114088,-0.45301939602487296,5.997265531055939,0.10032971578503824,0.6201059198382809,-1.873773948716833,-0.9010728023063129,very_high,0
0.02299084740072753,1.6951179586287615,-5.593615382659833,1.4595478874762056,2.3836606385468646,0.9854591369125268,0.11313820729779923,-1.5778800679118252,-1.8479666908397112,medium,0
0.6771568047527651,-3.56579011046008,-3.0539132124385513,3.448184241861948,1.6827166807180105,-0.7787926963341649,-0.8236713531197015,-1.9906640160858078,-0.7147728518400536,high,0
0.17220797198568544,2.350928758870329,3.715890710860954,-1.4508048964794555,-4.503563470573438,-1.8248165530441667,-0.732192510314299,0.8071670697985491,-0.5699360185683127,low,1
-0.20567287197514325,1.0920486546731831,-4.15484765225033,3.585297821693463,1.6577030132542703,1.1540206253425294,0.5161576366737535,1.7247199747686441,0.35006461419839385,very_high,1
-0.40909244215649093,-0.7037168117440575,2.1785556088812097,-2.5454302863739926,-0.7803995557971612,-1.866662671924655,-0.4798254371302258,2.231999623465568,-1.5070557720794788,low,1
-0.723059964712438,1.1164249736366594,-5.2743629694468135,0.9127996325413459,0.46769687660875436,3.643497721964925,1.3990997448075744,-2.745165419167535,-1.6404857485810265,very_high,0
1.2283006637440759,2.9629478321010527,-8.105702016369127,0.6959417071281964,0.3592395282828851,3.1688591522938463,0.6243538498382896,-3.358309681199927,-0.7582823809196086,very_high,0
-1.0380188767846283,0.2884919343659811,-1.7036124416831486,2.11908118382428,-1.4271005680111346,3.5681384733730894,0.16991478148216368,-2.077818293251163,-0.12853006630348407,high,0
-0.9906439503462869,1.8687625952272529,-7.078178815993455,2.0701380203172395,2.713842327225006,0.9417920196451927,1.1726320605161729,-2.205405472264405,-1.4841390189998398,high,0
0.43396164252264113,-0.5985449922051866,-0.6055579128899293,-0.38856496519258577,0.3440868385870408,-0.3856405125020701,-1.1190384354636338,2.1807172328395685,-3.1611306205826164,medium,1
0.4286414341014754,0.690721430464244,-2.0536157721372965,3.8451774870836175,-0.6296095321154509,3.329627563162175,1.4998731586280873,0.4225277771220546,-0.8823519776231653,high,1
1.3022978319764011,-1.6483379099068536,-5.511249618764277,1.9936846479863457,2.49157642843079,1.7582754853815434,-0.30429832420975517,-3.25408714633841,-3.9507729148952047,medium,0
-0.19645378240613423,2.7440558550257377,-5.44762727644187,0.07818240941194343,1.294229329691297,1.1019355593857627,0.7281108303475118,-3.1913865880563073,-1.1182617921215208,medium,0
-0.43192771915982975,0.6848460703515911,-4.928630830312249,1.6309776101099118,0.890548437638741,3.008612991728849,1.040840840772161,-2.1054520606089975,-2.0719875098020957,high,0
0.48633899377176876,-2.6537575448356248,-3.1997948425615546,-0.7708336681019927,5.889998214516649,-0.8552296292653498,-0.621061572688329,1.9749620629814324,-1.9803953622229078,very_high,1
0.4073056154421532,0.3192888971793817,0.814732633209489,1.1620387319276195,-3.608975219553107,-3.0961278729230104,-0.36238814884062515,-0.7022053561907005,0.291814961617878,low,1
0.1268186706106397,-1.11374574703368,-0.465325902441702,1.022751641392181,-0.02952533404818536,2.6109137513703367,-1.0264607128365484,2.987365488247752,-3.269165145050793,high,1
-1.341758009858888,-0.5615166837542174,-10.215255365729721,3.5573903856859204,0.3823462574203853,-2.6348624040335684,-0.5965015645211529,-3.734410441958822,-2.7030427832018646,very_high,0
-0.31952555089193013,3.9625781363968553,-9.093257667208361,1.4657622490225295,2.627292814777701,0.14049915001211022,1.3250401282502076,-1.7511608986985852,-2.346051376181426,high,0
1.0666046889699603,-1.6940622533323484,-4.988366647348847,2.556773590558982,1.1889768509574754,-1.3627999343300865,1.0537626500898174,-1.0434426606491187,-1.7800310852838679,high,0
-0.4567935447167065,-0.8717648122587115,-1.8781093728370326,2.5439897949455346,1.9709802974646475,1.288064321578808,-0.41221634179160743,2.746072534051738,-0.750253765521071,very_high,1
2.6489036213859594,1.6347639470362327,-1.5308459361455355,-3.3827466103376884,-1.6505477118955398,-4.158383916447191,1.0348451033890744,2.1619374964755487,-1.6111934700525454,medium,1
0.2563453548805646,0.4508227205143063,1.3530016086280674,-0.8060124576272962,0.3875320976376535,0.5645443244546071,1.9784369201361247,2.5259940816234616,-2.171989093538917,low,1
0.5451431666800791,2.267125766822512,-6.411146507358949,1.872882612797472,3.401513747720381,1.1349806143580978,0.6341218012418149,0.20742606023582844,-2.641193757474697,high,0
-0.016138028535631798,-1.8811369101705802,-4.439147259911668,1.1978631132892947,1.0171069551883258,-2.9928595170598866,-0.31709064581768276,0.4402643684915646,-1.7214241424701455,very_high,0
-0.34331816462141934,2.7835176896849037,-6.657287484286865,1.4843080178636896,1.6199460891238802,1.7118935079149744,-0.7258224296013068,-2.063832908203787,-1.0825412349760433,high,0
-0.08941162836222719,0.1509369068718387,-1.3399469210028403,0.08826296695656732,1.440929514328473,1.294207052119919,-0.005158221232185012,2.583413258226961,-3.797411713237429,medium,1
-2.0857125686970965,-2.3891618291894368,1.1976019741720276,3.641372985293695,2.9251933705285875,5.013393358010897,1.3407446489653732,2.8285779073880053,-2.9908323715477465,medium,1
0.07199755569012628,-1.6567116797187595,-4.527617272134705,3.7367475502362018,0.4144641906088973,-1.6341452894938824,-2.2308453713639027,-1.5579902652911768,-0.878749416899021,high,0
-0.7609740047478325,3.5819116749992492,-7.247250851466808,-0.0988429785138989,1.25502361116317,0.8808869758312854,0.8735284720697164,-2.2921880132465557,-1.594596224528414,high,0
-0.8977044087555,-2.1989751311533285,-4.968375793912971,2.2429092395599035,2.966415642267673,-0.24870823674836617,2.003297233481918,-2.7999957960287363,-0.4597500597290327,high,0
-1.4522065849205978,2.1757840938321986,2.4545060987392366,-2.468029763949263,-1.981181536809111,-0.5078589983564679,-1.0632384686120746,1.163715221009591,-1.5054952526995438,low,1
-0.6732461775146538,-0.2613352494141299,-1.364298243087094,2.030010108473945,-1.2256992486723164,2.4846480555848,1.0247314117982549,2.174176982869418,-2.172736247703749,high,1
-0.15113044852258986,-1.5147074699798706,-10.45242440425398,3.6947992929061435,0.3161425715990882,-3.465583013222469,1.1600997925735739,-3.50992300858383,-3.730379747650532,very_high,0
-0.035687962189546875,-0.9282412620240099,-1.0736355582134585,3.0518943948150374,-0.32543436088117805,1.2926163826587387,-1.455237953889152,0.41291094486161106,-0.0181033089179774,high,1
-0.5335301786980942,-2.459294626193795,-7.49877570028755,0.16810053094454824,3.9656222013187694,-3.077078902783831,-0.6277518951365447,-3.2411214275966174,-1.8863343618050248,very_high,0
1.9236991352968154,1.1012835794073275,1.5019585220034655,-1.9116917879000639,-1.0725300001063056,-0.02926064996749078,0.02955044139409411,1.2180706751415893,-2.034529857602707,low,1
-0.14945988525163748,4.741076479863776,-8.845743031564735,1.3227766593153363,1.8790287433656505,1.4135023150858763,-1.0361764017757955,-2.760019561884866,-0.03669258404723785,very_high,0
0.7144632000109268,0.2266991601162529,-5.650385885832582,1.9211094078826854,1.5589141864401375,2.678634621205674,0.8040047938218388,-2.2110406372706843,-1.2609240008872717,very_high,0
0.8266022741914947,-0.9459779613957237,-2.548747007932219,4.37938442312793,4.5384398233575265,1.8091080902804775,-0.04678863273023089,1.6572343769484377,0.17455907111670332,high,1
-0.9919502801968249,-0.03449498002138207,-1.4925565310982518,2.3110656018699025,-2.016329758675945,1.2747263952824825,-0.03711133782162509,1.163425149940233,-0.20338452624735104,very_high,1
1.9350357354335528,-2.4208436937297853,-0.7150809346180758,3.455642652988778,4.477145446648372,1.8769133138505145,-0.24695410145288302,4.3394497500020375,-1.4886997341904764,very_high,1
-0.810214566811094,2.2634055136364317,-4.983320103743459,2.4870604848763485,0.659443973060289,2.2726833725856124,1.2018368060612135,-1.6187585066064833,-0.5419960949180449,high,0
1.2622764446092574,0.7012890215556893,1.551747711992856,0.015218239789301702,-2.170905943182724,-0.9390860084531428,-0.9546057680315209,1.2028642668999012,-1.8468864219602674,low,1
-1.1061324290855088,-0.2469919910392393,-4.892452787110808,4.000395536203455,3.110605704647943,0.5712572810502714,-0.9927934751956536,-0.02740903221967317,-2.728257404866005,medium,0
1.8561836398189737,-2.4653712336185247,-7.242618218141555,3.4279416010247483,-0.34709980102497595,-3.3365750374843826,0.3129814086622382,-2.087806287381724,-2.919695394465359,high,0
-0.34891440110902416,-3.307080606393173,-5.756742259213688,1.3290171503525132,1.5431282817668865,-3.3633053168980345,-0.9415772505995819,-1.7647684161867931,-3.268028124287217,high,0
-0.7247646807197686,-1.2706641039579154,-1.6537177635078997,1.3770965349433995,1.3357655181545187,0.9963157833897326,-0.7924923223254668,-0.009131466963491652,-0.9575295061977934,high,1
-0.6622255934535122,1.901029815547817,0.6795477164663013,-2.7486506790603142,-1.365237584900417,-1.612755536435695,-0.1550104227043606,3.4268746018460257,-3.265341586202565,low,1
-0.14175932494440374,2.2432977509035474,-5.531334560383933,1.4784214987258655,-0.6225724695546246,4.908762828432223,0.37252771630531967,-2.785010868226437,-0.5299730177307287,very_high,0
0.05614594395095396,1.9679993287855648,0.6001577738507123,-1.36048409098639,-2.836693182491209,-2.4421456500031145,-0.9649947152032493,1.2180541833218779,-1.4896136699290008,low,1
0.2722421409695713,-1.6529125382093588,1.2399310476593801,-0.8620203634977813,0.9114542532062682,0.8608650888287233,-0.010298698676127578,1.8556862620874948,-2.9509178275344574,low,1
-0.8591187201319401,-4.929120302950161,2.24064616181694,-0.1596636883420799,1.7877675501927552,-1.1135481998717305,-0.22245031104085322,2.791447435776255,-2.2853089682192596,medium,0
-1.005279984386417,-0.6791956662746197,2.1994644759202036,-0.1516689873387458,-1.8201818592853953,-1.625305321383879,1.1405841256369669,2.1453300271416933,-1.9179814145232819,low,1
-0.7934887438803548,-1.4529644320871313,-1.016736025044163,-1.5848860394516704,1.063153660972964,-0.8058234290562563,0.20027874186617795,1.9298461520709222,-3.0200440003039075,medium,1
-1.070346370480293,-3.3807049155366187,-1.842929562405988,2.718578777583389,-0.5596799764294456,-3.1525555930377607,0.2836634016546075,-0.6970588125286352,-0.8940317779522021,medium,0
0.10383002752866821,0.5418115793641263,-2.977135431680825,2.91976702409032,0.5794837093497882,2.6258806304634206,0.38763186200424027,1.6296441708122678,-1.373827849370734,very_high,1
-0.6096518257071776,-1.0174010206692785,-5.154060470741255,4.10330072795506,2.6601871390976184,1.5033275739754444,-0.2662947135739428,-0.325449403838068,-3.3039085873869602,medium,0
-0.3317109053920471,-2.4231472436262607,-3.6282900011354897,5.450792057936649,-2.5705603328603663,-3.687910667262833,0.7862375031344379,0.17192734983225266,0.3103209775442728,very_high,0
0.22099024774905054,-1.609380068550892,-2.588662495496255,3.0512135078662768,0.6610243744990338,2.9445035917224383,-0.253052081331859,-1.2698333069754675,-2.6540113194930393,medium,0
0.6788643279760914,1.1279258308616569,-2.965477193393016,5.403408493248738,1.1284326012974821,3.215051726317068,-1.113160402240894,3.1054848092449,-0.33852450786393673,very_high,1
-1.2881398982397745,0.4083175115256794,-1.3620897331978425,-3.661156067039003,-0.6090086020632126,-2.582247843205291,0.701422502921072,2.204125942789591,-3.0663193765749677,medium,1
0.15797541856549221,-1.7179218909172302,-0.3727617190709063,1.8254369589430581,0.9739694538783326,2.750918464044373,-0.8309356883260637,2.9675472771105293,-2.868245367022414,high,1
1.1511236996067429,-1.3765340246723774,-9.699430868192682,2.213033598084744,2.636495365615195,-2.7775245290352375,0.27071943745593813,-4.079608283253071,-2.837649430843644,high,0
-1.1168201313303978,2.13046565808407,-6.369982231264233,3.0507700849908073,-0.02958740176830066,-0.002183059746442062,-0.8313117254656541,1.8053147498462445,0.4671017087766185,very_high,1
-1.4808005920938339,-2.328816121228398,-3.028306018587499,1.7464498814855187,1.570780305822628,-1.5015497961217104,0.48209332419660134,-1.2997284005429932,-1.0453373545120817,medium,0
1.1774051445298053,-1.1571137384279244,-10.209497092503632,3.1910113587084044,4.2956349153953335,0.6082690668110973,-0.7425446775251692,-5.714767154514674,-2.7366900472707947,high,0
0.06442667373222068,4.030042368085025,-1.5561729240331323,-3.8195761290109678,-1.4076295959986205,-2.2182536008743807,0.08171192626021934,1.7866919871286597,-1.5275261149136965,low,1
0.19325527837953085,-3.0889754017860307,-3.1398061206449692,3.009655829501958,0.5464096999372332,-3.2518224426317452,-0.1015386544123965,-0.13369376031744684,-0.4858699589330062,high,0
0.6346119196511435,-0.10308346052248818,-6.308662548929628,1.0169786710289168,1.873240841296063,-2.530998146819544,0.25545835783822857,-1.2253072572615205,-2.271283796420926,medium,0
-0.2913500540011821,-3.54639719771535,-2.1495690922666983,2.4349912793771944,0.9343296374370916,-1.959081562906638,-0.31532073314661113,-0.6098272497154615,-0.5986984587808422,high,0
-1.4508106725430994,-3.5828288621752544,0.16112649889527564,0.03667314140722788,2.6937962663517374,0.7335111777224144,-0.41961062626631235,1.6886936410901816,-2.2991808265136022,high,1
0.05267821425116917,-0.9430388882552176,-2.514077172748739,3.7202136148551914,1.613860163194552,2.9863686166945875,-1.116148354083223,-1.2699310935216692,0.8500708305241604,very_high,0
-1.6153292782567135,-4.578290314315247,3.5339017509349326,3.0820599415855683,2.456115124640955,4.19037819645025,-1.1383089195018246,2.229828567088599,-3.2430646024473138,low,1
1.4851753159393708,0.21175655377198166,0.9996812318662948,-0.025766799548836872,-0.8065561658054571,-0.8141765503431987,-0.13788488484080905,3.6393521702619127,-2.84364187192629,low,1
0.6570935227282199,-1.3463714019540356,-2.6223068888282324,-1.1615565502215197,2.5992935191771016,1.7148012840725917,0.11812915408359433,1.0111338485784094,-3.7843656165188664,high,1
-0.5137489735645697,3.3728301877476428,-7.849357433218645,-0.2964761931025708,0.9775223655733832,2.8518861088067258,1.1520373194649425,-2.893917234311469,-2.207727859576747,very_high,0
-0.5270810454007706,-2.431983949131336,0.6477815780948325,1.619331355075237,0.4046817054987837,1.7756391165917413,0.015079494992797477,-0.5235999515230165,-1.1763649771055373,medium,1
-0.09617226718558028,-0.1498409070012121,-7.032030598333149,0.14672075647120608,1.2370234952805905,-2.995099670509178,0.8745176745413699,-0.19307623453021105,-2.702052064095624,very_high,0
-1.0315428613465414,-3.68245545995937,1.026655195856084,0.48905201045697844,1.1729951191783468,0.28525901421910826,0.8465516753985537,0.546161787159229,-1.1576774130659342,medium,1
-0.9384353447574062,0.8376593248376762,-5.805210246924072,1.8944268310174157,2.0674160713291525,1.266867867839675,0.34927883471587773,-4.062543049452315,0.3483794084726928,high,0
1.2356430808164856,-0.17317704367639708,-1.069995621205078,2.6186685838061434,-1.2548449270585869,2.0369305733566296,-1.764691435168932,1.3579666792587106,-0.8376118858365632,high,1
-0.7033556312919212,-1.748741387994039,-7.33769527068825,1.790359572809492,0.8632219894784805,-3.7735882052695535,-0.4817203967093698,-1.759381338778672,-3.8370482849315746,medium,0
-0.41925562033291613,3.221735291631277,-1.0718364782375078,-3.1222550441705352,-3.586436453002682,-4.797390858631775,-0.34875781259575744,2.4360183169352587,-2.3206680372027315,low,0
1.6124977669390073,-0.015108478864166663,-5.502850150083348,2.7604770503974914,2.1961226538960013,1.8558676863369514,-0.3218670690091402,-2.7835605493483024,0.11002848289592349,very_high,0
1.56025680218457,3.229166278610749,-6.500864822301687,2.669297227368381,2.880495634773923,0.23738204485254877,0.4369331241110122,-1.7848489180111635,-0.5990162044208205,medium,0
-1.7462839262808176,0.5400314914705844,2.946144437941357,-2.6733988868654994,-2.44714291871201,-3.004190853651499,0.8915790130957462,2.5281642668855246,-1.9331621590950314,low,1
-1.3977692526995082,-1.1655354782868819,-0.1862444730846681,2.438705172562655,-0.3740562841111965,1.9212462286614285,-1.179948070647568,0.8228580527742447,-0.6660675208249289,high,1
1.8244393204175344,-0.36102172477870176,2.3032030785621425,-0.6450409410789975,-2.602793918820847,-2.833964029213055,1.3105277374814128,0.8374224455552164,-0.13896721836859172,low,1
-0.1246571397381987,-3.7051082741765535,-1.7307385691909662,5.483094322110411,-1.4377374947461885,-2.121996850055899,-0.9325623369483605,-0.8971191951227798,1.3524920742484563,high,0
-0.10320194992339556,-3.378261946874465,-6.586083437842399,4.8955169073173925,-0.5754257827172251,-1.8524559003015166,0.12346853813829041,-3.219750822661236,-2.819149612868135,high,0
0.18230544914048175,-4.054541778613882,2.7366973235984275,1.6748606401914596,1.9271282117121933,0.7100382275811186,0.031768331409075826,1.0204952804330467,0.6362678628888967,medium,0
-0.5158848977360987,-1.0474053001020591,-2.645327458947079,0.3306784486707861,1.458751513278259,0.7071612737730804,0.5345836288987383,0.9546858445551544,-1.8962307535572143,very_high,1
0.9909092765185041,4.026210053398185,-1.427263364996859,-4.007172229275941,-2.953187944840111,-5.0974410036642865,0.5923318935934154,3.432583463021448,-2.1010341969564417,low,1
-1.424100849727766,-0.351449742938134,3.0026775297921797,1.1726669972495534,-2.831716654112503,-0.9767246197011293,-0.41649571105949357,-1.1752584701442366,0.9339335116734209,low,1
0.2714499105553081,1.5066917869732424,2.0539376887643437,-2.0556413954662975,-2.83899097505269,-2.4931024019969383,-1.8428318545324984,1.5956284172853514,-1.1580981317678716,low,0
1.9799011720533457,0.5274011514857493,-2.6855935455442186,0.6993329053949331,1.7389908337335422,-0.5175788050610364,0.22324941880804178,0.7827255480493862,-1.2329477827003412,medium,0
1.0416761899696694,1.9370106113735988,-1.0942299568601603,-2.8421817654083785,-1.2940389109222181,-2.990867281303246,-1.1068013259845935,1.9629826521641267,-1.825529154697498,low,1
-1.1139541720979422,-5.293421663964922,4.072609834387094,0.869664201559303,1.5676198449912941,2.786966148268752,1.7210154744250474,5.447896765334289,-4.239448374927518,medium,1
0.6263557060866203,0.6109916246672469,-3.206826966344555,1.6152939860334894,-0.7846103218838791,0.5121097466318465,-0.9228465798955018,1.139633370333987,-0.5506927784263462,very_high,1
-0.6796001255987997,4.548409775608005,-3.924095027747849,-3.353930798946701,-0.9165534156740404,-2.1296289099343406,-1.7669873806862209,1.69113294784236,-3.213028935894785,medium,1
-0.9410727385402571,1.1413334164090567,1.6236653113716655,-2.166242730116751,-2.8211512025223677,-3.975100721644213,0.7038531639489346,2.104365754803739,-0.13108664278319937,low,1
-0.5330306601389762,2.581751848509314,-5.4940155807044935,0.7262656258864078,2.4260389948878482,0.6303899559852011,-1.4822372220423925,-1.9704585618014656,-2.4857169320136703,low,0
0.14858133148240468,-2.3856989493372422,0.6694188833237589,3.2348684522019604,2.8091768977256732,4.052827975797202,-0.08202465060424888,0.7837375870061094,-2.352631218333567,low,1
0.7829848719246864,-4.867138455968774,2.4604316038442695,4.846615298679595,0.12824362642625897,-0.533111893719115,0.9806999512273812,-0.8433211801766116,2.402040079829992,medium,0
-1.2405720911496199,-2.3518946161332597,-1.8888626632159355,0.8929735116387435,3.72836988286229,1.7866976916999124,0.36092449638932955,1.2577597209739855,-2.8877891485434892,high,1
0.43508980673210995,1.7954907446182904,-6.262873724827119,1.6587534199380505,2.125825809160325,0.7732160556164216,0.15941938144907356,-2.2021612683842013,-2.8504034221786014,medium,0
-0.7779700330896099,-1.3642217460093866,-4.044919579211635,0.6882219870804307,2.0918370127373707,-1.7706669780208353,0.6125378586255456,-0.6390662045276501,-1.4003998242034492,high,0
0.2666816777961678,4.444605733468358,-9.033925088979224,0.7289044716808288,0.4782414645890216,2.9364627597731454,-0.22312443781900512,-1.8421368933003142,-2.390699318114984,very_high,0
0.6273174291176178,-1.889341241271263,-1.3951553403075831,0.03948743571522928,0.6411709605166644,0.5086129961035495,0.8307767446110284,-1.1634735195426547,-1.2791122019017434,medium,1
0.17727071470629593,1.1029220501528187,0.49886180807669184,-1.3563663359541112,-1.0492814463430853,-1.6375238386547226,0.47629871236007965,3.0872300133369466,-3.030088215542504,low,1
1.2084137244324658,-3.777646793143406,-0.19159334165258302,0.7303823753718961,1.3470814067962906,0.40105075793618217,-0.8984753858828899,0.17359908221223708,-2.68304361738328,medium,0
-0.2856949351208236,1.704605978816944,-2.3908856152620044,-2.129196726609224,0.7678855047713256,-0.12085771110691446,-1.2061361405326994,2.4569789926825667,-3.7529114230636305,medium,1
-0.5611206198167704,-2.6606728865045195,-1.4290261947423117,1.4983245147407964,5.207106190528226,1.1812734257418254,-1.5483683034347036,4.841500916666274,-2.613418637057951,very_high,1
-0.18638426467569746,-0.13029977438217988,-4.4379990418133275,0.4514981294186655,0.8064709133818049,3.407178605407312,1.2591984473360178,-1.1667552690879814,-4.166217883201909,high,0
-0.6716999754284789,-4.779088795487845,2.311498849742274,0.7185053007263484,1.906318740486446,-0.09301560557854627,-0.5291627146309935,1.4289038882527454,-0.5478236061091837,medium,0
0.1576344355386553,2.1669863862013035,-6.165002180939027,1.8788586149435893,0.12798642111980918,3.358154980589446,-0.6368882119212407,-3.6422802583716405,0.6912992762104355,very_high,0
0.664662568209133,-1.780020786199625,-0.9062725596755671,2.341359841656155,2.1823440489005237,2.675807977734202,-0.19982165103577562,0.6689179277861075,-1.8315288434902406,medium,1
-1.362251781235933,0.5137715837009642,-1.770421438179029,-2.3389881490173545,0.7410702931156299,-1.152704235113886,-0.8406415505229099,2.6329627812497733,-3.6321473430480156,medium,1
-0.8371492803108523,0.5046962083198145,1.8092306210997242,1.5257810691577605,-3.2531070367710697,-2.8136168528208128,1.0235578633747033,1.37548578932094,-0.4887548437699234,low,1
-2.1563345774553753,-1.6809888384321203,-1.2339050383886128,1.6225047315210162,1.5393661113507269,-1.9616092593759125,0.7892474860745685,1.2725925475277207,1.1479841133969717,high,0
-0.325690582822322,2.2416418818674315,1.6259453331367182,-1.1978849149444768,-4.580458412578085,-3.6645068199993784,0.7557580469578429,-1.2503152768113381,1.5836883227551375,low,1
-0.6201712755516735,0.5228975808128713,5.720255154562795,0.9931786168375509,-3.4801657044826735,-0.569161869491857,0.032230965896991384,2.373539027085548,-1.3463654995716616,low,1
0.8632836256656259,1.4111142458233055,-6.1233503658679425,2.3980474771239066,3.0566039764594217,1.7081514243363307,-1.3295874165654533,0.7010971120084573,-3.664208737860272,high,0
-0.12472124753473521,2.9022282732971227,-0.14306258019286444,-4.217069291136646,-2.213515292919262,-2.8442434870951288,-0.24258518400176635,0.6312589356569889,-0.1764016144652647,low,1
0.502727596310878,1.8600571366976486,-7.022304787375291,1.7284197923340823,3.4903664715297187,-0.9096970858731164,-1.0125479672890298,-1.9357300915311508,-2.3380625815421965,medium,0
0.3372901351111547,-2.7711658209090264,-7.7479510994641485,3.297280584640358,1.906928135491213,-2.523992505956739,0.4014939317364291,-3.383668030846321,-1.554390299847676,very_high,0
0.4714294955568415,1.0675367871535697,-2.8375337291959517,2.7249931620616343,0.8320739880028798,1.9040613817662493,-0.8878354488285195,-1.7775881351219975,0.3034635170326807,medium,0
0.6053040927809378,-2.208756382213022,-3.359865389971886,2.2051832853307443,1.1619044275790449,-2.249634601288768,2.56349986812827,-0.9830008901133802,-0.5478303390921824,high,0
1.128373459939224,1.2528181521548136,1.2287943597905635,-0.18980651864555953,-1.6015508263517897,-0.15995267501640953,1.6264922929643841,1.371422741868512,-2.686518906495561,low,1
-0.8570679297464341,-1.1494279066863227,-7.458393018152099,0.9236399221693721,2.6680188458521474,-4.514416822427109,1.6737524980012717,-1.8563644161781168,-0.6435735648692684,very_high,0
-1.2228374653560667,-2.2007281570914645,-3.009565583355011,2.434394520064763,1.1784347256455754,-2.1034177735869326,0.05335986452567538,-1.6202433446236315,-0.26070702471931306,medium,0
0.0925971485512682,3.6109552648797982,-11.180593841053698,-0.6968884857486117,2.8112877136205077,0.29099925479155164,-0.8815972405858491,-3.6832531199456575,-3.238546289376891,very_high,0
0.09091825085632099,2.0555579021584807,-5.290884975617775,1.0709312714786494,0.2594248217986712,2.234432364557687,0.2015923264132038,-3.226691203664192,-0.031158766666581128,high,0
0.4913391051136467,-1.3675937807638316,-1.919276480759708,0.8510557666741955,0.5478044355311318,0.17482040472534832,-0.7873748855824034,2.664332490809757,-1.4297402785744457,very_high,1
-0.418604529999318,-0.9831263404367026,-2.7587346277267812,1.2519959996841474,1.4856284742078394,-0.3671554346990369,1.4186335642519685,1.6634093015011675,-0.4109499128210923,very_high,1
0.6349406734850633,2.544732063982019,-0.06552046348777862,-0.43988872321615835,-3.538571058431881,-3.178813205245964,1.2542792429588745,1.120983698535552,-0.5827440218334996,low,1
0.514074698612494,0.01641723159825137,-3.7050538397638,3.4100782634986206,1.4991256761073335,0.5098417653511031,0.6499337326903825,0.8976162689276304,0.504825277273566,very_high,1
-0.9458009315990475,1.2714714575933619,-8.467220889352946,2.1600997322547966,2.5357293481342262,3.443357007196715,0.019105375292004022,0.2833872039492935,-4.676431179207719,very_high,0
1.1629638077910605,1.0770038374568038,-0.07605785065048065,-1.6568541004803141,-1.9713888352955387,-1.9460340189234508,0.8701072171118006,1.311234325289253,-2.4713280919069267,low,1
-0.17740518436735128,-5.018927099873373,3.757822592502519,2.1275936900158117,1.8504297536446845,2.934394905661356,-0.6413143752371963,-0.8166349501884225,-1.7428456760974749,low,1
-0.9849303551626952,-4.284369867038657,2.815721914129367,1.0048707680382272,0.6464029927768835,1.7324877078906384,0.355427973549249,2.774155080449874,-2.6173416106745617,medium,1
-0.33912071285246076,3.7268670410574183,-1.1277611059404395,-2.535179656350454,-1.414113537650485,-1.4213708267110072,-2.053117972034088,2.7922438952650914,-2.8480032890194087,low,1
1.2700492964150043,1.4402443460856895,-1.419300584287262,-4.168816662205809,0.932631111536409,-1.8111050054966262,-0.3981182867318237,4.505354837350518,-3.4087566425858356,high,1
-1.400654608642907,2.174447949934713,-8.47823566008172,2.3346576279110054,4.96222918300524,-1.4519082910695789,0.07959425276352049,-2.179140430748519,-1.5181494944142684,medium,0
-1.5786926787264723,1.724349691956986,-5.989208817306271,1.912156145893204,1.6288958238632447,2.8248365598689817,-0.16732160932115064,-2.196347840037733,-1.7944060144340135,high,0
-0.2888288777785187,-1.8021105589251911,-7.760692282012467,0.5626954051782365,3.2325903648817738,-2.098838234638954,-0.7960134531833308,-2.6544496000362985,-1.875538558743791,very_high,0
0.023085660695538315,0.8739392378524105,-1.852202692268753,-3.0738960321894244,-0.6781208921308102,-2.947244537373659,-0.41613208913699,2.1187877183680928,-2.9663021068779485,medium,1
-0.2894906304959442,1.8997814881873731,-5.658549643405751,2.2011803022316037,1.0800162818581234,2.7337690137005346,0.07350540746865974,-1.3977613352787994,-2.0861606528790326,high,0
0.09074445220133684,-4.513076219493074,2.3706202080450525,1.7621403981480006,3.721177399515354,3.0308052096049707,-1.8520251731335842,-0.9748144339719358,0.48475141256808896,medium,0
-0.032210368034463775,-1.2059482331702878,0.3629194118061072,2.0233479727148245,-1.6213670722161548,2.4794773279563644,-0.8009939573650712,6.162781010413582,-2.995682213031737,very_high,1
-0.17894023174963422,-2.1141745692637572,1.17696645847717,3.8611045634402954,1.6064016535213927,4.464571763212809,0.1422304842068681,3.4026016112724866,-2.7351017298176328,medium,1
-0.3523382584789707,-3.08417066946424,2.137334361622682,4.158747650042685,2.6420658446159484,4.16434262655005,-0.3418804116116249,4.481432719829693,-2.3746901979712542,medium,1
-1.271280543824251,-4.705201414214273,-1.7535522692878853,-1.697509654245634,5.7748980366763325,-2.6470574977299526,-0.25391263559932375,3.4742308022272668,-2.2232121079854203,very_high,1
-0.84248319694085,1.2171085762251586,1.4195718826133108,-2.274084323208119,-0.9690951946257472,-0.781913334680207,-0.5768954572780001,2.5490694710011454,-2.9221406967437757,low,1
-0.7235418637413056,-1.3350552041893236,-9.245405240290115,2.6022074187014623,0.9881914957660052,-4.129644872981707,-2.0271627709551323,-4.10996735424208,-2.5730701387584602,high,0
-0.8510142538691337,1.81746114693864,2.536349079061617,1.2797534977813931,-2.9917465120960207,0.2480713291906118,-2.235657614656583,0.8670669920843623,-1.4814583158500056,low,1
1.1899037204545329,-1.400206265169346,-1.7867912710747065,0.427363791845744,2.3829500327941706,1.4035112038291122,-1.4092597465956416,1.7770314285570543,-2.344718984363371,high,1
0.120914429446538,1.8313517371953965,-2.1018332627458673,-4.356500841108784,0.9621997875279675,-0.7148049892346036,-0.36914993425925174,2.2168082064993566,-3.337675039265573,medium,1
1.0598976585343933,-3.1406215584965143,-2.747235467915865,1.075548702070849,4.927547170629275,1.6853061635355318,-0.24323351840635835,-3.2698390831351194,-0.36757943327498444,high,0
-0.47042745279816417,-0.46606687398792257,-13.128524363070238,2.5427886915378033,1.2289290079550277,-4.089384753620579,-0.24898967153771237,-4.2164403391985,-5.284080263130971,very_high,0
-2.61933147092784,-0.9701971202680166,-9.45839316452012,0.66215870294869,2.130581449093806,-4.06225723727125,2.727327847551242,-1.760571679551378,-3.5756026931178195,very_high,0
1.5534214864028923,0.06617736542517294,-7.7426175148639595,1.4018103865864362,2.1514718375949724,4.218920334506663,0.07080916885365215,-1.5651889023572128,-2.82969983872282,very_high,0
-0.4795820822308051,1.3694545846065678,1.7422885238297894,-2.477273373443256,-1.9503329592736869,-1.144913800997072,0.08646347039625449,2.037880493919832,-2.160414403428873,low,1
-1.2587701549090833,1.1959242263401024,1.2385497838618902,-0.22979259726283985,-1.8521527989374975,-0.2151131665808914,-0.23806148863266643,-0.00421439616099728,-0.6615465835759367,low,1
0.15675674545772952,-0.5382497486092854,-3.974374718863225,4.1662429495231645,0.1823482098712419,-0.89213657657971,0.8486665469680078,-1.5849985240853297,0.2817215803170219,medium,0
0.09879678747966673,-0.4400309539118006,-3.4343044367275257,0.7502343593874541,0.19813151913695037,-0.3723791038686557,-0.5613535079126699,-1.7718623443029886,0.005475809876440918,high,1
-0.13537561153335706,-0.8700093080410736,-2.6012999989169274,2.1197001997503313,3.2734289291191683,2.0353992661656655,1.8278721171737566,0.30296841308435707,-1.4699360489660211,high,1
1.1138925845280252,-1.7925006103137682,-3.1463153328400093,3.90884391634329,-0.040700928865955,4.662927197190307,1.3936019292943915,-1.0789191570351662,-2.2065052898344044,very_high,0
0.6475261809516598,1.608653399308705,-2.366255872023735,-1.8787684767884387,-0.8744165562056063,-2.6605845932368393,-0.02070572230237654,1.776669840368818,-2.3001181853239667,medium,1
-1.279469437429289,4.9437781581015745,-0.7461073522657067,-4.456141759648776,-0.5530778045191937,-0.503166330557921,-0.509594405116166,3.4419963930009905,-3.3648791643346225,low,1
0.6770530045844702,-1.017508905370662,-0.9176243421693971,4.491431076804396,2.3388102549175604,3.6012837108497187,-1.5989173606119742,4.21203482879692,-1.913600548759338,high,1
-0.5883210349600975,-4.466709422743167,3.1847463531003517,1.1098384690379004,1.5523603670374193,2.4883252208676585,-0.5862728255828021,2.492219380723175,-2.868182628995987,medium,1
1.0582732079795922,3.6922851319229686,0.8438912227812665,-3.8610618029445565,-3.856226659865908,-4.000281093955687,-0.5387777739385577,2.35286906573436,-1.621715959178439,low,1
0.36490392801279975,-2.3856665697519155,1.34723611142373,2.75612493172628,0.673639880693151,2.7074882014116213,-1.7466964294446428,3.27940102138154,-1.9439547568012332,high,1
-1.0201298892616688,-0.62059799564458,-2.84361134873918,3.0693656045508355,-1.1272826571233365,-2.286244066173057,0.28092026117658436,1.5697949276248873,-1.867811005535133,medium,0
-0.7521047940965343,-3.2691818761887603,-4.417964289950788,2.8237621804441377,1.2952615054151635,-1.4251174933723305,0.9048675092247521,-2.008402430375335,-1.2677183101058556,high,0
0.2948234604574855,-4.731079289190943,-2.6683699044381255,1.7160252191978194,2.7738957868582745,-0.42467386373068505,-0.9194546767403554,-0.7562765230848179,-2.070290501400863,high,0
0.06649066140069422,0.10470362000448774,-4.040241136788476,2.3549214998443238,1.025359673503057,2.957983267203049,-2.0335537878449914,-0.06295842127090001,-3.070513688015983,high,0
0.9736026885483221,-6.555892154738042,5.713163439776582,2.3730447874337592,3.3174777939996867,4.337141352759926,0.5401656961164798,6.510382127005219,-4.468927026225885,medium,1
0.6266726835687076,2.925567684857664,-0.4752094570046419,-0.8579290360065877,-2.596520736738402,-2.503269755009704,0.09739682207480511,1.8698735703253078,-1.4277174971371245,low,1
-0.7877851466913498,-3.4261857230475012,0.19585970666360963,1.93115735519285,3.863778802979068,2.252046653272264,-2.2437317598993043,2.1348406870738983,-2.435955340180605,medium,1
0.7972306353435351,-1.0231360412835722,-2.5447565244458916,1.484513271542814,2.47706424317733,0.764853709242169,-0.43956450755653736,-0.11160784713704253,-0.8408191535439276,high,1
-1.0433717277965953,-0.5317294321901416,2.972842195949161,0.12344947284141017,-1.5414557997766607,0.8750151301562663,-0.7097793572127951,-0.5003483258711137,-1.2558763100341894,low,1
-2.141135715969906,4.600271284167502,-6.9164396818579545,1.2496177034600255,1.8822002363696062,0.2850521972110298,0.4599815948071012,-0.4484303796269211,-2.709963367900593,medium,0
0.2829973810224599,1.4781120215078911,3.095649925233235,-1.3755288037664852,-3.8595864465630543,-2.8246493584482106,1.3766240939757455,1.7265763605979614,-1.3795350840331806,low,1
0.4638792060453893,0.611368998095444,-3.154201599087156,3.261665527748837,-0.13140693001182258,3.1173924190249416,-0.9252044287956842,-3.548829600406518,1.0734160482339565,high,0
1.2969483728109685,1.682208478129945,-5.974521176012042,3.6505270039965385,1.8197464541502943,2.024112090626042,0.43630507079679137,-3.909515123742228,2.2734101543719802,very_high,0
1.0123088473904782,-0.026100955303665963,-1.7014480736794877,4.508495755990461,0.45077672056393836,2.782673935236644,-0.8070368578512127,-0.2900446515717634,0.17776708750926185,medium,1
0.31834121301104534,2.959079045992916,-2.6703369755637114,-1.6855469119867288,-1.0485481254932172,-2.531128840376844,2.461493490733302,3.320551432750659,-3.4718517749261464,low,1
-0.5943487327899609,-0.4499686488665515,-5.8349177006455415,2.084531322940939,2.6598585575523397,2.8558772725248724,-2.764478335574237,-2.9755290215560515,-0.3211847939980301,very_high,0
0.24396984713667375,-3.110547314900397,1.3981243954583864,1.1365587451846724,0.8859101712547683,1.682089270663341,-0.14941030493118404,4.893373664390066,-2.6645243813575763,very_high,1
0.310657374974801,-0.40278494473438053,-5.411719065219673,0.9187596765553881,3.7230492216830617,-0.30816548825348455,1.5119553107144057,-2.404445738609458,-1.2455069962474248,medium,0
0.30168702324156155,1.6284301149539517,-8.64208084566215,0.9903919793567497,0.12623264363878106,-3.600223281709714,-2.5797412424986734,0.8232659800230404,-4.029809684243708,high,0
0.7658106216559928,1.5151732663410853,-4.918439489945094,3.8482760692014777,3.1580331545728617,2.885408257378465,0.3688935015803623,2.6403926131417412,-1.0813349549135358,very_high,1
-0.005723830903011348,0.4755222153865253,-4.858123981616001,1.6348498833069667,1.530475184102674,2.0260570063917176,-1.7910155213588692,-1.9042134944478137,-2.286920008562864,medium,0
-0.5951220210072045,2.705497300244982,-5.212807031778304,1.36791566664608,1.725040188472576,-0.8991235626538285,1.0992286456937617,-3.0345763624982878,-1.0403517142741283,low,0
-0.7107866181505289,-3.283430860097506,2.259038933859063,-1.0798122624752444,4.907770315316471,0.059919357069591506,-0.9962980734742741,0.028301939922863673,1.7897980496320358,medium,0
1.0515425111862748,-1.4991790137279108,-5.443611280740782,2.4149548054245513,3.4681443424683787,1.7873558620075354,-1.3497229100434391,0.6518751971693073,-6.290719830592143,medium,0
1.430372534022507,2.684587899017163,0.5057718832718524,-2.0657153179158,-2.0809943545498983,-2.758686168279263,0.8255889167789005,3.1847755572458754,-2.1497771111605974,low,1
-0.6563685326459759,0.2767017771060971,-4.738433589537259,1.168556615856311,2.045246979071254,0.4703723543051639,0.8539489565330354,0.4455051990794452,-1.2376555246999286,very_high,1
0.8974825006508718,-0.5690681995961957,-5.813170469716614,-0.01760470461560093,2.4513584274538105,-3.671391488839844,-1.427024461838072,-0.2320457842223702,-1.2196316558569387,very_high,0
-1.6832793260130887,-0.48470311365671637,1.7271928027439243,-2.2533726491521655,-0.2922899917079713,-0.7120112161244723,0.37914974503720295,2.6714657763523664,-2.581165989770185,low,1
0.5680320125884004,3.1267474569923714,-2.905310253104588,-2.570080438521864,0.7381520686505778,-0.2841274170644086,1.0968755857644712,1.4628409946028371,-2.525918225555096,medium,1
0.9429839542607225,1.3638195647011937,-3.2553870138875443,3.081938730068514,0.9898071161802162,2.325090441376,0.48430529021265456,-3.9535232815711847,2.577631645760512,medium,0
-0.3069623187761501,1.2085072308420834,1.274927925666151,0.6362740838062868,-2.6478488942360445,-1.2530135673071567,0.5596133111374442,0.37621576679736024,-0.6415589004684352,low,1
0.9007393302731922,-4.347249513524428,4.208400996408415,2.008046529400031,0.5387997510785201,2.9820778737094864,-0.1320959548736219,3.3291497100074423,-2.6396802613200894,medium,1
0.06193719724276239,0.28468963800593516,-5.602781861279432,2.3102149303898543,1.627875855526364,3.8384362157771026,0.6434781452112087,0.39821398843719424,-3.8898541689756625,very_high,0
-1.083726850689251,-2.667615817192145,-3.4074718076466954,0.005423577670739199,1.6323901229709363,-2.308681653075423,0.6167756798157589,-0.2709057943249724,-2.2952565406640746,high,0
0.6359739396990048,-2.4086158032599436,-3.006259372732395,3.364849736041444,2.8794003989933965,0.4996397807844877,-1.089816103487226,-1.9689863450339227,0.48904134457890236,high,0
1.6183376270077756,-4.3181331448209574,-5.63908121147564,2.2746805323995356,2.1242885504291786,-3.407787544573126,-0.4470320251564233,-2.381390419085304,-2.0762871693566605,high,0
-0.8790580919982898,-0.5867255025167883,1.745585661088267,-0.5209944500753165,-1.166968084700112,-1.3826356562285564,0.8458896402330285,2.500436200772551,-1.9394738521064465,low,1
-0.9747923270495656,-3.4026279178931125,-1.639179213547393,1.6763850301681522,2.0542130308767996,-2.1800836332241373,0.20907461757689938,0.13443815012289617,0.5033701450093309,high,0
1.6597276233270222,-2.179309855002856,-8.270548413308516,0.4726434097026839,1.9105834768844252,-3.37491496607013,1.1572858941619137,-1.8500981729048533,-3.3783595688288015,very_high,0
0.6579379074831078,4.565872854124949,-1.6690597332161086,-2.96340183943377,-1.5679669337855453,-2.3084118430638143,0.44094418719407386,2.55086348330359,-1.7261573223075959,low,1
-0.017432494183066496,0.10652097108601977,-3.6223482194916476,2.529633270866941,0.259884033257604,2.8146129324224507,-0.7217284888684156,-3.144068610787153,0.14108590421961686,high,0
0.6610465691847746,-3.4327733616419707,-4.240599938821658,2.8588557878613123,0.4364998197895984,-4.144035482720331,-0.6347387283703545,-1.6574517119781338,0.6196825282265916,very_high,0
0.12393191870360817,1.1040295455158309,2.1064741630070927,1.3792445984103245,-2.069275208550777,1.0235121523306072,0.5652319488765503,1.669134801104337,-2.947745827180253,low,1
0.8815450196255646,-0.6337253489040362,-4.466439876984603,1.8806035326851118,1.7093455782855544,-0.5430362391831072,0.32529113786068464,-2.0700716025461623,-1.6395603434154904,medium,0
2.080314258109134,2.1499087775367496,-6.052212355270343,2.6933547472516888,0.321953047517642,3.581722544510791,-0.00024334562252112174,-1.35027209686289,-1.4612647989108163,very_high,0
0.28499026215142287,-1.5536401707108856,-2.491828222017043,0.21902891482303355,3.852370359598737,2.329983276329828,0.8341734635346133,-0.559109044864633,-3.201725536340514,medium,1
0.7957009124235614,1.6424318822799198,-8.997054307701992,2.6444366172914386,2.561112081828259,1.7836123667580182,0.5401597088701403,-0.5367590985252841,-3.879988608754413,very_high,0
1.0892782336953146,2.225102301069114,-0.11405330779979195,-1.9198230330848205,-1.1707037931022746,-1.4088641511952016,-1.9235928572306338,3.031568472017973,-2.6948747775029918,low,1
0.011235701240129254,1.9319379433169974,-7.078568167540885,1.7704903690603897,2.5566335961893554,0.6216905508692161,-0.10081676169694302,-2.2346028940407514,-2.1921077308209225,medium,0
-0.896273768554371,-1.812766615752928,-0.6189825112174848,2.340466795532432,1.1880608335347593,1.107694472391103,-0.7446498230795249,2.9299052419751104,-0.9992501809265044,very_high,1
-0.8078266696435684,0.059395117296173305,-8.329208902793102,0.8895353338915881,1.8103866819934593,-1.1401494292295211,0.9856638787479964,-2.1389141245479086,-5.863068966437233,medium,0
-2.4119871756282305,-0.06188136835498148,-1.2319044509958463,-0.9892379906053714,-1.3568181910866555,-2.348463757955465,-1.1423420407182625,-0.34222352071244866,-1.7010305312473197,low,1
0.8045003676773143,-4.150027383688394,-3.9422164486713918,1.722349165316352,2.057168509108499,-3.246968565182966,-0.16304891174674668,-1.950803189714813,-0.25458894210329697,very_high,0
-1.1665887465311566,-1.270521022925347,-1.8847710303524843,3.260005024234807,2.389824713231088,0.1469519053400512,1.8755194448160222,4.009417015608734,-0.0004223698811562926,very_high,1
0.4312106399166448,1.6694921230051374,-15.133786312561067,4.308977595035366,2.161421586645074,-2.9150159709167283,1.187361219338591,-6.2311494598579324,-2.1632152692249504,very_high,0
0.9294073937190811,3.3138121253020714,1.8156358385752096,-1.1734397254481794,-3.1402166502087967,-0.9815331336618217,0.06983380860211862,2.1934028770679443,-2.1094148795274013,low,1
0.7898197035122371,2.771519688656822,-9.106063847008503,0.6295383888368717,2.622250572715702,1.487704491025196,0.4255639215086497,-2.085076183056743,-2.8154524543244053,very_high,0
0.26429194531513167,1.9766039101613175,-5.2729279799973945,1.3817307898072213,0.6713823789332511,2.6097499299770277,-0.4731660645269097,-2.7321307760951785,-0.899725630360337,high,0
-1.8588891384747195,3.336446104450142,0.890518631371024,-4.075541433183447,-1.9767099007107598,-2.3798861136821463,-0.8677327321204076,2.923222162686259,-1.7522855111439075,low,1
0.6954023198502433,-1.6314263144393923,-0.5739833343109111,1.9015649604385187,2.2058296976903318,0.06100424176932684,-0.14136919003578122,0.011386174827909823,1.3703657209676774,high,0
1.2701116739861267,-0.7722852510524012,-2.4658361982713335,1.2248246048453784,0.8644625854765149,0.8397496512666408,-0.7006458301779478,1.116400520305201,-1.247528417009335,very_high,1
-0.6813219287116001,-2.3288311561789437,-0.8039633664400982,1.0331605714528185,2.0459900042650743,-0.6915748996248134,0.3046459123410643,0.5716315910738874,0.02805311433855473,high,0
-0.985888121216666,0.580318021143506,-7.00880918849219,1.4972276509287261,0.7932423535240687,-4.275702517818574,0.5304415216447463,-1.7153490177912776,-0.2025748676231678,high,0
0.8051876288889297,0.1540162384585002,-2.0752129171328653,-2.348044191970402,1.4077920323115085,-0.29169152908981233,-1.1438752154986225,2.040465398810154,-3.300648261641508,medium,1
1.0264759204081944,-2.511479410176988,-8.757238264144874,-0.015518154644274418,4.908079491859743,-2.477791894424344,-0.09902627268805321,-5.438884882412516,-1.8139936848125486,very_high,0
0.33871330750235235,-0.4949252006581062,-1.924229146617205,3.6180219049593747,1.835576605254239,2.2311578269965247,-1.526289431055192,2.5339703716193442,-0.951171517065176,very_high,1
-0.3257902441485935,-4.253671125615669,-2.1702160862984523,1.5506014233672358,1.8435458773376607,-2.004541809489726,0.31381093263753773,-0.8025030025574282,-1.817834072144943,medium,0
0.276632404366441,3.9988280037245394,-8.993721653194166,0.04231957250553764,1.9731029662552746,1.634425356653321,1.0683155366858614,-1.3845978885162216,-2.871721959027527,very_high,0
-1.5474778262041895,2.594291003280255,-5.55651116042037,1.082264017175639,1.1448010103164363,2.944533142649065,0.32305929668024885,-1.6240157675223794,-2.1120958243708836,high,0
1.0457045080533052,2.3541442447705205,-5.704000857247507,1.0356356516108893,1.0478188404571942,2.834182281734487,-1.2746422192506264,-1.9758018521690455,-1.8949995757857803,high,0
0.5894915447180944,1.3181176541854,1.0528584748546883,-3.0268746627033454,-1.417153621498983,-1.1778495758752618,0.542755187450238,2.631361134716327,-3.4280843561497423,low,1
0.08546121275338489,0.5912492849159163,-1.7731150615090456,-1.268635866088943,-0.7624286437093355,-2.9478318324562722,0.11872091923739972,1.8326126838505923,-1.4465425398277356,medium,1
-1.9711795743581906,-0.22451892730933065,0.027467536031465012,-1.4724492045500166,-0.19539201253670058,-0.4228906413420237,-0.06460914507995491,0.4733827754067943,-1.8039718351976721,low,1
0.33999354886518474,-2.024114500933167,-8.436193502908276,3.2417233513638246,-0.6690876105063641,-3.3656726998782562,-0.5657281942053878,-2.474553136073324,-4.328888510336484,high,0
-0.1680742132855617,-0.21684826510923694,-6.361268201949304,1.8512521605189975,3.4421766112319845,0.14140599077753602,0.1779767118544529,-3.611350003976378,-1.4991247179624938,medium,0
-1.0074502080668442,-1.5724649660086123,2.2764955970886263,2.8270965303256457,-2.6012362678757315,5.077244779094673,-1.875168866727804,0.4022356210659588,-2.884587156369721,low,1
0.6206546115873934,-4.382650274016562,1.0579294838385453,0.7927773811174608,4.068306449684631,1.122442204432391,-0.07258211716608223,5.282588490762991,-3.075580875562287,very_high,1
-1.1142233592380968,0.3702061803473946,-5.292006225715781,2.1968776334752325,3.899326948835389,-0.6717233983778781,-0.308096058023688,-0.246047764762525,-4.122669554905699,low,0
-0.003459580560271332,-4.021153090299184,0.8629356999122958,1.034212404294146,3.0132581250556916,1.315357239141299,0.022502177559981608,1.9197845670893885,-2.2409333182402023,medium,1
-0.39521178325355505,3.9196305756341188,-7.263837040651499,1.4751401382201499,1.6539350592229518,0.6530202626285311,-1.0078690013994693,-2.1054343886139746,-0.44238087890797284,high,0
0.20329350298950152,0.5630476429783577,-6.713997682388292,1.8707338198354733,1.6005623420330688,3.15268968628632,1.1270202590210485,-1.9322831103201084,-2.5961523047119432,very_high,0
0.6212263517886641,3.997859294160154,-9.612976459047715,0.021909156632899496,2.7584648371673257,0.17733986635653576,-0.2981682904513967,-3.189799135283622,-1.8288360162530006,high,0
-0.03297345365213742,-3.6231278761631813,1.347452171420021,0.6122641097336017,1.1172623969044329,0.8684630452782031,0.6156684441455533,-1.2265351734917005,-1.02122173277742,low,1
-1.7157724244645014,-3.6868939938687393,-2.13950731760463,3.963725622675714,0.6261410937870262,1.1606652753528104,1.8890828412821385,-1.1597071177368274,-1.5209743044452504,high,0
-0.44640716686283827,2.300227703622322,-0.11406102619187763,-3.1736519132427428,-1.877125111203905,-2.5373526945350684,-1.4161413233888327,1.4874762455390362,-0.7672172521914047,low,1
-1.4798766963763024,-0.48980353574879865,-1.30736375815331,2.5353212319804044,-2.2095445719734546,-1.6420309296828657,1.3243632465163238,-1.0593322963498044,-1.2206504845475559,low,1
0.39667252654076907,-3.9426768457062957,-2.0945184374834303,3.0683027616853753,1.9772543779431055,0.8124181415588143,-0.36594824722504005,-1.9896227316348511,-1.2114963485677208,medium,0
-1.4956974523344029,-2.313472374903044,0.8273209105122308,4.60045147461173,1.3581827211274289,2.8486460399252094,-1.997456354162767,5.111474427839544,-1.3274291638564566,very_high,1
0.1947544072138948,-2.7413645535902664,1.654358245466005,2.00818400908222,-1.6414207460419121,1.4827558395152436,1.4222438391317715,3.822051515652447,-1.5148589299289195,very_high,1
-0.04015831239548863,3.417631753505792,-4.814273752648877,1.3572017675009973,1.1476777862532859,1.1092640763570212,-2.441242056105819,-2.1700380471589273,0.2716899661476029,medium,0
1.4043876657184458,1.4863101558442864,-1.1674635301890592,-2.661144251578116,-1.1602641148165853,-3.3304241720283487,-0.434463513285341,3.4165040242347073,-2.940573173456831,medium,1
0.0882183583025666,-0.9831119207426467,-4.641431884412929,1.0667543163821471,0.49484354620026516,-3.5117141451797043,2.1066789403697888,-0.016098401474699875,-1.0176485935286168,high,0
-1.812535434251061,-5.9802667019912965,-0.5170466727763814,2.4086739443785907,0.7733685728633088,-1.015684792392566,1.3052869451709375,0.05981356818078498,-2.0587694698715335,high,0
0.09514960499214041,-4.691107828869267,-2.3945227597007164,0.9318752094436705,0.8931358181890227,-4.119923443496585,-0.6399880225369711,-1.0668183416336108,-1.508933672789676,medium,0
-0.230900074805493,1.7820527133102886,-2.9685959188938296,-2.3923833659971754,2.099745531364557,0.7288737270803247,-0.422309525547606,3.984800116964216,-5.505300904643939,medium,1
1.1288675529500707,0.7649140075008065,0.6280258233494206,-2.479194139287262,-0.8960945940068099,-1.5714528660501939,-0.5244178415326567,2.5780113155286797,-2.6341652158031414,low,1
-1.0083311761246856,-2.7291547256437134,-4.989587390708594,0.6961123583305229,2.3943453905834575,-0.9798132217104975,-0.12884267974733465,-1.1477790088083775,-3.247302068600946,high,0
-1.2070714695590488,-1.8080372069314479,-5.486612745989397,2.706884361610073,1.0652079207043088,-2.4811649257878323,0.172390434697624,-2.43881375172745,-1.3874388438762422,medium,0
-0.5929573213751277,1.3985611861572294,-5.104515254760735,1.9242152244726127,3.2221378828321523,0.7199836507692357,-0.2866701190637394,-1.2225889914043813,-2.358863502718699,low,0
-0.2194441041465731,0.022908915950127007,-9.798338223647114,1.2371379806534413,3.5572948642270514,-3.6941399378786324,0.2128229941509024,-4.7058429602459055,-0.33986203572200147,very_high,0
0.5523412999103395,-4.396907115992433,-1.3681333291379236,0.4176990832368006,2.4775651329901316,-0.9600374155540123,0.24432630159340418,-0.5962518470093665,-2.306440801493402,medium,0
-2.089446781449352,-3.3483004915379495,1.6906957675530254,2.702049819688183,2.5766246903075087,2.8385343826645095,0.04419991834825689,3.1046787208204156,-2.488419038575838,medium,1
-0.21893623659827785,4.946889587546844,-7.252389223179419,-0.6729750613210348,0.2741102298948723,1.5472078165032483,0.029302028117780606,-3.828035575153115,-0.7478639655491672,high,0
-0.7446916481612371,5.878669581623193,0.16662513917560218,-1.8035336166730882,-3.459878419601483,-0.7134438407417572,0.4132435417166508,0.9097864321979563,-2.08238693748995,low,1
-3.10460525172614,3.4968986752324325,-10.152627074366201,1.1975002171543236,4.768104710579434,-0.6066777354220421,0.33902361035892326,-2.001803932071123,-2.2179488172763175,high,0
0.6632287819725003,0.12233621691838725,-6.557645347564096,3.168450571517268,-1.3132601852756574,-2.6886062253451946,0.20602014014434714,-2.1068362218794867,-3.367806255588798,medium,0
1.5001089481737746,1.9402892249973291,0.9696089582038969,-1.4693557775932935,-2.41737824245837,-2.050121809247327,-0.9462287600361824,1.868021431041332,-1.6538955354417726,low,1
-0.4508453983522164,-0.5179628479306915,-5.421966355301105,1.8298720811429474,-0.05722167059503014,-3.1525934082089853,-0.1479365996037781,0.6127967938148526,-1.7580724103770597,very_high,0
-1.1549293150367688,2.16065411536957,-7.494724902122225,2.8211015217060615,2.6083676102715323,1.4919930992895367,0.6649373179706672,-1.9200270941754032,-0.8404600938569471,very_high,0
-1.1141232456536754,-1.9883298062255503,-2.0097320200594124,-0.8827887231154714,3.4224379533643137,-0.4967249031381513,-0.893446692171179,-1.1688748886889608,-2.5601173959132972,low,0
-0.39675343038240773,2.7342426069848416,-1.5377065073708616,-2.9062967711263674,-1.317322551150377,-1.5148914767075885,0.8442086488348026,1.9149664068760557,-3.164917663553127,low,1
0.967724096673656,0.7354244265572019,1.425716650557744,-0.4586425512149195,-1.4441172916857121,-0.44242489714958255,-1.378353976471156,1.7095257255378415,-2.0359376161153957,low,1
0.8245448153867869,2.322241409730512,-6.535164074180544,2.3520918405987956,1.010401690703643,3.283650328324108,0.6649947266352376,-3.4110303125425805,0.2764903311368505,very_high,0
-0.7127848787286719,0.8618608453724271,-4.816792765682648,2.9862752015590934,2.3976048880568204,0.9377674268895806,0.9091370362144171,-1.7345432942524728,-0.3731690604535989,medium,0
0.3173843681379271,-3.2616808291403396,-6.565276180247567,2.099389051768985,3.954271629927346,-2.4663604635668706,0.25192526200925935,-3.4719749240626783,1.10505158000791,very_high,0
-1.0992071213119587,-1.816449198476241,-3.6736145610591073,-2.0587718436783966,2.542907524319736,-1.0918217919926139,1.46236588543729,-2.023564859330282,-1.6652201829737698,high,1
1.19158839631512,-0.34121950089588093,-2.4936792841990756,2.267464456797548,1.3414832539293506,1.4270928073439548,-0.7146571163198135,2.726551034573548,-1.0325274112227492,very_high,1
-0.0033489329037382828,-1.0159894535444096,-7.706355449447273,3.2239997823551,1.3379431740970327,-0.8495168270414962,-0.6556231439199504,-3.122321415487114,-3.7429667365315487,medium,0
-0.3227712935989229,-1.3912245129644298,-10.210933148233163,1.9905094318281709,1.2091912516412093,-3.570246127805206,0.7583373544172146,-3.924707238806487,-3.383907640040749,very_high,0
1.5116800037430296,3.2861592781295577,-7.425077982619574,0.2104653880601921,0.1866213273149795,2.08420392048904,-1.6392877376460713,-4.326795358343389,-0.0563566047734263,very_high,0
-0.6427741480269156,2.178906201116745,-1.5059934786092373,-1.6158181996070455,-1.8321754353391129,-3.100536433008031,-0.2695294206451639,1.44645674202205,-1.0823061500092996,low,1
-0.4858320963821475,-1.3346059296583166,-6.009944811041379,1.3505367465524163,2.295410885309064,-0.5287641805908785,-0.3985457330414952,-2.1555208412393703,-2.8892596825837855,high,0
0.7497730257337152,-3.2672643193731683,2.782477056246276,1.0925543325710727,3.611545958101601,1.8564246591819435,-0.35093788650598656,0.6783103894602063,2.129980275293538,high,0
0.3675423987392803,-2.592662125766884,-3.454405137091796,0.28388305323905416,4.292085126842449,0.726402236182907,0.13100677201517977,-2.3427611641486523,-2.2822850230367617,medium,0
-1.2257914851809475,1.4984081507977085,0.21642958011467983,-1.5654218199912302,-0.0471224689670362,0.6789161933237338,-0.5578382451316982,2.9717580591712247,-3.95097824155303,low,1
-0.7022867372457622,-1.1894498468625954,-7.585583839323711,0.47106468045135785,3.571294229884735,-2.111686840972541,0.5973793195909599,-3.4075419273040257,-2.155941486752335,high,0
-0.2526057291573542,1.8573844474539252,-5.0055471644665,1.8473423464603582,2.2292740363772148,1.3550416273456667,-0.5625784026497836,-2.093189238433403,-0.5398454072117687,medium,0
-1.3115996457199104,1.1415691535170196,3.2935372812648804,-0.005702061089315924,-2.456582708142099,-0.7009035166800606,1.203604394781903,1.5275864746905454,0.07482389893520569,low,1
-1.1864669062779618,-4.306145636572117,1.3638454988225928,-2.283245494480698,2.067580286435354,0.8198723545383627,1.3569915023901475,-0.2522528751708679,-3.409687806714387,medium,1
-0.21479189508597463,-1.789586850571384,-6.475785698900366,1.0665598848422315,2.521931884296601,-1.620981424897694,0.44248144076847207,-3.3680176231257635,-3.0294260310945376,medium,0
0.3684470288962431,2.5848267228990918,-7.680425254161287,1.701387636074058,0.263315254362978,3.4874826623739343,-0.23036881727978542,-3.897622709440016,0.15009707084999957,very_high,0
-1.2487429534416967,2.3591847449448586,-7.750364517253404,1.9441100759983616,3.695345207641971,-0.97833076884056,-0.6198203250972202,-1.6210532412505454,-2.2300623649016726,medium,0
1.12806525738927,-1.8443520628029608,-7.549109895753583,3.8035406777851657,-0.2930247832795805,-4.163904059849829,-0.8169885473418774,-2.060936673796597,-1.3381849085034228,very_high,0
-0.7094198894703266,-2.248126890676476,0.3892993945797658,-0.2447945578477515,-0.6021735562157151,1.8859370320235471,1.8587151905271606,2.798373979284066,-3.5091904262360902,high,1
-1.462817557865113,3.5886748931142654,-1.7793708350432584,-2.519464517310114,-2.735295333515004,-3.522050474152076,-0.9718456109487004,-1.5731722567269977,1.4680967480608127,low,1
1.2013885715521933,-1.3475820034925898,-1.9920059714065725,0.791239224914823,0.38040325544146625,0.5489443659343567,-0.5611154901382508,1.6618103170654732,-1.6466039202682934,very_high,1
-0.10258136024087788,2.323085724750683,-3.7087213314181966,1.698977995446004,2.108407608767342,0.31573234984788434,-1.0714953853317823,-1.6268519058364341,-0.9066316768751359,low,0
0.939828868835869,-0.29973146768805337,5.389763971815974,0.5496766276781859,-4.634660050846066,-1.8542049405008219,0.22201989458125426,-1.3720157332335179,1.4867285868579467,low,1
1.4635780195156536,-3.3911808101918286,0.328517139291155,1.959836162353015,4.058390077377984,2.2706519712903193,0.6458742108352511,3.8840330216254806,-2.8002366809405315,high,1
1.4264654354738344,-2.1663771194679287,1.9753017898666267,4.708104907492754,-0.5566730906954767,4.059034631780265,0.4447302658475288,0.9876825641233131,-0.88228847388719,medium,1
0.6879840107156272,-1.1406692014113788,-4.747319406268359,4.142617459401909,0.9738020203932122,0.3109973183488719,-0.8022238411427147,-1.242142382898992,-0.38296063091319366,very_high,0
-0.6398760859995294,-4.367751123893203,3.30435006013507,2.0796102182018292,3.024686800433721,3.5807484027600864,0.2108073886966249,0.5069902630494758,-2.5809888152962905,low,1
0.3081137166429908,3.2754176885483446,-7.635852661962541,0.8430009376099259,0.6745190755456942,2.6676465842020534,-0.46958571810338157,-1.7792978195458677,-2.093066089587362,very_high,0
1.0602667243781976,-2.117693394605079,-6.83469387053195,2.6499489128782994,1.5882445861570014,-1.8263376686196806,-1.1204202700593313,-2.588521742491415,-2.309643596562969,high,0
2.4183899332308028,-0.8959264539432306,-1.2675870568439023,0.849797865019309,0.9081473707062688,2.9771097638866237,-0.10046161684942513,4.60012868802533,-3.8470823535015697,very_high,1
0.2460300742177463,2.3930666098843685,-7.146164884234107,2.0804188318653867,1.5694522460801659,2.822433625736406,0.27147758393157706,-2.4380902350790734,-0.13695981209824848,very_high,0
0.2985807512008556,1.0034731002314672,-0.7024066721465919,-3.750750826251696,-0.013228596981309737,-1.7295318352469133,0.4597126325389982,0.9035765841030097,-1.284181636223936,medium,1
-1.3216340085967118,0.4807895550907766,-2.5073083036205865,4.848389978823588,2.023115125775425,0.4890668396466651,0.055632125486113564,-1.5723947014791066,2.2626672974507542,medium,0
1.908134243682712,-3.660659689282951,2.262849250276742,1.9946024545678767,2.918949416970505,4.6029001030178245,1.2009775308456485,3.0643091176074675,-4.035856859241054,medium,1
-0.17142091371090493,1.7900244316039085,-12.185704427827776,2.661704502684108,4.206136950955542,0.23948735428878076,0.8078429477283845,-1.0155105859033051,-4.3924131950543694,very_high,0
-1.1717975357093626,-2.8227042651925274,1.2574963124112446,3.573406896634128,3.112844372534691,3.7247690755283958,-2.0269243457425414,1.7488069493836051,-2.099862361484062,medium,1
0.4730045504887996,-0.38508363055615846,-3.689604656756,1.3902091910943135,1.9771638010909536,0.697680053573535,-0.29651625510768564,0.8261348350059322,-1.3352082171873552,very_high,1
0.2720698986360148,-3.926551903656482,-0.3053939638636971,1.7766332216531144,2.138207166528667,-0.39795560118917916,0.8875716028000453,-1.0160256124642006,-0.5759387815218862,medium,0
0.9329363289683655,1.3030362576227132,-5.262012914107654,2.380236682710636,1.284128098753282,2.454859822557099,-0.9222763573636026,-1.242083564272206,-2.3689119942053707,high,0
-0.36624107606732215,0.03446207336845197,-7.488566162666576,2.5691942469933315,-0.638689532516634,-2.4386462598863057,-0.20928722946043235,-1.3756474514365324,-4.415529355555251,medium,0
0.36900963571711903,-1.0892435395587101,0.9431484734904978,-2.7615246755210032,-0.47113424295783224,-1.8588977358685925,0.09647299893490985,2.5136493719361503,-2.3974492538690484,medium,1
-0.7075763366412207,1.2738129268211917,-4.058839723947447,2.907576686415376,2.105908736761318,0.5008283294692701,-0.41800396600773615,-0.8356011055589466,-2.7573175015069755,low,0
0.6314160222965056,0.36561453187174564,-4.381745538352367,2.4246015092198916,1.4486176168081752,3.573154714373082,-0.28943384652110515,-0.9070152805506264,-0.915923298211771,very_high,0
1.209418301015628,-0.7359113278896492,2.348944337067074,-0.11395040692008318,-3.745457159284949,-4.826554481599668,-0.3690222813676206,0.7713622615346216,0.6792595437071551,low,1
-0.002824003089298884,-1.6506918313894856,0.11043549264729469,0.7924783944145772,0.1005245924516538,-0.3545150285722618,-0.17692787422466286,0.6074949127209892,-1.3449817113371314,medium,1
0.21573601860739083,3.1963378095752737,-5.965439367972309,1.7099730138906342,0.35690469965081717,2.5133351270952904,0.42055024470976476,-2.631508824974112,0.11572107757973504,very_high,0
0.1246275748534001,-0.6851940294165886,-0.9952958723494414,2.488344105519601,-1.0133989564794652,2.5562118715457705,0.7258536517940778,0.026767124641739803,-1.2869791213605872,medium,1
-0.5244154561185589,-1.595277147778026,-6.458233873833889,3.7555962070412994,-0.6028822451736897,-4.538915315071595,0.7887964417527804,-1.8804653367697974,-0.7701053542467033,high,0
-1.7816299366304433,1.7370562556788098,-2.874849382445731,0.2228052794671489,0.13427554988279278,-1.1148405778710901,-0.21870836500152144,1.81819626248271,-2.265924603297326,medium,1
-0.4993087471199772,-1.018049701249506,-8.476630934512144,4.996750282452786,0.12016821349635909,-1.3052888025171838,-1.0796082951048676,-3.010869643513429,-2.0605790765836107,very_high,0
1.4636820019721097,4.078357314936865,-9.443460683707302,0.9929636400464199,2.4121957221161408,1.6429859516299612,-1.7499775327819653,-0.9465763625264849,-3.2530533939558053,very_high,0
-0.9291924493536243,3.05417997497634,-0.08933961897934678,-0.7483992104749464,-3.570471894919084,-2.1923593675494133,-0.6979765412447562,0.022936264226485203,-0.5760306810846751,low,1
-0.985578741187551,2.2340198689793778,2.701364767056642,-3.149297958191713,-2.2275229303977993,-2.3782673257610747,-1.226354385446892,4.527039896062027,-3.4373511863425183,low,1
-1.2110685367744203,-3.508263916597249,-0.7720690366148992,0.8237598069647495,2.174182912650092,-1.525787049416097,-0.5611595488182967,0.1931009289108241,-0.5576263330368498,high,0
2.1388978571633963,0.49545455846333786,4.475894720458653,0.3459351084370954,-3.6978973303362404,-1.0132695993529852,-0.004940538026746584,-0.009676389846470679,0.2798351674278623,low,1
1.755905354109368,-3.056218753004513,0.031287244817053694,1.113614119137054,1.4557619384370226,0.8978361710728742,0.5727586956170508,0.5834885116117539,-1.3872249418221758,medium,1
-1.0098805063787475,-2.57556598055338,-1.1566225646456385,0.056264052019074695,2.444579384782799,-0.0531711522663576,-0.5918586050125176,-0.548655309181189,-1.1081416102807455,medium,1
-1.2627173696029381,-4.479625447468114,2.0696095535577776,1.9109257368464854,3.907055639091423,2.7010082489783396,-0.11373009796773767,2.5375451499439086,-2.4890317705911853,medium,1
1.1612752444532484,-1.2851768950855789,-6.157050269915105,1.667718962288158,2.413713788012464,-0.47161808513932213,-0.6023801616783214,-1.1266502584773703,-2.762512280875839,very_high,0
0.866119515519332,1.6307055603763978,-3.974175611215397,2.5682201742268544,1.3963144588239573,0.5927705927872655,0.43907673591353236,-2.084199485619174,-1.939046260664958,low,0
-2.1801199036603616,-1.6668264898915803,-0.9795685265968789,4.3333496989104505,2.0728903748793424,2.992121184095497,0.046075787835881885,-0.8945331272671467,-0.27018322140915974,medium,0
-0.3178624367494384,-1.6570378000842467,-4.1982055096530395,0.8840049035872266,2.3205193259363694,-1.782188927002161,1.115553725076248,-1.0974515376097824,-1.801703049861834,medium,0
-0.8290188554923388,2.3150664759247093,-1.064477562913659,-2.6511235901816446,0.7452681834883965,-0.4031160994657046,-1.395973262304873,3.5932473442868336,-2.9955090422285826,medium,1
-0.9003833552697547,1.0750486813554907,-8.469821041825996,-0.8346326649678517,2.996496944677484,-2.0104818303530836,-0.31140491749316146,-0.3948005487013899,-4.664447466369596,high,0
1.2148779184985348,5.54957526059524,-9.295910932333367,0.6225632619527004,1.4243530312951336,2.2635193619098826,0.43381813337012287,-2.718760085805595,0.5034258067391144,very_high,0
-1.5364095112402196,-2.974820660423948,-5.2439668338723955,1.5196818271818342,3.9845015019185466,0.0074319275710705845,2.659995938098837,-3.073544691880521,-1.1887213583163727,very_high,0
-1.1462427900928298,-0.3469597834096758,-11.550572324112313,0.04956215114529061,4.142870405852396,-2.4999969418950063,-0.10611739822922521,-3.199707224817722,-4.952788870107628,very_high,0
0.8155528599260827,1.8408919794786813,-5.833987215958846,2.0055260929119836,2.4697817305912473,0.2025169134004401,-0.8695223684044225,-1.7675085187020443,-1.586638149892667,medium,0
-0.46807077893662535,-1.102832136552857,-1.0445742429799332,-1.4217228386041776,0.25302330216813895,-1.7374991266315383,1.1045910989030783,2.897226202472092,-3.4456092250202843,medium,1
-2.4459392240511124,0.718725312993945,-2.1813602275660524,1.7070688963417027,-1.751527323438075,6.688656245828206,0.46369852801752515,0.18832343249869954,-2.298419216470128,very_high,0
0.9311485313724638,-1.7947253713260438,-0.2243956062627641,3.569065793076571,2.311324424625571,3.303208933856445,-1.4452800034097932,4.722056248871458,-2.3638450390562764,very_high,1
-0.7321474900998929,2.8404492667675596,-8.213713042384361,2.309917115330761,2.4273818158076095,0.6376135608799298,-2.2900968616551434,-1.8081905592527878,-1.867012900654241,high,0
1.0288767395270133,2.61437964383894,-7.28015634139898,1.8929479684712918,1.8000439262932744,3.2179973967010715,0.9568066274758615,-0.94763789742225,-1.2687273236437053,very_high,0
-0.08258133560638531,1.1911264564367983,-6.435072648751024,2.16675308429422,0.39393768186877853,3.4647853435523954,-0.2942890942957355,-2.6008878867171448,-0.7348101067721291,very_high,0
1.4901637571597408,1.393390240293309,-5.86567917447893,2.963046808900603,3.9906547560096675,0.2050475661719131,-1.2126912475312772,-1.2758595913489963,-0.6890454221309181,medium,0
-0.19705653072060167,-2.4501580436805535,-0.09449743912172098,3.436168188565746,1.627380397439715,3.8815109094242386,0.5155633670732291,0.304475226258204,-1.9280929086985719,medium,0
-0.4247272063840544,-4.159021152717415,-0.36922371845012103,1.1198277169418913,1.407473598532934,-2.4515076121447756,-0.6638569352920152,0.9370056401889209,0.24312186094479737,high,0
1.5746008105277476,-2.1200515892660605,0.364809431555448,1.7882924160462361,2.8297922031207,0.2516344541918276,-1.194875035837458,0.24657756366896577,1.427159484059363,medium,0
-0.628295087618026,-0.6027611857020674,-0.36467763767556594,-1.356927583373837,0.10128621644457136,-1.686085175465082,0.4513909263560587,4.043419353464677,-4.185027646523888,medium,1
-1.0142563417614883,4.851286965031251,-10.457067268515058,-0.8635133625498661,3.008790587806284,-0.7300111527777948,0.4311470084882615,-2.204976225105028,-3.9855483090881982,medium,0
1.276323016989261,4.185687623751913,-6.3110169906495415,0.7891497686824054,0.06037372983166711,3.5161035665225038,1.7292151432762155,-3.04701324634943,0.2731306203744961,very_high,0
0.5605655111291652,0.11701867258552756,3.3149675201402613,-0.2675851723255145,-2.5571808677798322,-1.017598604991531,-0.9336210272631789,1.2675039864891209,-0.9677785619242112,low,1
-2.171165379687011,3.3202484121861877,-6.739461960353649,0.9809844709166607,-0.49981122120002275,3.8888488756304254,1.1559820411206994,-0.9541252610108778,-3.0336473278263183,very_high,0
-0.05387237918694975,2.8481976250446586,-9.683956129303022,0.6811615106902336,3.0888508904307335,1.5524009905114529,-0.01899886727647736,1.0868385439940835,-5.921149614359759,very_high,0
0.4454699648427696,-2.02228181832268,1.3932004323650344,3.844871394896132,0.8718559203198343,4.13486500814663,-0.29821168601373477,-0.1571861206872851,-1.4400483224791787,low,1
0.1015735055722572,0.6886310831392943,-5.5608810890316045,1.1763562907632472,3.525818631462389,0.0920917177457421,-1.4908535923481232,-0.11439915934241363,-4.160942450166345,medium,0
-0.42995864579488924,4.061205518862805,2.0064561269149115,-1.5530452990501245,-3.1165615564792097,-1.1589624130854044,0.6462919036917023,1.9326631210939258,-0.8486461777260832,low,1
-0.5270840436613891,-1.685291292022774,-1.9569002077390572,3.358864755953358,3.5435372467724933,0.5374528045885252,-0.20711661649751087,4.649843543587185,-0.514799642239268,very_high,1
0.8853993762958561,5.569380212171106,-2.3058378105993906,-4.181781843432508,-0.9272654317459826,-1.5189463570113455,-1.3464021989713457,3.1582420895216883,-2.841862894746334,low,1
0.6067051716811197,2.6728721824488613,0.8997560338643149,-4.182938400946478,-2.263258311535337,-2.990454256540679,-0.4118957351268813,2.214441404159931,-1.3831616385944716,low,1
-0.03848132781335097,2.035289109201699,-6.524184843717511,0.19091431175250806,1.4674232879390188,-0.3255561642287772,-0.3418083255745968,-2.4144164817381597,-4.14904537528729,low,0
-1.5834859005440467,-1.3950154318967598,-9.51053915249041,1.5332537056309437,1.8719602349890607,-1.6948022112809362,-0.4852547572969346,-3.8043506566138943,-4.951872974845301,high,0
1.7123423249776764,-1.532712694631788,-3.1003435518626503,1.7541151011897813,0.9299133998858896,3.8816053846941037,0.10559313815104067,-0.49132572971113064,-4.2084720888183975,high,0
0.08374678289671217,-1.071521106782625,-1.986767932804857,3.385667742000332,-0.14568151108132232,3.693237356398228,-0.3733508816489043,-1.3584337616425906,-1.4770373380789992,high,0
-1.373777059571515,4.333376441876043,-1.5855503659521215,-4.5392196260644635,0.05269776203707033,-0.6396428989118517,-0.5951392018925902,4.15899258939823,-4.104272762512858,low,1
0.9966978435446922,-0.024996997674461063,-6.426610525600408,2.9434885285544503,3.466030519095351,0.34576013449303167,-0.7479296709768382,-1.3844401794219843,-2.8106935286464996,medium,0
2.7026107179784136,-1.105605129782708,-5.012181909290068,2.003886332669933,1.9268331116086939,2.685321555319777,-2.176127458846334,-2.978233168883232,-1.108312970564205,very_high,0
1.8630278471837753,1.863254850390673,-4.04990266301604,3.0206563133524673,0.03610558438766143,3.6411105605777743,0.5786784460502379,-1.6681073920083693,-0.20945113310119257,high,0
0.7588994548755211,3.744737359123961,-6.291120380750073,1.0157973992269675,-0.48541451291494586,3.603295472082896,-0.12052474807091519,-2.746562335577973,-0.21658949846000985,very_high,0
-1.709345718841893,1.162017724363947,0.5942256369498526,-0.8605891057359311,-0.7804368676822155,0.12572112441767436,0.6280679969319691,1.4383192970865735,-2.562620664658753,low,1
-0.8561433060731926,-0.08279884203542554,3.104954647771877,1.2852331486175521,-1.8012756220422292,0.03866040741365784,1.025667881715954,1.8098711425808838,-2.036853213138397,low,1
1.3039859921109074,2.052668851267733,-1.3056840446919749,-0.729113909585523,-2.488407310745412,-4.014134975659354,-1.1678121801021126,2.8873394970416633,-2.5924711869255503,low,1
0.5166805191726473,0.10757824281201933,-5.92872325809775,1.200295764474893,2.99895195349792,0.9864028403860746,-0.2304400112068563,-1.6677735235006117,-3.697824444747144,medium,0
1.1576186810498126,-4.455472340184525,4.552455486907333,5.090244106502382,1.9813294104918389,5.280826499071122,-0.8351816613357912,2.094556345620976,-2.186213049504775,low,1
-0.09702672099088225,-0.9335149687176278,-1.18143516931592,2.6643091158570567,-0.2231233514478872,3.893806877271767,0.010841744286986442,-0.4934077898695246,-2.1867470513826297,medium,0
1.2721275149084712,3.6963941789027843,0.2144808559283996,-2.27576852164003,-2.7869484437749756,-2.5639591017741576,0.8019492167923751,2.762385165421193,-2.548971797790075,low,1
0.8401506581036433,1.6123775348920337,-1.4270813611290452,-1.3320067345487556,-0.8667205479173294,-0.9808420748832728,-0.037778548205593704,1.3416919749261171,-2.760900284952742,low,1
0.4273781045139113,2.2408355298831335,-6.22794245731464,1.8558909372321353,1.4769480998466613,2.060376751642269,-1.1884850184469973,-0.04370659683659084,-3.950601040994104,medium,0
-0.4402323527166804,1.6935903389922184,1.0847429758482823,-0.9138533364989345,-3.0710998012220774,-2.5210701835426894,1.1640240884688566,0.9514648477688158,-0.5164355281009572,low,1
-0.46014317069683713,1.2719322121732306,-5.241717624258821,3.6878690141201584,2.637896511421892,0.08185985767656256,0.091831819011613,-2.0749289925977212,-0.2466513729775388,medium,0
-0.13396709576595087,-2.6270297280165704,-0.10155169843728598,0.1900933372520548,3.004251964915378,2.3305570866725263,0.36292545872291593,4.379151850690654,-3.79298746665199,very_high,1
0.43988309538846887,3.2593973784085044,-2.2522874531832255,-6.916261887862258,-0.5239668361534411,-3.9682212721837145,-0.6529160807078161,2.751424967361845,-2.86115638367816,medium,1
-0.14178573701348646,-1.6595017519312267,-5.548084039874546,0.11721482508685876,1.891203514561713,-1.174262945447813,0.6079070802391029,-0.7197660864534701,-4.630674099748893,medium,0
-0.898226330248666,-2.5572905446138816,-4.548548971614318,0.9842836550746276,1.4609719372691519,-2.998215133600981,-0.6685879826316982,-0.5719306543117217,-1.979500479489188,high,0
-0.3594215714394631,1.0032346451233798,-13.250191073781906,1.8586901626924037,1.9641241298234406,-6.098869767318672,-0.24226427133532405,-3.9114064137123714,-1.143612024678418,very_high,0
0.8755845824216522,-0.6676913568495035,-4.410934352118,4.164845563187297,2.099316307004128,1.8388841293332778,-0.009648332950788853,-1.585916531743561,-1.2857414311069024,medium,0
0.9158685588456282,4.389562737852894,-8.224120346924963,0.9016349781166045,4.157910343908175,-1.4265299904359556,-0.40288420486593585,-2.371337306008114,-2.0257841078413135,low,0
-0.787895705677845,-0.16655918929125502,-2.6935838240963754,0.8264462201618726,-0.49665293187308035,2.246245778575194,-0.22541309686869168,-5.233388331173335,0.5933284710090068,medium,0
-0.435999836047107,0.6837656221802082,-4.2801645835215325,0.32787215360194755,0.9045517459568606,1.3809353543112857,0.30122481006076546,1.5288463179955678,-2.2843845143868466,very_high,1
0.7241486189076388,2.6611472093383277,-7.603996573629204,1.7881578247408065,3.1737455306855895,1.0870907517408788,-0.011585584630339636,-1.2311812401852669,-1.754610861016205,high,0
0.602936153565137,-3.6950182696875142,-0.10119245427748336,0.8859522841810012,5.483599132638303,1.3019996197999064,0.054313158733927884,3.101306430643924,-2.710479128384622,high,1
0.1720472206066073,-1.597174752104721,-4.489247695983191,-3.2684004175013373,2.061532228235624,-3.5557861643676922,1.2025865508493376,0.9350751596741297,-1.2052986476965382,very_high,1
-0.2374270014077138,3.4759013201448954,-1.9565924577910576,-3.703599289098724,-0.869890091460487,-1.4156165273000032,-0.40230757709863785,1.2647828457182448,-1.9425379602247148,medium,1
-0.959516651069898,1.453517015578907,-1.526303085831761,-2.1319570586728167,-2.0782521217896432,-4.570323493504136,2.208347786479555,2.4176689610533426,-1.6908970098846727,medium,1
-0.33207235591198564,3.960891348003736,-8.999847528136966,0.6203214752459651,1.9019306667594609,2.553607334948983,0.18209791249697757,-2.2723549724801235,-1.2510547559666225,very_high,0
-1.1518718817243467,2.701422673636798,1.3341349142653498,-0.9273957124641836,-3.252896945634274,-1.7844372769439252,-1.0841925089454727,0.5407623869484115,-0.6579037763612736,low,1
0.07154670703300095,3.330440451820591,-6.866404372346698,0.7823906758783326,1.9721768318662154,0.30927679045742673,2.152323913943458,-2.168771626645776,-1.5443787740858117,medium,0
-1.000024640356177,3.4092996857147964,-7.6200834877429795,1.7875615094829365,-0.49669992252433093,4.831338891100733,0.46329912593228817,-2.604827692421034,0.02537423520240001,very_high,0
-0.22180629073944835,-3.8243823606317555,0.18526857473885405,1.59756271541834,4.013663779281331,0.4858671475047154,-0.4853112204521186,4.6616451651367115,-1.8731578277338143,very_high,1
0.5020803847533076,4.304331161186035,-9.010687767464761,0.2252166173090404,2.421982862124099,0.6429460221123886,0.7756236860632354,-2.2723005563056926,-2.2376955209027143,high,0
-1.0103245153785736,-1.2982344742159033,-0.41714929443923854,4.368613069286205,2.082732005968702,3.5597383345221933,-0.22228244786105353,4.795606747625933,-1.8203205157902052,very_high,1
0.038092736837704325,-3.0185167672932307,-9.86606925684913,3.3584428429159914,0.3929337224293221,-4.594952203572747,-1.3852316607837518,-2.995501085584265,-2.789775922240377,very_high,0
3.3176870539849888,-1.615402003953726,0.20667792339191537,2.655361086976978,0.17007628334789038,2.9752959450619807,-1.212927475676248,2.943282778625748,-2.331592051899611,high,1
0.12165407828021527,-0.5330509885408337,-11.287654637301575,1.3709550209116572,3.718599399257802,-1.8025700985824828,-1.3469985249058087,-5.5760046211793215,-3.588022394885384,high,0
-0.9772034402518229,0.2813248956417105,-0.6269507196391746,5.743367247841603,-3.2267603642306844,2.3417827665248327,-1.861391323192774,1.5070267871535674,0.9813438967567525,high,1
-0.43574983590483424,-0.722014216550972,-2.525169070650035,1.2563926735174447,1.5570463940047337,0.5812337789121771,0.45549104820453223,0.4789444819875761,-0.8629919516625482,high,1
-1.246353895160752,0.08756117294911547,0.05837198154683654,-1.0039715988300513,-2.0369619557405025,-3.2641154012221474,0.7241371322766093,-0.1378377627922085,0.25671788235160764,low,1
0.4203784290865348,-3.3343656824808683,-4.91851483919705,1.5381133782337706,1.7325679053883325,-4.304646822833219,-0.5695871087924915,-0.7561866389305489,-0.995948996910819,very_high,0
-1.2304541745946236,0.6351195659873963,-7.89967910175869,0.12949321365114153,2.3988766095454817,-4.800021331836155,-0.6089860483351621,-1.516428844966412,-0.8874906168587318,high,0
-0.9572096146041921,1.2831330406586108,-1.4052787574924053,-0.4868912753889205,-0.9308913129842235,-0.5225141031365437,0.5780026254797304,-0.2306229876562511,-1.2231736171280754,low,1
-0.5570475524920351,-1.9142479336876506,1.9847969248382253,4.126290783336184,0.47047674623023683,4.1700351792198544,2.1321785240940456,3.0429530751139575,-1.7719848280537183,medium,1
0.5081794378196715,-1.7980815995002326,-2.9521262321290496,3.3872059374338126,2.732566783370669,2.086213470809862,-0.7211614613590017,-0.179436967456873,-2.276302598799584,medium,0
-0.8257388277899137,-1.8350492187749878,-3.419648404496365,3.03694237362357,1.9164657731147148,3.9320302107695593,0.8110081035476873,-1.4676154272777646,-1.9668931955619244,very_high,0
-0.6993190447320454,3.8666572033176427,-0.05937150587562723,-1.8985208993850606,-3.3773350669406494,-1.4623326137848456,-0.679054554722906,-0.28122714731635434,-1.146214304989385,low,1
0.5312775900968102,3.1667844925974675,-8.450125998754597,0.6236307850051857,4.240436263114492,-1.5616584541762302,0.9639126806770419,-0.9981545122569411,-3.496156707200266,medium,0
-1.5815269015696551,-2.3515974143167417,-2.9085409701737284,3.547916336319737,-0.3964257006989025,-2.2762148425194657,0.0425471479473998,-0.4784973579340701,-1.0950425591356188,medium,0
-0.8874727777887323,-1.294599998315652,-2.7785998104090153,2.2075123182155805,3.420277128623829,0.6935883877357674,-2.266652237186493,1.6880577641391379,-0.7852133594227961,very_high,1
1.2899972370292863,1.5597889469909638,-5.402978561216569,5.205788588694663,2.917611058027658,2.0446729200329985,0.11050039274655195,0.30857187956443743,0.7321906571052994,very_high,1
-0.39364435910278517,-2.172226317265649,-6.227130961438366,5.13382863796427,0.38877898285194523,-2.5505851989441304,2.3365722225571814,-3.8235000515706385,0.4173932781550571,high,0
-1.4309664309346954,3.2040304906686496,-9.114536963899305,-0.9125583930027605,3.0493366442918513,-0.34409651085554516,-0.035976477676608845,-3.1778476203237718,-3.135734726449439,medium,0
-0.15498860228756406,-3.4275476021820177,-2.1368232752384326,-0.43005938957550316,5.629587828046647,-0.14986969974318542,-0.1450424301298643,-1.8806456262324587,0.36648491187776266,high,0
-0.05326325321391308,-1.4464822674825153,-4.5923147941133875,0.416107946787454,1.280186285049941,-1.7302477944065875,-0.29902845488685975,-0.22118977063247725,-4.106672944429436,medium,0
-0.5983517410958271,2.121079914007161,-5.574268629924146,0.784020270126965,2.035640051204713,0.535464603508027,-0.7254527666890919,-1.6038091694274395,-2.4283548962708332,medium,0
-1.388428753056922,-0.2884789670820338,-2.3573958454777015,1.2894940428111332,-1.720777096680828,0.11366944709813076,-0.3304001097807333,-0.9914606904128116,0.17162531202010278,high,1
0.29601342522762486,5.3108494529499986,2.163730915621142,-7.287758277362085,-3.7113723029214514,-4.819443866039784,0.6441228739601836,3.2593632526111973,-0.09749642906384781,low,1
0.5048787222674764,2.9146970470484326,-0.20396584225021008,-1.0378126519317168,-3.7648815776786844,-3.9519431573796835,0.18552577363828002,0.7980688187217453,-0.20369202751797655,low,1
2.1180425117781616,-2.7346839049224507,-3.4743868402528078,3.090656364324185,0.4545914803965707,-1.6103580872984615,-0.5341883655104603,-0.4150185026635329,-1.1073057249842124,high,0
-0.02843515495244932,1.4179197311230787,-6.451434650147787,1.914716969867374,1.4791040273589917,2.9590850974485403,0.893414435847256,-0.10978110209878222,-4.361554886837228,high,0
-0.18328167650274144,2.3867263974717163,-1.6026185487235607,-0.2606382013063817,-0.33416580114497063,-0.6192633227389279,0.0774149557353474,2.878598302654952,-2.737649195950895,low,1
-0.7749617715031266,-0.11375598775203222,-13.773241981252628,0.7509550317979539,3.202418371707462,-3.533759506723378,0.3231608376411431,-4.643532804134157,-4.938873275598058,very_high,0
0.32999302781865464,1.890632295158597,-7.675007486089574,1.025782179609937,3.4431390357376928,0.17248804858911226,-0.1930724322333413,-0.9027631366529941,-3.373506525941181,high,0
0.7107005032705966,0.3722602616284685,-3.247507201878082,4.628439746637848,0.07274734026050056,4.538764600099158,-0.5559499262194704,-1.0224986404256917,0.6271084547899266,very_high,0
0.37970641236994984,-0.5618044716439796,-4.056559506783067,0.5138150204438432,3.296632853975723,-1.385406971099723,-1.8407347295579328,-0.837198048321194,0.5251849789756473,very_high,0
-1.4065209736662652,2.6409270291761655,-1.7789212541511799,-2.274199363662883,-2.365610076949832,-2.404134906023758,-1.0014565736488015,0.25822071799407476,-2.1414427526989406,low,1
-0.05260414767604669,-1.7248050849021526,-1.7646436529656233,2.615744737252997,0.40797633706948977,0.9645048356491996,-0.59509170888728,0.6483700431819146,-2.0485983947969686,medium,0
-0.5918168624288164,-3.5774772405544875,-0.9071175784890249,-1.1784530126585746,4.686021341185556,-0.8243330547769131,-0.7324571830302973,-0.7135031701713608,-0.8051154373012962,medium,0
-0.08302799742481155,-2.31296689633316,-5.808859195335616,2.4728164600813574,3.627622081370915,-0.6594545893016217,0.37231389860001995,-4.337290206523064,-0.07843888783604269,high,0
-0.11687091816113182,-0.8551235359638685,-2.3989689978274087,3.8075348494445125,3.884285041165124,2.768397871357051,1.0769611192200614,2.390116063167276,-1.3092840064635767,high,1
-1.207582858218343,-1.8058957950609453,0.4734634687587007,3.8528995838019906,-1.5705852399973559,5.072893686126921,0.9218158359514699,-1.1410659101640648,-0.6365496371817099,medium,0
-1.3059632799524126,1.3135593634702327,2.186517158168321,0.16699625423097153,-3.1689132998733522,-1.8822787652247555,1.8132374499616655,0.8312095779603336,-0.321126189159997,low,1
-1.9841250753311428,-2.5714263684986003,1.011797973510821,2.996132736945195,1.6598767415123798,3.178611147821842,-0.26036922214389846,1.1552421406716002,-1.4657405463975248,medium,1
-0.82440951445549,-3.3551187747783464,-0.8735921529541678,0.178640805129072,2.9498249159234775,0.9643549280145491,-0.637782785808257,-0.7152994134138553,-2.677814465737389,medium,0
-1.7051296469318793,-1.2291240335924019,-2.3388622057535358,0.9459477468494341,2.6711429767452683,0.44021543494013327,0.4288604903256335,0.7719949182866468,-0.8731324280953383,high,1
-0.029257336142705332,0.10747460249553109,-3.824878858763164,1.5002868418673327,1.2131937472213379,1.9075876250750354,0.4555011510918543,-3.6177313282583947,-0.980925027163414,medium,0
0.5762086245996563,-2.0846663310183757,2.4467084862561848,2.771089477132036,-2.084135418387348,-1.4092947882152518,-2.3977640136188785,0.39487551187041636,0.09066621032403566,low,1
-1.0572401555969737,3.481269676575508,-0.604755535956057,-3.0154067764675156,-2.0102960694057916,-1.7645197434788256,-0.8807624475690179,0.7315326104447286,-0.9308627705971203,low,1
-1.5424639907495143,-1.630967738640979,-4.771145345232248,-3.032819955939419,3.954644733649805,-1.6659257159612835,0.4815930151273413,1.2014085398105276,-2.9407255165194623,very_high,1
-0.17272943047780365,2.7259340851663554,-7.607126787652014,2.23649258319318,0.7886176598451573,0.63817849602426,-0.30626055738600816,-3.3093244695853965,-1.5663500728574506,medium,0
0.14221286265806904,1.7447953056081595,3.9412229436343518,-2.2096678261181344,-3.622081422030444,-1.8462157287672072,0.21847565298544935,-0.683281163463483,1.2721049776403588,low,1
-0.5634731191456657,1.3410741303199734,-6.467770644084631,2.9179054879526802,2.3784746917160433,2.19064687978271,1.3640633468584331,-0.18951929925150668,-2.5256258667538662,very_high,0
-0.04778753123411315,2.56592014148818,-1.1299837257835754,-3.2663222638964404,0.29930096281747587,-1.3742183724720296,0.5743084849776106,4.126298873409619,-2.9035329884533505,medium,1
-0.22224466626916092,-2.1423075526053195,-6.089572639854871,3.072056649647876,2.3120837464732977,0.09248402494940322,0.43857323542728766,-3.4364012277389193,-1.9142445153119472,high,0
0.7651138673969547,3.956638203926036,-2.614448325620933,-2.3965927825916964,-1.5754649867506094,-2.6686980550819763,0.7332175335475767,2.3018498957380285,-2.476456949123675,low,1
-1.2050011442253736,0.13508357994859566,-0.024680374643776926,0.6083429649042971,-2.3660395454164256,-2.255839856719956,0.3695389498960878,1.2721822983598243,-1.7828251429780682,low,1
-0.1223098821861111,0.42819642109193645,1.1465671864697136,-2.523651557751206,-2.0674914148763324,-3.261041488311257,0.23988668615914344,1.8711340756997603,-1.3172613183111481,low,1
1.349172979072771,-0.32029087115822263,-4.063151517486945,1.845917873642933,2.2099966793461094,0.6538383316861045,-0.9325151300006315,-2.0937714982575155,-2.089649742647049,medium,0
-0.11788426453519311,1.4238294674053662,-5.494690642972165,1.5784131953043286,0.5080205056772953,1.9828411195742104,0.12320049324642796,-4.0925880998331445,1.0338717304600527,very_high,0
-0.387867194833011,0.14700292590733977,-9.473489958251712,4.725780774225186,-1.6529572143878368,-2.021432930587087,-0.7081944248842408,-2.6531842168232442,-3.807697552372262,high,0
-0.06690749367243819,3.4829125203802036,-8.15132840243255,0.12751527072611823,2.5780810372024416,1.2311966822839517,0.4251216724210234,-1.5616617116157163,-2.8206784429155105,high,0
1.1546336579054273,1.1365322862926288,0.227328052658557,-1.6267519618787145,-2.2249934940216725,-2.0246424469373188,-2.0232435287527983,0.004407085049894954,-1.177746111469371,low,1
0.7492267352469322,2.5237454744857404,-5.97731449154576,1.8395900901508464,3.3899805636243956,-2.156485195007904,-0.0021526161912184057,-2.9827486473654923,-0.40509337979021365,low,0
0.47194933046747944,-4.846377026171129,-1.4122876915045612,3.006339742520039,1.019839668532473,0.2865628056855172,-0.9902672851364671,-1.4050090572307046,-1.8336672868120263,medium,0
-0.566094469272803,-0.2931442442468024,1.6940132252497118,-1.379364230064002,-0.7536759664346184,-2.015089987918669,0.30528480643021394,4.363624732384137,-2.847903644136174,low,1
-0.4796397457992638,1.1367327023952578,-3.9926919599781825,2.10238400026157,0.4806607306594801,3.0468777309521626,-0.5462283687175153,-1.8382547895572616,-1.1555868593974132,high,0
1.5982776677491126,-4.666241385674654,3.930274054279197,3.418945055790039,1.2495757021007576,2.9998385994302623,-1.2056045575557068,3.8664887910460664,-1.9920296930364219,medium,1
-1.4616849537813734,-3.614548956816864,-2.7951963356055005,1.1879588982103062,1.098882421972101,-1.7082368611276573,-0.40923570270548376,0.0799928523165907,-2.7120937276044836,high,0
1.2408892275363,3.054595587589497,-1.5773691993539765,-2.3334729479160408,-0.6315796343648146,-0.6187514569205037,0.2881423643797537,3.315449077227959,-4.155507065241673,low,1
-0.6619890307472323,-3.6426362596112503,2.04991472296914,1.0446091786702034,1.0797744849501942,-1.6376089417006137,1.1668001292181611,1.4175810815004921,0.5678198445229057,medium,0
-0.8419302438746542,3.378509370469863,-0.5033532322089023,-1.7976850965134676,-3.859445923054234,-3.5682422651095056,-1.9458255338461656,-0.5837196573939345,0.8751033512054633,low,1
-0.5486898076394219,-2.936796421717931,-2.6653115751439165,-0.9260058799962543,2.3168929414134314,-3.3161884083845115,0.5935786586746268,0.42279511780989165,-2.6093775053212616,medium,0
-0.5413882147070407,-0.39015989561662345,-1.8202972765586454,4.572725267187667,1.9800122043196793,3.681074439289526,0.2663197017955302,-0.26181539239278906,-1.11907626049921,medium,1
2.9663657951760167,1.5449460743484096,-4.24023202402226,3.025568177668292,1.2133448686702035,1.6797209414512633,-0.4326959905698537,-2.869786805676043,2.3541002783026457,high,0
0.9385760925455332,0.5863022819673986,-4.633422613100324,1.2990140711292297,2.229760343585606,1.6547706969691023,-0.7892679332354385,-1.9254304520123657,-1.2918893531736049,high,0
0.5132324756501065,-1.9073275864965378,0.8676060731964175,1.383121893505205,0.3593881766334761,3.93012730047466,-0.5514184992977171,-0.15642985329840564,-2.850894690354276,low,1
-0.24978098518261863,2.6848894460663666,-6.6097681923444815,0.8909634065780626,-0.03621675355769893,2.921133252912695,0.5894940093676687,-2.899919973719906,-1.5396031204052667,very_high,0
-0.198449352294723,2.576664559901904,3.0978948619684274,-3.9523725943626564,-3.9383169831049774,-3.3038649669767963,-1.0667587025870346,2.222893393691258,-1.550287470269778,low,1
0.28755005646411747,-1.3983937714373496,-7.0035244164220725,1.0200478419397878,2.2614445451177083,-5.28801821388937,-1.0961888273155416,-2.3864428889600147,-0.5776267700421585,high,0
0.060867413527574896,-0.8427917617652014,-2.9287290804651165,0.30337119718389816,1.9743605366534878,0.8093520692399269,0.8777873749637488,-0.14865349146437423,-1.7153900615334896,high,1
0.3496652708961575,1.7637072676258063,1.6759221737950343,-3.844475556038467,-0.17789249052525768,-0.45644509029217395,-0.5764788682616133,3.385491667324172,-2.5216118216102545,low,1
0.8099921391323499,0.6563348560210942,-0.6695918228884103,-2.1520691391437805,-0.9084304496151898,-1.6806016241787716,1.364252790341775,1.8686934973663147,-3.1341271711630427,low,1
0.12502757869146808,3.6015373351336413,-1.35749793869565,-3.5856122038000136,-1.617910822134524,-2.8007902000600353,2.096729683183703,1.9658104987026732,-1.8555568020575508,low,1
-0.8324883636494543,-1.7433464464944466,-5.508583451127421,3.050385287067379,-0.04882588606421612,-1.933346627297096,1.7826202034204846,-1.6938339588413287,-2.44730229477997,high,0
0.2053739965175697,-0.7579004535991334,-4.627069079388441,-0.7386503919268914,3.4623471286873135,-0.6776492752501084,0.5397839669036788,-2.2272479794138604,-1.0867104921851936,high,1
-0.23698483857274166,-1.037569652544787,-11.07752763754486,3.5124415976074896,0.12861690983258312,-2.8879293022489145,-2.052999804687201,-4.132979459384878,-4.195776208642241,very_high,0
-0.4992909084863701,1.3979771330378243,-0.9975289489431715,-4.706009753150281,-1.1399724746031195,-4.576567663641665,-0.48145920889894434,3.301087461266643,-1.761396179850201,medium,1
-0.14719145537979755,0.619724245723617,-4.943471644058813,2.816389701652325,1.9700341130626784,-0.5670180174926185,1.417872219473078,-2.155567445856403,0.37918406282707795,medium,1
0.1260539214271048,1.3236570391635487,4.218674764176786,-0.8688045723013704,-3.6942978372525515,-1.9047474826685389,-1.2415192126682126,1.7845724069919484,-0.34179457750081665,low,1
0.3232579322407458,-0.07897407616888419,-10.187608675685812,1.159851527816122,1.182985527612208,-3.773495636764988,-1.192972009584375,-2.558043996185221,-4.32891580946243,high,0
0.52637313511987,2.668807097155036,-4.999377927439956,1.2203981026837842,2.143375596752197,1.458360937316069,-0.22299637150344134,-1.3897696016475938,-1.8570910421603906,medium,0
-1.340647938944267,-0.19686153456872724,-7.650283287801896,-1.097845443727982,3.66121682029773,-1.6483737347160679,-1.4187380222351675,-3.3715736334663475,-3.0984543376286444,high,0
-0.2321171489463939,0.048070738673211766,-4.795719100743183,1.408849429007618,-0.18088085367197704,4.488526283513904,-0.17717175902780072,-2.167394792288918,-2.680734239485653,very_high,0
-0.8344289834215036,0.2578366192195716,-2.651922632791707,3.3082452523285406,1.2335562870830488,3.1618482051484826,-1.240759817636925,-1.2446528296845847,-1.052192228929072,medium,1
-0.16922676047064958,2.332083360544501,-7.093515724014529,1.4855752922752397,1.27709863026713,2.4402457325035285,-0.631719294329672,-1.2158725590123876,-3.2433890122992377,high,0
-0.8669915740396311,-0.9025040054421287,-5.229250839754485,3.29116878329653,0.8259717154872857,4.208976303754789,-1.0936858622111891,-1.754563719566988,-1.1259003466612139,very_high,0
0.3742102537900252,-1.8163085300485824,-6.8389273402143775,3.4367484407288487,1.2876842813894456,-1.7557073378445867,-0.8516484742832627,-3.9803081002913645,-0.7428373185634742,high,0
1.4043414576754112,0.6114373887832738,4.623711610928437,-0.755341875419103,-3.4038145703695726,-1.4181454156087838,0.5837673251520977,0.9710668538879006,-0.27803404602154824,low,1
0.41991688156588697,-2.1290793690740006,-2.6858957743313656,1.4090537870216604,1.7102599038473862,-1.0785125176336052,-0.5970962538933867,-0.037240475994096967,-1.5562083666097382,high,0
-0.44520235053727936,-2.367487654039219,-5.887201053184264,3.6274920228371403,0.32373798130185216,-1.3045740868197404,0.876521805261135,-2.1583210644685886,-2.8632061859437563,high,0
1.5509963554117578,1.4680214126373476,-7.375493752691102,2.6652620321332643,2.9068751283881626,0.860375899891788,0.12943293725488883,-2.200479484531642,-1.1173629228606545,high,0
0.44443675161258794,-0.5432190586599372,-8.003847022762958,1.6607948710382288,1.4908875981365153,-5.2642447870653895,-2.3412660562226693,-1.43237158072917,-1.1042231608932953,very_high,0
1.202134187082446,0.20439011368151472,-8.739706772955849,2.2357377094529967,-0.1753236854711131,-4.603351388413112,-0.8888433886571143,-1.039392062282087,-2.671868063689155,high,0
-0.32928948400427754,-0.04370303659900254,-1.2633143045480764,2.00175184916257,-1.9004635084682617,3.0614063590916425,-0.01605372954305363,-1.6045242574667762,-1.8169113613139365,medium,1
0.9372865549652682,2.0125470555253253,-0.4595007134018343,-2.289331743862237,0.4060137008408222,0.7480730405146152,-0.20404955603813463,2.3835972737049174,-3.298374804065881,low,1
-0.5111729679392071,-1.6156048419270543,-3.5953336960377626,3.6691320482405088,0.3571481495567743,3.031937914080898,0.041870050266884756,-2.4131987974218685,-0.26379977857873826,very_high,0
0.15634869990048142,-2.8712243182550057,1.4526652699858298,0.3281305594533379,-0.23726358820436055,2.131292616106888,0.25549834380504577,3.57385521620467,-3.565751604131126,high,1
0.041040118651138456,-0.487700742894529,-3.3394623015904497,2.135524216146768,2.15973286089407,1.4032405569597732,1.9505094890595271,-2.259613131945363,-0.31300018758603154,medium,1
0.592574154073069,-0.32908649878651874,0.6411500680046998,0.2984411309123878,0.07845220990665869,0.1492221575294388,-0.6003413208861589,2.335332791163944,-2.453652786972046,low,1
0.9905862453140735,-2.5434034722925274,-1.3405002619434447,2.939384169610429,4.693961654340698,1.0666384815547763,-0.988268110822599,2.7737817920880623,-1.0249719600567417,high,1
0.506149256177257,3.082471466158597,-0.8689531084478015,-2.0131795148524247,-3.320399073050911,-3.286628019535308,0.7212073112874688,0.7763630400740096,-0.6490738171819026,low,1
-1.6342730417595783,-0.2571667467712724,-3.473924203447747,3.1169420135086865,1.4517447839823359,1.9032192229352909,-0.13135057116585946,-0.7716459103130668,-1.8752475704912255,medium,0
-0.023895787609565684,1.1980277265322514,-3.234903588008128,2.5084655151020367,-2.120854746329014,4.910943390756552,0.6722887632172591,-4.287838239807393,1.8819550548165982,very_high,0
1.7976865304628686,2.4748297955755003,-4.908960778072251,2.16583094833372,1.2412520614688636,1.900095362648233,-0.6363989810554705,-2.235689035063881,0.07063766191811705,medium,0
0.7523038008074016,0.32619893297582814,-9.569150550873555,2.1681760349349766,0.8053912940826696,-5.349624032050377,1.1766727057041826,-2.553698785868767,-1.4255414398467405,high,0
0.35084897630705086,0.39946143551837165,-1.5024842217740249,-2.455392663383371,-0.3507970785666177,-2.8119391710011605,-1.0760662187529697,3.7344902653283656,-4.129162802557781,medium,1
-0.22461223246949963,1.5329250431848678,1.2152671317072323,0.9070655840120663,-3.637564010729446,-2.161713222708383,-1.5975075747528045,-0.3511077228280699,0.10738117825404081,low,1
-0.030605094003595144,-1.731232765184618,-1.27027548064269,3.5973284059908037,0.4567749292956984,4.482881784621875,1.5116974207212817,-1.2328259680109337,0.34411499809716317,very_high,0
1.0593403022062127,-1.0967344214561903,-1.9835761554953493,-0.8380459453042814,-1.2862237934291862,-0.8759343976276519,0.6963093486866897,0.5695570415236237,-1.1225448051105205,very_high,1
-0.5486206400693285,0.27483436067297995,-3.8890190118229837,0.9376545859710514,0.5108337232308731,3.298258087889774,2.2417598304635455,-2.2694414118588777,-1.998518910593974,high,0
0.7466933240886899,-2.1917286095543274,-0.4086262386922377,2.632399952433455,2.4731293139366795,2.1719528332403626,1.0721084740971547,3.8924602559338197,-2.1641425226211615,high,1
-0.1393165208464398,0.6689006623028799,-6.339695679123376,1.0122399190741787,1.800566350414155,3.486772511875734,-0.6242028108295922,-1.5499260776450177,-3.203747009077593,very_high,0
-0.05412530585026702,3.3335304687942724,-7.139408419178587,0.375576714124366,1.9225858018736637,1.005379649502585,1.4250264046851944,-1.788581688161067,-2.3209465732124808,medium,0
1.2622413570734066,-2.1286455289214783,0.3232529983964346,3.1780389455466125,1.9736943748632565,3.585080216245343,-0.6840835621600668,2.709002194500788,-2.42957357507159,medium,1
-0.08454257444998729,-0.1586871648349759,0.6109924336388238,-0.32516218434341315,-0.8246398847782063,-0.47453474837566967,-2.2403993534303606,1.4297016598675334,-2.7944920955455044,low,1
1.0069215058454204,-2.1775410130738084,-4.690091997759086,3.4851011317413008,-0.06479591286166309,-0.06864578774327246,-0.0671186212628514,-0.6461319209849758,-3.7073333511238884,high,0
-0.9750663642052158,3.5796886601664726,-12.24338562873927,0.11296975550117594,4.445958270253409,0.026964299432149286,-0.048572994972081375,-1.1154673331649958,-5.507792345467624,very_high,0
0.7578079229094944,-3.1270495394641182,-1.8265314623126208,-1.5210384190048363,3.367402860005083,-1.4404495405985702,-0.9897135779194186,0.3546319272875502,-1.5681777215913644,high,1
1.0128328077794986,1.2233711405249599,-5.504960437457845,2.367168836701425,3.568501011334962,-0.4590914122941092,0.7673374132992334,-0.8900016289224925,-2.461557850590507,low,0
-0.8432178217152634,-0.9802655655058456,-1.5023508416309976,3.370174078624694,1.337696749650409,0.9081916337436536,-0.7923629702482806,0.13391609539539928,0.8780350083343798,high,0
-0.20348193185050395,4.836301224240049,-8.620871294593172,-0.8413019858269568,2.788303722597926,-0.8903846565284452,-0.11053110976773887,-1.776039945792514,-3.9383566442295974,low,0
-0.06055779254339352,-1.6828289674916188,1.603114060614131,0.3573098650752542,0.8287463828006925,0.8713812241108092,-0.18372445568045048,3.6315883151462236,-4.099759341585469,low,0
0.6553207955533066,0.7237315220791185,-1.0076152826765385,-2.9966007045517498,1.5499547815662276,0.00973660299718615,-0.6001712754943869,4.3785173022256,-4.390731024446077,medium,1
-0.028841915352694106,3.630470271432404,-8.917415048416117,-0.16240699922519375,-0.11135547775431909,3.6000062015225556,-0.653481566225802,-3.433730352933856,-1.7557715365705402,very_high,0
-0.8396002867477903,-1.7433483679256934,2.8102081627818474,0.11169887668803291,-0.08053812930893622,-0.4886877904533595,1.619982864228279,2.800909257372047,-1.3093301212602086,low,1
0.3175395415113135,0.46624081379646465,0.9161764869413929,-0.1669666847267255,-2.396827732324182,-2.580946867467575,-1.9232136978347663,2.2002227260057845,-1.4050800165946655,low,1
-1.0677521021629381,2.4680806746826254,-6.110815287581081,2.45361208059919,3.495714948520283,-1.1950542416212115,-0.7273318569770624,-2.1376110848163794,-1.1444325949522391,low,0
-0.7160066093468642,0.8126475229907995,-4.280223177044338,1.891227940879197,2.153458933298713,0.47645609068778105,0.5647473551568922,-1.85451222672802,-0.7186902743806585,medium,0
1.1993402222903706,-1.6775456853997959,-0.35822974835983334,0.5866093001686632,1.3750735038321151,2.933859835199574,0.5147192490554946,-0.9154966624375447,-2.8220061433400767,low,1
0.0771818947221063,2.0244994731276096,-0.29205200975978385,-0.9999786104318317,-1.4043489699056495,-1.4446412655460548,2.4863716988788243,2.6591304100395563,-2.6624087434017025,low,1
0.26568334767529567,3.250099884234718,2.157203500329217,-2.8615927688345955,-2.6225175247981634,-1.8400589868294253,-0.2527159446497631,2.161566997217044,-0.42700564302392285,low,1
0.9616397008368998,-2.8434129719543786,-6.540847876758537,1.506318550715042,2.209039253571973,-3.2097598147390247,-1.0180072425644582,-2.1991719145143627,-2.6734968066299283,high,0
-0.6767683026041427,-2.350738655908219,-4.120594917475155,2.6051920294761324,-0.8979163570129469,-2.6294115001784135,1.5451268670247098,-0.26679269369563463,-2.8787237077822923,medium,0
-0.2496108123302298,2.2102379879739598,-6.443179210624111,1.0622574947505572,0.8479649177723877,2.868102043849473,0.6809469415669698,-2.6625027663192045,-0.554213947165638,very_high,1
-0.4305642308749538,3.7145981908340184,1.9348892266589728,-1.1261340284596795,-2.60476674513495,0.9707879726968465,0.4360981925979724,0.35771631924856373,-1.8567416123283977,low,1
-0.6013715645019755,-0.8633573217024775,-3.035466850685813,3.399838349461717,1.7226397237557252,1.9313511592716683,-1.539685833504443,-1.6725742952314595,-0.8710902574922946,medium,0
0.31379809673685904,-0.640012334615031,-7.17344552456864,3.140875582059671,3.3400472091042976,1.6794349829133333,-0.6413491803977092,-1.1786656098803319,-2.564301938365859,very_high,0
-0.7885568176832289,-4.606305705191648,-5.348468666422786,1.5256528173305364,2.401001289856553,-2.5604249812610993,1.1324562966771599,-1.8273848309585585,-1.6989743188623205,very_high,0
-0.5581675974205933,-0.49113907514077404,-5.842715335732072,2.2651278533927828,1.0481525030378527,-3.2426331045432866,0.29724701093057837,-1.2815317142731986,0.24541319251085336,very_high,0
0.13364980447246558,1.7355122803974548,1.029069102783571,-0.1615303016403149,-2.47986641066649,-1.0338208545285872,-0.37645067600284327,0.9917690081487887,-1.2125307220342665,low,1
-0.8093645854934246,-2.3687511462865287,-2.215102306170376,-0.0039022979254079715,3.5876027239798596,-1.2569526493601042,-0.8180162143552066,2.1434614480428302,-0.7289090552692208,very_high,1
0.4384315259673665,1.3021377843614796,-4.633635649570906,1.1712113571308769,2.0150698552543065,0.9012345143819582,0.28953683664384877,-2.4260256587996603,-1.4894082463372391,medium,0
-0.3668163967598762,-0.3910933132685295,-5.293533693360602,0.20401381554969356,4.298707282966084,0.441817194083711,-1.5116537159342254,-3.067596836523179,-2.1079714400715943,medium,0
1.7694638287360926,1.8305767660268912,1.545326206858172,0.8946550764455672,-1.1981709319377674,2.3623520756006853,-2.179609813244635,0.550647001787512,-2.2578419510993557,low,1
0.39632973656785675,-3.647538892212794,1.6770812898519336,2.2648003432467907,1.3620736308009276,0.027209452067575857,0.42450702329924694,2.1279009574715646,0.8644618439742693,high,0
-0.01808705681645673,4.769926688944783,1.0980661166043446,-3.263244521877116,-3.2684464134285616,-2.229332041428435,-0.45751490252425736,1.8603072636497249,-0.35298954554194384,low,1
0.6887475614835336,0.18144809499554282,3.112383760570827,-1.2560215843380702,-3.094486734163455,-1.640759139120637,-0.4093283036056944,0.08127520493289686,-0.6598656753070418,low,1
0.4328146266743387,-1.6715365302163014,-4.2609402238204925,3.263940869780299,1.3177915504720967,-0.7517214639067498,-1.5238616050224185,-2.1084255978964572,-0.7382009021074765,medium,0
0.9062158832190655,-0.18066101603867923,-9.580559250425122,-0.5065235353332007,4.442296419292879,-3.5207966870348093,0.17444333609717066,-2.958168298162564,-1.4270422763949893,very_high,0
-0.0015507969811826919,0.40495373865580553,3.3727003475797286,0.5877020241107187,-3.610805937621868,-1.6917368738843637,0.01767850183687708,0.4249406817273105,-0.07836786270100315,low,1
-0.8020832991209701,2.5971218319965343,-4.810768984074815,2.74689618690141,-2.161831541387138,0.8174200964973103,0.0517233847667108,3.435070040282434,-0.24971622596162435,very_high,1
-0.7477440313366499,0.04759985864882599,-3.7153329650444764,2.0708786796184664,0.06324493563177369,3.5489601780005513,0.6105642755423011,-1.0845474339971668,-3.030908951539189,high,0
1.466288172339236,0.8203085468342296,-4.866916044960165,2.711808063077877,3.1287166211033273,0.6589484702674138,-0.4605543307129097,-3.504887672186986,1.7460168856031053,high,0
-0.5743675329458618,-0.8920161355673323,-1.9472728519694416,1.5091091830341257,2.485840366808497,2.6704500719402366,0.035428147917528525,2.3157547876823097,-2.9943885777472095,high,1
0.10073279123347681,-0.11750025886438009,-2.029294682967465,1.665553290572577,0.02410278598967186,2.6169241132610614,-0.30767679611444715,0.48338136339012405,-2.0958358380215594,high,1
-1.2764413352958714,-1.9444146209335007,-9.259312348758865,0.9786238727814681,1.0485604962957438,-3.7718044432870252,-0.1319007827778658,-2.2721211188466937,-4.239742108690856,very_high,0
0.11427634040631757,3.675072239880538,-3.396156215419587,-4.635339740090136,-0.7042480374390403,-3.631066583358263,0.5290191385464771,2.514916685317026,-1.8279885791564785,high,1
0.44415202082106486,3.44542390805262,-1.4568266409725183,-2.7000000337769414,-2.522361447394601,-2.906828540988952,1.119593555895637,0.4273492439924511,-1.2302440208138514,low,1
0.04466658266433169,-0.6999458245408807,4.1912661431325775,-0.34478327048247737,-3.0340112812211357,-3.557101642462504,0.21921888756373958,4.6244733604588975,-1.7481814443517323,low,1
0.48927092249208376,-0.7169127931273076,-6.655233765864322,2.2837146694079413,1.6752319124376318,-1.5263436041158633,-0.06769025443307115,-2.355478815019933,-1.973179444996731,high,0
0.43346889892395846,0.2653426553126279,-8.451828046652473,4.34975756392714,-1.3621381761747624,-3.5137843026038724,2.547339209798673,-1.74877793284168,-2.359173969454672,high,0
-0.6344425894318096,0.33008756617615576,-3.1930876243179798,3.263096600693139,1.8465037398017745,2.901828833366426,0.5021602520263256,2.693672964313568,-1.858683398864847,very_high,1
0.1798355280721886,2.5715710518034003,-5.436590913422494,3.4452446101259353,1.8262954656888102,1.7593290771799945,0.4758200979689153,-2.5988806487170346,1.9930575891459352,high,0
-0.5802581743615904,0.7588544010049116,-6.354567980936783,2.038447372499081,2.4297618148914095,1.2959067430427083,-0.6359767766019002,-2.62866109094361,-1.113226397294456,high,0
1.5346565286851959,3.4661466382550863,-8.318768875943276,1.6911229261625198,2.467548373539089,1.6459288363171276,0.5831461706086162,-1.6839904995100266,-1.0522547094803303,very_high,0
-0.0871808383325317,1.0480876982736995,-4.193518766403442,2.389135827343902,1.8677499083908573,2.5962618017092955,0.2845905096932017,0.4202960576947816,-3.3833544150992667,medium,0
0.5593545550683591,0.2707129120610743,4.529634799751294,-3.0144913523940886,-2.0107496830077167,-1.332101914615202,-0.4188747078246074,2.6105671494839977,-1.2438468123485262,low,1
0.12841378268016837,-2.6955891379955177,-0.9578902529195465,0.42348702076523725,2.3682839085188134,0.3610201923445089,-0.1890100194903872,-0.46787796568576634,-1.216642626636407,medium,1
0.681013287731559,-1.3035607588356777,-5.492813103962298,3.464508852769734,-0.7801194828391769,-4.476120429653174,-0.8155350770145016,-0.5362104716716101,-0.22362627687613545,high,0
0.772379835166608,1.5813355427275824,-4.510358989817156,1.0376425583621105,1.917106959758631,0.9578334939967232,-1.8284019338152935,-0.9076893784759699,-2.6342797203443644,medium,0
-0.018183379291352917,2.8480995685432497,-5.768567164269747,0.3209659185511946,0.33062540131179907,4.177947376210414,0.24537626177908456,-1.4145130617813788,-2.288801044733178,very_high,0
0.016102245981951847,-2.5904216014396306,0.37132057036439636,2.1258042024135344,2.8821406176069697,2.6462172354291806,-0.4043146435264169,5.347260024756921,-2.932971936572116,very_high,1
-0.5762409695503379,-0.6651931798690698,-1.874099306178456,1.4415131510219017,0.3855867217210578,1.1009252311796254,1.3600436152250617,3.5456224334906743,-1.9163573884126444,very_high,1
-0.3189724853032056,-3.1423577063065418,-5.72304714305726,-0.23915185667672012,3.564201998291242,-0.8663640621400515,-0.49089473606614925,-2.6575756082738415,-3.4563772348372943,high,0
-0.7807959537464901,-2.3153416690076813,0.37918209611543485,0.1598117124049474,0.6360552033172779,2.432342400904038,-2.662932042712889,-1.7580060914886986,-2.558061396516116,low,1
1.9076806343139792,-0.7966466519126942,-4.9115203914806065,2.9045268668783413,3.2884600697471336,0.7193392891140387,-0.4111351013540108,-0.9942141856179215,-3.380632604794429,medium,0
1.0546789783017962,-2.3238393973841007,-4.408216923569086,3.175077956864347,0.6458409687062405,-1.105549398799421,-0.6598088763291463,-2.284137352034016,-1.8213225985276111,medium,0
-0.9785925385323607,-1.2494127281116858,-8.429551612862914,2.6654146910792567,3.452515922369529,-0.23001856850918334,-1.1013724977045964,-3.783964170369126,-1.5360370162413137,very_high,0
0.7309355654361434,1.4759024188353627,2.1347056729281557,-2.4669266635838625,-1.9257321560190943,-1.0211421385626092,-1.570841020811889,1.1828874944125265,-1.3877492057834073,low,1
0.3474968042713602,3.708113103476903,-7.055780982553703,1.0504445801103013,2.1135171262373618,0.7985402084973094,-1.2747520137870318,-1.7719232957697468,-2.192840579829417,medium,0
0.6392714703860938,-1.0101093496940732,-5.015648259982102,2.9205490300162453,1.601711805523533,1.3186758020261962,0.7084287004997397,-3.807001312652834,-3.279390047971395,low,0
0.9129912372175907,0.17814633724810713,-1.4199418833348454,2.388537657284338,0.8550283422800671,2.1735778912784514,-0.26378773168374614,-2.08468985366908,0.541499587637772,medium,0
-1.6725563711984652,3.116023133056785,0.4061287321108301,-2.3912067395696606,-1.1073514895673473,-1.3132057207148233,0.5569106605483044,3.591938232971107,-2.353323159963012,low,1
-1.4223878378744623,-2.5120032705624147,-1.4416087645118456,1.4922324370330888,2.932867508313454,0.659114172479683,-0.33373326122176056,2.1075756993317802,-1.6674656268530934,high,1
1.8320688699930385,-2.7260344040675077,-5.0465233967597465,1.7622991614192265,1.6294370916610055,-3.378456336642672,0.31198968719624603,-0.8964174629903164,-1.119377956349588,very_high,0
0.009438292436112366,-1.7334205529191464,-8.730996967566176,3.0893431629055232,-0.18440759923523875,-2.362626026366037,0.16520934463873405,-2.3240268825620745,-4.40136650783773,high,0
1.6717913897146177,3.74662994852174,-10.697126971847826,1.512696809464502,3.838359405419549,0.16723076231438494,1.2516615454733349,-1.6633921529675693,-1.7345727500920496,very_high,0
1.1380653670319325,-3.235035455310061,-3.449358797714123,0.5203746313401558,2.4572023927532936,-2.3431527466169904,-1.4586798632456437,-1.3637181812004635,-1.3455215976309236,high,0
-1.3717498305412779,-0.8060843138626941,-4.508741512306974,3.4296681090800716,2.522340420080985,1.2887819516737014,0.4671889437544451,-0.9017753710025885,-2.6404862420660633,medium,0
0.7077411696428033,0.10627375234196634,-5.902443295131029,3.836188488510672,-1.2737013530133166,-3.954271422768631,-0.94315322367288,-0.08639134238463475,-0.3396545568165741,high,0
-1.7608873310750701,-1.416209077459074,-1.5310319243653945,-0.21556400813815801,-0.15862671894621094,-0.5023587356227976,0.010754658623274025,1.6421007787933264,-1.2263152406291806,very_high,1
-0.6426497279703051,4.159088837018531,-7.34938278111463,0.2584419109917149,2.791879281775461,-0.7456489794727454,-0.5360249228981794,-3.055189277704366,-2.0210240362874012,low,0
-0.29757999941349217,1.820916648507102,2.1047482782264564,-1.1093750562877647,-1.4050046430875205,1.2993166224151713,1.345053044061114,-0.32818246030005604,-1.2806382068478184,low,1
-0.24047880353259232,-5.012662146555233,-2.768441103263297,2.0665028318813823,0.527846880667318,-2.9312212139417504,0.3993402607013494,-1.0517788072117402,-2.044559366416788,high,0
-0.26354920408777127,3.111126660792009,-2.128151091269627,-3.8824937617940654,-1.4809437477098735,-3.3698760329361725,0.6099986700377077,1.1368925930731315,-1.263720955082991,medium,1
-0.335483684779733,1.9695929685728584,-2.985906892993922,0.6353556495702148,1.171171285507692,1.0947774460303599,1.555136678050814,-1.2045652730007634,-3.2623013754076604,low,0
-0.21648684871697368,1.5948969881892496,-2.953208295620002,-2.7489494374845047,1.0024068487940923,-1.1351491060835628,-0.9703109030625618,4.099425217321933,-4.700442956814919,medium,1
-1.2447498144280529,-4.106732643624299,1.1378451730643437,3.10337928689185,3.602595359104039,2.0038511740537297,0.7857440479595648,2.867393663655975,-1.6114570031253805,medium,1
0.5910576024481916,-0.6785550166611121,-6.453506284292703,3.822823579538631,2.1028276957539216,2.143241814458376,-0.5985908917957072,-0.8675395324054473,-3.209617512363477,very_high,0
0.11636726496976015,-0.08449014686279299,-2.873325554601072,3.178130556528175,1.0098106871187467,3.0792177883093705,-0.6520578136538172,-2.6850707597519117,1.6014563693895167,very_high,0
-0.20269510681892494,-0.7057121863750051,-6.27303244172326,-0.38123168043148037,0.9481043511960525,-4.534978654414813,-0.7049090511424236,0.3224859818622774,-3.630983061695011,high,0
0.03999156608522302,1.280838550839407,-7.601922585113916,2.4271974503460925,1.956083693290943,3.389802945342498,1.087052822380546,-2.4990367787197902,-1.7187399209320684,very_high,0
-1.4768989104277779,-2.4165685993705495,-2.95861580834851,3.6451609728024574,1.3038731678767594,-0.053730427607356246,2.2198981677235103,-2.4975308717827085,0.356392482626543,high,0
-1.0732110461498128,-0.6226315130261317,-1.757935398209904,2.3678698805726577,-0.06036877233087301,1.8859594698959459,-1.2713840013346638,1.0834887253207681,-1.1897115216447407,high,1
-0.9992252288062643,-2.1848758542902655,-0.13173570298288317,2.601882262992404,1.4556791997566854,0.8016863245202417,-0.2518801358655672,3.5121332967631496,-0.7324525010099872,very_high,1
-1.850493852070098,-0.2947691846906475,0.5524135176251503,-0.41351106475878097,-1.1264685153672596,-1.8559223643609064,-0.8861305829958052,2.524403487923409,-2.269555880921589,low,1
-1.5692610884379432,-1.7262150872938153,-0.08678885031279492,1.8435236022936488,0.00887048611457053,1.7407025881804161,0.6929213974770416,2.272918562238717,-1.8219811356072626,high,1
-0.8611318962265074,2.2777507566304167,1.2096652183400671,-1.3873695278229823,-0.48667796400210306,0.2844434904669455,0.06723298630947383,3.8508598783042913,-3.573176312942099,low,1
1.7473334605404953,-3.0552880256831996,3.9944734800435997,4.622005318842993,0.3480229044973804,6.335652105758462,-0.341179097824824,1.9227762552886918,-2.963756395648584,low,1
0.0676471983868423,-2.454995480350478,-3.919876451114031,3.6063919817573957,0.07749533379864437,1.4117721808705481,0.35945645798242887,-3.305014205687746,-3.2656471085098797,medium,0
-0.11293675104493842,1.854735151331092,-0.5376397198304737,-4.722821425411068,-0.7101576134922039,-1.8266598491277986,0.5580837617460735,2.3953260287365405,-3.7392031626027604,low,1
0.37291855614084257,0.9863907621750452,-4.219293764970377,4.408373975054573,3.3623314242712103,2.6845123328446325,0.006392703086661027,3.311656385359295,-0.8947002421219763,very_high,1
-0.4013162962609817,5.559218065769699,-10.424014052129492,-1.5041037047891581,3.1975397271087918,0.7340151923082805,2.1664601897132316,-1.769071288938571,-3.9637040887802417,high,0
-0.2919433019409618,2.3307328773736318,-6.874665561265502,1.1023206797332463,0.17396516479229196,-0.6290234872216145,0.9820245608988472,-2.399853858774085,0.631177951507172,very_high,1
-1.4303236657305471,-1.4972412775411836,-2.397834466529188,0.6909070326604381,1.5905597595637946,-3.214998686077413,-0.4905094702290714,0.9095877425483463,-0.38854169413719597,high,0
0.917529268691118,-5.853368785046074,2.2513835677737704,3.206629753404461,1.0474066070312404,1.7854450476636117,-0.6763088544901641,-0.1885523002781433,-1.3931864497543134,medium,0
2.044914468782179,0.33358455828340916,-6.4671704830391485,3.664694190681552,3.912248632685184,1.62444124368601,-0.5254533262384781,0.48477615504684235,-2.449967814098958,very_high,0
-0.2880775442285868,0.437492424671192,-5.589192744901412,2.735214485412728,3.197255342798372,-0.7174793666369064,-1.0710722068714593,-0.8859301812129562,-3.0593024045029074,low,0
-0.6543967327507244,-2.2500016098047735,0.8374865621172735,0.8794063072171836,-0.3733510384663161,2.1169209831269646,-0.9077475867578793,4.422137610753942,-3.147916002576574,very_high,1
0.363945990536679,-0.14380503681957313,-2.741439020404813,2.524998818837348,-0.7780056292713418,-1.8060755651000375,-0.23562238959253098,1.0973412548158052,-1.3481842221901341,medium,0
0.5339824060321556,0.848431231355367,-2.71720000116269,2.7866529489809064,1.587871034895795,0.7463027896287984,-2.31116384467523,-1.8094967516581348,-0.5781537346076149,low,0
-0.3667412730793706,5.466657250193536,-10.469970064810283,-0.5439956114391686,0.9453152788929051,2.9837154037573503,0.3477894796082186,-3.0071633768227293,-1.6400474599505934,very_high,0
-0.021882965085063183,-1.3946441539586887,-7.016697876204743,0.5049178562475833,2.0256209950354678,-4.315607715351963,-0.7037260562592106,-0.1514290297990748,-1.269615231001464,very_high,0
0.8556896167781936,3.7726105774950804,-3.453898070005715,-2.7590154000389377,-1.373071476810903,-2.8353344339871853,1.9583698067843702,1.3357030873407583,-2.2405804460074235,medium,1
-0.04963373866944031,-2.831450558955572,0.7370943998462635,0.7724888537850694,1.026619347502462,1.1172596875459364,0.5510555079141456,2.9012005576297177,-2.047486291326307,high,1
0.1556308864998289,2.1376309948874583,-0.4932646468238186,-0.677289894876663,-0.42592971084830356,-0.33715653326358996,-0.012820611576395767,3.0907879286497963,-2.853140714307837,low,1
-0.5572100384819053,-0.8595540840167899,-8.516947586759558,4.289335464334887,2.730880803539337,-1.0048330019952738,1.1607413360089427,-5.307860872696647,-0.48187185975768365,high,0
0.2567337250340781,3.980715153439027,-1.0910930278369775,-1.2981240947164343,-2.620608151157253,-1.581030996724746,-0.28133830570870655,-0.48154413303150156,-0.2971213323643378,low,1
-0.6206160240360316,-4.196575669126131,4.528248862142606,-1.8688345131431,3.0081091619952454,-1.682354360231503,-0.28349836144584856,2.7710305640308937,0.41812484047469556,medium,0
-0.7941744284492098,-0.5660014982764747,-6.551226789457271,1.7166471983194584,-0.04314746254412638,-4.508771613429629,-0.5527867751075789,0.9822429899582026,-1.983323948442885,very_high,0
-1.643097966582582,-1.8936795566790594,-3.2365678534174487,-0.5653671638157867,4.652130016523589,-1.4062735760805576,-2.286313818594038,-0.9198310358835164,-0.30905437531440483,high,0
1.1270445967963376,-3.162207093712327,-5.542429497564777,1.605964573005566,3.602258888732176,-1.0727852230145118,-0.8946958536521655,-3.897912878079918,-0.45731709610535054,very_high,0
-1.4109676558529485,0.7189923542030012,-1.4643359559316824,1.0638895030847018,-1.5044196301294646,-1.9482563685015775,-2.294381509403703,1.322114332610926,-2.0747823489571986,low,1
1.7086092934168549,3.7720874474821064,0.8351343625731261,-2.2997595795097943,-2.680444879948383,-1.9398277459802842,1.2438222163767554,1.9308744226503294,-1.5215163035157042,low,1
0.6870795966389414,1.223368895049076,-0.702445749106128,-2.481694535822059,-0.7934853310595766,-1.2560795518754864,-1.161213812781844,1.1891022603699268,-2.5031325098244523,low,1
-0.13404321192638907,-0.19655010518840066,-0.7504093417442982,2.8923101702732223,-1.7741542812702196,3.1432430103635234,-2.4033455459053044,0.17943254760521476,-1.3374614893130736,medium,1
-0.046728383112949884,1.5939916103189695,-7.716166568466122,1.3932205462949023,4.0464477907083864,-0.6899496388668107,-0.06749087361738194,-3.871225208291455,-0.46471483851435136,medium,0
0.5795401132418988,3.820780945767339,-2.4620532204151986,-3.66567455014346,-2.444418226827946,-4.647487245851371,0.15202678026700292,1.6454014936696275,-1.2927565451681668,low,1
-0.7178699479518562,-1.000331586578436,-2.7150653591344125,1.5108892795391775,0.6578308926262721,2.4114738381306564,-0.32224512096916036,-3.1324260664434456,-0.4985293114298186,high,0
1.0527964662207976,-3.5143244265412417,-0.42946260176939965,0.9990764035456289,5.244631480632662,1.625435006177383,1.1584338205714655,2.0216171016291926,-2.5937487871445875,medium,0
-1.0221187516812271,-2.0992539341849694,0.46822790317689367,0.7545457254404802,0.5211362145334388,3.000572599359114,-0.031997708745894055,3.0636292516671073,-3.5622634949791845,high,1
0.735264379855458,-0.8672811966991648,-1.3963542053026372,0.6715212397847112,-0.872611617132484,1.9193832574316434,-0.7657782833100322,1.0490228322702548,-2.4823262167890685,high,1
0.27728690635310266,-2.8716775719655177,-6.226185749454521,0.9157407609242709,2.770428886362687,-3.0053515939687996,0.3889979454844126,-1.774274543511628,-1.2397661966585578,very_high,0
-0.037448365089695616,4.816756697256856,-3.078794679253282,-4.0001327748817,-1.089523857207128,-2.3676148765411575,-1.1306313665012095,1.8842616196301936,-1.8949779443169867,medium,1
1.785756915720058,2.178461745816783,-0.11041586654111485,-1.4255498328039338,-3.237545987100627,-3.2293368734680903,-0.003989429481267046,1.5403106006917697,-1.3202704417594566,low,1
0.3643820305559906,2.786470463629796,1.2766257233944747,-2.455878289410951,-3.3168314572929827,-2.9551537942249997,1.043634616184244,1.5022284407440416,-1.0725795441405857,low,1
-1.20722790597933,0.5082757280567864,-4.075495207433436,0.984729486150501,0.5609166604185918,1.4125760672253052,1.4493286079516834,-3.1485481827648942,-1.859425082397216,medium,0
0.7283397184374546,-2.2002242146326916,-6.053306997489197,-0.4359157241622744,4.70856067227534,-0.2028940720595136,-0.33213852999250076,-3.0391035159352904,-2.4667052598177417,high,0
0.9472099079256341,-0.9829255853544179,-3.587507759598032,1.038702615152579,3.69129917014078,2.3135256212344606,-0.1746517947547645,-3.0430783109711266,-2.2912017504895834,medium,0
2.116627833172658,-0.24349854904822998,-8.46087124513947,4.797879535989009,-0.07927002683203321,-2.3103202388272117,-0.5203747801691304,-2.985016091698017,-1.9111611955987675,high,0
-1.7088374725214388,1.982067435100485,-0.5201736733936033,-1.6990777927062528,1.2781383074127912,1.232764614007783,-0.14728152537964492,3.3595762682706347,-3.3068731756892906,low,1
0.5860257867066712,-2.037459486748786,1.23874331656912,2.4828422594809165,-0.7397501595134031,3.058333254658905,1.7274728081395003,0.2645187370114188,-1.7436930398211639,medium,1
-0.20035049136709662,-0.4434123538461243,-3.51590167351318,2.8238586829352803,1.2168574895351716,-0.2538554879019075,0.1593216216090513,-1.6742820904543811,-0.8644083314972185,medium,0
0.5134043681739555,2.1385788988926695,-4.158253705464324,2.673436330932835,0.11604001365131378,3.6376975789458985,0.5547049325040273,-1.1649929823340852,-0.5360860073764047,high,0
-0.8263015170894239,0.5184109398662329,-5.113049997836068,1.702855429521438,2.102378363242149,1.2947845889352156,-0.7260901581591734,-1.6930834652888962,-2.828273689030936,medium,0
-0.4946204922297327,-1.5378612739372117,-1.2496087166909788,2.6262342435504014,1.7980321328573234,2.0463209031494904,0.09536153889937966,2.2574314852371486,-1.6877713166612986,high,1
-0.4666170109592113,2.557722301673176,-4.404003185917877,1.9664786198021844,2.015519168762455,-0.38029162513900716,-1.8132879476243773,-3.0717518187108928,0.5376252592572659,low,0
0.6500866371101931,-1.0778765820404284,-3.8958130556270705,2.5162639080756377,4.012670189819684,-0.37185414915643844,-0.25994830207052144,1.4353956016624547,0.27098322447432843,very_high,1
0.7464050529836872,-1.5237814173517061,-3.0686286611932623,-0.47041492941485274,4.568624707447849,-0.40015696795407263,-0.40282259854346725,-1.5831157275519314,-0.8426262071589027,medium,0
-0.5710189766585289,-3.8363404573613042,0.427063396355995,0.4399116387792006,4.426128511143102,1.796625776029837,-0.9718572107264333,4.709144123150703,-3.5552022968243726,high,1
-0.34587760000400336,-0.3077174282503421,-3.783119053784604,-1.499158575163529,1.891643290519125,1.4271253597333493,-0.07411892069451026,-0.4977985364758071,-3.409790917893419,high,1
1.2939954792739714,3.203835630104174,-2.2315800966324097,-2.350093453869953,-0.28133699827694914,-1.3557969864224528,0.42350330623451804,3.4745187056927085,-3.6026845929575018,medium,1
0.08682436629654747,2.2810208705000212,0.0969535896534679,-3.7217710778031337,-1.7690229850813306,-2.6652949966506325,1.0457465631098726,2.2076283472986864,-2.138708924089528,low,1
1.1251618740143325,2.588197174982864,1.8634807437890821,-3.6243009735500182,-1.5724142408626465,-0.7829389298317042,1.2450516865336716,2.0892913801462534,-1.817392558705945,low,1
-0.1729014168980767,1.7509612096539262,-7.248930718852599,1.3377408094555308,1.10281883340068,3.8235863881600887,-0.4689536964118154,-1.3301806285840694,-2.8038053837650194,very_high,0
-0.14805839371089172,1.8166540574875505,-1.264341306039243,-0.23683198847821152,-0.973202516139277,-0.5907262112308551,0.46487509281238837,1.9672782147393701,-2.8524652633078857,low,1
0.3068853189581657,-3.033476502815933,-1.5469328109251457,0.6344016904540528,4.460401318417669,0.05028870356070958,1.527600380199794,2.489728740694248,-1.7413437363975035,very_high,1
0.4592761613048055,-2.515778387228754,-1.2071388947762722,0.6864460456947947,3.1044528475650677,1.0367689276829024,1.3017180329726876,1.7449073161982724,-1.9832602528460042,high,1
-0.45944871053183645,-2.998826726452492,1.7052287985603671,2.1153089916914953,1.9609446417577097,3.8606111718826623,0.2221673409940052,5.624292479284247,-4.065545478392433,high,1
0.08775020288208697,-2.938029652274431,1.7256140318965265,-0.022829100723875895,-2.099581722751308,-3.135576863283368,-1.21658246839488,0.9049175280851284,-1.7683213348955515,low,1
-0.2654812149312082,-2.519917235496667,-1.6512395068961223,0.23656806497889193,4.2179358513233245,-0.1132609153355919,0.45411187367953026,-2.2861479106419305,0.3310368469369511,medium,0
1.5654256637448176,2.740765572564444,-2.585775776532968,-2.432258737511043,-1.5447032003734593,-2.1250875647739296,0.41282929357966963,-0.40609491271069653,-0.656544042070039,medium,1
1.2398366922151298,-2.5100869644279316,-6.97183684265938,0.8809334579576439,4.8624944463674895,-0.7556826715852658,-0.7763722182404464,-2.9230117993180036,-1.5636526513365614,very_high,0
0.34700817267894346,0.6309378262363274,-5.350964234373526,-0.4493176372666696,2.337256905942909,0.22872003552661213,0.8085790643905754,-0.6014378359009982,-1.443199517238662,very_high,1
-0.45667609791034813,3.9374359546319937,-7.843187509554617,1.7867974858337745,2.698756480348596,0.5049150271997576,-0.410983775992668,-2.67111139560123,-0.359967582747444,high,0
-0.4838860253828175,0.13481473275056022,-4.81070449005456,2.848239343147577,1.641080276642763,1.3291928537284776,0.011971847763763078,-2.0256159415682387,-0.5466611205042626,high,0
1.6049207926576357,0.8827057609682458,-0.3476823328569486,-3.2203145446586605,0.0955596545697095,-1.6369487669732172,-1.44385946610564,4.423003663010962,-4.1402636615491115,medium,1
-1.323656732069987,-1.6310311375977007,-0.3174416184096406,2.5173178364769218,1.312538053778805,1.449271001437806,0.38957958912817714,2.0902328372904107,-0.6780606636811164,high,1
0.5064922338064692,0.693524294040798,4.976022403976736,-1.8305253241033317,-3.192978053099333,-1.334006385048597,-1.4696930760049625,2.710818021344889,-2.0273191412779212,low,1
0.9365717260056047,-1.0320389541792871,-0.7400185428730353,4.330598799634913,0.7950316029660807,2.140682179273723,-0.5590517124320251,1.4406404190799764,0.16474662602770063,high,1
0.21223377958116182,-2.154268246462267,1.3691399755442122,2.2098132130591304,-0.7179138326930834,3.3959329182524867,1.1151788563886027,-1.001969062034194,-2.192682013975588,low,1
1.5190168256850556,-3.148060160997332,-1.9547084440663538,1.4440468346329594,2.217207838692544,-1.4482322317725278,1.2985690489784287,-1.3412650552439587,-0.7064093996778853,medium,0
0.5804371910337949,-1.750950171118198,0.09692713675296877,1.1157240007003622,-1.1452498092618157,1.1324998656236138,0.979496889786781,1.8187859712216543,-1.3290698923344184,high,1
0.5245491840654312,2.275814011629722,-0.5566881375280293,-2.441947310771175,-1.204047476550084,-2.0953692667534956,0.4021998023884518,2.7563583884869765,-2.2305671442966717,low,1
-1.3312626374619094,-2.247181821996171,-3.6096558144174873,3.35863994184784,0.6607842127661698,-1.4005534550342982,-0.42783239310417653,-1.200109821710691,-0.9071686920171517,high,0
-1.4945278268616284,-2.967227995748897,1.105434676255826,3.5335778411545986,1.927900930329921,2.786430033127314,0.8311099599821113,1.340496515811438,-1.1365287353855853,medium,1
1.0724252369221658,-4.360001075896949,-4.347014613956791,1.5663810381909737,2.6565610514981244,-3.3324689442193334,0.27685870707053206,-1.7794663844129417,-0.35740370509048613,very_high,0
-0.6074735446391438,-1.2465700669915032,-9.907773185475882,0.7505438022495119,4.169413029603687,-3.289987417390753,-0.7706283649428919,-4.433416520972618,-1.7443384172863858,very_high,0
-0.9115170289562126,1.5795730714887928,-4.580992474405479,5.991033570701956,2.312705024098896,2.0520244238893914,-0.17720123992601125,1.4462920034499982,1.0549910032597751,very_high,1
0.43244413147749516,2.5971983984122264,-4.080019436383132,2.5994383986919853,0.05192210342771619,1.7561227874662846,-0.08955565133460715,-3.1869458358681255,1.1905534305486503,medium,0
1.1913791688480544,2.519767252398264,-1.0510951166257674,-3.2954958473438394,-2.860856916328995,-4.047067671642641,-1.2910462178892923,0.7986679103528467,-1.1477412875826438,low,1
-0.267892441698304,-1.538032530445375,-1.66269505117046,2.1527930487971476,1.8191743333588004,1.8129914955618065,0.07599942065195163,0.9295075663105866,-1.2276017726018824,high,1
-0.12237623300863235,-0.6822375713861708,-4.292187314614605,3.971740977641498,2.203353374920325,1.6761804833043077,0.32585063785263874,-3.1377446846613575,1.1959015686652352,high,0
-0.5995713693163707,0.08986856457221326,-0.2759401520319207,-1.4184450898265628,-0.6417791397956103,-2.294008692233059,1.750743240635172,2.2811901679962934,-2.0349056240289674,medium,1
0.4220829036826554,0.0028093702126519293,1.101602676817421,-0.35408461770918764,-0.6660319167847193,-0.8649842223998317,0.9407202234872493,2.3267292195904883,-2.177554423396791,low,1
0.5835680383647953,1.2370113302545556,-1.8077127341634607,-3.6110199267630416,1.5475680187953655,-0.5801984547683334,-1.780214325166105,5.184031807004958,-5.746365357249825,medium,1
0.043675284344838514,-1.9429760196547967,-0.40329912161520387,0.2930381228340291,0.7835645867523544,1.9386435625251874,-0.15308878262705,1.9476053180693818,-3.138336659616382,high,1
-0.032965646219079235,0.027649027393382042,-4.04253382262698,2.925205279574547,3.418194405749235,2.4701470637623295,-0.5057683865180949,1.2761382962228809,-1.5843874613345057,very_high,1
0.6616999312372618,5.999113793395528,-12.589854790823809,-1.0138049943557748,2.730173681376403,0.6286262376137997,1.7964313337904207,-2.7808439377249647,-2.860018752857604,very_high,0
0.36368156386762546,1.7925850317587952,-5.043619243090238,1.5100121641116648,0.5409737311696792,1.539476713132777,-1.1068548904732292,-1.8138248384778746,-2.8402674124593403,medium,0
-0.6583352953614889,1.6024118758402919,2.0665349807032256,-1.638384473774083,-1.826802277389512,-1.2336858502761983,0.3472628228341112,0.8378554990913315,0.4377372792679777,low,1
-0.593684755110353,-1.9898762095300933,-1.5461428099864991,1.5207633002418692,2.6235909872164314,0.9880599379063126,-0.3992558688416348,0.846621116421331,-1.3574839872365323,high,1
0.13835868235807394,3.080663506891615,4.844688436659473,-1.8807281747992943,-5.43152497268092,-3.370140664681811,-1.3579864499176084,1.5979001663608932,0.7912505399253547,low,1
1.853497473950876,-4.266744949789392,-5.40424018969054,3.288124530784972,-0.7357435238252059,-2.2878103435331107,1.4905507317914701,-1.9352995546730662,-3.7712240908272285,high,0
1.6276452207815595,3.8112743726947995,-6.203670651018719,1.4210548032357733,1.5538712560662096,0.33148677378863955,0.46406026713731896,-2.762950282179805,0.231632861467707,medium,0
0.9652993647139013,-0.42329327814610496,-1.1949903466016105,0.9122303667501667,-2.1308325921896776,1.3872047572025341,0.998819207248052,0.0724294940179615,-1.3643257705904515,high,1
-0.26630193928999185,-6.279298688426739,4.884413461582359,4.455092366567745,4.608621171353535,3.1937511055637122,-0.3622764090877158,8.409502888671193,-2.9404197527530735,high,1
-0.3647404078022363,2.0665496581749863,2.4661211103048233,-2.5345808258758553,-2.1067929600068562,-1.4755367584769754,-0.06950835956701353,1.285768601885891,-0.2847775682813005,low,1
-0.9748676758069895,3.6462391662294737,-1.8529884670045549,-1.0776692977536912,-1.5956088517202778,-1.6615124380921389,1.015912117110515,2.00765981787291,-2.391138099002023,low,1
-0.7346751254506114,-4.539230406089731,1.008146143972653,1.4366324706283111,4.715191288344016,0.41508728766581826,-0.2959206032814136,1.327577877940499,-1.0616702679191448,medium,1
0.27062601842511697,0.4380033547239768,-2.058094497949479,4.309569227956549,1.6227486572273362,4.413662961288902,0.1992744125175556,1.6769967066216698,-1.9174791438021448,high,1
-1.1817882648252533,-1.6572840687305372,-2.393364423475712,1.6562060238418357,3.908011140191128,0.5891983269461847,-0.524179824964208,4.873133559405671,-1.985485021924112,very_high,1
0.9082733326208107,4.247767589222966,-7.3118689678289135,0.33708932987126916,2.2402545814867536,0.0759251413865889,0.1699419245518953,-2.054247357283792,-2.564011613515376,low,0
-0.11124878102166337,-4.512881213892897,0.5664369503339268,-0.24527610364055819,4.692205251542273,1.8983217870246014,-0.2507674246872151,0.2553470464005294,-3.371968169295178,medium,1
-0.21477077293742206,-3.089313109080831,-0.5723835742217127,0.8310243986262009,3.707290686507344,0.8809368339479844,-1.4959652452796985,0.8598902360741497,-1.8335430211567019,medium,1
0.41266203922249983,-0.9287066224992986,-1.628552089212161,3.9690817287684528,0.21569908001685056,0.15375353784757118,-0.7261017690624366,-0.5850829787692207,0.4509206680121822,medium,0
-0.12052319060684649,-0.21959068700812368,-11.413112101776594,1.0245451108494936,2.861839491605722,-4.360975618855185,-0.5664667470120005,-4.368292568211205,-2.7721319227727284,very_high,0
0.8944138359346672,1.237165351361578,-5.588196820862791,1.9780431915343513,0.20354410238682097,3.5106964275874786,0.2697893198938829,-2.1907150521722754,-1.1342681999837887,very_high,0
-0.4937184921213639,2.8546635544991297,1.6589459934121293,-0.0198357027081153,-1.770108451605832,0.30345702338671,-0.5802428458444414,1.6641684950026432,-1.6868320430907537,low,1
-0.07455894987578068,-1.4863153050621278,-5.009053681095329,-1.1410629780830377,3.853994778379864,-2.2163839095632047,-1.2354737476627142,-1.349421387094992,-1.802751176447689,high,0
0.5396369064823264,3.8685870773751754,-5.992104250276648,1.6990908565642509,0.6981009370356877,1.9574807985100449,-1.1615954301915894,-3.6412910905157463,1.7391709091164491,high,0
-0.6996565501584512,-5.393216138301005,-2.4687917093456067,0.37325574078213086,2.570676538301104,-1.3939775632661873,-1.5319069581899638,-1.1725502944396027,-3.917913667161031,medium,0
0.18190859881002217,4.569465558793152,-1.6720583016130464,-2.8061508811729854,-2.3112949992941383,-2.8437697197718688,0.17133435597097285,2.1996475746339588,-1.4966314550803732,low,1
-1.0964464205415796,-4.317644144267101,-3.1691171843272774,2.811931675318081,0.29392768105820877,-2.2598201338984927,0.6954755023984653,0.5367770494912094,-2.4102505961258944,very_high,0
-1.0609024667645228,-1.9273444922371932,4.285318560814195,0.41003599827672166,-4.25546233708401,-3.7137733132639568,-1.0948437452267061,0.029061213890132054,0.8547315848218149,low,1
-1.1692113327976903,-0.266013993719715,-6.777614580047315,0.7351716459783417,2.020863947312523,-2.142822461556061,-1.371196762300708,-0.42753188799925934,-1.9190837555705709,very_high,0
-0.16226653908719363,2.1934583327544597,1.237367020086159,-4.0024850499404865,-1.643689322953505,-2.218724541564626,-0.34182342849603875,2.3005552555098836,-1.1185036182774208,low,1
-0.14123129133135487,-1.2868945657710915,-6.117346510927182,-0.09062789518031722,2.1496863577413445,-4.231204021297716,-0.822853100273834,-1.1056096139455063,-1.888857940965091,high,0
-0.04829395504014431,-5.7138586750602265,3.901073015121534,0.9446054883704315,2.339241820675056,2.184283984536322,-0.7165773779361757,0.11621809120718107,-2.4985841926356587,low,1
0.3915284661940883,2.4861718663131325,-7.974123151543276,1.7964506034636116,0.8362067711667943,2.4285567348386476,-0.10067905937706474,-1.9608368216376957,-2.6477431714898993,very_high,0
-1.3187826376705372,-0.20193270416761533,-6.296764272872798,2.5842456479635745,3.388269525428671,1.7899798995374852,-0.45433859971564605,-1.6848884938494324,-1.7698079775774693,very_high,1
0.5342417790726383,-0.4419889803265944,-7.990692200049236,3.2432628188333235,1.6779757502417294,-2.0463008562032163,0.0723138400584873,-2.277248299690875,-0.7753646861764882,very_high,0
0.8790623081691834,0.9682272868014642,-4.265897653307501,2.0543495535073673,0.31329311474503174,2.9976939043181154,-0.9338205777905582,-1.279601367839213,-2.222150762955508,high,0
-0.9871759548599766,-1.225490582229553,1.12788365609104,3.6425079208837916,-0.7981480022086227,3.9293701499330567,-0.8967938003799792,2.8041070201306884,-1.8640042443207827,medium,1
-0.9362444090937311,4.332740601224311,-9.373873259343666,0.610629440103726,1.177987194169619,2.600310259968253,2.0903436487360345,-2.3943924114734276,-1.9227727367828487,very_high,0
0.8419148677703863,-2.7594726389287874,-0.6046165945034871,1.4608884016572259,2.5902328158933043,0.4732867104096068,0.7325646178676396,0.8935204064407841,-0.8932814956164045,high,1
0.84215376722603,2.639690403027007,-0.4895311003656264,-4.387109573851629,-0.3430523586236034,-2.0625101015152874,0.12382707976292781,3.5774416084641087,-2.3390665466264844,medium,1
0.24799916455603563,5.201113908180774,-9.35978551158562,0.8534502038367726,2.5833212959031098,0.8485660247272772,-0.14131453035556812,-2.4807414368764253,0.4196125634676193,very_high,0
-1.4878493782314663,-2.17818574053307,-0.5604315882684272,0.20141799370878632,2.220117008337733,1.833835925045986,2.1248772454801834,1.6150963427952143,-2.9251546659081624,medium,1
1.4903119443553483,0.8430344542315775,0.3859974782038969,0.3399710469134256,-0.02406425074018559,0.037491271444230145,1.7381334189490159,4.689396494625652,-4.135022008868759,low,1
-1.6534105610591865,-0.40240750782688983,-3.194319012182152,1.7305277578616978,1.903080084100285,1.254038779041542,0.5032514745275087,1.2265266370714747,-1.2513069240152968,very_high,1
-0.7121185354325132,2.2143553630119053,-5.164716441520872,2.4872292051771594,-0.42138376839123626,1.221394122597733,-0.5966444128949909,0.10359017944676197,-0.17921860831357117,very_high,1
-0.6570794376904858,-1.5047743887279177,-9.492835941297647,4.57088272255942,-0.9006783588385854,-1.6986527535154294,0.09444181951723862,-4.183342010408672,-5.120072873034744,medium,0
-0.496665725746102,2.261381953714425,-9.965633465744785,0.36131934020791645,3.119649194382612,1.744521239932634,1.8825155308161008,-1.480373853153047,-3.7056096492257113,very_high,0
1.311409195653995,0.5665680732629548,-3.605318641079762,3.782519313373024,2.4497315699467865,2.970665247492223,-0.20474802785647817,-1.3752983990053556,-0.6135149315932764,medium,1
-0.7600037772146541,2.1836318142654303,-8.316951320444735,0.43969410451778357,3.075506866398236,0.7354920622489347,-2.11370438994065,-0.07375726931841009,-4.777736680340694,high,0
-1.141963594486346,1.8606224453740234,-3.6532678882375955,5.149690241404878,-0.029347573320322118,3.3551726998558236,-0.2779404091538312,1.1862856111882407,-0.0402339575783246,very_high,1
-2.1614788733844423,2.612667817389792,-0.45366429553233817,-1.6968763477557336,-2.82184576936744,-3.270090013624478,-0.40758659458821744,1.5816189833093413,-1.3976302766303514,low,1
0.37847381665659086,-1.9689009303002343,-6.73447987224383,-0.6131570390755672,3.8598589658897993,-2.779689746843918,0.2779241949767729,-1.8774990917428098,-2.898781510611668,high,0
1.785967986571278,-0.7870904815664004,-2.3095632906763024,1.8127974880076139,1.822201349757726,1.2014734777554423,-0.760711654032859,1.166921620689947,-1.2386630684209148,high,1
-0.17651748671973108,-0.18673453687454034,-7.49540106628121,2.2436809025486717,-0.4633344431702391,-4.995615215204815,-1.9521391677594035,-1.1430473534086996,-1.784437839886733,high,0
-0.6337820957895927,2.5429978815360608,0.2075217974903153,-1.7103144996660173,-0.7325469619103118,-0.3882656345625275,0.665108055257701,2.3502746464055773,-1.9388530866876694,low,1
-0.273952221390286,2.1720560078304554,-8.007888264985167,0.6540504082448964,2.9652862650086136,0.6625872194256102,0.5737439605212308,-1.1729168122274594,-5.112204196550932,medium,0
-0.9727182813556399,-1.8907854095847425,2.7816246360607693,0.39169958117165105,-1.8372504941342234,-1.9239698037549102,-0.33907641029601115,1.667432078179523,-1.0901107572304094,low,1
-0.6151118311102411,2.461997801228165,-7.598096111832357,1.8959088200239678,0.9172518111090155,1.723863633649346,0.27575306862036825,-0.9825456243101965,-2.9340147072558027,very_high,0
0.3624245246135686,0.7519295719158083,-9.101973185225138,-0.7269632489202602,5.453535870746741,-1.8423730166274037,0.5435148412975676,-3.2648951120717946,-0.6354854371381289,very_high,0
1.8644997233874214,2.3881910381672173,-6.313990068418262,1.5874641443547512,0.35497683278618286,3.92000857884584,-0.29261751537977465,-1.6906208821795845,-1.9372466864399884,very_high,0
-1.1282490112117824,0.2781274798152469,-3.907609239204908,0.4747947083669115,0.22673580854378583,0.5192777760718337,1.40947630134635,2.130679875678439,-1.614912040689687,very_high,1
0.7238463732552615,-3.629086934808184,-4.596264044557283,3.0002084697482454,1.7637476964173973,-0.28992844176367427,-0.11555555386677474,-3.6590102901366715,-2.0913757455703785,medium,0
-0.2936370928932739,0.11819300180814563,2.342369335749297,-2.4841507384251407,-3.194107083125294,-3.5622401830638766,-0.961339583807264,0.9301578305056347,-0.849807635486167,low,1
-0.8718425324382421,0.5801418726179011,-7.512828125213965,3.344632709997925,0.4069990847895142,-2.6814150598021396,-0.6629942104848412,-2.5395886691021134,-1.3275190988884795,medium,0
-0.6052935711506668,-2.296869869164301,-4.587947134573426,2.0696132636293894,2.141075743500412,-0.7667002568183248,0.4921658293843124,-2.2619170079273263,-1.9853470171915808,medium,0
0.44387480089323533,-4.496141835702363,-1.6664936752646349,1.9953232257940798,0.058216555304012374,-1.9336703372162845,-1.0559227812035126,1.0586931749943227,-3.3487786882159813,medium,0
-0.2422086077943272,-6.06993359716074,3.3103163079962803,-1.5042953135873642,4.857887984304244,3.121551522234247,0.6615520914086099,3.9390266694966334,-6.232028771772183,medium,1
1.0114797140615046,2.4097936848799186,-5.756056166949637,-0.5785649209680164,1.4807112279320584,2.3172151258632754,0.9201377987979706,-1.3613884752583656,-3.3558518821691887,high,0
-0.343123712855293,-0.2862363525811362,-1.2954813680297184,-2.218412796416146,3.9336343779289855,0.08972840931961268,0.531354542704788,-0.052958760979345376,-2.0622032209718704,low,0
1.2070990456621775,1.5944976651404146,-7.877104086305591,0.8588973491143558,2.99672313468913,-0.29362916460074273,0.14747924562277734,-3.201974277270245,-1.9721477462913126,high,0
1.0523387088824974,2.464516691315579,-7.894019850332939,0.991992019476412,3.229509266695016,0.28961091951758466,-0.8960024549932483,-1.936443278599258,-2.5653948974818124,medium,0
1.2246352889322627,1.4378001041151223,-0.24436482818013672,-0.8843248383761996,-1.3826673897826933,-1.1232689569886447,2.571430744810432,1.3898715964093846,-2.7107524736160173,low,1
-1.2096691854144117,-1.7898429545490824,0.12184845341694883,4.356998103073674,1.9064611214395801,1.1365432536714029,0.8459479247693732,-0.16413474160634478,-0.8502052237601359,low,0
-0.2715207567240169,-1.0700723532188134,-4.916319932383969,3.0110024544634255,-0.40661564069099776,-3.509563542091147,0.8474082354216742,-0.37347241990488644,-1.5698363118396594,medium,0
0.5489043339794277,3.9418324425346247,-8.80797636738308,0.4264019681766511,1.1877403276756922,2.1297143466140125,-1.0001907279049642,-2.8472076158309383,-1.9907898075323958,very_high,0
0.09284781878620188,0.12217315105482451,-1.9002868207816022,-3.933035679335263,1.256087071035773,-1.8070059372145364,0.20612996823107396,2.6141666276176276,-2.7214015056323424,high,1
0.2607610446059979,-1.458355760532852,-1.1000874805305227,2.8905073997233837,0.5327892243507437,1.9889770342659858,-0.29753200602333324,-3.187712588973852,0.3982817725986638,medium,0
0.6578973936659169,-3.256862348217927,0.7654302388184835,2.524245226577613,2.0941671270214965,1.489040770370482,-0.05476669664888324,4.214188033426466,-1.9455521993766183,high,1
-0.32985580237331763,2.8974173304959443,-7.09849225672272,4.520868322535577,1.9307170300713892,1.9817912739624788,-0.21447824914392005,-3.363423183731216,1.442214536105748,high,1
1.2689959751427082,-2.6236769124497705,1.7515444563318447,2.6576276499024374,1.0169390912861844,3.715031546171165,0.28826835374229315,3.033146681888889,-3.139575665602891,medium,1
-1.4350924242019365,-3.5034247127681266,0.5766409349992556,0.5557475842239794,3.0201950758001033,1.037539358733413,-0.4631279537074855,2.283766758101238,-2.4439735800071714,medium,1
1.620572086231685,1.3214618667406137,-2.9148767259388686,2.751680760445049,1.5099548973331802,-0.35489561082707266,-0.19623490861274198,-3.3846240398634233,2.5459012411811752,low,0
1.7963597590524443,-1.2452135811588205,-0.1828022478560678,5.403011406481218,1.055998548556195,2.8232443525435906,1.5485164462992058,5.092487663385349,-0.7172507086591631,very_high,1
0.12826744021934217,-0.4733847199208807,-4.79250056525934,2.90523130659607,2.291049285359939,2.9099724909961693,0.22442652782080005,0.14944076899987158,-2.860096876361529,very_high,0
-1.4795752270191693,1.7284064234641117,0.16124242879857287,-1.2347652684814687,-1.1384414931669251,0.17408867746539336,-1.1219814222364228,0.8510160016985914,-2.171652842536135,low,1
-1.0727412675370482,0.05610599794430127,-2.635959832578602,1.6912757450691316,1.9856110638865445,3.4996417730654024,0.48790436685317257,0.933039529360407,-2.801077647337556,high,1
0.4652161576810996,-4.177069450001661,-3.0102055695947545,0.7239730122720291,4.265647019078014,0.33137258281588644,-0.6047170800623468,-3.1209180349626124,-0.9184025368612212,high,0
0.7805672808206302,-3.8512859974133384,-2.677748419673396,1.4573083196821977,2.5867203997455315,-1.2421371473618719,0.241707742598688,-2.087459572016932,-0.7831429538054797,high,0
-0.5678931744748102,-2.067871284530625,-0.8489581473616921,0.19331614338889214,1.8176880771009778,1.7471053665063392,-0.5117222158330763,0.5078442420144993,-2.7273940825934844,medium,1
-0.6109707908995221,-1.330061978706414,-6.278567284744883,1.5662293512420273,3.3503512251308183,-1.1683563538180093,1.2289338260170082,-2.6513346876199897,-0.8269554199063669,very_high,0
0.3319005000617389,3.682351380802781,-1.8468196016736003,-1.8688528968113614,-4.234985085634577,-5.247887803321291,-1.5451601954516447,-0.6931709725884765,0.8769802111479528,low,1
-0.8604316593370329,-3.106056860054262,0.5337687585452144,-1.2162181083122106,0.003092761339359207,0.7891479257270153,0.1232548040912355,-3.9997702763377045,-1.597969255761276,low,1
0.46791592567278406,2.5415871200224984,-8.243176896622506,0.81793374881372,2.659218815149753,2.003089989126918,-1.372815033794736,0.597885500390748,-5.458779880889794,high,0
-1.3413581845242164,-2.1423466253967898,1.7126824564510157,3.359436578571293,-0.20657442515569957,3.6744602777077984,-2.091941672576983,2.5565888730723128,-1.9070398257984966,medium,1
-0.26207546754927613,2.33490077273345,-6.712001808271628,2.16649510869202,2.5264771552394465,1.267672036643189,0.7236928854609024,0.30446609694780213,-4.214089311195961,medium,0
1.0915608419868654,-2.730095583254789,-0.686693984168568,0.6098298903920185,1.537994355481604,-2.944565509586267,0.06973370216387892,0.7552335628035431,1.0029419431642659,high,0
-0.17775632635941496,-0.9136151092310617,-4.028200781147972,-1.5423820125361056,1.6899671731172636,-1.8780830317689066,0.814395029478854,-0.4421271786105383,-0.6365981207779163,very_high,1
0.17438762900768426,-3.0613623028222205,-3.103853061784934,-0.013498340572436929,4.43497337105322,-0.5540097455939039,0.03799210646820915,-1.0532901813385813,-0.9363725471039401,high,0
0.6618617183910563,-0.8900600344807786,-3.024546115183347,-0.5119918028290893,1.9927798429751251,0.7517162640439214,0.9523201417650637,2.116304450428197,-2.912200658798598,very_high,1
0.995942022743847,0.4528496994705993,1.5174463948513481,-1.7612591365052346,-2.331547998290101,-1.6668466619108573,0.21609184611595547,-0.7052993547653579,0.18873465872994077,low,1
1.6335138558176272,1.3800347417508272,2.762176538392503,-3.327872844802817,-2.648413395560058,-2.9465554384521715,0.9405598840152535,3.312241764385447,-1.5114473262288388,low,1
0.6327593090664109,0.4192741910326696,1.401350467747944,-0.7284407719870882,-1.058430176507217,-1.0247472921030818,-0.6801832219108873,2.2331753130019583,-1.4210995889418034,low,1
0.5854957930502042,0.9233375266182535,2.4237524209810446,-0.4158958187325603,-1.8041096048959435,-0.943576723988492,2.1726809240189207,2.6349700619969023,-1.9337542080477634,low,1
-1.0531930946629688,2.53121080851676,0.7432656586022584,-1.577828058316048,-3.5199773765564712,-3.3702199304028717,-0.35384268066007957,2.179826503081904,-1.8605952621057629,low,1
0.35310077599002176,-1.3685012170712167,-0.31131865266649017,1.1952259564291232,-0.5934369274045441,2.1977271040272655,0.6500266979775837,2.5047289101692236,-2.426468774700055,high,1
0.2456024623268997,-3.9097988183088725,-4.459389319495261,2.8156490094611906,1.04188169410695,-1.689468090049008,0.12553553799054967,-2.530862615348246,-2.003251704940351,high,0
-0.6873171430399312,-0.9605221587682535,-1.8050603126160985,1.2071008590407895,0.4351641784049145,-0.036064807332895965,-0.10723167131284693,1.6030688966700466,-3.4030515641397354,medium,1
-0.017218478234996764,2.2534076646827237,-0.7047792886856739,-1.8991854432488386,-2.5182193502210755,-3.017843212635296,0.9784554043125812,2.1208060807323315,-2.0603075213543303,low,1
1.1470698803530424,-3.401870873489152,-2.4489884235579393,2.507089202040734,1.3802531021090911,0.13319121834293646,0.6809973368067792,-1.6181352512876341,-1.8884426026472578,medium,0
-1.048581312141853,0.23889381624449757,-5.014821564055406,3.410133958987957,1.5753590274276954,1.7732449967212418,0.255777564285272,-3.043819028311611,-0.6962029253964939,medium,0
0.06451392756161024,-0.44736498087956633,-8.170047481288188,2.7341795774308517,-0.22991714738653868,-2.6344417348543603,0.07718651081578795,-1.4096381797314426,-4.450910428833995,high,0
0.8204752550604196,3.1494794907607764,-2.336962296531927,-3.0724919334555105,-2.957598607579139,-3.7460932031668315,-0.9466352402240935,0.23450262568690539,-1.3563787360423616,low,1
-0.2931927554030441,2.1129236717599493,-1.3909290996539894,-1.6870443623982787,-0.7527814458102482,-1.1889247730869013,-0.3431427868297869,2.4759233602541553,-2.8311056898851747,low,1
-1.2011131471849146,-2.303137271960105,-7.327402720645467,4.0152223788599715,0.8523461414121639,-2.5436180023731487,0.07541953083541181,-2.745502346148192,-1.508013084738172,very_high,0
-0.2363258861348524,-1.16350110107554,-5.851042571271519,1.3835129872296283,2.34437520005208,-1.7040857983149,0.19809920835803996,-1.537944965667834,-1.0847772117537264,very_high,0
0.5901203692210223,-1.6930598589508572,-2.0906874355675518,1.5196946637199402,1.4994489179898574,1.872229779674281,-1.8189666777081364,-1.2331951892282522,-4.4947249431740435,low,0
1.6361122418152751,1.6430832353784204,-3.9153228227304906,1.770136099106155,3.5792122339072883,0.6205942542963738,0.3293356628720912,-0.0028797032760616847,-3.6025752955963215,low,0
2.319007934236499,0.27695118790576134,-5.307198631930742,3.588838681408694,0.5388329552615221,4.416228433277688,-0.979295716533089,-1.3813344069161928,-1.641293896994456,very_high,0
-1.2482924191418714,-2.0477081293259363,3.3771179506301316,4.963956142831773,-2.370390394889892,5.179163568081865,0.25795585135353827,0.7309164806621711,-1.7589133190357902,low,1
-0.041937830814553545,1.6009424147759888,-6.711905244901969,-0.615458707771279,2.6345925003844304,0.1544634096319708,-1.4683880988634814,1.2270959940914128,-2.243630235981927,very_high,1
0.22445450364200248,1.1699251654759981,-3.6540004877363623,2.5762537987614524,0.37384621194799794,1.9090419182607086,-0.6562945180863302,-1.6881537435220004,-0.16118561121251473,high,1
0.1371090596042864,1.4391860227944855,-1.5250724919920082,-2.6119362280299714,-0.6856289498782113,-1.6253591676940835,0.3338684994414905,2.4685880001771108,-3.487900467047374,medium,1
-0.31611616647722734,-1.91861760900648,-0.7321000961875723,1.4133020558661273,0.6006492683739653,-0.11238922224294878,0.0419048347158598,1.7783286499546884,-0.35291670358552296,very_high,1
1.2373577964272693,-2.3104242812804805,-6.965511095818464,0.3268942694929211,4.523126302277358,0.8571284532644514,1.8224128551242806,-2.9669228405122405,-3.972779627861784,high,0
-1.8027383537207193,-3.459261315742156,-6.613746379688096,2.9495679390473217,0.48749436349185804,-2.041836747961689,0.7444319414317481,-2.28205622323841,-3.8407066036439277,high,0
1.578563907516695,2.214024526331669,0.6826419180740098,-2.22484529046873,-1.350683440551801,-1.3163271974454562,0.8240618125291201,2.9494139047648544,-3.2266433488105335,low,1
-1.4632768120857624,0.2132878637684028,1.5928667633441635,-0.014144857273985512,-2.0847800714948477,-1.356895357518324,-2.195745460299462,-0.38494896729298644,-0.4646513810508861,low,1
-0.7558922375530494,0.02185209626154716,-3.7948688571409717,0.2153593701301142,-0.15842667058473525,-0.03170083113438893,-0.903984169903681,1.806893784013042,-1.4504315311362281,very_high,1
-0.3866149686112966,-1.7147204401345548,-3.396119719153447,0.9438634005786651,0.8913465425183145,-2.3770859700696363,0.3760306635956959,-0.6087444042686878,-1.9971789574278727,medium,0
0.6662596840965631,-1.7518524770206048,-2.9705062715370367,-0.5285386128721343,2.9753516496433177,-3.147486988250702,2.3609596829606656,0.9106408182561145,-0.06345626763726075,very_high,0
1.3608142278061757,1.5395812729871343,-7.80995169814609,2.412380985926274,2.8569330657824716,2.0850084936111335,0.02841773004787723,-0.7269663113470799,-2.8821708381932307,very_high,0
0.005928747477721646,2.7128018206201294,-7.796348654885876,2.2173152873384523,2.8920385881074107,1.2669505870319466,-0.34843900520717486,-2.9586537365154446,0.645153917716591,very_high,0
-0.9070821787897877,-0.18588149426175526,-0.9357424522339989,-1.4208053783183698,-0.6544008196133613,-1.6730168256814413,-1.3044058613934073,0.9282589826247719,-1.78517369191034,medium,1
-0.8761317618191464,-0.8884821785514985,-3.3467375844962186,1.053361125092667,1.8443233430615116,-0.1093139606340019,1.0270303834640657,-0.7586494220989815,-0.7350870003390191,high,1
1.2175763113577247,-0.1831422527764015,-0.6707036816263384,5.60623842325818,0.2529840488741677,3.7235762272342616,0.5109614574513272,4.7103166128970475,-0.9409322799935326,very_high,1
1.0692845501673507,0.08893206074714999,2.3483369626246433,-1.2376001658315583,-1.4383165701388443,-0.6385995584880175,-1.2412180240230364,1.1254474840158957,-1.3319738591586752,low,1
-2.0413282315401866,-1.1488941495401563,-1.4251667393263934,4.5705905094972135,0.6518609282176797,3.685962844734769,0.44498600340065014,-1.6122562074561326,0.6554135545939805,high,0
-0.27471354032255,-0.20256296812777763,-2.1571758688541487,2.6546715507536134,-0.9012106162093574,1.157233484424061,0.10176274791598686,-0.8311558460709179,0.23652203476097688,high,1
-0.2818785284450535,3.266658570588816,0.006385605990982812,-3.734971731074829,-1.6218539199631448,-1.5307722577175218,-0.8712474741467668,2.436725810987153,-3.073105639938017,low,1
0.18873039943822895,2.33880851631423,-6.090312496844677,1.1307907312161425,1.6211141802782518,0.8991063189727272,-1.8010361823545997,-2.7359837805042506,-1.2578477975897575,medium,0
0.6706601312111479,-1.756655261184613,-7.337708084119344,2.570472429254152,3.220268255894385,-1.2582665721098765,-0.3906816931192506,-3.9432983096330867,-1.2413450111962856,high,0
-1.7847053750769981,-4.090159135549864,1.565023131101905,0.8295838878360619,2.155126341896325,1.144992581537481,-1.9625334827129568,0.8860130417547089,-1.8243620715758557,medium,1
0.7743804779095982,0.5499577969067337,-4.073276783927374,-0.8844141144163442,2.074902295495256,-1.5009784055356228,0.6684530096988663,0.3068795106654061,-2.272039739225187,medium,0
-1.9671064574613675,2.0369128697744547,-6.716431099986759,1.809889736375351,1.7297973932215707,2.5241319806631695,0.20321836616134548,-1.1074120090225077,-2.393044429401767,very_high,0
-0.6863731592055874,-0.6747881279916867,-1.8223922259048706,2.6138681914170703,1.1463217079587362,2.2545708071117545,0.06683244153640641,1.8832019968938798,-1.5222619893216351,high,1
0.11424491483802555,-3.594745139838949,-2.286547267030795,2.938614425210769,-0.7496157198190565,-2.940311330325347,0.31346500140986183,0.7390364099386966,-1.0281437869803907,high,0
1.7574899336177816,-5.083479312623964,2.4477156271774083,4.678745814828037,-1.196028381657147,0.4899911202655034,-0.4075654160263839,-0.6207957202635654,0.4473949842756302,medium,0
-0.4994241457319339,-0.9265466228104889,-11.565947815876672,-0.21559300916823587,3.5603029399725443,-2.290113182425581,1.0351576823628528,-4.196300675463052,-5.577770481311147,very_high,0
1.0190231174460738,-2.252848481974609,-5.25734602143082,1.5039776788213632,1.4276516210653987,-2.629334801180356,0.014029941727769285,-1.1113053657032346,-3.106716537922377,medium,0
-0.7575183961901992,1.3406713444500644,0.43558571245493094,-1.2431450853556494,-2.3594355604720825,-3.0247160361952266,0.7083923459766299,3.0552821829842114,-2.515719577911411,low,1
0.12202991816909306,3.2684672077200103,-1.815218263903413,-3.9851022070302164,-1.6495811079850533,-2.418783711918645,0.7863436506503719,1.1586992623446726,-1.8975699063662315,medium,1
-0.5591855420076784,0.002104772377884423,-5.326056230981748,0.9585097617862016,1.080347559726179,-2.4189785075492605,-1.6767190345192453,-1.3493695031179822,-2.547112427367951,medium,0
0.47502661455496215,0.6257415519998084,-0.48950708910193236,-2.187518915530013,-0.13680388916937858,-2.3548455491828797,1.4838337799736498,4.52913026719569,-3.4022058353621016,medium,1
0.49615005564085246,1.1401836896654216,1.3763174498475277,-1.9232540015652926,-2.0168331640508583,-2.522922852391612,-1.0635829667306498,2.555719849017067,-1.2833528166966546,low,1
1.7514121982235304,-1.7203631160980302,-1.7244627273561162,1.7696957527924126,2.670258664069513,1.6813201202852277,-2.3355051966344944,1.9206476344863792,-1.9775285653774093,high,1
-0.4631168039539486,1.5923802695694647,0.627326901595927,-0.5757010565476601,-0.8672637639938492,0.4762895401465215,0.8572605869118105,1.8632840920601799,-2.5086088919113325,low,1
-0.573622533315011,-0.6804524605179547,-3.028802485178643,0.151623987974004,4.332265230825151,-0.32869869900186854,0.5315143513653602,-0.42048071791511976,-0.1294505925846714,high,0
-0.8721492395392422,-0.9410001376063172,-10.553997547020629,0.3863190366709732,1.4137914367893405,-5.508769944221603,0.10327828604094538,-2.9472034655770285,-3.6204235497551744,very_high,0
0.2611775464333317,-0.2018775818628662,2.785847556235374,-0.5362547659856067,-1.9771043981859138,-0.470871981136459,2.438550473075926,1.2751957108143466,-1.9847264823831505,low,1
1.0812867926604532,-1.8141602405677186,-2.4352621000415637,-1.6426348498989645,2.8871678810186765,0.5921413758316552,1.524384569536486,1.3207362477544,-3.205727580152403,very_high,1
0.5517465548693008,-1.6155970981988972,-8.361597494610328,1.580616585568663,3.297111322356292,-1.1419491822792933,-0.2790601462172098,-3.6777847644300468,-2.569817497598496,very_high,0
-0.09511937845410869,-4.712509604100262,-1.4837801441965874,3.7007231175123527,0.4475897872373842,1.056470158650369,0.0029217424676337258,-2.0115524252529524,-2.6991731796862437,medium,0
-1.9180806648246593,0.6615910437426733,-6.483400667243298,2.5277112673716933,3.244577026008378,1.145236291968017,-0.26059982862726117,0.10919199946235181,-2.9038771540817243,high,0
-0.24368922294177786,-0.3182017042679146,-5.55599446620497,2.141775944171104,1.732305999376272,1.708430167974356,0.14576618029373947,-2.7639632203586144,-1.3897513012910616,high,0
-0.6153329456491483,-0.784483387598166,-5.32270106801791,4.300193665377573,2.8710565204492617,2.7902948203479117,0.00022894185296255874,-0.11479370804589406,-1.9299062162730842,very_high,0
1.0697443281977426,-2.3669894789115196,0.5213666048706935,0.28545316501810203,2.524093109897698,-1.2826282243164715,-1.0241387437841953,1.1183495198342068,1.2621309092081268,high,0
0.8321929081361997,1.8652026787731832,-4.94747831179779,0.9552448468937973,0.25174714286877764,1.523694248068613,1.031782025643939,-3.622875151177994,-0.8145678515194036,medium,0
0.5563653889746749,-2.513773885878123,-2.091773743265574,1.1109972985956134,3.3822548639704944,-1.3823582750062375,-0.22654826624496904,2.478185534735281,-0.13004213953693466,very_high,1
-0.6679832757331143,-5.1123870551973365,1.59649604480811,3.4247324834368955,-0.5774863447797165,-0.44147155866147614,-0.3537837393876565,-0.6373948824979507,-1.716952459094969,low,0
0.8122213110878965,-1.5163424356638493,-0.7276999379659823,3.825825575379479,2.2495265665069057,2.6399739502249098,-2.0387412387188544,0.48098087964578884,-0.5519779496078356,medium,1
-1.3403478079208984,-2.1886625557803154,-6.049175905396833,3.643503871700829,-0.17320439045438785,-2.797284511640494,1.1525872435871005,-1.6734227406357303,-1.8892688020394253,high,0
1.1384642577324053,-4.195551994180747,3.7970917355042557,3.153780314663717,1.2021839667652852,4.012572288124713,-1.0528081132517997,3.0595104903920882,-2.6454212830494797,medium,1
0.84530498055513,0.9451421567506675,-5.595888651173233,3.4999483215001286,1.9628679875530357,1.7759964177499543,0.8444036299568526,-1.7201079638845815,-0.34285619484483476,high,0
0.49661907127921867,-2.855566657675941,0.37524670485522393,2.9395689100528277,-1.3320495581104763,-1.200986657825176,0.8556958401031274,1.052275101240874,-1.777123713098573,low,0
0.7826500463496351,2.388042359810914,-6.960604647049904,2.141725585079292,2.495634923342268,0.860835464668473,-0.8192709722322274,2.3297487535741612,-0.7573306235890169,very_high,1
-0.4270741405353049,-2.1819687888329784,-2.899598825631714,1.3903192187726399,5.265380758285015,-0.07777983774911501,-1.4088673348266743,-0.008911401017768661,-0.5289514576799417,high,1
1.0354254344131117,0.14794537473293556,-2.3023446143185793,2.6388553390644143,1.2388452335009603,2.171674135882359,-2.1433925123942967,-2.4631839430495557,1.12503813179535,medium,0
0.26846335111596054,-2.1899428277624007,-2.030961339948818,-0.36021519017128223,5.16183665267574,-0.5554064795417584,0.9980881914977885,-1.5638174393021396,0.7767735629385826,high,0
-0.8693823651898779,-1.6065963857724395,-9.789320618128492,2.849322526666113,1.4446799456479826,-3.2404268532721527,1.4070848335224349,-4.731403951426431,-1.6596355966850198,very_high,0
-1.0730589191132758,0.4656119161133916,-3.676342541189323,3.109805654563833,0.9592217686912685,3.4970493416070183,1.4261991603193342,-1.6461974607363117,0.35100143426860453,very_high,0
-2.25471678523511,-2.9744284877906666,1.867420039385609,4.693169700938858,3.372993357338716,5.063538970892868,0.16912682308534108,1.8454054600577392,-2.183560875392604,low,1
0.9669101594052725,-3.277779943319721,-2.182926808348225,-0.016994698176274747,4.867888603648931,-0.7348648124541695,-0.4299582716927317,1.3545563337286253,-1.609230490089969,very_high,1
-0.566147544620819,-0.38657977463587234,1.3500352957373605,-0.9673612441691094,-0.7763577509357857,-0.3456268088448644,-1.0489410614423802,0.5635112781243259,-1.0717940545215479,low,1
-0.587269242770945,-4.2679480452970955,2.160164617056529,0.7270385865035685,2.8751165694963357,3.426279137028776,-0.16169460705138566,3.5522715771158637,-4.432527371416658,medium,1
-0.02787534671063907,-0.547563375738028,-1.9267183132055363,-0.5296352993150772,3.2260069267110234,-1.355922533068932,0.874416147982732,0.25334609309802825,-0.5636593730343498,medium,0
0.7029026863029121,3.1483828292300196,-1.8430422814257952,-5.062647524732769,-2.098244391629721,-4.388825344667851,-1.0255409596240397,2.1789037102696285,-1.7819230260101775,medium,1
0.2508661136981678,0.9617590553064989,1.245678990953755,-0.06806877032755398,-2.08873968563998,-0.7879363370052248,0.8229577977676078,1.5784822707847257,-3.0329297850487347,low,1
0.540184472023849,-1.2164419276993979,-1.802793216030508,1.9875066729218707,1.7622263409304841,1.34200402409865,-0.4224044618969472,3.1545854554668598,-1.550602171402168,very_high,1
0.6252338684670721,0.1150539966727806,-0.27076423822903684,-1.0337536781660637,-1.1991014264848068,-2.545128774459477,0.6767172473503257,1.2930373453570696,-1.285980420752113,low,1
-0.2902271976252409,1.7141126852684359,-8.23151596425781,2.0798035782510684,1.0433195992219375,4.060978035121069,-0.7086402276059957,-2.0165658224362297,-1.8189338291862964,very_high,0
1.1742372194070827,-0.3469864140551919,-4.569163413651945,1.1701096405366522,3.46486153658112,-0.17890394546735222,2.213410175627911,2.314408899764265,-1.025959547268431,very_high,1
-0.17143526147808016,-3.8359938762833963,3.586885364269347,5.007325363675839,2.1205722690582323,4.511791933615093,0.3393470113865225,2.941292333112669,-1.7619530132073704,low,1
-1.438486371582259,-1.738210951545549,-1.1394327411166385,1.0114656786543583,0.7861549252509099,1.5013932350420218,-0.5814328665423281,0.6036499848350063,-2.2338122255557114,high,1
1.2322574823784276,1.9319941330658743,-6.33695474850226,2.699693514419844,2.056349957705762,2.423648454079726,1.2080194378740057,-0.34058893631822995,-2.8634418381176046,high,0
-1.5929983406041293,4.2724280775307255,-2.5581345650235487,-4.900183565887101,-0.3176689828942316,-3.3290666292708027,-0.42792828930147525,4.464518808252409,-2.7895959055441595,medium,1
0.9643627303617802,-2.3252714402845465,0.5207734162377531,0.910255695626057,1.5537283656263432,4.133972813317071,-2.4496198742555952,1.2150247569015642,-4.101365723869456,medium,1
-0.24866095724590512,3.3823897847823643,-10.825038447678526,1.0030366516529883,3.832655181618229,0.7039247988274211,-0.6187921028957915,-1.2052611872835084,-3.938192658878336,very_high,0
0.07809232737724396,-1.3070705186621807,-7.510355872725708,2.115877759124156,1.9914384408807273,-1.598157417034413,2.2408392743064516,-3.450473023912866,-2.8879886296554647,medium,0
-1.3473149415483618,0.49067812363052843,-4.834902301159894,2.5274232728478725,1.5707931316372519,2.346012856568739,-0.3341434961375466,-2.613756684245889,-0.4131942808133484,high,0
-1.5063804150608247,-2.397080638663298,-0.053106041530163295,-0.12690003518364557,0.42317221004559724,1.7801132399315038,1.2821751596170599,0.38493372734251596,-2.8867082010596117,medium,1
0.0009704008253194354,3.8836307611267173,-10.554688037675174,0.3015068583860314,2.0650581657353975,2.087485684490129,-1.6039392364907332,-1.9481980822685798,-2.9139772292720116,very_high,0
-0.5933162345769438,2.2829966769385432,-7.767994375805376,2.67909898199163,3.508979635046404,-1.1374051788674422,0.44970228289576386,-1.01457583002211,-2.7362179390647183,medium,0
0.8967824305589379,0.5287436780063823,0.6924886372295391,-1.7649836532031382,-1.3925810936097445,-1.7868145210802384,0.3032487271273045,1.7875216859504381,-1.892514636048566,low,0
0.1475424064312364,0.9749848857259171,-6.850739127050529,2.866954567904318,2.5224963993831824,0.540105163517006,0.8361729264676457,-1.7745601122454568,-2.0522352900298344,high,0
1.0974306088410382,0.5339851676152487,-5.524021373358303,2.1875139784001116,-0.1303987047584254,4.611282641145746,-1.0985676653813934,-2.9444461749391038,-0.6948322293643185,very_high,0
-1.887936941591471,1.1578255625789264,-0.4605191753997294,0.4340330605046103,-0.7257913506825928,-0.1792644423112455,-1.0127791539205346,2.224304402707259,-3.322268055110711,low,1
-0.2706370682635445,-1.8586573657036003,-2.015182689335494,1.559726032158164,3.7486866825443412,0.9341659758731963,1.1002858290825157,2.545577463325683,-1.463723591469666,very_high,1
-0.7656989702282954,-1.4202306280222958,-7.101368557860436,2.0107279427840554,2.7195763027624,-0.6548890673575976,0.01298919390171344,-2.956007789288905,-3.2124630228863458,high,0
-1.238286934985373,-1.6585684675144456,0.4295432118468888,3.3851057078236897,0.37612508504213316,2.487359998660204,-0.46135198258649324,1.7814388171476194,-0.9467602642946927,medium,1
2.4896282603863895,1.5746535441656018,1.9920389914233794,-2.3852787406448965,-1.816861829406754,-1.6778296315983319,0.3026622599332816,3.188913161937483,-1.8049750099068154,low,1
1.3157934127196012,-2.9765259499287424,1.1293979101912388,-0.24481763068071172,-0.48481930936664885,1.4741118411069094,-0.9014302007729936,0.8303599200592556,-2.751728322219549,medium,1
-1.4251709791337108,-1.0836613331206046,0.011097190418840414,3.4314994663959126,-0.8638541872983769,2.644911009997359,-0.18036924325855203,0.024368894213766534,-0.5411909321145705,medium,1
-0.5904488657757595,-0.07367298927332988,-0.2945621372784354,-0.6856771233825916,-0.8852007884283741,-2.072042992568089,0.48897774271333844,2.4073706761817815,-2.033330182817738,medium,1
0.755343217618783,1.898674657845495,-0.4684744378301575,1.8530409364618639,-2.2362674201086365,-0.4932600598284951,0.5282535993424055,0.7676474335332077,-1.5828542552806975,low,1
0.39959332968787453,-1.3234887185154103,0.2196796030833217,0.07316559817872159,0.15932877253374134,-0.19787460391544176,-2.0994144966727784,1.625735492299163,-2.3576559645165966,medium,1
1.4203550116833987,3.6928118044229277,-7.457502530010968,0.36433696700629215,2.423701329146129,-0.2753426228988427,0.6085825568283922,-3.0369650286851124,-1.4846539439757005,medium,0
0.024218367019116872,1.376104482664069,2.894069855319204,-0.21625813762083212,-2.04803284401345,0.039239445315279786,-1.630438153566735,1.7109335885149968,-1.8597152516199646,low,1
1.3362272496246066,3.1788628762377424,-2.6823560032638136,2.6954701641114593,-1.1760742655877554,4.326117834580041,0.22079668694470045,-1.2043549053514728,1.1616650640907353,high,0
0.13292470170889864,-2.8997435100638596,-5.218620439765724,3.8752780001369755,-1.185260034683388,-3.96441814181889,-0.7174929913049046,-1.269137067600552,-1.8443177441444993,high,0
0.8734756560804714,-1.540804855539664,0.0019832761387786058,3.463387493061898,0.7627863036977733,3.050319220870351,-1.0590834203418757,1.8897396850436017,-1.5858864291672292,medium,1
-2.2749152891201536,5.7573921892400515,1.4436228723220907,-5.331330693898313,-3.690647398573356,-3.4628850511269693,0.8467833481950757,2.6756088896102237,-0.6873641984304926,low,1
-0.395114402615243,-0.10544615347006858,-3.352185575144069,3.4729138314167267,2.919327920721036,1.7969691850675558,0.6995280044302882,2.0384969754549926,-0.531113113257059,very_high,1
0.7844695175240562,1.0929319487907638,2.522606089066228,-4.737342097821939,-0.8171073090421292,-0.7979429397567008,0.17052514739614677,1.6212555328210674,-1.7022669425432027,low,1
-0.4852006420821393,-3.5525343142069543,2.3720300699640955,1.8877785853285316,2.3068234988201435,4.325172492776491,0.4556986645997662,1.4799128569749924,-3.5971733371073613,low,1
-0.03015043428966333,-1.6981155185446073,-9.812877634658268,0.7147137754678541,2.051929218133148,-2.381256009114861,-0.7761734042562011,-3.938572513797671,-5.922227841786598,medium,0
-0.17730714919332297,2.5326360077589363,-1.985094984002952,-2.1709236773433718,-2.151302854252139,-3.104694765564612,-1.0859014793604784,1.9260735561358078,-2.3384811242930947,low,1
-1.4092575076101208,-6.280273380442906,2.3657647469804046,3.9951758795574044,-0.15434656942010516,-0.622643050239017,0.44816187063076707,1.3232383726107122,-0.08466269750003619,high,0
0.3323394028343585,-2.5297222190278257,0.2149428616543858,3.313049854399439,2.4019310483208622,2.248374418502672,0.9869916824665322,0.28127168253369716,-0.7846482821161223,medium,1
0.3033015184149609,1.3910822740381104,0.7960331661509916,-2.5260072750709273,0.11785006163212519,-0.8472108269629366,1.0399224875719943,3.8780074323638294,-3.019315695887705,low,1
-2.385202237126447,1.5095890542125527,-4.534607070180411,0.45402164272087453,-0.04631099138720174,-2.5801410246016134,0.2093354062588101,3.9862239548429894,-4.241321468779098,medium,1
0.7258123344200709,-0.24457259832870104,-13.583261556510312,1.35223679133864,1.5478652409106008,-5.580249251906785,0.18105296854405653,-4.517525655617981,-3.975466107583495,very_high,0
-2.1829752864510104,2.436863433206975,-6.305429045954829,2.0888035883345983,1.3667026034914156,2.3789562401442614,-0.677735582877834,-1.2784113998796909,-0.7032135621454707,very_high,0
1.6364841856331978,1.6357069065362642,-6.673816852290238,1.288973560789321,3.2186087307449216,1.6929009122709298,-0.6296558983397632,-1.3241083033625307,-2.72859164684772,high,0
0.08525755600147424,-2.7268474556847133,-9.152595864594403,2.065249801943106,1.660907165285215,-3.0972617097458093,-0.20186294743294458,-3.039983951328872,-4.136642047802312,very_high,0
-0.06107581452163294,0.0317685776719312,0.019602590661555563,-2.44424093211987,0.3017532419791358,-0.6083620561327299,-0.13181652107794706,1.87236760322955,-2.5442485151997696,medium,1
1.9661042405839342,-3.1928853424872026,0.009923615591299395,-3.239644834862519,0.6853963601213977,0.16059320574799596,1.1463936755391384,0.7766639962536488,-3.8750613404159697,high,1
-1.3014747434858014,-2.608641738140903,-0.6129930630732819,-0.6112064862845881,2.2967222371752327,1.43609659480696,0.5342493441352858,4.266570343991624,-3.9204440450130766,very_high,1
0.6805628429374944,-0.4330350885706453,-1.9616256268115726,0.35695546653501364,-1.6716164636515056,0.9399158811944828,0.5438032232649247,-3.4936862781780196,-0.7918258158651781,medium,1
-1.245137677753266,1.4779525465353893,-0.281242187372739,-2.9279192460470522,-0.9889028221713835,-2.081114416909053,-0.0876293619715892,2.3151374605951194,-2.139551432956332,low,1
0.6653944980157489,2.0962266384823174,-6.035223362851678,3.3762969491382715,1.613698717711316,2.3612267120716197,0.4639340419875874,-0.7655649256190418,-1.1010257047174679,high,0
0.03713041324963083,6.129873304967304,-6.003417045295237,-1.8484928885895662,-4.065321612134615,-5.713184409894261,-0.9711555309755305,0.1755705912437937,-0.7591158430187128,medium,1
0.8290888524144562,-1.6713350061994072,-7.509068296810884,3.609562119409268,1.977639482634076,-1.2087283956584807,-0.40068400063983745,-3.689158650896728,-0.45661287169656095,very_high,0
-1.244181215710196,1.8366490845535917,-6.358023033414318,1.8208646998635962,1.9509948256186904,2.2568873099726066,-0.28755980642401313,-1.7264675923170758,-2.2328685566786444,high,0
0.29232296042073364,1.066426032935738,1.1733339747877007,-2.1652323689143813,-2.534060857524109,-2.251120862602533,0.42035731077765043,1.7225597381502062,-2.271363852098473,low,1
-1.3715733801613363,1.6717769762129326,-0.4424357861857263,-3.7207158165806256,-1.66128790182208,-2.615088351127837,-0.14535104791259387,1.7071726646134866,-2.456509675127348,low,1
-0.9940612421963805,2.1171712651036367,-2.661439412376892,-3.4317513132522484,-1.9045865297547642,-4.286943352581319,-1.210199845592746,1.0741704423332339,-1.4665803947947196,medium,1
0.11933277445028381,1.5492672040939948,-10.750640681548207,3.1725284393816864,0.8960606318451635,-0.8302939947457209,-0.3305328600876741,-4.038169959034555,-3.388797985402318,high,0
-0.19959393541108866,-3.8832916834395386,-5.396627836295443,1.4719471210974095,2.5442197207111925,-2.2243078002802377,1.5108704077340425,-2.676073261914192,-1.9105981418300442,high,0
2.132563088626809,-1.6341143525401085,-1.446452280978562,3.142222524963552,3.2390532785106925,3.0243471108049063,0.11236054167956992,1.2869508314056963,-2.145415027126302,medium,1
0.6554822739110695,2.4532708313695943,-0.49573003634766816,-2.216081696173189,-2.0103503764019393,-2.8872212935256174,0.1902017047786202,3.2368062470245818,-2.483665246996106,low,1
0.3693163002122829,-3.127187209831054,-2.009444459508196,2.0156429731245775,-0.2707787296753461,-1.20482114385503,0.3581884989204937,0.8897701269811995,-3.679049274614981,medium,1
-0.7448544826961729,-0.24234502011976766,2.8033198817975906,-2.334527901403203,-1.402646455276627,-1.2667273802001358,-0.53981005619581,1.7037576499017382,-1.883783545797672,low,1
0.20532106755400403,-0.44572989430719767,-4.684266457348726,0.02952615340130782,2.941546679743317,-0.1022359119745948,-0.5380491494949856,-0.4821190522365708,-1.3130452234744574,very_high,1
-0.33483123717575786,-1.660249338013028,-3.0146406656809694,-1.015865756290254,4.341897670808554,0.9164166908825273,-0.3220191498630588,3.31674570750687,-3.7267895867592307,very_high,1
0.49126016854116084,0.5867120461454767,-3.415244140826732,1.798280223167827,1.159626708205733,1.122132320410284,-0.7063749237925362,-1.705535033494123,-2.1775934016226497,low,0
0.0045681980722780185,-0.44620715962334945,-5.561032273982997,2.072343920647857,2.864443456688063,-0.3470715144119325,-0.3977063111394427,-3.4448525708742315,-1.2293158410523168,medium,0
-0.6713358712403146,2.668778939414418,2.417725077536012,-0.8366676406833656,-3.7450495582190597,-1.6345786256065344,-0.1683452984795869,0.008266427417545241,-0.22557494213243934,low,1
-0.5989383049973993,-5.117194547755003,4.56912087593261,2.2772208989948246,1.123560276139552,4.080830929154275,-0.44956212908706356,0.12152502581396041,-2.7025383561334047,low,0
-0.6331585532131532,-1.4075578785272216,-3.2024999091185204,2.4777631949705334,-1.6410434815075134,-3.702620204655931,-1.2835986436536517,1.997939431943337,-3.179871083015854,medium,0
0.0742209481288052,-0.8151434140283931,-9.0377696011746,2.729589135870597,2.36409365083257,-1.695897086772401,0.41990475361092894,-5.0521498455367135,-2.292413675463743,high,0
0.7545823969062868,0.40702418919159067,2.0325968498098543,0.6098670472343473,-1.9794736225208343,-0.4366970330496833,0.16847861656047652,1.6029345100503904,-2.0375905412090907,low,1
0.2890821861814961,-0.760438291068567,-0.7284532775619426,2.103451340332802,-1.2357903344537806,1.5308018446002989,-0.35854763411402907,2.189144814961024,-1.1472697619433316,very_high,1
0.5631787896796314,2.54189971096768,-4.525409388711667,2.0231173159679248,-0.04356713442848892,3.893464607757589,-0.634827360376867,-2.9010956962551466,1.6346351129035408,very_high,0
0.5999822025755587,1.9895828229917423,-5.968887016018148,1.5336668465125056,3.2173845512609427,2.020130677560258,-0.3092845695217548,-1.323564951732255,-2.048894654346785,medium,0
-0.08367955097080183,1.1817975795302023,-8.39606197222737,0.9428464049406213,2.6196075993527996,3.9811191018967973,0.05568747808156075,-1.860180404481616,-2.0939554172553505,very_high,0
-0.052898254373831735,-1.6511117326553966,-0.7684973025621327,-0.7955022667605725,2.943801180729321,0.6439902415798937,0.5592436916184337,0.8552204430480008,-1.6092764765690473,medium,0
0.9594920054201223,1.9820493280619802,-10.027321590037992,1.4887996323543404,4.44880630869736,-0.7664477475622153,-0.08136992346044747,-1.270777561411038,-4.376700744409468,high,0
-0.4366179105960483,1.8030720005482086,-6.5810393386651675,1.0851243246528566,1.779766343968667,1.499089336308434,-0.3702198611982933,-1.361706659030528,-2.3662991092563557,high,0
0.9281514844726704,-1.0008297647077589,-3.647905225023548,-0.9087470619191522,1.9888188530580848,-1.207613907406057,0.1016578992429869,1.5602193092178296,-1.562650603287229,very_high,1
0.1280312169445326,2.0004827769821447,-6.11892944405289,0.9835598848097358,1.825581501088479,1.8555713592713847,0.514521707658901,-3.1154791753973554,-0.6631894946789509,high,0
-1.307455533259409,0.10188145198441534,-2.0884188719594237,4.25556668756522,1.4296035578430872,3.5367689897753545,0.2113664280861827,0.7964261839995186,-0.9603943432753171,high,1
-0.91317272736391,-3.133327169013958,-0.6595654579727942,-0.593983440419352,4.357199043156734,-0.6253750434983567,-0.2871055322000232,-0.7503476454337072,-0.019790451250220276,medium,0
0.1499548875696409,1.4530586396920429,-6.783358521990938,2.843947111558106,3.3649971344620755,1.3034489164266472,-0.7651561203111347,-0.5658733041120425,-2.926864985372423,medium,0
1.685491771709404,1.7802690682343274,2.6469156899360304,-1.6608025949386802,-2.907679694067269,-2.6026878236809576,1.680762002593833,2.1628670421896437,-0.805697640627132,low,1
-0.10613652470252924,2.798086684849307,-7.079601329655058,1.248945210829175,0.8741591014657787,2.5522536778340132,0.8582360484879797,-0.5830575083619949,-3.540319518459368,high,0
-0.43300348083545387,0.4477203463601509,-4.946480709413622,2.5928612201776837,1.9087193257159034,-0.49283457099404004,0.786831080301045,-1.8330030750780655,1.395386923851239,very_high,1
1.858608896678514,3.4400822251755008,-6.526038078703676,0.8654452962249064,-0.18528964809086101,3.599032312474791,0.26498652981327486,-2.8062337985320367,-0.40642841500233073,very_high,0
1.7888183070369208,-2.552757791043381,0.47866316425815436,-0.10008716120701311,-0.9703391209265873,0.5172319330412107,2.474173963303778,0.15031576845863492,-1.673740098980484,medium,1
1.5286768695465074,0.3455611752406893,-2.172008467898867,0.3097047205973067,-1.6839298661912088,1.3395863988681482,-0.40999395801595323,1.557610609868318,-1.8458258461967687,very_high,1
-1.7000194855636783,0.004366073401808723,2.794986073862385,-1.6918220579916379,-2.641115709926812,-2.36818356603893,0.27339110398528993,0.9258363126813998,-0.49740604022101653,low,1
0.2470781348559113,-2.1458614159384672,1.6633398701570572,6.4205176154691825,1.4904040020954779,4.284622001696851,-0.011722549133612451,2.8812008612518376,-0.43871912437859306,medium,1
-1.323411597450132,0.1901000907215138,-5.635823550562117,3.5265919297635304,3.487647891229785,0.8110559096953628,0.3197945349331578,0.558590555914668,-4.608729874530744,low,0
1.6091331868207466,-0.0734091367952876,3.0299052519095735,-0.9797621732820708,-1.221122974919982,-1.3063655543178638,0.5435255912016929,3.1297416416799333,-1.486765453366976,low,1
1.8100617105393326,2.010586906546295,-7.202505725382085,1.7780070536729222,2.7898296237846707,0.3283238819151326,0.3435904805129956,-1.9633798807754954,-2.0808629239589593,medium,0
-0.5745328873504337,3.460960724414326,-7.268055889211332,1.2128157236037804,2.1175696912530726,2.0487285142076814,0.7165936521791432,-2.3515717282680324,-0.546699704713153,very_high,0
0.8214150705466258,-0.275134401469052,-3.215678837874934,0.9791305305289888,1.3502610756407056,0.19488032700785318,-0.10007502754095332,3.3706957100768875,-1.3367481624644095,very_high,1
-1.076531697765114,-5.509352437046679,6.610039622172539,0.60841479662615,-0.3305113987528594,4.470081991429861,0.03063230722372043,2.7159101276736415,-4.142632532936299,low,1
0.32022831664885115,2.007699744749583,-0.9003141139877314,-1.0786466029732393,-2.3690947613570925,-2.5729797964778367,-0.07660534747702602,1.719387943236109,-2.6856304198876924,low,1
-1.2002399406812023,-2.5326177074311005,-7.522076678330576,1.0686312736465418,1.8636777013785866,-3.136332233188661,-1.3033636843439398,-2.6770485604423206,-2.3389554122529326,very_high,0
0.2605911451400596,0.7204721293252898,3.3512204505400636,1.7880206545482198,-5.376055609329502,-3.486153984540766,1.2003183082002695,1.328499960503888,-1.0446774387429905,low,1
0.48946008329112434,0.8350584288867073,1.9460544589356537,-1.9392581944950056,-1.5809999949890563,-1.5449441445961793,0.9101866143764571,1.624686159694264,-1.0363896039504583,low,1
-0.5256424179002047,3.0639309371081396,-0.9746825852786893,-2.0005623472141165,-0.5797708585255867,-2.2669272376328484,-0.42015694192260483,5.673553948149487,-3.3215075283234157,medium,1
-0.08592152684781196,0.12822973522835945,-11.031201906236188,2.1802593986676846,-0.7995536194552002,-3.8312863550526233,-0.11664832197104565,-1.4516309124771682,-5.326609960868697,very_high,0
0.02188729131137335,-1.384894903192191,0.2832117735067179,4.072565462319144,-0.5478196610909822,3.0879419858466557,1.2286758154369681,-1.0413049842625004,-0.439165952621992,low,1
0.8744061894903906,-2.902027948646358,1.4248208683212007,3.0745293008767836,2.7510832535182472,3.3752017396925593,-1.3236060324327306,0.6679900646019927,-1.8210337825829965,low,1
-0.25682301376508915,5.452827756465583,-1.7031627014686002,-3.0895947525630474,-3.3472852671105837,-5.391937061148728,0.09682466169053418,4.02143116722317,-1.327745740218663,low,1
-0.5523906979007189,0.9600469000119769,-5.332373972668921,1.7011047284861893,2.247724633089962,1.1531241427678536,-0.7248159622771219,-1.7639160891251318,-2.396516926004506,medium,0
-0.37598232100460655,0.918702198911707,-0.24225336020606691,-2.014556344087595,-0.13652119250385497,-0.7075788787243265,0.12482258541783234,2.1793660236965624,-2.929735419715119,low,1
0.6506897174858031,0.19423602883171665,-10.502162645653495,0.882434483941997,2.443403849350695,-2.0405280065178197,0.07159354783563505,-3.011884923106561,-4.589681325754659,high,0
-0.48773324131641044,0.4360130310728798,0.11937746245587283,-4.7039902246716645,-0.7819756448939283,-3.8833197131904553,0.029198150199930707,3.958156615310168,-2.3496255372585186,medium,1
-0.5348344231642534,-0.4896909664577149,-7.369634563952133,2.443235498724562,1.0152994248217035,-3.59498961732654,-1.2907678283315116,-2.15127980357028,-1.6798764364226035,high,0
1.1367630879047297,-1.8806170822753032,-1.6122227004752063,-2.7642964675474913,0.2302844404248705,-0.7673137787072009,0.8491226024007282,0.42480154900499345,-2.8584857600152165,high,1
0.21244805750114776,2.1434020470234056,-7.261442096139103,1.7844100703285715,3.0022476539074714,0.34932809382085717,2.143161518021853,-1.733871962042625,-2.724837708744703,medium,0
-0.6936786429311298,2.3078175788076956,-6.280182616740596,2.0639878175585227,3.5675935828923837,-0.1116129779521331,0.017263879259107027,-1.735290905136518,-0.9292024716911659,medium,0
0.8226480216976622,4.0380863044586315,-3.017318502216136,-1.8129650043527636,-1.5755367422731665,-2.3842381421370247,0.9786529554145913,3.46140277030656,-4.017640622048595,low,1
0.11769353456468422,1.315345658842247,-0.9726842704023024,-2.961821604271585,0.8517703251931532,-0.3373658888747002,-1.2024968325514074,3.8268213594111637,-4.505224468889179,medium,1
0.7066414570967215,-1.9625815323515612,-6.6226193029827645,2.1661712040143115,3.323015659319953,0.42138044051875023,-0.5057712217326056,-3.6603507916431743,-2.7756274000367727,high,0
-0.3765664856000874,-2.5003668728081827,1.4057120474293763,-0.7838334363809845,-1.5658809033582044,2.6475217319225415,-0.9808470466203956,0.6661578846099143,-3.794238479781384,medium,1
0.5017219326638228,1.9928049741724583,-7.492675083731248,1.681609564278411,1.9188296364235415,1.8391365395565733,-0.11792829080197186,-2.60373625542539,-1.3769484597365687,very_high,0
0.8656796520460587,0.43298297944475106,-3.1268537359116158,0.018128524388001832,-0.42266528227544176,-1.9208052409662566,1.2069104898608976,1.1026721191662978,-2.687513534763889,medium,1
-1.1893033318025679,2.532854293160694,-8.507074079153334,2.1292083504086703,4.007375498039648,0.07324340937077989,-1.1026229632426676,-1.7248911665977686,-1.8359388668571432,high,0
0.026686050574548932,3.125805881243923,-8.607364824680939,0.8943007437282563,1.2615958320420693,0.9237028543932434,0.7026701917317993,-3.835004272255989,-0.4395278900994042,very_high,0
-1.0678224690281883,4.011751808087141,0.608497262889264,-0.1100034631058544,-3.5113151269183343,-1.787452856152896,-0.44148886246801694,0.8801917437242404,-0.6512731791002133,low,1
1.3293524240738142,-1.4123249716362085,-2.1856950476456705,0.9691782607425083,2.0762180992494397,0.3021118270273446,0.1598557524385229,2.86657169229169,-1.5848544955046546,very_high,1
1.2366138698083653,-0.8581370852084582,-9.972302525702991,1.1628106575226922,2.1522937515765346,-3.5893807691137605,0.340562194473164,-3.631484536795332,-2.6890669346657012,very_high,0
-1.0076663241855746,-4.031800834984567,-4.345016278166811,2.4460234110099233,3.2521850098332443,0.5833490495484355,-1.1753351733905781,-3.6592798496697125,-1.6109623819070311,high,0
0.135088323550674,1.2512234518178742,-4.544132474575423,1.427539970244784,1.6206961385534595,2.176828870673337,1.7376723829073266,-2.424540326350635,-0.7093081563137391,high,0
-1.3900088641562547,-3.95591880771648,1.8803224013228608,-0.258887934178637,2.1921365705739406,2.363029943996727,-2.2048790672361878,4.656230769753347,-4.478241856947933,high,1
0.6150889841493643,1.332577779761174,-5.168698797291644,1.1671173006833544,2.2333108020893673,0.09170349830973268,1.0572237417686166,-2.0211585946661383,-1.7805961370885366,medium,0
0.7466889599353121,-2.9670602541129805,0.3456074313943005,-1.3570386735316504,1.4750505695823581,1.3845892649618032,-0.3617634322697305,0.9076912722180445,-3.4008060306619297,medium,1
1.319467843955265,1.2940443092755824,-6.032447787253708,3.456622535456785,2.896785697342362,1.8652779541266058,0.4297994895300968,-0.16123519903273964,-1.7446099771308785,high,0
0.4249162654903681,2.1271546395050303,-1.6659500189527727,-1.03771643563271,-0.8033903195857868,-0.6537386314537563,0.01856962871635709,2.9428683893700622,-4.3755717196454755,low,1
0.14221593502399069,0.4242056911012415,-8.08303763163518,4.1742789241865035,-0.8608404488202746,-3.939233960660367,0.4393709748795302,-1.2945564700459038,-0.5305106628651164,very_high,0
-1.1342478688521058,-3.061118880083909,0.7347674385461924,2.035454623944351,1.8549034148378174,1.5175766891583569,0.45191896101956447,-0.15839147864586667,-1.1684688122170448,medium,1
0.5132182006896083,3.1399365263770784,-5.400969063227039,2.4519479477391655,1.2072400656305526,2.702135565076624,-0.7466993861419924,-2.6196437552662983,2.084539820259092,very_high,0
0.7504850653734472,-0.26264657284892623,-7.814005180796148,3.49075010556457,1.9368586582683287,-1.707209743022223,-0.6743004109129416,-3.435235253254728,0.1275525292660582,very_high,0
-0.30247385839246993,1.3146703831855366,2.0666245261499534,0.5167365780557203,-4.263874515760973,-2.687488841176294,0.9575132619217975,-0.29701310867674047,-0.006457414657847549,low,1
0.715359838187284,0.9662124412619799,4.686427350824025,-0.655623729168054,-4.570491208011763,-3.1217402109558208,-1.0037697949496258,2.23539148442392,-0.493637867762472,low,1
-0.9980071810314561,-1.1375618137397767,-3.5693488244584373,2.719013885775487,2.532093305253487,0.741911095484064,0.9774696586951773,-1.5115429474451376,0.4248606400383592,high,0
-0.18979386503242812,-2.4647991729388683,1.3050855837352868,1.7681035626553447,1.4594194480872373,3.4351335449841445,-0.7227246899561878,3.112546237773461,-3.603224966418061,medium,1
0.8309175467000115,2.61757006738444,-4.816327758239723,-3.1805408910618316,1.6678883730055876,0.41963165646923195,-1.7949128865633281,2.535293253039408,-5.876409582655204,medium,1
1.4572602358497362,-1.0596794222814045,-8.884307713899672,4.410214295281299,0.2619230289819854,-1.0439713351034243,-0.46479965751950947,-2.709877881093615,-3.0088637641875806,very_high,0
-0.7772019040482419,-0.8824853341230919,-2.7948590788475682,1.786530664301285,1.9557480074982334,1.5538387130696636,0.9014207805347969,-1.1427807835779744,-1.0246405629021438,high,1
1.213269980986904,1.3670189062620783,-7.64755775281108,2.373778368550828,2.1381562167666455,2.364860690648138,-0.12475635838910348,-2.2876263392830474,-1.7031919731128753,very_high,0
-1.1630542682534417,0.24108595523812304,-0.3496945151795893,-0.29303676756652264,-1.0734071767750841,-0.2197076951773802,-1.1609767256481471,-0.2940019703176626,-1.9279879676366427,low,1
0.21805618061417575,2.9937040648021593,-0.9746963952030836,-4.55338028493538,0.1681460695021295,-0.6988812915480911,1.7098883646519427,3.5301433684958496,-3.8037109349016207,medium,1
1.0566441983523973,-3.3506691867119915,-2.2321458370588374,2.170593699707834,2.46488424756037,0.2479773316828331,-1.6349449756991932,-2.429469760342074,-0.9985733794074401,medium,0
1.040459255813926,0.8647232729940473,-4.89815787076119,0.13854493238524102,2.7959599344677244,0.5888832432733986,-0.19573360103635054,-1.3271155465659092,-2.6353830090522234,medium,0
1.5237950857397238,-2.6502336301398213,-2.9777338593562224,1.543673196473369,2.6408774734328637,-1.7747265056457155,0.04126052355885226,-0.5265503082552045,-0.2471341733506185,high,0
-0.21038776371085582,2.51540538218973,1.539692417627535,-3.4713066197872875,-1.5498667111251376,-1.2784809279871774,-1.3529360719207162,3.0782355510245747,-2.231384701556987,low,1
0.9380748369730663,-0.3161490685076951,-0.07807833102256083,-0.26359130838349976,-0.5052038164635542,-0.5256522834211825,-1.5197271311207483,0.7233757607368025,-2.4117293452139372,low,1
-0.8324084739076688,-3.848275789445168,2.1035322140074797,3.5590259881950006,1.5447866149989977,1.9994496210304893,1.0554097148923018,2.0392410393074685,-0.6497556981939758,medium,1
0.6418489339569671,2.2514967534751893,-6.408838424891682,1.7633000327042032,0.9422181730195972,2.787089706843914,-0.8123013486825326,-2.033745796042781,-1.6003690147362286,very_high,0
1.461117851421829,1.78532317056051,-7.06409047533191,1.792175052705303,2.7843799293541465,2.3351602693843088,0.542414211778243,0.8266283078163876,-4.727561889941251,high,0
1.8086485747943135,-0.3384275003246955,-4.414303475514964,1.2525675362739106,2.478902714573347,-0.898238856996158,-1.604777299156448,-1.4179417118383706,-0.5033139771642907,high,0
-0.1928788826812376,0.4715512666951842,-4.057846332715626,1.7386943750041635,1.2739769723709733,0.7013759893144347,-0.08248376128586374,3.262391640933611,-1.337229684785321,very_high,1
0.23221401388035184,2.6494545767165167,0.70707415544296,-0.6458528313371512,-1.7202916065652958,-0.5704690807928265,-0.6973586719919581,2.763543143570022,-2.3217329625720793,low,1
-0.5127131699552132,2.0065006102424157,-5.595518627036471,1.8475799085626703,1.1581053268889985,1.9384381800707902,-1.1616611972697257,-1.8708663460630097,-1.3170063436614872,high,0
-0.3539097242450353,-1.8943783750457615,-5.38854252692455,5.543246290041115,4.13451884293551,2.3172601251716625,1.6201834929313883,0.9590328067219926,-1.7647989048546684,very_high,0
-0.5337833422193561,0.020026688970098183,0.08382620595888252,-2.0383586319598352,-1.5750408455401856,-2.493007625866373,0.9257525637036188,-0.48387223318538664,0.25163989333847714,medium,1
-0.16492357891425086,-0.21269093639575032,0.056129857288992,4.4463337434350585,-1.1319669460420398,4.334029446618816,0.1117237303229676,-0.14233965065836607,-0.9434346027330128,medium,1
1.2192501357751826,-3.367262466504296,5.090284222420881,-0.29355194940021323,1.2177956519316193,-1.5294294571008251,-1.1109169902967395,4.251912891456638,1.0377894154434617,medium,0
-1.307146266729733,-4.490047488376651,3.42121570545514,2.4094309955003603,0.24784668083948302,1.44805334178668,1.4138118222279314,4.419469860308403,-1.6391709695157821,high,1
-0.2828884142829792,0.2446407602645606,-6.428311954721386,1.9901809116523903,1.6074507674581044,3.403795783839545,-0.486689245746922,-2.9789052423420417,-1.2600373878197166,very_high,0
0.4122871338764201,3.239148149591413,1.830321395565396,-0.9501060363863456,-4.183057795781327,-2.225418878527635,-0.29147361765637403,0.7854425872659689,-0.7877907781415325,low,1
-0.12780186614511707,1.4279170011960942,-1.191576156980752,-4.438390610399259,1.5377236841400028,-0.7340560396570583,0.8378369612122345,4.835404591119218,-4.6615477262980525,medium,1
-0.009700237065345476,-4.792981775660521,3.5879282418614773,-0.42097433572492027,-0.8191234796222766,1.5713745210591306,0.8645852439183085,3.3038759429696207,-3.650550872677791,medium,1
-0.42417635274500165,-1.8749980458397209,-4.172481093509823,1.6608652249413176,1.3650969888957922,-2.3750750765251554,-0.9792851711146148,-1.369316789045985,-1.4605911856404248,medium,0
1.7807741903382843,-2.0011317310842425,-1.8140283594239615,1.1655074296666361,3.8428019442608603,1.8985861448472001,-0.86503844534867,0.6263823806946587,-2.487917878895758,medium,1
0.7560520207519027,-0.6733013450629197,-4.276124994035276,0.18032096285773358,1.786140032805304,-1.3532518070349957,0.4049981991828362,4.161133293144777,-1.458665694417135,very_high,1
-3.4897800692693695,-1.9760287808769719,-6.066257451268733,-3.4668829043881457,3.257993437808171,-4.703126616379668,-1.2510247820916713,0.6035222080895848,-5.280319101815562,high,0
0.9903403612805209,1.3758255339077663,0.20902262738147181,-0.9782546944011591,-0.33437875752216306,0.3014709600293053,1.5382767043124999,1.741485153852382,-2.024191019760452,low,1
-1.14515780254648,-2.8540550847817396,-1.9514322964864654,-1.2189662873669433,2.427188539160069,-1.9995062709070905,0.2038307340527654,0.05972987342589264,-0.875574462724887,high,1
0.3520231259296081,3.236668603811,-7.2750062995512685,1.3218089798658665,1.9657312770883464,0.6369731166672212,1.535187011867568,-3.1261336277310843,-0.25048159018444194,high,0
0.0042221197585908,-2.9266366368622387,0.7034212611615654,2.115414883468622,3.5435501960626077,3.0090842770161332,-3.0698400718388377,2.0217845870392623,-2.86492896036722,medium,1
0.4147279509224909,-2.773923371891823,1.0667982479298233,0.20791717121686837,-1.5026509340828007,0.6599554363777873,0.5048106236817227,1.523638637194829,-1.734030650344801,high,1
-0.36995869603981696,2.120382966273236,2.2840535726296833,-1.280318546824543,-3.3134155927141205,-2.4559224827330732,-0.39240995928390154,1.6751954276951846,-0.651949653535207,low,1
0.9008431226139267,1.4607141931180587,0.05880015388405932,-1.8440301843730633,-1.7715166248180423,-2.3001894582779663,-0.3288468166593016,2.0335473174222125,-2.0710470405044785,low,1
-0.4136175808977575,3.4355302666281125,-0.04485346103434762,-2.6176710874080378,-1.7302331435286387,-1.2959856481091,-0.6202908852073614,1.6636184204079736,-1.7291036285014771,low,1
1.2738008064867907,0.41637046523589505,3.032463704253971,-1.8496358231116772,-3.0705807415573894,-2.7006646071647125,-0.5779525581774133,-0.7189020451837751,1.772097379814859,low,1
1.50649957830526,1.1233308329871603,2.4795229736996625,-0.16745044266551412,-2.159800965510075,-1.1713748855780426,-0.17101326104282127,2.1324242490916214,-1.281182126442788,low,1
0.17569649962574238,-2.7450799134002573,-1.132159478342114,-0.405553458404883,2.7632424934668234,-0.2310973797025746,-0.02521009044844645,0.8679389471957885,-1.8023183337967854,high,1
-1.215937250509207,-2.1359585202420583,-0.6931044900610732,0.09483934291971696,1.7776470234158914,1.800804999815884,-0.6782779912211062,-2.5658592744586572,-1.9229420723684099,low,1
1.8782861489784277,0.12931478142609,-6.632888656341681,1.893468872838394,3.1427661390764428,1.7540246035692635,1.4265548185181705,1.1682830660773218,-6.8784601384934385,medium,0
0.16514159004337103,3.8671328995248855,0.36572099868099195,-2.904568654356517,-3.182220021366377,-2.806114079109701,2.113185136000843,2.1164001872594134,-2.1974823882423693,low,1
1.106070440931079,1.4828530773569883,0.9911440065836172,-3.04493793695263,0.028998297556786623,-0.5002425217236606,0.07786578582577561,3.3480206824249406,-2.956969024203514,low,1
-0.5354508891296973,2.2384137769402654,-0.2690399413796962,-2.3004522651594956,-0.5661241649084812,-0.46575310007419946,1.6965055819068344,1.536487894554966,-1.7929386100965876,low,1
-0.32113247498945086,-1.2800581344369402,0.22505859018280244,2.762361722643892,0.3784957646058822,3.097716782248442,2.2573682549262273,4.30771732510714,-2.543288658918766,high,1
-0.5120231283285058,1.0945442547923108,-3.19349479343365,1.5339227280164487,-0.013096908933957208,3.836278739388093,0.20835267216111605,-3.4407641227440626,1.1853988635049573,very_high,0
0.500947526787925,-3.7042398327021795,-1.2824975660272384,2.366342331959169,2.598106071671992,1.3384319448099065,0.6142185131449113,-1.615700726710807,-1.349648093052696,medium,0
2.641071749694857,0.7721308397406206,-2.7644640129529834,3.5950080035096157,-0.3461251441211244,3.5289750616281657,0.06223739239030922,-2.415041173473101,1.2124362708756797,high,1
-0.47655408369598473,2.0960593061256203,-4.9978648509713235,1.3942167595782498,1.2637712341002514,3.1658617150038957,1.11035049396183,0.06530824268546609,-2.9677916578279673,high,0
-0.7502008996949683,-2.020486573198617,-1.3387542611751804,0.700382224992947,4.368465755855231,2.359233498129858,1.2321489701959334,1.276265323092423,-2.863361518271737,medium,1
-0.969800841888838,1.0153068917520083,-12.552414412994306,4.940675021885598,0.49002124682470516,-1.7959184725013366,0.018516173192807135,-5.2806617317531535,-2.9534444748650133,high,0
-0.08061630526081416,-1.0741228696633736,-1.5660125466433377,1.5467506807265976,1.0902103977112827,2.2764951882437052,0.2588407081269144,-0.06196640565967382,-1.8970861413898483,medium,1
-0.5324952575529939,-0.8441256550534334,-0.09981837930166182,2.8091611238631877,-0.5309471516676372,2.774896407699508,-0.20080164505494869,3.1741689728193094,-1.7760046402630632,high,1
0.7612504996794223,1.2172743101853822,-3.0206907753052397,-2.914584707774516,0.9900250969363495,-1.4289697877937975,1.1640872223715197,2.7726454963533538,-3.525934108805905,high,1
0.40808037790953305,-2.3888380971809586,-6.350673746245555,4.387780233758112,0.18495235908275043,-1.5914659053339781,-0.09919946965654436,-3.3033809628933692,-2.159784785579973,medium,0
0.06397831028008974,0.15673801194758852,-3.7324325784309584,3.2045494703826245,2.48586419077283,1.4903237656118669,-0.5510100773371789,-1.7591928653747047,0.1565783376339389,medium,0
1.4154308550541492,0.2963458115302209,-3.688096876697446,2.5533402097921245,0.33321475976395765,4.986031867648049,0.8538462898270578,-1.1191517147569632,-2.104899992390307,very_high,0
-0.09964324650594616,-0.3523443173106888,-6.571103115339861,1.5478114146831219,1.1215536933936352,-3.8962275391519903,0.9401965223803266,-1.9741228787824778,-0.7215709859788926,high,0
-0.24496158482681793,0.09382193775919934,-10.915583823698709,-0.866433019742612,4.4639840850081285,-2.649293029609749,0.6535635237086624,-4.118257502480591,-3.9878059222936697,high,0
-0.8847121999341708,4.119648777676827,0.8765716507012944,-1.758502461377337,-3.33930171983529,-1.4882116548460624,-1.4246065874159146,0.9598461452351671,-1.3430591798303158,low,1
0.09496429123151949,-1.8897872081489748,0.6083187311647293,2.448871735739209,-0.5467517438493041,2.2848760293928,-1.69534519158956,2.131863385588118,-1.4244389801753163,high,1
0.2750580683163041,-1.7692181175778872,-4.827293479676518,2.4056322870272733,0.5843431730456552,-3.507471880830111,-0.4347105299054453,-0.9673559352630329,-1.1508673717245237,high,0
-0.06347271172356451,0.6568539930085282,-2.2439368217987656,2.3687877532830086,0.5834612498766332,1.0366435715037394,-0.8761786788055383,-3.977404674486685,1.3396954840205757,low,0
1.1272097320929404,-0.30607891738047965,-4.826155648269038,3.3647278693883647,1.046994148948193,3.6140153218806397,-0.19108019564011394,-0.3898413794459006,-2.123948493593544,very_high,0
0.040761161734919345,-2.601999768298652,-1.684874241373318,-0.15479188960435009,4.14848684326799,0.39085953582931965,0.015479360574382242,3.274403751351951,-2.552804643970167,very_high,1
-0.31910573978387474,-2.090298937137255,-6.6182908157468425,0.8241425466998008,2.263658472346792,-2.6027415637884035,0.22010465815498162,-2.4137916633741785,-3.1609834809941884,high,0
-0.5746848072056281,0.3541095674634862,1.208848418088229,-1.3843547749632668,-0.02535620103273728,1.2778428382839306,1.7948155266917802,0.47625577404205455,-1.6585019515013175,low,1
0.5395564531168051,-0.24974986693803491,-6.424353900048963,3.5481482703298433,-0.4633650760543333,-2.471560312077572,1.6810956933287027,-1.640489502276803,-2.0139685070693667,medium,0
-0.2285379813317041,-0.1639866274366557,-11.21221837943337,-0.48040798485276626,2.5479284988911597,-3.032599860028131,-0.9620210412154498,-4.186303585166902,-5.810656209591042,high,0
-2.0383054098674704,3.2912610936037376,-0.5881336516422386,-0.7382804654753912,-3.22692840448756,-2.785820125334306,0.06436684714129064,1.2274459010304892,-1.3370884917767052,low,1
0.8102972057766435,3.506885525729876,-4.67555339584751,-0.47106318843178685,-0.5292339900842717,2.879368958150253,0.01234340412098197,-3.056291247741873,-0.5602866646944482,high,0
0.4219462849837819,0.45605974825340345,-6.6769887095884695,2.939387417295134,1.4704510109772684,2.984560093768378,0.557184815867792,-1.3930610485461425,-1.7530603582001691,very_high,0
-0.7371165856000177,2.109622635753881,-7.8173383034383495,3.301788780385814,4.517319966756021,-0.6928654902206708,-1.435502094537547,-0.30007467438723867,-2.3040738996827033,medium,0
-0.30358806882091405,0.6465437971687316,-4.687825372265445,2.433634208465868,3.5145302754296175,-0.44492744640194615,-1.0847211004162294,-1.0808036390522942,-2.796029474631879,low,0
-1.7661907124517127,-5.518983065015245,4.932965715048561,3.373270832308009,2.4676930902075576,3.5713416531325946,0.08913230561211168,4.482306243530443,-2.582048408921352,medium,1
-1.079289813856718,-3.656901188806531,-6.632872975186315,0.39530943699992704,3.764740284732038,-1.112412839340338,-0.7947966099537419,-3.409718414933673,-3.6921598984124966,high,0
-0.08966986278592959,-4.115297562807658,3.665666432568766,2.6532952528517857,-0.18652383228990255,3.404748464130744,1.1992935148542776,2.1403323653950195,-2.7301461753671306,low,1
-0.29473256929471026,-2.502789800608773,-0.7319347683713213,0.22313848798274982,1.369405988692127,-1.0116019091692918,-1.9354732461700666,1.4068618405467772,-0.4481404758126766,very_high,1
0.0654172128685894,3.105370257243865,0.38808195298481396,-1.6058620370616126,-1.9651047662635381,-0.8915674710979168,0.9199072255746391,2.096519990153702,-2.449714366994228,low,1
0.2425943151419195,-1.514083281620425,-0.0355556089205995,1.2157047773196157,-1.0343159166211573,1.6249237362915931,2.1757345271546606,4.030901638134205,-2.7851233498091634,very_high,1
-1.495580576186661,4.42907054193946,0.3835976759174914,-1.2744851445260545,-2.587002893117046,-1.0060752618577014,-2.0821790630336947,2.1114754040878516,-1.8368728321531138,low,1
-0.47822474652068575,0.8939323823321217,4.630646017834892,-2.574956198667341,-1.2338726045164634,0.03972284969093187,1.8467045653279184,3.0542111757569845,-2.0556889828072684,low,1
1.8981807752323119,2.547240242893837,-4.1735420585328376,1.2954851092542428,2.1355477695207057,-0.9062748760634436,-0.8479735140054665,-3.66830744807933,0.5965579411677864,low,0
0.8224903172056129,-2.3366808431345034,1.803318261387053,2.95258948023025,0.4407726893668331,3.7072636314349277,0.21238131257605047,2.855460929929178,-2.3245698056284736,medium,1
-1.9569977354033754,-2.3404435883368437,-2.282294936697305,0.4657408678668973,4.492717475838937,1.155312068507975,-0.16427458388759072,3.803228416807203,-2.916200968296464,very_high,1
-0.35651530801977993,3.6350093475662506,-2.8347132813722027,-2.515805845226047,-0.942315696163966,-1.4394053033132994,-0.9384414037701139,2.248949667036476,-3.448638984458352,low,1
0.8947475499648531,0.15753482974301147,-1.1612555698312275,-0.910497350279949,-0.4353923259072834,-1.5184368272914646,-0.03475587404646305,2.643043366725952,-3.8081208302081713,low,1
0.930129915945103,-2.5954899015568387,1.8351597181690855,1.466992668556736,-1.737077977389634,2.3532514982362445,0.013381909786837494,0.0551622014048776,-1.745978542810984,medium,1
0.24047738989157771,2.0740007318756386,-5.855021664077771,1.6492801263863577,0.9119483592421161,2.861310797987378,-0.596426492207448,-2.5871561986921323,-0.12347117686946829,very_high,0
-0.8241533934996162,-3.2278617687477866,0.8750449058025696,2.2500579308139725,3.0957421249628005,3.139935618759268,-0.5727857958199915,-0.18736852458288045,-1.9723807047879858,low,1
-1.3380595004444857,2.5835506559039025,-6.65749437199145,1.844906123500872,1.666313398057686,2.52714307561666,-1.1214014205579417,-0.4637452418441306,-2.475962020700841,very_high,0
0.31992238124314354,2.354732699793643,-7.534084215892944,2.4095884714162583,3.252290104361939,0.44689316361007747,0.19335522365057548,-1.1268931149312478,-2.7639041309281973,medium,0
0.04751796509417735,0.9461561700957065,2.7632000986320824,-1.915333922658204,-1.6536912083093243,-0.08676232038737686,1.6783948141089342,1.8980021802334073,-2.2141458964679375,low,1
0.05677333078079489,-0.8972845269372082,-9.080566933745038,1.9113044530546532,0.9402550936412241,-2.994694069604326,-0.9259613005146851,-1.3040426662190077,-4.0643544302462535,very_high,0
0.7918863332282384,0.6500000064310347,2.133439965873857,-2.809474236704005,-0.5209082605360096,-0.011637034111424693,0.8672973648258997,1.3046064196579663,-1.5356795481424579,low,1
-1.3040360206892752,3.700856300162064,2.0634534617968248,-3.0761823651643994,-2.276236860867515,-1.2067714468939417,-0.37366414228895944,2.6950058377229817,-1.5059662879401712,low,1
-0.4048551401158338,-1.8966650849675897,-6.468820667916808,3.903510545473954,1.7722271395331137,-0.7705196452616323,1.2086859031602737,-3.908542644763605,-1.5390563490939566,medium,0
-1.3594321973501946,2.975980810003592,0.8272387124799463,0.10426945372221774,-1.7111432007927283,-0.7774656615585558,0.32977341770042934,2.9036531957355667,-1.7511739411953195,low,1
0.38579941777759363,-1.7207299908686926,-0.7844161500766278,1.3126019124775572,-0.10920157545737985,-2.9195518577512494,-1.9943129367383436,2.2005497573289245,-0.8564774783856682,medium,0
-0.5401528548523482,3.6277126739646004,-9.098870760504695,1.3777418887832455,2.9688658521062967,1.7179034549852752,1.0746081737332354,-0.0689678467880952,-2.6455904144240456,very_high,0
0.8655086271855903,-0.7501067358606852,-7.470088522660898,4.982004947390127,-0.8094421438525681,-0.8369110052392864,0.8249189813359926,-3.3848415779652807,-2.434363578686203,high,0
0.02463555220994893,-3.224025215099093,1.5364523211448906,0.4607241079290074,0.29359735459277503,1.3489715273039182,-1.1529341004124838,2.3484960818324065,-2.392011884211937,medium,1
-0.9351777631150214,1.3353432612456284,2.1835458770866967,-1.793740304965736,-2.502174831254997,-2.0229452650726962,0.16992956602083834,0.955361230457744,-0.257836095342169,low,1
0.3058365829269358,1.1709552632452596,0.774794013613622,-0.9597011627651872,-3.599587096330887,-3.927345193681459,2.549070205687507,1.506306290230608,-1.0107524486777397,low,1
0.5781997332001568,4.199680038193136,-9.02138519231935,-1.573863159826837,2.5547103976776873,1.2404875099973913,-0.6572812722216178,-1.632328387977384,-4.98690629324356,medium,0
1.3962624931381344,3.034840551805194,-8.132425617651931,-0.1965631203936138,2.665899764916935,0.06068115369328142,0.7794699845798233,-1.7705639744023431,-3.353116927202747,medium,0
-0.02090437046264576,2.552536510901527,-7.587109321473855,0.5910526146761361,2.6325204105776803,3.0894037846627986,-0.6099576254931659,-0.5621529109965737,-3.1399815348874114,very_high,0
0.6859174556427218,0.31940698677853163,-2.941957035410014,3.3911358160427962,1.1263666573740587,2.366839087650787,-0.24911005488210397,-0.9318452063896631,-0.8596881862425689,medium,0
-0.5732671148361506,-4.821322038450925,1.9524944873935608,2.4622342800185115,4.192286354734378,1.1335124898239064,0.43800722503564915,4.4047175385520925,-1.8803882546302955,high,1
-1.075386212957734,1.5870755576167215,1.878926098627037,-2.1912114365503905,-2.1986583272619376,-2.2766664326192965,0.5235429531979446,2.211008487809637,-1.0547191426472233,low,1
-1.0771069471755352,1.1799730281513279,0.30941410453689855,-3.073740832413245,-0.21632205974525354,-1.581844572352833,-0.9245524387444594,3.999210635215218,-2.6966348033974654,medium,1
1.6132819188416039,2.13900100284961,-1.0794082978561272,-2.1152019291081494,-2.0958486524052207,-3.389891180473214,-0.08751158640286086,1.8447065876338327,-1.3082494467591461,low,1
-0.049565147368128996,1.7924854867889155,-0.48376357710928886,-2.220143808043962,-1.466113802431011,-2.2499543595066274,-0.7180700964852778,1.3617973647011243,-2.1131857303959993,low,1
-0.10690080706258771,-3.896375809254291,-0.52216558262536,3.5116059146987255,-0.24400133067371121,-0.5772713138625971,-0.19958813105679934,0.12456367346574915,-1.427364597842098,medium,0
-1.1411629658071858,1.3607906555406433,0.5705545868984392,-1.2355978985452554,-2.380659354812594,-2.1592355747023624,-1.2390729728701295,0.843759728289297,-1.0548428937445724,low,1
0.8321773907184117,-2.3635549757389924,-0.5485920045072459,1.7631722685323146,2.3597279084606395,1.7201775981873437,-0.1533022007712519,2.1127849521492714,-2.2416906969916797,high,1
0.7892399536629918,0.8064134945504111,-8.247565876799666,1.6305706171461853,3.738759166437367,-0.0030588559351361067,-0.73735135757773,-0.2360679671100967,-4.697999894503784,high,0
1.1291449262747857,0.8748053690638355,-9.427782068280404,-1.231091111782242,3.4537233540681234,-5.51568897234142,0.26671176482743303,-2.5636375765122548,-2.3092374716582835,high,0
2.2128077894458316,1.8654119135289449,0.8548463068862193,-3.1950740931655774,-1.962157016137754,-2.490013748768533,0.05744791509992068,1.700408450019059,-1.1210823920842587,low,1
-0.9832074087704853,-2.0745362623331043,-4.701623582987945,1.3089790868725786,2.594089095406253,-0.38596424185111644,1.114619031735711,-0.7347958680076885,-2.2335254420139092,very_high,0
0.6999126849767985,-4.5731312281001495,1.1423014233386874,1.4913761578901825,0.8218817365150658,-0.13757122552501677,0.7243289140307299,0.6655886701236982,-2.393060836710832,medium,0
1.437273296752753,-1.3503343679098987,-3.7760384555627806,-1.604236291623727,2.479010939577138,-0.886200033381656,-1.8323214952685258,1.3598263372219757,-2.2025855903805294,very_high,1
-0.45121030873646534,-4.229042654076111,1.891168852499986,0.22161218078935874,2.549099169810745,2.3617824943098173,-1.7646991838228314,1.108320558572225,-3.498739800342756,low,1
-0.8990679981798831,-2.516062272383906,-2.756546429171551,2.2171982919489297,2.6843455693862976,0.32633348024497333,0.7715405010829017,-1.693982622507975,-0.5981767798981039,high,0
1.603097564007162,-4.079603348504631,-3.6761233504136337,1.841635802183909,1.8559758357865779,-1.9646016416458156,0.07164328957091352,-2.9602190230112986,-0.6228051026917147,high,0
0.6675142353971817,2.5250805537103655,-5.665880865846032,1.4848635289159988,1.03896473440933,3.1050476852365225,-0.30840514933874646,-1.6401011312692935,-1.0512701290254671,very_high,0
1.8649656435653965,-3.4660522337427406,0.5781660925913514,0.9380600197701153,2.9374774401620942,-0.19313322267666533,0.5695526868648089,0.10823092886764618,0.4971841400442101,medium,0
1.213075236719983,0.9165472511257958,-6.8773482619134345,2.161652155217157,0.15172751020459896,5.292848764408586,-0.3629540211539327,-0.4130086576437084,-3.0455229840967513,very_high,0
0.4304622155519017,5.624830710018746,-10.61258923088738,1.2760283834323416,3.8904460597763117,-0.6392860484872422,-1.2184436118880089,-2.7712738240336594,-0.6697467982533369,high,0
1.4409630713231911,-3.7176266420959783,-6.619437675119336,4.422353561632721,0.7427652800379969,-0.35341538101478953,-2.5178168230707816,-4.16902137006545,-2.85495525850306,high,0
-1.4344272524810264,-0.5970107971985825,1.1174587703751455,-2.1197396489416693,-2.110906912300405,-4.0667720636916105,2.001749889303312,1.3296604489279726,-0.5034800657497611,low,1
1.1507752991009499,-2.274647842376392,-1.3854459070005691,0.6554725973435642,2.1510263282196385,0.9185120406538183,0.23733777412671386,1.0380175079397302,-2.0236648147237757,high,1
-1.3155065682935017,-2.220613390264008,-6.606342897500271,0.5465465527367648,4.004788031272352,-1.4884670866943932,-0.14660455800974767,-3.490197113895598,-2.2078688774033326,high,0
1.130263351877745,-1.6138300558035898,-0.9821911219165477,2.4981506013844075,1.176809149107175,1.4077571614657438,-0.15228662178777871,1.8707276705699125,-0.923101897229074,high,1
0.23248362251333896,2.730277904018249,-5.470715753660355,0.8280795488601521,0.8016324481945097,3.1962165559727294,0.35361160372506467,-2.2896050926181677,-0.07254980325899307,very_high,0
-0.9314352901101262,-1.7562015341112913,-2.4357951471937462,0.44955396033461126,3.356234406876542,0.4449798215832488,-0.2597291173910833,0.7110182485559975,-1.5820545892638613,high,1
-1.706756818730478,-2.5901325957303225,-2.245268353008649,0.9528473334566899,5.10463310246932,-0.1607667965906323,-0.838488147577181,2.1917680240839856,-1.0590400966077358,very_high,1
3.216020168021169,1.2531334587163665,0.5134880876934053,-1.8048938364153515,0.27875253208660866,1.3439180752775084,-0.874574726107903,1.560790192257099,-3.3880223723338894,low,1
-0.17029393974189885,3.888873217482991,2.048393456644842,-2.4374985978591783,-3.613912151350137,-1.7312322633857335,0.7528471825316089,1.1011193006303612,-1.055212191975368,low,1
-0.08548126104701269,0.3167676024156567,-4.663280447019009,3.608479782237497,2.9742930234097664,1.0527817093267102,0.11329681963405817,-0.034491682895196885,-2.776013881135656,medium,0
-1.8228845909695146,1.864727423884079,-12.962461103459242,1.713852272209541,2.6019239267509997,-1.5134416263533432,0.2761654482210331,-5.354124430467498,-3.6330954625713567,very_high,0
-0.4543388491891972,0.3787489495816889,-3.1057793015468103,1.4933243381379988,-0.3671174047350896,0.9271452393971797,-0.5094075003135543,-0.7873592294744738,-0.695574406793005,high,1
2.7773608568387247,-1.1457543828138963,-3.4948787301184763,0.9189386930924276,3.8626054997799804,0.30374840874049314,-0.521074855794136,2.9041122771008583,-1.3857822306328493,very_high,1
1.1050830447287858,-2.715142779678655,1.2890236849192864,1.0498745451638403,1.827982496467526,-0.16423796505042687,-2.0373202272560644,1.3791176707763613,-0.13865270302684962,medium,0
-0.6921951230069082,-2.2324045014659983,-0.4778498641235496,2.1152852797901422,3.365231074980744,1.8240249724276698,1.6912558543158027,1.3406592416100998,-1.3190509596475448,medium,1
-0.3719157608230296,2.0162844089906007,-7.635607526567415,0.947925434937634,2.4926384084686015,1.3554181862150223,1.9595764925613313,-1.9330171458767191,-3.4266950722639535,high,0
-1.7875248718672199,4.1504066754036435,-7.542693620210928,1.4327202796940295,-0.2815351656097802,4.3616257596872385,1.9203514021170958,-2.5564969641903303,0.6297610563947507,very_high,0
-1.3789597272191136,2.427788164981125,-5.910488724447225,1.221518166823791,2.0737765676966258,0.9030512578700384,1.1790703533762246,-1.746284816207449,-2.1013095643764506,medium,0
-1.6595824301478297,2.587599480245911,-6.60065425557453,2.822762525130279,1.29441270036077,2.380097036056387,0.401037605850973,-2.6710696528153344,0.7357466996842035,very_high,0
1.6031036031903116,-0.853701194419915,-7.362938824674838,2.847125266947189,1.6893492386392894,-1.5866523108929387,0.8872594945614956,-3.0186140320095207,-1.433830982333484,high,0
-1.3070082810896613,-2.1383049851849716,1.0317864637564602,4.981050926716881,3.029422864189231,4.743372877701917,-2.4932915149575217,4.529542867328054,-2.5117102778596,medium,1
-0.9050883588310991,1.420857679125195,1.8201222586141066,-2.435467588029808,-2.795801238363608,-1.6931519615452637,-1.7300748782277373,-0.3949111225968325,-0.35507173907830825,low,1
0.0653195493584684,-1.2841232268702525,-2.370646945420239,2.1629943057439913,3.3526307884200337,1.6840977494145983,-1.4985681304559393,2.4586542100456046,-1.8379561259380115,very_high,1
2.012281004744113,-1.856091197235702,-0.14574316796281495,3.9569207513735236,2.282619363352744,2.625929161705134,0.5954997280830951,3.5021279061056223,-0.9259237818192998,high,1
-0.8893700403071024,1.2820766420222343,-3.777478108885096,2.8445953510400743,-0.41980448625944855,2.3747280693089667,-1.4128999050823663,0.687499784608371,-1.0553710695288,very_high,1
0.7526035239062252,-4.333485891546969,-4.469298572933617,3.1700829537349096,0.4313601535431213,-0.8867120941823048,-0.5990541802921537,-1.8865218977876985,-4.214618211688658,medium,0
0.8564981222497622,2.5055005492065083,-5.710849298805436,0.8497592382991155,2.0552173315674933,-0.06807813058556356,0.7775584905992924,-0.1969563952537443,-5.244336365848607,low,0
1.2475465403144705,-0.3233605262522521,-2.6651225031546044,2.0830600872381235,2.1370463194798575,1.7072200684790702,0.6975504488779319,4.5263901841861545,-1.9847395727328938,very_high,1
-0.2945637560531509,1.5677854116469816,0.5587921558034649,-4.06454012045321,-2.2902712063282045,-4.016386072655518,-0.5063688792044759,1.1893185666964654,-0.048989731721654106,low,1
0.36906869638557466,-3.34332267374006,-8.366339259106482,0.4988655459161595,3.6640449695750488,-3.331042541996812,-0.5418883054017681,-4.842494266036217,-2.5815730785774047,high,0
-0.0641790403689981,2.6499255651289784,-8.059949080000795,0.8064893581999186,0.6428766503281027,3.3174062985427097,1.1298029999915986,-2.7687182303915936,-1.1833310688588852,very_high,0
1.8232809432879231,1.7244011639711634,1.9569848240465393,0.07295139143879537,-2.574986440811791,-0.44931951465860465,0.6581565609539736,0.20499140976892916,-0.6895007063457128,low,1
0.971690726238144,-3.1735183163110965,0.1878054158236222,2.897600285425878,4.409368301334459,2.3260500456947293,0.48319092094831084,5.550075219225431,-2.317220712096131,very_high,1
0.11023477038609332,-3.694615273769071,2.7518366567201267,4.300414270779635,2.1084886845220367,3.284641688244121,0.16926873632960723,3.387219444847882,-1.485781431662393,medium,1
0.40424659998645,2.6700515326773693,0.11916433939712512,-2.982286781843386,-1.18790254766879,-1.1501160038817488,0.5344303775459021,2.0661563852728224,-3.123539333772695,low,1
-0.5733990864584053,0.8057735760561252,-0.29169754103497914,-1.420791104111419,-1.7580801317393477,-2.769224046146422,1.136533030172828,0.8188418118561622,-0.4324960752341478,low,1
0.42400989192998406,-0.40039200379177875,-7.685075302648903,1.9454888588624644,2.7847169711176663,-2.8745562546967958,1.434694570754504,-2.214401493347614,0.18133174552922693,very_high,0
-0.6821163359373542,0.0671181024916967,-3.9592314299151123,-1.487818830850719,-0.17487359732660623,-0.4821497099383085,0.21958575734134006,-0.5867226961810179,-1.6759206975435526,very_high,1
-0.8970201717464726,-0.6269086520316123,1.2538312122703565,-1.7130798720589262,-0.943299505992984,-2.2862006915302087,1.2373383608480444,2.576325704737941,-1.721781674768659,low,1
0.07370681890445847,-1.212773702476688,2.934040774079195,0.15273762416621617,-2.8534046625107967,-2.6433713147259428,-1.6454378382617976,0.7314692409520898,-0.47284154412438206,low,1
-1.6044187796171596,-0.47665672969222084,-5.107619582159154,1.2353503173842706,0.30805749441093155,-2.4632119297117474,-1.0788678231963138,-0.6390813527485764,-1.970702303969199,high,0
1.021896801884939,4.387189782920016,-5.6039991817876285,-4.825303327389534,1.0516845116059412,-2.021657042120602,-0.027966058777054412,3.2188388866415103,-3.7735796947433,very_high,1
-0.9499427307098869,-0.6121581074654676,-11.66867656892912,2.3243018118570404,1.4622321705510475,-2.1876468857334412,-0.6694098162854341,-4.180992906769839,-4.9019223147590765,very_high,0
1.5533704382919202,0.5391202777854003,-12.702376934885756,2.9136692670005226,0.9127842359040984,-2.6466846992344997,-1.093651003944879,-3.635751408316897,-4.884417793936676,very_high,0
-0.38516047236387346,-0.5481891495394458,-4.13422748739528,-0.006869480935766559,1.5702990354043955,-0.9875883415064199,-0.4172807295696773,3.06639911202783,-1.4836602246277348,very_high,1
-0.19137022185417518,-3.688416071778483,-2.760605749644352,1.4238313036790717,1.835978598348453,-2.4951294574618146,0.5607418070181828,-0.011862480219293703,-0.479593233327005,very_high,0
-1.01669078320262,3.977494757216509,-6.51848478807963,0.9348218542816251,0.6846493553041804,1.0915159809611572,1.9497093254371345,-2.0775435889888594,-1.5214964735473826,medium,0
-1.0061078914983084,0.5101965898542298,-10.111110149824036,4.555941460348297,-2.334853975275572,-3.1993183756456736,1.3778627473584037,-3.3986206374399366,-4.372975236404048,medium,0
1.9173229941374061,3.8368610478200855,-7.242521867396732,1.086564058840545,1.7827209063140192,0.5595959708130418,-0.4098676371168663,-3.469586308002403,0.1153683164021524,high,0
0.23124351729269085,-2.8411018129719787,-1.3989306165345188,-1.8799422891723252,4.832041460364127,-1.1453678156798603,-0.8942861839486268,0.09811753302652826,-1.030139006368388,high,0
-1.6251497603887026,1.455787918547634,0.6796306969776964,-1.845145232080087,-2.6387052694089776,-2.6579641445253674,1.292833342001526,0.25268478350076884,-0.3011903672321299,low,1
-1.3411597122074759,-1.2214895012041127,-6.760760341096444,2.5520412133346033,4.1820551631460035,2.6138918539366203,1.0373672397641205,1.468303221034786,-5.84257640530258,very_high,0
-0.220758063793652,-0.10453108022275792,1.6574808033045072,-0.8214727497985184,-3.1147421309630774,-3.3082101984988235,-0.5152457217072197,0.8283121986283165,-0.47002923862059376,low,1
1.698926154626758,-0.23145870202008978,-2.3946201139894217,2.8172234257424056,1.025604965147009,1.571679985157909,-0.47453861914581935,-1.0511530498908017,-2.20028127559766,low,0
-0.7027879458829225,4.79948619935725,-8.619151518731254,-0.26539721750226675,2.2792566837823762,0.37865112224825803,-0.21547293576268742,-3.4267280883071187,-0.8570881435480242,high,0
0.39760347454539663,1.2026943550359182,-0.22996492006734326,-2.033080626205966,-0.4146457588629817,-1.0200779129278257,1.3990147807170314,1.1246767660854429,-1.2626369905279722,low,1
-0.25661781731502964,4.360095139978528,-10.595049615565584,0.4728757627178126,1.7156520835631257,2.366888321554515,-1.1209405616633774,-1.8040648053469124,-3.4364458921365424,very_high,0
-0.08507609929734504,-0.6814988813648841,-0.9381553003625638,2.1946531408645527,0.3406898077347076,2.3689669258668618,0.5033670843305138,0.5855840635026794,-1.3383468620232253,medium,1
0.7146527715377919,-0.8588036944869702,-5.80915899440034,4.896226104769574,-0.4612835569203535,0.13998734431681092,-0.4066418188640996,-1.5188082913601564,-1.2230138722566322,very_high,0
-0.27373834640369726,-1.9795734603293154,-2.0439681227923625,1.3243090732058533,4.434624883111465,1.1125317579272191,1.0727056736270928,3.8269146893573405,-2.4489832921202472,very_high,1
0.6413834996027722,-2.650660717298484,2.147258244315646,1.5459915000922615,0.4731097407772695,0.09005427529227816,-1.4557278916720817,1.331903987765833,-1.0936641392765947,low,0
0.14654286443430178,2.111470659146535,0.17770851231357238,-3.228419582889982,-2.449315800547295,-3.5493282078123283,1.3592527697139802,2.307422633939093,-1.6332877724154415,low,1
0.6731970342832186,1.4989238333626382,-5.164841434203293,2.9821582692672965,-0.2243785695378222,4.2642736729377715,0.5473381605768302,-2.655106064369596,1.3847555700307754,very_high,0
-0.907899955805458,2.2042176603810075,1.9224856923041305,-2.424415870400334,-2.4810678377578004,-1.1530456549476114,-0.7778666927433439,0.3000023021537628,-0.5702204432077682,low,1
1.231893840212243,1.759353080765485,2.591136546658643,-3.289535262565686,-0.9192812055590955,0.14674193045444905,-0.2781640796916275,2.9535947455660105,-3.0368112323162997,low,1
1.307622793779054,-1.4300269327047204,0.0972277816659286,0.2051993930490439,-2.074225046033468,1.4689099093804636,1.0676772799479255,3.3059193997171836,-2.831914981681046,very_high,1
-1.9166661698618255,0.16252776114275136,-2.1471653419236016,1.2686448182888865,-1.8637627213684695,1.2793872906464214,1.226283005325677,1.7274632545143767,-1.3091120430204328,very_high,1
0.23395199864882552,1.6968360672450695,-5.523823758916755,2.864356607589961,1.0036632112898924,2.7781952491280344,-0.612650021477103,-1.6499980752745134,0.014892801700716385,very_high,0
-0.6935850115367588,-2.907245452626081,-2.7043310280642228,3.18897777910255,0.8045521775401848,-0.8649093011848872,-0.1312489944608237,-0.4828199081921656,-0.458935368427406,high,0
-1.239966118605837,3.3278128288010347,-7.204314387201232,0.01530967261928029,1.3103610001724848,2.3700821664771654,-0.5605228065391352,-2.919758343943573,-1.3945104719057975,very_high,0
1.878222385420877,3.3921699220681933,-6.7527421888057395,0.8511061141586193,1.5094391984457538,2.345416202808888,0.4463715332156777,-1.9259821193807822,-1.2292271548704998,high,0
-0.2801482316237037,0.28040546728270255,-3.8375490364968856,1.9967338345026286,2.3211803156273536,-0.12288035762875515,0.5217820386542978,-3.4241193143412265,0.43180807333596793,medium,0
-0.4034357060358352,0.659959619828625,-8.004820170785113,2.4214233567005503,2.5014872294247175,2.6783900678360775,-0.9468240540146251,-1.2294907131521389,-2.9175019875818125,very_high,0
-0.5970766617245546,-2.2895797445652675,0.10287054472056026,1.5916183782740587,1.972728653919618,2.9395328274562535,0.9473210397030993,5.6397667368927795,-3.4936600793743278,very_high,1
0.3564140440253122,1.7928457393016317,-7.123417270338601,0.8429892371746667,2.6096260566707326,0.7088303643376828,0.39204325123269257,-2.1339830246856195,-2.6815901762938306,medium,0
-0.7501868260821758,0.40841615365901496,1.061687772423733,-2.1555522970301184,-1.0502826712755633,-1.5791375476404992,0.7383787755162603,2.8159332268900266,-2.4999830396383795,low,1
-0.014437588571757556,-2.3904593949507733,-9.37741208261055,0.7374457943162782,4.177834189999616,-3.0558281857288057,-1.0101100254622986,-4.0406108446510585,-1.291061906599531,very_high,0
0.14448567124104786,-0.4837661838356313,-2.3423742604751627,2.8530412495868127,1.4938746138555774,1.716763715459729,-0.9239210771926485,3.185725120392294,-1.5571604007158004,very_high,1
-0.4082448917320059,-2.3757741302570854,-3.4118624469876746,2.4450672749766555,0.29325191651127147,0.16119901527274205,-0.5193668804962293,-1.3311250829081869,-3.9019254496823823,medium,0
-0.36305804795950264,1.7569955316224228,-9.162577702102377,1.4811329867526961,2.0688139566897252,2.020825273848936,0.4577706428826036,-3.5872824369444887,-1.0904331257424107,very_high,0
2.536158100872655,-4.835675599769194,1.767419085259529,2.285424162569269,5.503388171569201,2.6342914981659464,0.43015380949531085,3.520364894563067,-3.0227569764592843,medium,1
0.3690613822174326,1.811730785885488,2.2112231921095704,-2.837398586803009,-0.9985126636469199,-0.36471431988473446,2.3667293037533432,3.1708110946961856,-3.0094481523988708,low,1
-0.013913073029554785,1.4529890416909257,-6.658567729273092,0.829028045107511,2.910418736459053,1.0004407431114117,-0.5607261196539477,-1.549647950982577,-3.4793353839552217,medium,0
0.8055164175122062,-2.524557350980398,-0.5318533067187534,1.191069164675184,2.7197612649690437,1.836052872994482,-0.703487215663686,2.2385227795648563,-2.341345336035536,high,1
-1.1379715794165721,-1.8359010168091296,-3.790431640348374,1.5355608161905059,1.5634488794986416,-1.7180404001963714,-1.1382702699597333,-1.0833225087520744,-1.3534467720753853,medium,0
-1.0332280161958713,-0.06064585580455528,-10.73402790819429,1.942109143220516,3.16431956759307,-1.1054621601947354,0.5921142580216151,-4.289358899444068,-3.3014239298761625,very_high,0
-0.7128561122439186,1.1270938669734132,-5.236969831129539,3.799598114791631,2.0700674884435544,1.6850096994701615,-0.8932853613629927,1.8566855101598925,-0.5226050911921802,very_high,1
-0.9602420684041661,2.6150047418190803,2.716905963663609,0.7402659798505111,-2.4504799261297454,0.5666104133748828,-0.7618450969781418,1.8152903695025961,-1.0398199322728061,low,1
0.2787324271991807,0.4293835427635082,-3.0983517565957945,3.1300700866066173,1.1946366613299568,2.6806670036857083,0.3680935057857506,3.9608693459085185,-1.6553515852617167,very_high,1
1.0536952023110877,0.9301559479852163,-3.1956776759743875,0.9453218027471209,-0.1315464718425121,3.853024893234303,-0.9460178765196012,-2.916374450560813,-1.1393116368177845,high,0
-1.181386393400547,-2.866716492865887,-4.402118395199011,3.5901224369977642,1.9949979247843581,-0.05361370939649657,0.7472525563756606,-2.4688074870338443,-1.1160090385870358,high,0
-0.5405898131982003,2.251444451865355,-3.5686844528932564,1.4901966158560254,-0.5333173813901342,4.01640475655502,0.028838909461889224,-0.6155589998020121,-1.8136540165588857,high,0
2.3144179591541523,-1.9075587420669438,-2.4769565888343226,3.102576351595085,1.7900185635248846,0.9009544872804784,-0.2198222319809296,-1.4854679964694466,-0.780642276634431,medium,0
1.7994832422586764,0.3965308684442077,-5.515734149835561,-0.11544241316241965,2.134039062563966,-0.12207286109574311,-0.6136002518425555,0.5648307007771463,-1.65296539266656,very_high,1
1.3438131134612856,2.6776001427190006,-1.8073309730640579,-2.527770963963991,-1.8330182216948583,-3.23267509918906,0.9037841378242668,1.7960748211122872,-2.2191780920587934,low,1
2.112524033484942,-1.1984198965151494,-1.844358995718401,1.2796235883620755,0.42682359220142985,0.865233976926279,-1.221946727129981,0.19945166666348957,-1.0376723627035234,high,1
0.7403525470606521,-0.03532901160606561,-0.21818422161876636,0.15037080586950058,-0.4541183285216668,-0.13452893525953424,-0.7377121310521915,0.945214200987147,-2.968029835076628,low,1
0.010481159843245068,3.0296704879585743,-7.596750809806015,0.046630669672988345,0.7985367546061954,3.1368788968453245,-0.30119135747862086,-3.447651362984434,-0.2854720537867699,very_high,0
-0.1574489292159837,2.771558114945882,-0.6186052503380639,-2.086812103787155,-1.8653765734723076,-2.875460814028302,-1.2339218884607699,3.178673265908325,-2.507440141033058,low,1
0.24578418637557284,1.7620886479624607,-2.106675962901609,-1.4291869372640416,0.36513623696779285,0.10594816223985593,-0.937743729926471,1.1959779205780194,-2.985145668271338,medium,1
0.5945688869153314,0.2565215752461649,2.215277977803585,0.8408566243038635,-3.8701986745200188,-2.8674673499271846,-0.2097658444478792,0.9469116066841035,-0.19410573477031412,low,1
0.35129527733096455,0.11356300475861558,1.1334344546934365,1.5929407212502296,-1.7688758354859024,-0.013234257744754174,-0.514901661670959,0.010828906030250662,-1.1592623455939863,low,1
1.353448952699478,-2.118667932933591,2.953365140800279,-1.7295763161880886,-0.348710125083328,0.11983978745684909,1.5473190217036412,-0.8582120999127907,-0.2722371607030576,low,1
-1.949645194261875,0.9432781210715148,-6.930620912369607,2.2015402431297244,4.124561005578755,0.49689670044960477,-0.6570062796556859,-1.2065627852431065,-2.5868012414572608,medium,0
0.707249477329009,-2.95897946155652,-0.496775661525809,2.2231111063890845,3.1518076356098894,0.7636015546865258,0.5178374429850578,1.5778342776205203,-0.5996646129993366,high,1
-0.06650654530239263,-3.2314326925751073,1.8013424344640354,3.943629804983823,2.9392764316515745,3.1799475071856884,-0.46530183887126353,5.352649587541854,-2.0776027112049045,high,1
-0.09711699946642763,-3.176808434846988,0.19744124348152292,2.690604970268199,0.9959555371213241,-0.752705700680411,-0.5180641706390695,1.1383733321800775,-0.23260981646547307,medium,0
2.378967221854361,3.3373128771791327,-7.287581290615155,1.1895585497456087,2.3148645497818974,2.1347767250314087,-0.07264530804509264,-2.262023101681318,0.03943075618581471,very_high,0
-0.01505387100160042,4.304068725312859,-9.539739098201313,0.8997552184130136,3.5567368470049745,-0.8337100130098654,0.12919878544645685,-1.9042232293103178,-2.2143684399963655,medium,0
1.4130260151224059,-0.8645271583533549,-2.6746338146980504,4.053978432928463,1.3503738697958274,2.188829527159391,-0.48127761209236003,0.1066540296385865,-2.874159316419231,medium,0
0.49313407065563664,2.6435827451092777,-7.863587456873473,1.7123206394282033,0.6880355132774996,3.0216822570318547,0.6828911076730088,-2.500599236899517,-2.366804140198071,very_high,0
0.2801210401294483,-3.174002922740308,-5.6247614341470715,0.9691838077921427,0.9950249207006525,-1.7069181632910413,-0.39046449332497646,-2.3044586277592147,-4.039207483366552,high,0
0.09109078648459237,-1.4526416480033932,-2.2401222079111323,1.2515756016523918,1.0623688856553581,-1.1344193473164903,-0.5641652529239781,0.7503669947491443,-1.5281466232687575,medium,0
-0.07985891574095148,0.4759341646550641,-4.941348804648273,3.3146086053404833,4.356942621177311,1.5798392852190037,-0.9559017434174253,1.5271809502861458,-1.0076687299882199,very_high,1
0.07627355530707074,0.20266856511022469,-12.615148106711239,0.4268892585682935,1.9063896308364414,-6.437493978386519,-0.5293348269257765,-3.3274257106261773,-2.9176622679050244,very_high,0
-0.1475489127502195,-1.1116273480441408,-0.14555723536997078,1.7530979226095558,-2.3630046207833058,1.8156372523469473,-1.9766445049816679,-1.132009528498773,-0.8766794094845476,medium,1
-0.32338732704310474,-0.6944482442313495,-1.1347671472072323,4.479568734714798,0.6698518163426455,2.306905545734781,0.3760310617001973,0.5336536636087834,0.09653200417225993,medium,1
-1.1174200774007854,-0.05156914804644597,-3.868824587297995,-0.48231696860140505,0.4897000286051363,-0.3252654965756856,-1.4579670921873564,-0.18497959217156912,-1.191035014378566,very_high,1
-0.06108544994435771,-1.4600587752802263,-7.164004799244866,3.519146333499421,-0.6623195554611161,-2.3678596828988656,0.15639859934091288,-1.8969054469744222,-3.295925012345557,high,0
-0.6465667799111339,-1.5448843400936212,-9.029667564529195,0.965648849322939,2.329199868969399,-1.125458805504284,0.5753812651838554,-4.630866173704672,-5.910801744080143,medium,0
-1.256788288513129,-3.111072948640211,0.9469804929058796,3.5697513241131507,3.969233915633234,3.5455989764158833,-0.05595386105635719,4.77032947762454,-2.7822039413148447,high,1
0.939279041483079,-2.494729998419125,-2.4375112952024818,1.9638578836824538,0.2355511497268954,-1.9255714407972226,-0.6932242805771871,0.6580347936726951,-1.5958461940320847,high,0
0.6059428711781424,-1.6696047390172997,0.4898757078349096,4.184015722834665,1.3167706465768796,3.780368086046235,-0.8566152273117552,4.1419157944887335,-2.0851128133106753,high,1
1.2461071546443843,-1.0713056985244445,-1.8768015031889178,2.1478992003615693,0.7699124460016007,4.07834038374496,-0.668920843859364,-1.1287852433745016,-2.067412312731587,high,0
0.3504498112503023,0.8196778551801189,-5.716284593247141,-0.19552243229886868,1.6657995195980877,0.13213740623583448,0.6227468824780155,-2.2238357789611136,-0.8135135142097605,very_high,1
0.5310223936177898,0.9400386979225246,0.1735400133469467,0.31024432381235445,-1.820653062002443,-0.7131674154634318,-1.0016769403000378,-0.9714676508974545,0.18557457463963378,low,1
-0.06867918719387264,-1.2316734031551824,-3.6352407603567825,0.8481139779323902,4.27701788829519,0.2256746690041902,0.44626445196459674,5.1569933430466826,-2.342132339891501,very_high,1
-0.07121620482281646,-4.360631783408256,3.0235837581867404,1.8427640578331999,2.326565812185822,3.792295282239336,0.7499554661543483,2.8203401226698643,-3.595769185277928,medium,1
-0.3014928889968671,3.7648393339937987,-2.2846210765490826,-3.6769658633756954,-0.21273773065178658,-2.4742492566607046,1.3271084279189869,4.5575635027896695,-3.2737348109597066,medium,1
-0.6081607241469984,-1.9059480033297935,-2.6840156250351974,-1.0982771253828172,2.6771693940063326,-0.5354315616544019,0.7580524000313088,0.1840839720056877,-1.8320198017050648,high,1
0.1433289716725983,2.557854671962004,-0.5606915638157286,-1.1396082765260789,-2.753229677962231,-2.574835496325111,0.9258491707105488,0.8294752861706246,-1.0808542229932874,low,1
0.12035954411345504,-2.946494139531921,-2.7831415967958857,3.9363496122456594,-0.6091687238881935,-1.3969570937563789,0.34214189239116893,-0.5761890251840138,-0.6820142823947535,high,0
-2.45835598923604,-0.32163624821042514,-2.027973895756172,1.407037400390799,0.4429848361102493,2.348774840794572,-0.7398495795682039,1.5610759533748269,-2.2378874951340264,high,1
1.815122622549463,0.09962006687441538,-11.910733799067586,2.2636262826260323,1.5931556007339176,-2.1271971250229793,-1.700674004731967,-5.0954695174261495,-4.730667591964196,high,0
-1.3375703572768314,-1.229996961201571,-9.073471859382952,0.19029171847578596,3.061729198422944,-3.1804812076540356,0.6357411323709923,-2.5005400664464386,-3.7914588935044025,very_high,0
-0.6483286413474283,-2.023478504107353,-0.8621166316421642,0.5228421987630569,1.575680185679423,1.3841602888922098,-0.5905857406872602,1.7360435057234045,-2.1575702372976373,high,1
-0.9765667027768606,-2.0149142621969096,0.8022841497351612,5.9107746519070385,2.704292113229537,4.242910424977058,-0.39149904378450917,6.115073435603666,-1.6262407949313449,very_high,1
-0.8966132689962005,-0.07122161867318177,-0.8626704690367606,4.128415650289031,-0.9934067286009769,3.4454397229255473,-0.11702459765656072,2.8590957117903915,-1.2536826660263456,very_high,1
-1.1438331387789198,-0.6883010359469519,-3.710687752653655,-0.9755922494500509,1.2150771791979742,-0.3488407220341736,-0.6929017956153875,2.209193023014072,-2.2910199960233193,very_high,1
-0.053007128257309105,-3.9877179259312,3.2831460867052518,2.5187585706045232,1.4483040806351366,3.856139031182969,1.6727138305087361,4.180437237296106,-3.1911094197555103,medium,1
-0.047543438268356254,0.1533321738262554,-5.166724664741669,0.44851482100662166,2.3358029849706137,-0.41674981987734117,1.1983141081763151,2.1588343449077887,-1.4079549690092557,very_high,1
-0.5745993024745167,0.023443477505969312,4.987516773620047,0.1624852100391425,-2.6625612952392954,0.36072018298108,-0.1461452453986719,0.8282376016573831,-0.7231220363310982,low,1
-1.1135395611483256,1.6916387993365776,-1.4919689509981109,-2.7336332859217607,-0.5172441287643512,-1.4092353897946999,-0.19279623117362918,1.2291182658322994,-2.6070081155913387,low,1
1.7760376372601552,0.89449501925541,-5.223104739342095,1.457520195573086,3.320410713644497,1.8510979293126708,0.10033534082811195,-0.2898419775820502,-1.434164089020127,very_high,1
0.006365889058304394,2.0150906352153126,-1.060432146423238,-0.8858990850461288,-3.288443636060407,-4.289409039143891,-1.2492932104666612,0.5399516222320653,-0.39386375192381773,low,1
-0.5727760123636447,-1.6604041902233586,-5.980446282082554,2.2743594774180753,-1.1927903004803937,-6.4843651157369875,-0.8441222636867114,1.1058331488366557,-1.7057998526775113,very_high,0
0.870684789492401,-1.556908535822069,0.8068886734861545,6.240319117664576,1.7445292951351312,4.274543256799808,0.24574166800184172,6.356498969825738,-1.2398148678555119,very_high,1
1.4224107092766902,4.682169737576442,-8.195558259877028,-0.7416050525331042,1.410605347930923,0.4171060479886364,-0.9187754902113034,-2.758948168634756,-2.1168115963314476,medium,0
-0.11427405493687054,1.8297213432609258,0.010871696402053432,-2.4509611020168607,-1.2520504808302766,-0.6594867910630711,-0.226225769647611,0.7290607651505232,-1.9754924134954004,low,1
0.8037854009968918,-1.2502547293588928,0.31127621990526566,2.4834268471683543,-0.8347903023600953,2.843301208138114,-1.4295357864508815,2.8707576066830907,-1.9494195067017006,high,1
-0.3634241881000032,3.439356559318405,-1.003667638013979,-5.496249529391927,-1.0902260205818861,-2.6847749204890063,-0.9230056971189035,3.2542207295390106,-3.150806171153002,low,1
0.39706902651827386,-2.391455501065244,0.48259266743543733,1.808223680911206,1.0926839243106432,2.802736093783346,-1.1981573048555356,4.709595099619384,-3.0067362228928576,very_high,1
2.06097649615911,-3.3525725921059886,-3.4537422903263586,3.5335782474753263,-0.99863320397674,-3.2248795579176925,-0.5015164632530118,0.5060710460259552,-2.2201364324642623,high,0
0.378477532435706,1.1376060217327344,-3.6433045986103183,-0.42162725809296475,-0.4789725856457099,-1.2014604346357474,-0.8847662159264168,0.09498130220079681,-3.05748327045226,medium,1
2.1868064936580462,4.6144481238849115,-8.097465571508952,-0.1808212652104284,1.751306619117788,-0.03415089968779683,1.0231699691644132,-3.213273057187462,-0.5223875770365773,high,1
0.2663802009446111,1.728437372628513,-5.895336627508298,1.4471563211987912,1.9421590962951654,1.138570741323267,-0.05264372375602249,-3.892998921209216,0.5628509955004015,high,0
-1.1410261183027133,-2.4536804958795875,-0.20661127939567203,2.9420144934086716,0.04095958828873858,4.91765712334954,-0.2084371897281555,-0.5494492627830752,-2.779801189013777,medium,0
-1.2858726185056737,-1.906965382503851,-2.2547113820112874,-1.3117041264144864,1.305051826082006,-0.34402977952270253,-0.5803545409288972,1.0546542361889344,-2.287026519828994,very_high,1
0.36537005443400206,2.981127889415461,-7.340452981322302,2.632197589369362,2.583756333608876,1.2854009199264922,0.6899937227307291,-1.8987874780858383,-0.8121427126532409,high,0
-0.3221597329408048,-3.885795899314786,-3.3812980693719887,4.507392185747209,-2.448065168129732,-1.2856641449753474,0.19057728972775148,-0.7134816718523476,-4.730650154373577,medium,0
0.06121307206674737,-0.5997879630446856,-1.7347657390335867,2.085152322918876,1.1561238368613735,2.3311192839608665,0.15066649769517115,1.1511949771691214,-1.4827656139458754,high,1
-1.0460842201915694,-1.6177411031391602,-7.495324038076665,0.6183533411923716,2.17109453930919,-3.8763544393101332,0.46728857817167574,-1.2705348994180432,-2.4417581483248174,very_high,0
1.2010694581050843,1.743419739877582,-3.798323982374742,1.8658176954255674,0.3652996246033444,2.588319880352896,-0.33614659849651213,-2.8503258559756084,0.4635489976368221,high,0
1.0593643066013578,-1.1646136397517273,-5.252648630039332,3.467085043140474,0.4305606084973106,-1.5233790556411468,1.026650427929272,-1.1623647205251124,-0.9864036419489617,high,0
-0.9029083658510674,0.19015166274315853,-5.007726376821865,2.5806420192651736,2.5506824115274216,1.6335091983009447,1.2229045587074296,-0.9891682780398686,-2.2878574139454386,medium,0
-1.1041393762021714,-1.985199580019464,-2.9796491055207985,-1.7804433906303425,2.1759537326693312,-1.0796283243721263,0.33685341611393754,2.5144949463454096,-2.2015921303351442,very_high,1
-1.0586245896171265,2.859488458421056,-7.293443737026833,2.47055205266484,1.243500169510797,3.007468064610551,0.881393639905321,-0.04599640951711681,-3.9778133838577006,high,0
1.2575220833881984,-1.1324064875750106,-3.596101709146822,0.8763118462095538,1.626154823002396,-2.9920212347923476,1.7085647010259652,0.23901898386956,-0.804441507217377,high,0
-0.4235512621981075,1.0340821585497224,-5.051847614969718,1.6190074696903678,2.132841415194141,0.6659259893182832,0.23768442803710155,-1.8404110936052447,-2.23527749513812,medium,0
-0.9124527877970782,0.4220025179878937,-6.109198772724776,1.2243362117606007,1.6641293290797057,3.0739663774236075,-0.8158940917565352,-2.185340219027438,-2.405726702155036,very_high,0
1.7846010554138692,3.8650095622912337,-8.529537397508067,2.8411482063367224,3.8163563411566273,-1.407735094212556,0.7997526056678803,-0.3870360427535009,-3.124237075262207,low,0
0.4062823858223443,1.0683554708353982,-5.259624013266157,1.6868593669327847,0.30425556279564026,3.6553518105503064,-0.1255734314054514,-2.1845369218984976,-1.925403232619113,very_high,0
-0.8207048859134912,-0.8302956387788814,-6.95513549840998,1.2215451351686075,1.309417983352039,-4.068921634464658,-0.8144505892150516,-1.8004356910640211,-1.8778922054292901,high,0
1.2627046168728475,-3.3901942577070554,-2.3061094005503513,1.479863124978624,2.4767959747640105,-1.6001473013836338,1.5441834539565222,-1.4559009303501247,0.37308862306806856,high,0
-1.1168074364395155,2.598193228623469,0.18345734099064087,-3.6292806609619896,-3.0932535608683045,-5.176536001452104,1.6899119949319958,2.7795874511792555,-0.6535062479924765,low,1
-0.45039363103137864,-0.1756281895406706,-3.118520583676294,1.8277183009354765,1.130818612114977,1.683283147485645,0.5895792449606518,-1.968328473586449,-2.7834711029169403,low,0
1.3672901497693004,-0.5224528896478431,-5.167162035687524,3.405716472865846,1.4376670464921277,4.210196836041411,0.40772732330583833,-0.4517599018369516,-2.5178973864738916,very_high,0
0.3320796059592476,0.904210835452046,-5.532226472629317,3.461958807039002,3.002324574228986,-0.1994035960021363,-0.4573247104776984,2.030883409896332,0.613096003416765,very_high,1
0.27712827122162526,-2.686645942644154,-4.212338612439168,1.547665148793764,1.3129336811785173,-2.9398960053321437,-0.535610611032685,-0.6524466206947994,-0.8853444260343831,very_high,0
1.816905684853831,-4.509156430577978,0.4538835049690322,4.331065818370597,-0.3500809353787393,-0.5215913190213228,-1.630014202059893,-0.03507512410286262,1.0097882824547184,high,0
-0.24215594470254123,1.6800588860945092,-2.1026100268441343,-1.6825968921141088,0.3115685764204372,-0.41890545470935336,0.8790298991268952,2.126367781420151,-3.752776467340291,low,1
-0.7381176921976513,-3.588754833840165,-2.5009518528104513,0.5101002118849822,1.3315635726474455,-0.7965185392139034,-0.1301487253600898,0.5576895641768711,-4.372591321193702,medium,0
0.37926604729047686,0.39625237760496135,-10.114600886147635,2.056884108688074,1.7632804806047158,-1.6999597195541132,-0.6668083329521475,-4.299195395605878,-4.27307592267761,medium,0
0.2670521551212874,5.328228895535512,-9.595343853837623,0.9873409159274661,5.682737446174936,-3.901452265507407,0.4791729782230888,-3.3919440477809193,-0.7679075999150271,low,1
0.7822774791954645,-2.2870257684505217,0.26796567539229044,2.7746320827628423,4.17718956102238,4.071108429785055,1.5295794510343734,1.535464038019003,-2.9700395330630514,low,1
2.198047850252778,-2.365654331885508,-0.802132860649444,3.944598041677496,5.079583890822441,3.048248213699462,-1.0849783552267207,6.636603229403009,-2.7956598380683615,very_high,1
-0.9819895798429918,-2.670151062219488,-0.052461656827707176,0.7321092698343747,3.1564396794462644,2.896914874468285,-0.28555688150627323,3.8308298603738242,-3.8593832432078523,high,1
-1.2336215186871022,-2.6371977807431994,-10.896954973056845,3.1243958491728008,1.0199615867594682,-4.053495866731052,0.8183966343216315,-3.9787719812433284,-3.1403567953189793,very_high,0
0.4316661838579913,-0.5769382228726199,-3.446044157179394,3.5753831344141878,0.7366518082077587,3.5491767038695263,0.49067710454473407,-1.4502317023955378,-0.569982119507283,very_high,0
-1.8406723038164514,2.047289225008046,-7.893170943845113,1.336731905441278,0.23356651478728474,2.80629440314055,1.7731100907860073,-3.3842454320649833,-1.9612019803629632,very_high,0
0.16178024468765587,0.8913048346703903,-5.802017741581469,3.0018150245507984,1.0763446127367953,4.290352427898006,0.05750629211901334,-0.3138457970299966,-1.7343891357857746,very_high,0
-0.08262319786215547,-6.583137236449819,6.214899586677043,3.663161998032901,4.182400523149172,4.930425033958837,0.9428421753324889,4.726450811232547,-3.6885763779395013,low,1
1.061590336913391,2.1725073712791625,-4.93492851941444,2.0429013218835066,0.31691192709485505,0.8657804952730482,-1.234357451229321,-2.2265360625464448,-1.9877488939367987,low,0
-0.036273486299103125,4.803116382609327,1.309793881527595,-4.804219457478246,-3.9610633940500923,-4.902629314547536,-0.2863893452327766,3.745495245788546,-1.521715278069952,low,1
-1.1631845084277765,-1.466611559383123,-1.4296268803645025,2.950709933582091,1.7933705908559503,2.28973394942054,0.724734819367084,2.732916201879072,-1.6157491006500218,very_high,1
-0.25281931532784097,2.0023697875210273,-2.7630669961434773,-2.914981566336655,-0.9734533113354727,-2.368686943239433,-1.1797976093024727,1.1765979582582076,-2.622111274016683,medium,1
-1.877830876067222,1.5092428983655637,-0.026657420224387163,-3.0269244839473606,-2.459005584733875,-3.661114047900408,0.861424572524556,1.4947769459798763,-0.7144610037701329,low,1
-0.8699207276450341,1.7032762583494936,2.4163596312403692,-1.7624455169338182,-2.4405384669618537,-2.4942765844175288,-0.7948664659903569,2.290050971667535,-0.44194237670961733,low,1
-1.2877828476926245,-1.5112613375835302,-0.7865302399916032,-0.32396036231192915,-0.8656662439533933,0.6923982111915599,0.9071793068375573,2.1768264055886277,-2.286720703678011,very_high,1
0.951104559834321,0.7662836072277934,-4.629046132967521,0.9761684492169556,0.7623407476931119,2.541956665293867,-1.3740842635961563,-1.767244208221575,-2.8049309567233442,high,0
0.7118348830772153,0.09481669832580675,2.0717223981076174,-0.8703793503404513,-1.4655476344748637,-1.600860833560053,-0.7300455938264985,2.5640244214705206,-1.4610958959805163,low,1
0.32198591161911577,-0.8778281967979222,-4.232885226539639,1.8942062005973668,2.6190671290054937,1.7433036545541898,-0.46499987031550877,-1.6941418333720604,-2.3923226268624314,medium,0
1.1058858238773883,2.0881530926243794,-6.818744473361098,1.1603103696160484,1.5269148830652062,2.6253435743460454,0.07452847331109357,-1.1789854358121852,-2.059014976569314,very_high,0
-0.6555820211616111,-0.07812267007346696,-7.451338226139165,2.084924593944084,1.6990196207315313,-2.393711862826018,0.09090225044381682,-2.732368240790749,-1.8996741045671997,high,0
-1.295998003318217,-2.1441608509654353,-5.929883175286318,0.9203600822274315,0.8087841601507232,-2.660472455165302,0.1761376666504514,-1.3448556179977194,-3.143705114258103,high,0
1.498185124354066,-0.6684173768157662,-1.9805218969033522,1.8490178472533336,0.7749949160658129,3.918244873584321,1.124899689638518,-0.5227227343830902,-2.530649570565206,medium,0
-0.7341351357057209,-5.317202137138046,3.7080332875081545,3.9337022341629577,4.78295692073942,3.328988968426629,0.20237707756390258,4.601128701749085,-2.251052571703647,medium,1
0.9253870073427786,-4.26483487100525,3.4539689971257648,1.7540211792023488,1.3660549409167133,3.0115594123280136,-0.1051754701019988,4.3441308215548755,-3.14569517252525,medium,1
0.2235191349958723,1.7622480199037425,3.4374610799617527,-3.5838759185764286,-1.8055387663350164,-0.8216228756719546,-0.6936411667545445,3.3399516432344196,-2.3028885571777287,low,1
2.2911272464943306,-0.8011410322729049,-8.341563957265008,2.9320635732215328,-0.2371156364827034,-2.707540751956217,2.421589642360367,-3.0593169582715514,-3.0558053754902854,high,0
-0.15991735757443354,1.4633982118255626,-7.437496330035355,2.434368805079707,2.05618721370888,1.2619959942750332,-0.5190859400202021,-2.7255185652368046,-0.978598059339994,very_high,0
0.1812397780315675,-4.093017875385029,-1.233313024280152,0.25934172841787184,1.976737248288587,-2.1251177140054884,-1.1026814775897444,1.9858926776507346,-1.9556125969843008,very_high,0
-1.6140461250556144,-4.222766198655019,-4.134578058047419,-2.06391235443959,5.59754918716673,0.25760533280583764,1.1069688676749152,-3.8288145828431226,-3.925670867785244,medium,0
1.3346737841356766,-3.3147060024683657,2.077749254357616,1.256659222984045,1.1584124585279465,3.0395399355356547,-1.61542308289911,1.7702928077784703,-3.0224744871128006,medium,1
-0.8196796165389382,1.114372915372842,-7.594302037714181,3.4063399899102524,-1.0447468081699716,-2.6699687956974434,-2.241389587254008,-0.9684574412635916,-1.6568795981523194,high,0
-0.6418454810451774,-0.5346437120989205,-3.2377319252630525,0.585399436186782,2.462935004074171,0.7904001024474063,0.5013765957371502,-1.8912902356258765,-0.46813003474372294,high,1
-1.3472276573139326,-0.31814562122146595,-0.0043688408426761915,2.1603232019332546,0.5103356256829494,0.9296983961774811,-1.2160180289712454,-3.6784261081582086,1.3589467882341768,low,0
-1.4312718669891227,-4.29340445070343,0.085257199004108,2.685520902906761,-0.07462076450883992,-0.1587639723276313,0.22892743332608564,-0.1500890908124377,-2.5402454327376636,medium,0
-1.755258799663963,0.591303475581183,-3.7288018712026436,2.1973272127470556,0.482186227620117,1.7654193667424256,0.3660595924704091,-0.3524640617069663,-1.0676106444449949,high,1
0.9999254158014118,2.3945964509268527,-2.913924659653273,-1.4711088449751129,-1.1708620861014523,-2.947139488986436,-0.38802853991252906,2.455477825578042,-2.0859590475835943,medium,1
0.016078918846284065,-5.403990968931316,4.115206887933285,1.7964676786242644,0.9221995213815678,1.634237129521492,0.24806460736879063,2.3699212485882546,-1.615744943012785,medium,1
-1.0799309749510118,-1.132911609131435,-10.295556694481345,3.4329668353640477,1.5860404554703056,-2.2204022160902057,-0.33891663854170234,-3.4428231572171097,-3.8326162911683186,very_high,0
0.6524725454393658,-1.2451717657630952,-5.026247079984713,-0.03356663298361329,0.5942396370363112,-4.102739971321255,0.6824275024613679,-0.07266165161755489,-2.4149494135315703,high,0
1.9257354204585992,-1.3269353127371426,-0.4838951152272364,0.3409984988869692,-1.634582998714161,1.2360792547688226,-0.30596849714522045,-0.42606624048891173,-1.6968172189501793,medium,1
1.7358808994901787,0.8787188050848337,-3.818484150339872,2.965427346713189,3.53251314881265,-0.3323250549195127,0.5970821159349489,-0.6010887558036704,-2.5130567146205327,low,0
0.9117228856514623,-2.246994645468642,-5.288171012329929,2.8420781864487807,0.084454577700106,-2.3570559573924736,-0.10650078344069668,-0.3040116127777055,-2.4341071202830333,high,0
1.4014036890445498,3.080927678210397,0.41656322325948303,-2.560258100872826,-2.5602734760838946,-3.184533342106043,-1.2165398850382574,3.3295784419047747,-2.247276550716993,low,1
1.197148688370635,1.9473323123302269,-1.13193254297848,-1.8648872751564902,-0.8657826434688471,-0.27042996644911965,0.021971217183948896,-1.0384719964766058,-0.35533755170910375,low,1
1.7808839829389187,-3.143161716675692,3.8017555089605226,4.838978003726446,-0.40891552538602105,4.700157523707256,1.275981735228839,2.7959181130537183,-1.8912718605540295,low,1
0.8159623694618665,-1.4140747552764654,-6.959462528387022,6.004156756575529,-1.2565903929344329,-0.2184158120094939,-2.3030611851704426,-3.1323420193689877,-2.9951926488016145,medium,0
0.1591653848110624,0.4140542417027624,-4.8453697468928345,3.117625141964658,0.7676669954712201,4.379576908235772,0.019335818584628333,-0.9850598080093481,-1.515987941949088,very_high,0
0.48332918106650036,0.408933155654702,2.123736608972763,0.7895370925603473,-4.23146427079971,-3.5039201834210183,-0.27707377155817586,-0.23839389232860975,0.7209949677179532,low,1
-2.265615766346117,-1.9517840553126764,-0.6270150318739758,2.2522017507655754,1.4759942521289795,1.4591163393919535,-1.6514358038114598,1.107108370065973,-0.9599090420393757,high,1
0.0219085909224475,-1.1270734375819345,-7.184262597486695,2.788472346678626,1.8051697001763791,-2.0312115527740007,-0.48469829138825954,-4.6774386402995045,-1.0552417694401122,medium,0
-1.4047726829124532,1.6226588579655614,-6.4233778155671075,1.6739326481769992,2.8330498749053636,0.5712981140074753,-1.683422976264183,-2.6182562211791813,-1.9608134251134774,medium,0
0.7446911619722729,-1.8351156593047597,-5.8707673593242955,0.18140241682228164,4.336440608094482,-1.5010541091342495,-0.12036741432570508,-1.6056671274113632,-2.0171703362119113,high,0
0.11394545064530417,-2.074632776691466,-1.2386395980019136,2.836498894553504,2.8985234548717442,0.8033345060245463,-0.06570481230540498,3.2381320960580133,-0.8160504198461014,very_high,1
0.6398963268536275,1.5105084024792215,0.6240941391503911,-1.0202875398734321,-2.0770164077868634,-1.4925124052320444,0.8425211410704871,1.9802875761434193,-2.72340870275295,low,1
-2.582064088096225,0.08283401155310122,-6.422455689974049,-0.26581198754251756,2.824026033206904,-2.106789570148422,1.6945953870339583,-2.0810760075752794,0.2927507822330775,very_high,1
1.0352657725316976,-1.8806669213540372,-6.032839572785456,2.144576138161205,2.761957234302468,2.080703092071257,-0.6679976695119801,-3.4173119979168805,-5.416135140216008,medium,0
0.38536891116929683,1.276541386136921,1.9049627395040918,1.2430088081457866,-2.419446026851884,0.8208284250702735,-1.211018351702203,0.45111255879189915,-1.895855725821819,low,1
0.6369700782640833,3.2703959327404375,-4.02009079364039,-4.849664184086371,-1.6070767787352103,-6.075547589378147,-0.3563082450223266,3.846176641236866,-2.986227761507759,high,1
0.3553528812395208,0.4494173704311455,0.1060532124302832,1.8635622707569104,-2.9404044984936544,-1.6459196635132702,1.16987825164613,-1.2954006344153568,-0.2360522019693947,low,1
0.2950731721805789,-2.4755986569416972,1.1471109517061953,2.292473330603857,2.7741364474618697,4.985771321663531,0.978036805085944,2.285895267337047,-4.068818435772399,medium,1
0.276882041390418,0.7065084172065259,-6.050850123796716,2.999188129170382,0.7541993751257343,-2.8185971338284554,0.7012435427950108,-2.493298949289415,0.5554347253040641,medium,0
1.6742610520269199,1.815442257706897,-7.876647475387887,2.7770223574237036,2.7282240268527778,1.8127178353362121,0.6915740355420057,-1.4088848749023875,-1.6666200180111386,very_high,0
0.7141059323458164,-3.762916590355081,3.302576829414428,1.988728325572354,-0.27674551305099393,2.5286277417559857,-0.615371342561202,3.798712726221696,-2.413202578917031,medium,1
-0.6899353634599164,-4.908440540810354,2.3225948925675413,-2.2812889830350693,2.498118844260459,1.6721050777925055,0.32846064021689336,0.47730150261891513,-4.541673281184421,low,1
-0.886082288229168,2.2838301305235658,-4.596364401463548,0.387395608699574,-0.5351805308649593,3.2733129152444658,-1.1293444347987358,-2.8717794973874953,-1.1700444556651632,high,0
-1.8619747640016502,-4.322329220738845,2.4540728594924284,1.0918306943016196,1.7350155988516758,0.9546589468553482,0.9544983953916653,2.6178385811627347,-1.684831908049348,medium,1
-1.2066021189806775,1.0895301683535867,0.7007764469094279,-0.06500582101923214,-3.2661638623652447,-3.2551987000063156,-0.43687402517790414,0.27778401774231387,-0.06758828442120968,low,1
-0.7680092350434662,4.462924061163169,-2.7047236830334,-5.101849047342292,-0.25213891648965125,-2.442046344132075,-0.269081308337504,3.9922229478587523,-3.3295338663201806,medium,1
0.9083560553422217,3.6305930970346316,-8.269839858106733,-0.09421969800880903,1.6779495918687102,1.3262621496848053,-0.2328516936411859,-3.2420807937162746,-2.0138860846093016,high,0
-0.15109780500927686,1.7225001172719072,-2.0511986451899342,-0.6292858198137374,-0.351042450882467,-1.326558708342981,0.5326357433023468,3.21147183820194,-3.25665002529139,medium,1
0.9433028670188557,0.5922112729408047,-5.800159595863924,2.587204314042999,1.8364151399460356,2.6884797782624155,-1.1428345428804136,-1.9888579220074736,-0.7685954251630001,very_high,0
-1.8852048511897528,0.6182623940831931,-2.8010393010951025,2.6758176788256236,0.4422370313152195,2.1985270121649565,-0.48107315685634167,2.0063527729836874,-1.2392567414830382,very_high,1
1.1443431184593167,2.6570494657254153,-7.931595617466549,2.4005354413849678,1.140173488184402,2.8515309724175877,-0.054604647678474505,-0.006128697132254057,-4.09458200087918,very_high,0
0.04053547816507162,0.3695336358731993,-5.725063746905019,0.025569514065637566,3.6174699770262535,-1.1728152457203052,-0.9926871829050146,1.903759380876154,-0.728933511616356,very_high,1
-0.5275943592931474,-2.695563314523519,-3.288483000390307,-0.8784816377564983,2.084782856722765,-3.0895930317340516,1.1862133140425088,0.3716473809863683,-1.722702309640675,very_high,0
0.2483509978696359,-0.6594547441498797,-4.28204990008567,-0.0574073153775172,2.766356537985106,-0.10244701940940115,-0.2879608015250763,2.965648063022819,-2.134719507400245,very_high,1
0.5217302171966028,2.520001926158886,-4.670300493605045,1.8068642956119445,1.1508765135761774,2.2927689469791597,1.0883300827189049,-2.380289678084807,-0.5230560334277425,medium,0
0.2549218152923649,0.8375358961727882,-4.2473323444646836,2.180628834460282,1.8675664950440822,1.5823844482533018,1.893308567799791,-2.3455671924519064,-0.6232905129657298,medium,0
2.0328039389695545,3.4776582704226477,-14.758165846781429,1.8595011931268295,1.5106034364712524,-4.394246321690817,0.2660440245612677,-4.185247013615441,-2.4568601860030217,very_high,0
-0.4331271020438032,0.9717302497817402,-1.6354961789416573,-0.6273619604717855,-0.6991724977573921,-1.146669783473628,-0.5688265437953046,1.277223600616293,-2.3912691364633245,medium,1
-0.018679234320016662,-1.4945593611563017,-1.9935747004888396,1.9276756220212188,2.8704767857634126,1.3445777292927068,2.191366295811603,0.8462230899273205,-1.0626279798055753,high,1
-0.5120373528416755,-3.4532930246778895,2.6887022533035427,4.957026782043556,1.7574618203208685,4.144503006664735,-0.12376587517209675,3.1619195064566776,-1.6753456095684645,medium,1
0.9772770242705147,3.296867391643306,-7.447941423163083,1.4928021188016007,2.1328749753069607,2.309172811588243,0.41426578666347275,-2.250135834791454,-0.9495490737107188,very_high,0
-1.9134303722620998,-0.15172439730442489,-5.2511498082722134,2.5712119416971757,1.0278477163723,3.8730736868666744,0.4904444483426685,-0.9648178534711404,-2.3032235223931115,very_high,0
0.8531228764253084,1.0945948523811095,1.8022345628887755,-1.31706177584549,-2.8144530464972886,-1.894058416535006,-0.1910345771867974,-0.02149606052271258,-0.6167734809626066,low,1
1.88431684397651,2.680466980142425,-7.494819145110896,1.1309289343059787,1.2989959402689641,1.18546007236881,0.3513353510658065,-1.6748004213145218,-3.078986452728632,high,0
2.1298134941106253,-2.743952943464146,-4.478304447081035,4.2092320023995935,0.5674539061576236,-1.2949444452450924,-1.704825170878332,-2.275198890875312,-1.3254738491376064,medium,0
0.053792877847398564,2.1099861961757553,-0.7163178798402627,-2.0619325968480933,-0.5530991265193459,-1.433226215182944,-0.8400473941820935,3.90158539896657,-3.2885433622320015,low,1
0.6744495914161837,2.832447823647364,-8.152150608920586,0.9586071237047971,1.8219223249424206,1.8810128649881295,-0.6284858594982461,-2.4729030680967323,-2.0556057804199286,very_high,0
0.9232698905454546,-2.3574984073153837,-5.060059666387746,2.48326999614963,0.24428883868550688,-3.3905024089703524,-0.10961765964398146,-0.7215902200235496,-0.9320452525615418,very_high,0
0.9677266858348189,3.7383105408413284,0.3076909543361108,-4.064084480687291,-0.8989731690066892,-1.3531445360495638,-0.06689147805761735,3.9378279962042164,-3.0210197554858897,low,1
0.6531246150480303,3.0365236188967537,1.5638637154428752,-1.8591077501627893,-4.176285639694406,-2.8815005448076434,0.8387976210010942,1.1209520706441676,-1.7239357299936067,low,1
0.9055703956018107,-3.326784858684631,-4.078211327553083,2.0647044450811296,1.6260118767847416,-0.04045011327759296,-0.049916411022256336,-1.472976834578128,-2.7258853797445615,high,0
-0.6888880985004263,-2.344083474919591,-1.2211001607003897,-1.4768531415175408,1.5989508424020464,0.7359538550132592,1.0849982828536782,2.3014030887210324,-3.574566630685526,very_high,1
1.3929035182026521,-2.227488845257949,0.8805462836332545,1.8320179805094914,-0.2200646449365251,2.3211121010556797,2.5167918467110115,1.7076178358781113,-1.9822276045215759,medium,1
-0.6455624215171257,-1.729207384411816,-3.530737248640621,0.34011175872887844,3.4087394945697085,-0.7965641296342783,0.02740852730326676,2.921122778913741,-1.3970680342223818,very_high,1
-1.3865406564859533,-3.3763231557914,-2.008455244208017,3.553744546704059,-0.04045823867594578,-1.945154129776236,-1.2173944413355242,-2.1833057482920406,-0.2604046502649815,medium,0
0.9519369206494415,-2.113491715290133,-11.3755701930746,3.0381457376044225,1.948490681425497,-2.633596903077538,1.300007317564212,-5.083518396717787,-3.281755740770615,very_high,0
-0.2923233553101648,3.9753088873850793,-7.671789070653719,0.21523107307164446,0.7492183282422213,2.3482730576056903,-1.0362448713048538,-2.0046237567226797,-2.49704159758259,high,0
-0.3898298473309665,0.9980844591869593,-5.252566687022042,-0.5980544132345675,-0.09341366609154123,-0.6035493841415704,0.27801015228084014,-1.2727194945683225,-1.1029182853557244,very_high,1
0.8998492341571589,1.5218830835087793,-7.449158613691878,0.8878976378693284,1.2222054113617071,4.027983281913321,-0.7807125135227706,-1.9476607641670962,-2.8119929214069805,very_high,0
-0.5437035681597352,-0.6165024582005407,-1.4175796254678814,2.085433205210452,-0.03157243357599859,1.984003922658528,-1.5550032836691179,1.2727024409618513,-1.4645626848762243,high,1
0.5513796950529845,-1.3671068260365764,0.04723582939340909,4.6071551751831,1.9643008450145483,3.854796383778157,0.38077609856946315,2.698238157961518,-1.5825717778435238,medium,1
0.8794519557270544,-1.6367738884443543,-3.054018274180441,0.0931167398015782,2.6652186291456497,-1.143671725120923,0.6833000765549301,1.2820034371161007,-0.992803407125985,very_high,0
0.9552851196530215,-3.0575635220598896,-5.082647799059815,0.752773740959195,2.8573445461575044,-1.0315419871896847,0.3091450274751938,-1.9443701006722294,-3.0977520396718865,high,0
-0.25958631883905814,1.1615012125026372,-5.2022982897111,3.157047752328744,2.0613789296607514,2.0276282939933976,-1.264347531961679,-1.402165797170626,-0.8982635259080256,high,0
-0.5963290157224306,3.228698754762183,-8.935282754722163,0.7579185640860764,2.979643738392765,0.26358123920341914,0.9254726334215964,-2.4821419391496207,-2.479281165978258,high,0
-0.28659012557022134,0.2589919993244332,3.089523582575336,0.26736109783244966,-2.5999052717875495,-0.5669136176334493,1.1865385564481365,0.4091049835045033,-0.9150951664923036,low,1
-0.24249077662501028,4.037699106883898,-1.6338262686073994,-3.9707419418295844,-3.7801508417101037,-5.517615481502611,0.5185587020070208,1.3677004058548394,-0.7392372380752052,low,1
-0.0882309995583992,-2.1044440335859225,2.1472906133296905,2.4272753702191316,-0.35403309383648884,5.558579421233331,1.238441032249234,1.6453791284883803,-4.123809749759509,low,1
-0.5509514790470553,-0.49606743547349175,-1.4012556941567353,4.571705037875853,0.42863641318946444,1.887831984158935,-0.47717396864635264,1.9676279007885866,0.33658682051362354,very_high,1
0.04243194497039985,-4.039763480860385,-2.3460521967133596,-1.8539394218583134,5.79363691241809,-0.6481551257238327,-0.14723172285892744,-1.9034848815999352,-0.9201216256451568,high,0
0.6173444202551249,0.6909744541142413,2.1863149680378875,-1.2183850053810263,-2.0533144074048586,-1.2833212610327913,0.2830211481039283,0.9510747239706281,-1.0307322766458724,low,1
0.4234160439771832,1.8040729595282259,1.6820513760386042,-1.440074326489364,-1.6401358432353939,-0.8068896143194865,0.3060193007370226,2.915762610440175,-2.4940342097426065,low,1
-0.2531293702050176,-0.45546825565866444,-1.298241017811625,4.395154725681994,0.9541958557808624,2.7098140608685286,1.0310585464098811,0.5267233934300832,-0.20354209687070401,medium,1
-0.0025199346630348745,-1.0953311172876197,-0.9196118403083169,4.849034093181568,2.015646015804116,2.917989103940722,-0.45939821932964375,1.2249128661396784,-0.14778514629678297,high,1
1.7535153359567137,-3.9210088015141915,0.9016334754374412,1.1317858268213281,4.0960854400990305,2.2331106456015677,-0.2666481515157719,2.5194976439932457,-3.1618087718468795,medium,1
0.5478609875671456,0.9332955323124809,2.8033822648181883,-2.0831636262603697,-2.5104677143148932,-3.3119815171147655,0.4662139307105152,3.176063701942199,-0.7539478278672911,low,1
0.5747203158497204,-2.117659542887794,-2.5357266938149285,4.427044204995263,1.3489828498012362,3.0647165544700865,0.7469081719521758,-1.5006625918171528,-1.047102966388794,high,0
-1.4520894811137395,-3.3627297557217517,2.5211681831438106,2.311921719775795,1.1936860496448054,4.243567967056166,-0.9804572578232481,1.507671678315965,-3.230957796117484,low,1
1.7525568276266001,-3.1753531472141097,-0.14581021751872514,1.1547692460608499,3.6307737836773506,2.0750046986809525,0.6709867355084304,3.2857389082821418,-2.7929507983189916,high,1
0.5742041810712879,-2.1240101479623177,-0.7299059734475781,1.6814786111829514,2.8174409429257583,2.1438084822156154,-0.3953011051298981,2.768276627129099,-2.3623462624204734,high,1
0.09508813833213807,-0.458050773633917,-1.3236457444490584,1.5427262282493168,-0.8858380615009855,2.119923782644348,-1.0117196279958942,0.05022702744702179,-1.5708567550090713,high,1
0.7680904324722292,-0.3270190747533084,-2.1131566672218045,4.987516267405315,2.5045861782803627,3.115449568420566,-1.05369282393762,0.3361110659077353,-0.13411111847164947,medium,1
-0.33732164321844305,-1.2424585043344019,-2.1943899040204737,1.4690847009220407,0.9557028692229346,0.4415717490730473,-0.9986785740334907,2.5136555329293704,-1.2411945239636668,very_high,1
0.19545001343844634,-3.4027902343544656,2.9400887101624225,5.05436958386652,2.4266135010012317,4.566738282345856,-1.8594113277438333,3.9209272733937217,-2.3422539671416374,medium,1
-0.8976308975673679,-2.371525832446604,-1.9966460664082324,5.017635521418685,3.146166069186936,1.4210137419440718,0.790759760837597,-1.6691666632153253,0.5962931953704518,medium,0
0.8872820364954547,-3.7566510985438626,-0.8996617019549875,-1.1751154115328688,3.3850264118780826,-1.4677732831805939,1.1104989872357787,0.4242926426287703,-2.163001489687309,medium,0
0.7342435832860823,-1.5619946606189727,-1.8704406841995613,1.1734929601032718,2.7001784163044684,1.1955786683176404,-0.8585336957421821,2.624222551087344,-1.8138516408838037,very_high,1
0.4261675798833188,-0.791216087794385,-9.244064720330043,0.7513605568179227,3.8393523657365147,0.15807585117080336,0.7065757799810598,-4.1961712070297255,-4.038613663619628,high,0
-0.7878637789878272,0.02948388712837735,-2.1763238459450767,2.6829663315600367,0.8936009626121778,-0.7817957268936133,-2.3121337949384166,-0.7173585074311719,-0.15238032910032384,low,0
-0.8403963390102837,-1.1999272359480837,-9.742584501083785,1.8808264293897063,3.507080983245767,-2.656107696656811,-0.2439167157317326,-4.314690037141821,-1.3873305814998989,very_high,0
-1.4850870538243757,2.8721731957773557,2.39188906952036,0.42473558913522536,-4.79930539316893,-1.322440090216122,0.5622183853972849,-1.846052658171805,0.5582001345151115,low,1
-0.7493707557665616,-1.2536188761781109,-2.80204788390691,0.08196321026855036,0.6075863309652458,-2.148771558395201,0.6901182165598503,1.488050371884835,-3.4983811268939444,medium,0
0.6596593570784706,-1.6903890452658095,-1.6919715025424202,0.730026580915673,1.5715356639131055,1.3473355500451811,0.15156647912169247,2.6237638302746404,-2.787667117332527,very_high,1
-1.1867428136534905,-5.576335202984062,4.931728336618042,1.7500920419035113,1.8455253321542568,3.388431029776364,-1.7532824766553456,4.159057320819909,-3.4985493066687625,medium,1
0.5850807755641307,0.4232803305601469,-3.976806203837601,2.4898801272201343,1.1556610230478617,2.269658973138599,-0.8891611631610785,-2.253858738732541,-0.6044001207384617,high,0
-1.3619135284923334,-2.72262832875517,-1.5661633472998333,0.9547361003954115,1.733357256920028,-2.4406046950366544,0.6710616584437685,-1.0761530255464804,-0.26951029983146135,medium,0
-1.2323051836077243,0.3945766803994799,0.3271158426818606,-2.7654899487663975,-1.8057021376464069,-4.117896399579886,0.586080850525131,3.147448863710268,-1.686945344205945,medium,1
-1.3392955416154029,-0.31056945692945526,-3.810289253163752,3.12680956714781,3.77352017247438,1.6930950631210742,-1.024227725636177,1.8416239504370073,-1.0628467290842183,very_high,1
-0.19835142152254207,0.8090911490730017,1.6013288271351591,-1.2276187812036143,-1.8188352224317925,-1.2403939741064993,0.8641572584678064,0.7407695100952543,-1.7143421727818473,low,1
-0.3046743368548011,-0.4222787324862427,-3.907196618336929,0.6118295049706584,2.0340064551835044,-0.48064107117935495,-0.1494350994261376,3.0092811937389055,-1.2186945067454293,very_high,1
-1.1755518955942148,-3.4629377034293256,-1.5077228978555672,0.262397151934572,2.889459116160734,-1.7738928254206885,0.4637796824630072,-0.3395954665248657,-0.1251521480521809,high,0
0.33688911091927953,-0.2017142240910308,-4.173839591349596,2.004770483904903,3.9299890520904315,1.6363385681093972,0.4011023688025716,-0.6937453739371942,-1.1352026292210677,high,1
-1.0007930611980478,-1.69182060348786,-1.652783886008104,0.8536470026497167,1.775416727948808,0.9978617847936363,-0.03224989266554494,-1.797418841929434,-0.9600215760189441,medium,1
1.0993266114608449,0.45182007014531034,-5.155857237478271,3.6436301795225443,2.7169502518770825,1.1366479534056402,-0.6078355645218387,-1.7716984474961348,-0.5191405169109133,medium,0
-0.461267077018696,1.6171075044143708,-9.76717663402163,3.035862386242534,1.2323232770421861,-2.5343835013848537,-0.6475314766427075,-3.0123242226328486,-1.2639169136144206,high,0
-1.770135539636879,1.7594599705471872,-2.0698641616196003,-1.3299703863751533,0.7899604875822834,1.2291254846852524,0.027401074486078467,1.1695573241727306,-3.386864106040849,medium,1
1.5424791587644333,-1.7905039773792346,-0.45937830943486313,2.998661319781781,1.4509546329563068,1.6079844340215903,-0.005752326861869389,5.368591648868886,-1.6728963596015543,very_high,1
-1.3922592873961341,0.044769737047235525,2.2055474911022444,-1.1681448919231407,-2.1928748546175334,-2.4746042702893893,0.3323803713827082,2.0016708014043405,-1.4828754767886962,low,0
1.3921428262538251,-0.7271900575071657,-2.998815537930141,-1.0880791094687086,1.306051559479545,0.13323803489592745,0.0964196303442485,2.630803784713181,-2.825606955628473,very_high,1
0.1843093094732515,3.0030645818592836,-6.411484017188329,1.3612503739470214,0.7958392167948258,2.8907749870139074,-0.01242847841968509,-3.2161100609022277,0.7417515044056227,very_high,0
-0.7780354760703874,1.125859482555984,0.4850297138527935,-2.91885809180073,-0.5684585702686074,-1.3028838109172611,-0.3204678988229817,2.635383677471946,-2.4673034989299722,low,1
0.6116710609778637,1.9250991322076838,0.12397875718899001,-3.73073163607428,-1.8239483695684136,-4.149961944425155,-0.8745649977005273,3.4278339932750868,-1.5601118795159288,low,1
0.21606809225355242,1.8867037014715293,-2.0491390524439623,-3.1173233121850585,-0.898052464094231,-2.1837673106220876,-1.0325824379938604,1.6545083149390318,-3.1727886746024643,medium,1
-0.32314153813263663,1.6266265808177391,-6.682528265824189,1.3886484985220227,2.221119452733888,0.21867014516075023,0.841021304225833,0.6268898543463866,-4.731776339601438,medium,0
-0.9481409938130014,-2.723974176067929,1.4166910677265556,2.6152691187491834,-0.310802102268535,2.6901906264439615,1.4767127570318264,1.0746311259521373,-1.8281757126539857,medium,1
0.27242968364358955,2.373943132605574,-7.889376937639826,2.2019369097160886,2.3813887734740504,3.5136301290473266,2.559562250323274,0.39346298289679615,-3.166658175753965,very_high,0
0.8466506885827534,-1.255307111196907,-7.35926039687943,2.8262799508012613,0.20336927118324777,-2.504006529220497,1.1630857119482336,-1.3701412559125636,-3.039710060691328,high,0
