feature_0,feature_1,feature_2,feature_3,feature_4,feature_5,feature_6,feature_7,target
1.2903604216300366,-0.6700905738180335,3.8960185547809263,3.0295593949248962,3.7476237058354416,0.9120236709883057,1.1284939969086838,low,0
-0.9106272317567695,-1.3111438217869762,1.8909828145327894,0.43400187736644924,-1.496635853129968,0.8802141396241769,1.8344512005990858,low,0
-2.3600164440262077,-0.22366927419791616,-2.0072688959320355,0.9112459920504257,1.1288069551079767,-1.8622133264488476,1.4585778635422573,very_high,1
1.374036110836209,0.4249196023936837,5.8191184107982155,1.7368793648650978,2.3989478145071645,1.6766508027613596,0.5672727438610451,low,0
1.0273461145125398,-0.5687057065970534,2.8860427990714674,-1.3031019421654448,-0.9245291260124804,0.9662787392346717,1.006199938123718,high,0
-3.031289491698095,-0.6511762938917753,-0.7796637992254664,0.1689544844965729,-2.3879497301096544,0.24224423248964974,1.8788019115797114,medium,0
0.9122075883472853,-0.8466048423882574,4.289547954045974,0.9899914023250921,-1.128950868556525,-0.6186299507467191,2.0543923744733226,low,0
1.7277501532483135,0.05047105368346139,2.442722457340879,2.743920292642186,0.49442804404059604,-0.7358535759123606,2.212738356873867,high,0
-0.9023385071742794,-1.8929710769218067,1.4342936340113774,2.4746711743157093,2.241652384168893,-0.18142386111809947,-0.3927864740132787,low,1
-1.7645584094451219,-2.078519748890523,-2.7999781851048264,1.4081007067667544,0.37550254012435547,-0.3098522246904981,-0.2937771699011955,very_high,0
-0.843475269463408,-1.79807835994288,0.1030990330302536,0.04929656393007842,-0.9411265714614226,-0.9791804362775993,1.2706664469696054,high,0
1.641603107572033,1.091027909191477,5.919073255974316,-1.6209531012310243,1.0586862365090937,0.25014771603535624,1.3357524005330976,medium,0
0.8382994735183527,0.18587788362226634,4.6591021992656945,0.1146518193891728,1.0173187314596028,0.636180488684036,0.5575037388895594,low,0
-1.4378020649515122,-1.135119419411239,-0.8822992098365151,0.41797167362549326,0.37119560970245913,-0.8667302333337176,0.15025644985637032,high,0
-2.7867020286125763,0.22489579488632003,-3.0260572562750534,0.8856523734991457,-1.8245320622774828,0.0584770684681394,1.1282094956501623,very_high,0
-0.828082048337552,-1.292966012403528,0.9015175234642187,1.0790005681637238,-0.5758504801156852,-1.0172453692868415,0.9236034271897458,medium,0
0.03855522236267839,0.3608606095656809,3.335570234604442,0.9091004936552232,3.5865771352268982,0.5208656925615726,-0.7051872791780434,low,0
0.7377876977573927,-0.0909208031237956,6.249375311510812,-0.7618007064949384,-2.8246002613456307,1.4940052477075458,3.6996282832238947,low,0
1.0126712954931858,-0.5954243852430158,2.2688260279230597,0.9291383651987435,0.9935376144270394,0.13886398920054824,1.8525521358269115,high,0
-0.4781565329154911,-0.1301955328047618,3.027041945821839,0.6194395672206497,-0.3470114525614538,0.016440928619381696,1.3074636753070137,low,0
3.4498028788687316,0.22631595289847858,8.220249611888933,1.5100440105261947,1.4849125140853838,0.4963464110704922,3.2099270719780666,low,0
2.0965539411506495,0.9130708059288597,4.957630678952429,2.8894572456864536,3.328185897932711,0.027010554301906357,1.4589007312916125,low,0
-3.007241443206779,1.0062407473116368,-5.352848786328755,2.886619845060884,-0.16430259721676643,0.818908306347284,-0.6685555690225278,very_high,0
-0.11635790083371411,1.2195329359482587,-2.0977526877378194,2.492403168500223,-0.37271295292704176,-0.9043951229546204,0.29986709021798374,very_high,0
-2.2378872650569144,0.3898476493774196,-0.2749322226829088,1.7608027621275986,-3.3023405528178404,-0.3632491822528304,2.4723558683092652,low,0
-3.3542684259139595,-0.8781350730726438,-5.05166184486235,1.968836039053181,-2.377539245586075,1.820580268264966,1.0202227453446187,very_high,0
0.5225206190749156,0.38213127589080353,1.6668781434015665,0.9127077086560533,0.864068763515885,-0.9906975095362324,0.16353460582182544,medium,0
-0.506797820966365,1.0771925042677897,-0.46544503575113927,1.589409326900973,-1.7935831540149103,1.4170770333431444,1.587253980254569,high,0
-2.81323904661397,-0.5740647135680381,-6.174473891368747,3.456431336963112,-1.1732999967412086,-1.8364888385704266,-0.20809956761251236,very_high,0
0.7928263903533574,-0.02794777127829265,3.7358262569441374,0.5091697162312719,-1.1164879975553021,0.8293439252262819,1.9840260825629579,low,0
2.899339021917579,1.1031739387936397,3.4716509306186145,1.010324555511299,0.7788188662371676,-0.032018804487070805,3.550969075394393,very_high,0
1.4787543635522093,-0.45566249801366066,4.545502442878811,-1.277804209936524,-0.6210215189276918,0.7370228555563136,2.077749456269523,medium,0
-1.0061118054997997,-0.46834868855944944,-0.6488913838028806,2.4588618606846757,-1.5106673247151388,0.8215388173082104,1.2436264916561832,medium,0
-0.28747988308775874,-0.5944136985779728,-2.557101260503795,3.774310994222313,-1.6026805384306044,-1.14506791648254,0.8153041823774493,high,0
0.49388185772575377,0.18145900694253897,2.288261191101739,-0.6534674105235256,-0.49438849511642746,-1.7720278284240423,0.7311808088659781,medium,0
0.14952806720298062,2.7008664695495948,-1.052667141904456,2.6743472562737507,0.6882860057162781,-0.07618566995191904,1.2007724241738942,very_high,0
1.2754597174048237,-0.8229486258623573,2.0968439859714687,-1.885114284952799,-2.0093685874918634,-1.4635031033044061,0.6116963895974395,high,0
2.4742679219222605,-1.0525230549973785,1.4023790653290675,1.9346814141765685,0.5939693522319672,-2.0868485293159376,1.7501433156416182,very_high,0
-0.9719280126175798,1.1974231998049074,0.00808628030656092,0.677750414822761,0.5006882135247835,0.6952927266643856,0.23832635158999904,high,0
1.0191618054747904,0.6685626163371267,0.43179462702819005,2.110533529210874,1.317887372018052,-1.4481247752768684,1.5082301972914376,very_high,0
1.3381736821203456,-0.24105421459396426,0.8985768575708875,3.910732673056991,1.0445044688131886,0.2739357369313382,2.3665146354720292,high,0
1.910416309942268,0.11562079042143356,3.1326434848038573,-0.3654830817362389,0.18189717346723988,-0.9658716342550967,2.478573700741755,very_high,0
-1.0205657704070004,-2.3480683971008265,-0.8315485458319798,2.476144487082286,-0.9584668603686299,-0.005722840904920714,0.8104511013469097,medium,0
-2.405178055586588,-0.8497950030229446,-1.20412143665404,0.1453270465768055,0.6829126487221784,0.8011285839119535,2.3487439895898916,very_high,1
-1.074775338533832,0.33262078478103885,2.885209779012806,0.09420104799960627,-2.4983559869073666,0.10173720583992668,2.7181841433269778,low,0
-0.7635271691779932,-0.07232900130230689,0.4488410630386001,0.04077970208290016,-0.790747084298795,-0.7376262652708545,1.2707486713221157,high,0
1.0261776677889567,1.961104291291467,2.2011267713907903,1.1837222187425036,0.9293601411443912,-1.6600681494056964,-1.0795245504021735,low,0
1.4206321636006776,-0.13242558494333675,4.2548420104020686,2.0389781066558057,2.570548642356885,0.08479772902614344,-0.42304593270812285,low,0
-2.9354525708434016,0.9525905079520448,-4.74843598876971,1.5129371941191616,-1.2649931442117888,0.3878273420089586,0.38941207961123414,very_high,0
-0.10763416673961967,-0.2528800657783739,1.942673490746269,0.2917942473481919,0.7543206642712055,-2.4417069869024868,-0.6641302910886382,low,0
0.5302828516533569,-0.25880086360891674,0.9686999047726444,2.724899594820568,-1.675136520422763,0.3612522833635362,1.6423177949713297,medium,0
-0.010437137614800251,-0.6994895050506996,3.799579249181161,1.588282019529457,-1.1150796668055802,0.48052966252196005,1.8063787920179792,low,0
-0.7681042548126051,0.746394873522203,0.36222044691775596,1.2052095927596151,-0.8643290758083855,0.26532805499989953,1.0859029709340846,medium,0
0.7455425782418117,0.6934958206046,2.0899451391725035,0.9027042414840764,0.1918479577525687,-1.1804984869976387,0.8674800928793839,medium,0
-2.464324262947537,1.7553110706333046,-1.8837280016762639,-0.4909920763104796,-1.5981927275276178,-0.3310521687503577,1.3315496754013656,very_high,0
-2.5826928191925997,0.901998378210093,-3.5876039811749356,3.422490527785989,-1.097577082622959,-0.4372359421583744,0.2021485686002088,medium,0
2.782512947764424,-0.31818071752668287,5.98182193185368,1.6925997533454553,2.933992819970359,-0.26601669556034696,1.7942816455632646,low,0
0.1271864296095815,-0.21752938383354903,4.29193052066576,0.31509271896987934,-1.7594051343103358,-1.0034720886430621,2.446640782581275,low,0
-1.8322660353540685,-1.3191719578321237,-0.28436862399418816,1.3220795337438673,-1.0027469799872741,-0.15717849993016805,0.9664102924617233,medium,0
1.4703784358472682,0.4165235447151714,4.7535706732866885,-0.9364445430382957,0.2721221729906165,0.1973684622346911,2.3793416384268484,high,0
-1.407551420977612,1.5651034055742439,-1.649638765509309,0.4131630052522389,-1.614968871149341,0.5003332073206254,1.2900926358916347,very_high,0
4.564834195953113,-0.4414758053129096,10.533139656895015,0.5414043838470761,2.1241427585240773,0.893347262608146,5.942494604002517,medium,0
-0.40605708612217584,0.3782589823179224,-1.2938432436148943,0.8312923929740453,-0.46202966813351365,0.08190541260407326,-0.16534282105760179,very_high,1
1.265344961257629,0.06318366880775604,4.31028605906955,0.9347640108176432,2.319589992093225,0.24191498432149858,-0.13799473649085425,low,0
0.533181994110582,1.1574219459938258,2.6934560019868226,-0.15803819901611904,-0.6290350481784355,1.1494770608285296,-0.03675972235022518,low,0
-2.165245231830084,0.5229715738969453,-1.2476296938418832,1.3545357886239602,-2.8012696227329483,-0.07151400927298215,2.006310675227873,medium,0
2.1808143073916746,-0.5472184402659728,4.868497832579313,0.6714089286714724,2.1264869949786904,1.7897907703084006,2.4912880473005905,high,0
1.1006026094382328,1.4225951977899767,1.6459092224019964,1.6180318655675447,1.3434631535200916,0.48689481116196437,0.1999434925790795,medium,0
1.2767108585575373,1.2074257491566482,0.9541939763214332,1.6373934523411238,1.9857506014047024,-0.35654242864278574,1.479132404692082,very_high,0
1.7598904729895533,0.2852819511674943,-0.5595365937509652,4.173477204961563,4.088781231712091,0.3220204796552139,1.6681835990944007,very_high,0
-3.6614882683065177,-1.4477067680783553,-7.032453047991255,1.623658163151555,-0.5632418509994129,-1.409679294659649,-0.5816658118102433,very_high,0
-3.6842521548571074,0.26170728347633937,-7.903225644465402,4.580952634210624,-0.6990103734488633,1.7662424096718539,-0.9908754840118645,very_high,0
1.5661179947772284,0.722495769442937,3.6508140421602855,2.8521373385433018,2.411567077223241,-0.3166577647366437,1.7905820313975902,medium,0
1.4235364865672602,-2.239791630366121,4.013097034767336,1.6838858069304008,2.2975314832602374,-1.4431152891778112,0.9068479488341588,low,0
1.1170927399455606,-0.9676564282885214,2.7730772316276076,-1.3660020945674793,-2.114664728372526,-0.3032607776667061,1.898046596940671,high,1
-0.09903281799493224,-1.4216690480590324,0.2769133992057391,1.4148441036961,0.03637565386375252,-1.97072128184557,1.1722277643528365,high,0
-1.4804089490100838,-0.28948326918784945,-0.8790358956881684,0.5608138101788961,0.6602796486314508,1.7107757776943866,-0.061087188634471934,high,0
1.0769855405608935,-1.5234420581356198,3.424501945917486,0.6809875657319575,-0.7559675728031725,0.180321249177299,1.0973432247218862,low,0
0.4938173407433052,-0.348308395044006,0.537269737044788,3.351008700897629,2.650471823350436,0.1923689270375111,0.6703001733695908,high,0
-2.282136663848663,-0.2540205661706743,-1.9700965258310166,0.9125442686386336,-1.229408265803979,0.5992628254007983,0.9236453472933679,high,0
-0.5359465266078084,1.14820478465649,-2.7813414132112833,2.1018138775314092,-1.4455818092679786,1.684383328181538,0.9234187561254228,very_high,0
-1.8671082672311434,0.31976551348186155,-1.3157359347775675,0.8027325811779282,-0.6165575598184865,-0.18269977192188713,0.6649673872593785,high,0
1.9889575438741751,-0.5445729318237916,0.18361931573123247,4.177223114984028,1.908521118688323,0.4930864020479377,1.9643038620959463,very_high,0
0.37900953013471894,0.27046350873055675,1.690804639448817,0.34402396140615743,-1.0159944097010027,0.02198155264360243,1.5953273887058295,high,0
0.5916197281817159,0.4265392900265429,-1.1437476084518057,1.811612898332403,-0.5353321655092704,1.4901435958834768,-0.40369487144884997,high,0
-1.9606967335235097,0.07374078620654491,-2.6638551018107774,1.7134044338098895,-0.5296098715637348,1.0027214151773136,0.2576392969952056,high,0
-1.3495709647335477,-0.31316152288011356,-0.5124108065375509,1.0249918091665036,-1.4784772290280292,2.783235142247329,1.3720561143613463,high,0
0.04983361877248749,0.6511897695753841,-0.1890553683419258,2.6837949689757283,-0.48612885362757197,-1.3691326623816966,0.6575541543335771,medium,0
1.609144829488899,-0.3149604124547449,5.06295918808017,-1.6832777975576658,-0.20303214697026228,-0.3539513876737683,0.1951736222754017,low,0
-1.8897656630094097,0.8930559267110364,0.02868266828732482,0.4953791579975886,-0.5000294129468419,-0.23861702851060518,0.9033623290955455,medium,0
1.3205544584590305,0.01290129556830568,1.396160347974529,1.1365591169405285,1.0860815136009978,-0.3072898386747181,2.019044578893953,very_high,0
-0.12527182221713806,-0.8039203442394212,-1.285621814023014,2.4231099210974607,0.8092827846027257,1.216528232549537,-1.1460819770215338,high,0
-0.730370778496204,2.3464013239933985,0.47646839376081235,1.5937768785574198,-1.8101901121544695,0.6563853008413225,1.6943512200998205,medium,0
-0.781371333861655,-0.7841627421933196,-1.2684570842982308,2.1519705178936936,-1.8742100309766863,-2.5460050646214696,1.4975047628901441,high,0
-0.024660195844903088,1.3083383670543278,1.6665885123192115,1.2079139262631993,-0.24537107971205152,-0.14915398896724377,0.9654990590069177,medium,0
-1.276895986463316,0.11906207824307634,0.7274187392466176,0.27174358386452646,2.3720997401982062,-0.5540155332467,-0.6091765345151728,medium,1
2.33793023695935,-0.1921046806296761,5.74608804952548,2.1242821051600633,2.348089465979946,-0.1486203834314553,1.8943792502651156,low,1
0.7836901356543398,-0.8614127291863422,0.21647264976527233,0.8560202283740078,-0.7115761872093729,0.6521678851156861,0.8256950549542914,very_high,0
-0.516255456680789,0.8541996486128164,-0.9224138906960941,1.952712064662321,0.8172220924694609,-0.23145221498765425,-0.21428372427579712,high,0
-0.8781967247781637,-0.3226764649999652,0.09656849427078508,1.391738640883077,-0.6895226976758033,0.14853101564150475,0.9393508046464569,medium,0
2.2041233399812006,0.42872799329406813,3.529265678600446,-0.6738845326169638,0.577467143840292,-0.20430720860016585,0.3437362726353681,high,1
1.9024504024352578,0.6690752544963648,4.407693150961339,0.9691726434894753,1.4232827856909596,-0.42093356458376585,0.8272307966189074,low,0
1.6521247408711446,-0.04459867199522342,3.7243574682327707,1.0056887546316475,0.9227461337381304,-0.7059851654989105,1.0457682507232584,medium,0
2.3395850113743375,-1.967094562906154,2.7744454130810547,2.750172333246288,1.7801911031249804,-1.4703801346757173,0.42225438199442966,medium,0
1.0898733673622971,1.770957553347745,4.456269296958868,0.9453689410049495,1.5591728936220364,1.4316359869379698,0.35603255147783086,low,0
0.4113433949216718,0.11416908348812836,4.752932646974107,0.15391831978146975,-1.9113089083884667,-1.2233070477865036,2.736329117057169,low,0
-2.4844542125724214,-0.897930893380057,0.15842070132942468,0.39573208702753115,-2.780256732559989,0.6306798620978803,2.2826300980195215,medium,0
-0.45823481637876085,-0.7834881283458742,3.5966670833834153,-0.8056711879841354,-2.8038444363606434,-0.8825972861435134,3.1866931099637474,low,0
-0.4482302899616586,1.2034600569003968,3.4247563543844635,-0.24714858999882838,-1.0882545290161896,0.5341359422659844,1.9016594842617627,low,0
0.13611556018338256,0.07969406738271223,2.7078361038400134,-0.4496058056676955,1.1875691692297052,-0.6048743990091834,0.6340210817860839,medium,0
0.9586163782783317,0.4395100188191182,3.060807969959447,-0.8083351351985473,-1.2187865527932473,0.19462857791741106,2.1560893008950224,high,0
-1.7750136484280254,-1.0786607710305522,1.9824337808482735,-0.867732974772929,-2.159573490349213,0.2600545154607801,2.3528352267320276,medium,0
-0.020229328242644895,-2.01149132546182,2.846227938835302,2.9570594907289305,-1.5037327964672684,0.9291895615477108,1.7093299741712016,low,0
1.8133589862364943,-1.2485816890997645,2.8338136082416248,0.013133231333485762,-0.27068532669636025,0.20681636179140384,2.1190615693237396,very_high,0
-3.996947056214256,1.5685339387093264,-5.1863368034043935,0.6898837066730311,-1.1728512802350395,-0.4191337935889047,0.2903636836270188,very_high,0
1.0839324831470847,1.5301720552205211,5.260631737717815,0.040477548173063704,-1.9073732388102647,1.4356771037997966,2.823163450825585,low,0
1.8485762265073054,0.7179313858226648,1.0749250973565163,0.1811958616469762,-1.3066796003491914,2.014113723359744,0.7364347912966543,very_high,0
1.1515202257302508,-0.7312609733270449,3.8455715170901654,2.0494106241042784,2.501601976242065,-2.4213797518772786,1.539469008866018,medium,0
0.7003363044360387,0.3621843221046941,0.7685690532445182,2.17608013175355,-1.2650598373613033,-0.524892565636485,1.4130087453624383,medium,0
2.682299141055534,-0.11038318064603528,6.391986889337329,0.6534282954585141,1.3675413333120994,0.048668043162752445,2.786024374467692,medium,0
0.06914660790674132,-0.08815486887039078,1.842340909706896,0.9482464612146071,0.32167386897685113,1.7776448188194294,0.1362780844660545,low,0
-0.8647565377256463,-2.4857949122861833,3.31689707951595,-0.2905214890773191,-2.467295104329776,-0.5855215618957392,2.82421541051358,low,0
2.7378325730464184,-1.308778304485956,7.5602506330556585,-1.930541789250617,0.12462205822167483,0.9849501030058511,2.678903503710593,medium,0
1.0969323383139706,0.0612527103403872,2.9953526358377647,1.4179655179202002,-1.3629604801379145,-1.69842690923735,1.972117495204226,low,0
-1.289792565581349,0.5608432859764206,-1.3035330623520134,1.5984032096812906,-1.217730968530282,-0.9172066963350255,0.9658183640993473,high,0
-3.0537664557372315,-0.20367863457235547,-4.633681947796385,1.4545444321693939,-1.223735800820637,-0.5749088287057034,0.3035426764399133,very_high,0
0.8561332242686482,-0.5021078248296975,-0.09197174646994699,2.503861547375179,1.0285664684052032,0.31017582718283815,0.3943846430439716,high,0
-0.2573536881709012,1.4425781722524427,-0.8446115345357746,3.034744956791148,-0.5850328667335113,1.5628898196781764,0.521702158792055,medium,0
0.024023823748061002,0.5795812479848041,-1.088666632769902,3.6646398364242216,-1.383897011182844,-0.8708988204679343,0.8672061449164343,medium,0
-0.24994839520408807,-0.654984488608719,-2.4503779323037027,4.551328730689104,0.2731292929288929,-1.4680216487673514,-0.455275575692212,medium,0
-0.7522502961807778,-1.743694507057237,3.5799367082968323,-0.5142936841336077,-2.524868983630586,0.7096010214014796,2.9615509200644468,low,0
-0.05006710582928453,0.8741140818178601,4.187111589500835,1.3487116543638118,-1.5736245300952303,0.7354432862041588,2.2000844311351315,low,0
-1.2140242712044182,-1.6807796249106517,1.6982978723749618,0.8478057716358011,-2.3737791108267157,0.74761024527205,2.3047402214285406,low,0
1.0342213214276428,-0.780043158149952,0.6204215063335158,3.5553136676454447,2.109825074655215,-0.604675181631919,1.3078925058316515,high,0
1.7521565892388897,0.35367937589104814,5.583954358486738,1.6740951314391908,1.7347519595415253,0.7167276477173428,2.107193315330969,low,0
0.8572915973356303,1.0477015688776097,2.673973234941016,0.4644638365293644,1.3976616360296097,0.36516063247516933,1.557554519837291,high,0
0.49910572037965284,1.1687689170111202,0.022728161988506166,0.2728402690622015,-0.7261154358746429,0.05523043648111129,1.2737715375918923,very_high,0
-0.2857880561428475,-0.5328515408601846,2.0739539009793218,0.3857183007379593,-1.5949875974510337,-1.133006565781397,2.0398243201816193,medium,0
1.3241430855760918,-0.3488519971912,4.837036413831093,-0.8991303803682011,-0.4385486658805442,1.0325617203605524,2.75294030857897,medium,1
1.5998108562336655,2.097127212373027,4.994009104925718,-2.804817730239833,-1.2910774591581993,0.30261352594625407,2.0143730485688023,high,0
2.7780237048800265,-0.42967612707459496,8.705197192482256,-0.6182783831277574,0.7095187516459279,0.31537289612739006,3.3228786672694675,low,0
-1.7364488742828792,-0.2329550134485338,2.743022717529169,0.4681271698865429,-2.852529556315603,-0.0570799031958977,2.790126410018336,low,0
-0.36617408123528516,-0.05801509439393041,1.6984092341293364,-0.1894988122497503,-1.3114501634728706,-0.4533646542708436,1.794741423641353,high,0
0.474864981944607,-0.5186250012643829,0.7620073614301461,0.4179288430111895,-0.3102297055895653,0.5170003025139351,-0.3146147993299271,medium,1
-3.322949787595044,-0.8840363742048806,-1.4536521520280963,-0.9458050339157922,-2.24391214680181,0.6939832403270371,1.8079127254050091,very_high,0
-0.4482030403887439,-0.076993664138338,0.2600269344541247,0.9755719495261671,-2.0014035301635733,1.264915894972302,1.9319471709581786,high,0
1.8449863185013913,2.010903035413434,5.987801891725161,3.1894753288514437,2.852273982775546,-0.38005365060030677,2.1933961819099763,low,0
0.8744525161752617,-1.688592200627407,3.699693708078841,0.15359074679061568,-1.976416477122962,0.7845362375298336,2.644693919645346,medium,0
-0.6317117497581486,0.8253075172403137,1.4285678965945083,0.715142510713136,-1.9693226283664127,-0.2652238654505343,2.0364446401748526,medium,0
1.7609743004954392,1.3964657004557333,4.472170520836288,-0.2122442306131065,1.8239858762017351,-2.0771596593008277,0.886398427679643,medium,0
1.8239461092845026,0.03709234193645584,2.4784857439492587,1.2318763039670415,1.4773119991405383,-0.7296578822941202,1.4998849037883044,very_high,0
-1.3684125286315272,-0.35641653402274304,3.0326791736310486,-0.010128431553746653,-1.4617742332292973,0.07759838974533693,2.0135447895200125,low,0
0.19995685264349716,-1.2006437323210952,2.8006617209335607,0.2344462651320478,-1.7609730014076548,-2.0813413886427115,2.3391932981125523,medium,0
-1.29982347466374,0.7311108396894743,1.5530640109572438,0.6538657145982618,-1.4840524978133098,-0.6391392177850403,1.7047881332102959,low,0
1.1587528011962394,-0.04145796232978563,2.723423449479752,4.01705969179875,3.5661082256299528,-1.1376002049642353,0.298098180347384,low,0
1.3448757315979931,0.06301765889922856,2.867565032640718,1.5916380989567909,0.8655104385571714,0.5236847413791645,1.0096820497075014,medium,0
1.093541530617844,-0.623180315308064,5.218453527713542,-1.44665966552255,-0.7364421774668228,1.569584066281079,2.3809247084657716,medium,0
-0.8556196788123784,0.6421210038765839,0.4054286239809703,-0.6437392059657687,0.06681742077105879,-0.7596517608333779,-0.7664417198157283,medium,0
1.1223865265930337,-0.287584147592097,4.769364028139876,-0.9885069799511708,0.8386444824464019,-0.20675440342927123,1.1971223596824128,medium,0
3.078278354567475,-1.3449866686084093,5.647106410411572,-1.8513797924660464,-1.1815686175716362,1.0828414339163912,4.226476217075964,very_high,0
1.4373509799004707,0.23586506574957086,2.8182753946464865,0.725202957972899,1.897260677413172,1.151515145933001,1.9119508281039561,very_high,0
-0.34156611844794804,-0.1222021510407434,1.6113238478928367,0.14158909286801769,-0.33238998647573614,1.210382609061763,1.091871702757627,medium,0
2.1341595354431027,-0.8959470035887789,6.235470672901171,-0.5580018614678344,0.125183019459834,0.2710342528612446,2.7804608084455147,medium,0
-0.8695233206164474,0.27004961344519623,1.0011146958765549,1.6425000195274666,-2.8685372190650114,1.3986246105594142,2.4628913741314458,low,0
0.7873741300841712,0.6400560810329173,-0.14445789595016595,2.1688399529638485,1.2395294226713935,1.6881570529027907,1.3771633513845867,very_high,0
-0.5964452298456122,0.46078884826140104,-2.368858647492123,2.942427479843931,1.2709876401185434,-0.3933924379557356,-1.4090430622643766,high,0
-1.7383374113425778,-0.9934335991331157,-1.330627024411123,1.7091904652599366,-0.2868770633333354,-0.7244397601032758,0.34801388874675054,high,0
-1.8343303443937264,0.222043548146072,-1.0462863897340815,-0.034396800039930175,-0.7418008492436654,-0.9891420800806211,0.8994119786274932,very_high,0
1.1265755904634331,2.036042832840112,-1.7111373566227221,2.074824688081244,-0.1362867092781248,-0.4168996361193892,1.119160815511981,very_high,0
-0.25978714157521043,-0.4042782442120789,-1.2438065821033393,1.5141272691425982,-0.03454135383720347,-0.8167379318649001,0.3495094308243406,very_high,0
-1.0473170893160433,-0.3797311250338392,-1.9544707730106679,2.5112500520636063,-0.8331979326966046,1.0766646515022715,0.5128647479978464,high,0
0.5235716630106867,0.7972522985400334,1.8835120625104707,-2.2590290875371055,-2.3265725673682516,-1.5390549215704685,1.2384438852110182,very_high,0
-1.7611372360134774,-0.725887583831994,0.27056182473409524,-1.076710155941096,-2.5864359497296565,0.2991956221800896,2.4123906312532215,high,0
-1.3786945267819362,1.1871272524080254,0.9782382695797885,0.4587886576284701,-1.0418144101127909,-1.113844377401017,1.3775393171638612,medium,0
2.002544223489555,-0.5234524298344567,6.314058301534632,1.1885544298468858,3.014587035820526,1.2931480750212714,0.7263606461414175,low,0
-2.494231474054171,-0.42524834572950676,-4.403358712490517,2.556062170090784,0.4525031297156217,0.8378336775244427,-0.8055182260153002,very_high,0
1.633684798204702,0.9118135935708017,2.827293881566504,-0.7245935272875992,-0.9094702424506582,-0.6687782387811225,1.4553923895849934,high,0
-0.6511464616681769,-0.08412958314923621,-1.9345086632999504,3.0662928398412097,-0.3763453102102565,-1.572750405691489,0.21574802809043647,high,0
0.5351907541003434,0.6741440051199892,0.07037436700163051,-0.11094518039406132,0.12246888269586864,0.7162624964685291,1.62662001491079,very_high,0
-3.2652277181890126,-1.5722757797245785,-4.831814026947692,1.2444183459980438,-0.4155647575902889,0.09888721585518365,-0.3025696880804791,very_high,0
2.05419909319325,0.9088890363692873,3.6461737472150797,3.3036340004872597,3.0641862921588237,-0.7214407498302056,0.9626725887825838,low,0
1.279350707474507,-1.4631012512496988,4.206742145632539,-1.673984818556436,-0.5191854005178993,0.24362002148982426,2.60527267861886,high,0
2.6545213538521413,-0.08213666355404634,6.2932949036335275,1.8018485047287887,2.8876635736239074,0.9867616174828228,3.158078875289479,medium,0
-1.7240974507900426,0.058438694883587584,-1.4031330594584148,-0.10474300885441079,-1.3162896503900647,0.08543868521990976,1.1627548989466294,very_high,0
0.5983653726068727,0.3072039458978721,5.265455717542497,-0.972707727436428,-3.275722743232695,0.04420617488045252,3.8781543580730897,low,0
1.2430655871084944,-0.438408888036707,0.5738968352284044,2.4684829816904603,0.9432931896707051,-0.05248268231071405,0.4373426099079819,high,0
-2.3607472450768494,0.898346125075529,-3.370214053159129,0.4478264637706282,-1.1356081781081888,1.3049402040080331,0.6820675059039628,very_high,0
1.2233667639804806,-0.8791531990935461,2.0090359068969907,1.6229044160433146,0.1072411968607705,-0.1350446018627742,1.714389152612776,high,0
0.4937487551554447,-0.9692791983443653,-1.0939485066294115,2.658612966087392,1.002057549705486,0.8439892521191966,-0.47176783540111855,high,0
-1.6600554044511235,1.5353337166385135,-2.908840545681739,2.915399496973894,-1.3674097024401397,-0.8635683597098927,0.6133745081128846,high,0
-1.6676910176030078,1.15423480489976,2.101701016508128,-0.2840085263185703,-3.688122210569947,-0.12324193885113374,3.411918121275793,low,0
1.5212899870301122,2.8220002498383985,2.8856075476455216,-2.1049083423694803,2.463872935684611,1.078651945959726,0.3662853982118932,very_high,1
1.227329264247857,-1.0237344452778183,1.2539793996505118,2.153013797142856,1.8117631544247206,1.0171742141701563,0.8108605837026108,high,0
0.07914277328047281,0.1809378270039994,1.5906010847656067,3.5527109745689653,1.8506056580224834,0.5210286893314037,0.39266701542052584,low,1
0.10103307096834979,1.3615382028481113,2.6632801275026825,1.9504824958491678,2.536113573134574,0.01620659948405166,0.07662441087333871,low,0
2.0638984147299313,0.10654467643437403,4.511168597570627,1.2700062453815177,1.23299028112275,0.6349628736125502,2.490414816136375,medium,0
-2.6924149471089436,-1.8564315499362027,-2.4303606401792646,0.5481793071231618,-1.8836431233382065,0.40388809474061865,1.267599979943305,very_high,0
1.4299844070084327,0.6061496997584691,3.377063088986946,0.3368573389293459,0.3249209026079173,-1.47561274638294,1.4740664783503217,medium,0
-2.5765003788249983,-0.14101571848969216,-1.2648276954411257,1.0021242624233841,-1.5205049117149634,0.4762650172565557,1.1831925819420548,medium,0
1.6100811649410867,0.8586634390775747,4.092889165803285,0.49918736113134476,0.62109831253781,0.5429852023911051,1.9028676219091283,medium,0
-1.0099074082181219,-0.8314786729014906,1.5623947476451334,0.1431487846138937,-1.1200655462867484,0.4290068480163878,1.5910405278679973,medium,0
-0.3194818853267338,2.728499745296607,-0.8509347262575936,1.514151564551418,0.6141139155890477,-1.363404247337514,-1.1654609809948269,medium,0
-0.4436569690867179,-0.5862276942809993,1.2139318281956146,1.5347539467126297,-2.4795371813772595,-1.04635003568742,2.2775697311354692,low,0
-0.8952853948885301,0.2908711906440859,-2.530079859927677,1.9260453019205084,0.22440430099486153,-0.6505419960415696,-0.17796224536936078,very_high,0
-0.3492653669213015,0.9680296071963479,2.169458854750663,0.7158536895884524,-0.8925784108909445,2.3388229415282447,1.57591534037739,low,0
2.0092342600562114,-0.943940643332437,3.168055914963313,0.6475780985065792,0.7084844508021853,0.3234523642603904,2.1535977198042007,very_high,0
-2.3949081308645885,0.685558363217184,-1.8544693746892247,0.8642616562837193,-0.9122608958108058,0.5546322006406813,0.6925218483435697,high,0
-2.9173451711648464,0.9031675919947765,-4.01893581356958,2.166375925159392,-1.7313752120748473,-2.011981365705703,0.7162795066909268,very_high,0
0.32370707429321555,1.561022930447959,-0.3754820124314917,1.1111610502801328,-0.1922744379218504,0.8313642544759895,0.6813217334959278,very_high,0
-0.13998359850683162,0.6121619263953538,2.7766576194815933,2.497113172700316,2.3274962675837134,1.2031973581423765,0.7991356841471366,low,1
1.0357846449034716,-1.3212337376636916,3.2395284584279906,0.29581308844689447,0.6678724455431944,0.9865140038042008,0.5486738865960439,medium,0
0.9893324103276783,-1.5404327171242964,1.0345768697146278,2.3922869644428393,1.7706365240764752,0.3862260641045818,0.9029668617115116,high,0
-1.4061727091419745,-0.10798346674527037,-2.1106474348521207,0.977873930221304,-0.3614914137823746,0.14018003100159276,0.4350194858898281,very_high,0
-0.39572145130664094,1.192606204977316,-2.7673363285244483,1.9431581947850662,0.4174869960987413,-1.1963398992102119,-0.8241188924471563,very_high,0
-1.0225585345797632,1.0958734549768259,-1.3402780850527267,2.1560800885047025,-0.1818433806634061,0.3345576345378801,0.24100424270212284,high,0
-0.11342655826185988,-0.20486063427138504,3.0113073358295375,0.5077095698906637,-2.0279202773075298,2.239965192231448,2.4043698666406863,low,0
0.044762343526671744,1.1984823523838992,3.177297862782362,0.9591723656359794,-1.5906215907902506,-0.29289083020299683,2.1094984143012456,low,0
1.7282877421725562,1.7469896981754964,3.987154210030583,-0.4374761425074888,-0.5867471752435063,-0.5690613908465737,2.4353016785528196,high,1
-0.3196838574833314,-0.8033419752904754,2.4326339747746655,0.5199786201665237,-2.160230180241785,1.8304684749987743,2.4226253565482674,low,0
3.2792075607830764,0.15385422887349898,4.95952419478092,1.2115471596317562,0.4525635065284872,-0.6912124377911172,2.1117229046410655,medium,0
2.112261835626128,-0.20313204632342813,4.659541626342815,-1.406127695415406,-0.7417252476530445,-0.40359333698691013,1.897819119295355,high,0
-3.007266688822593,-1.497858674779467,0.7851453122714328,-0.7623213377273699,-3.4468611409970835,-0.5391106607016489,2.9441488939717693,medium,0
3.147787949419026,0.35747018584872403,3.5978684482773766,3.595758983448148,0.8784575663319028,0.33412624733823465,3.167458309220944,high,0
-3.214018495174747,1.9359140507224122,-4.6714231708562295,-0.47582140414481766,1.1931904801343212,-0.6272574628615696,-3.8144237075086815,very_high,1
1.0103652346886436,-0.35997617358090106,3.3600720364119416,3.0344217368306103,3.2730076485576785,0.4121143007306019,0.19861754808421006,low,0
-2.9009259838523755,-1.0892244918732625,-4.030116325708405,0.6994977952685285,-1.536405947894354,-0.0087895221227777,0.7365703720850498,very_high,0
3.008029572144463,0.0016558556219512324,7.160896400856145,1.0949229478482938,0.9617506458478638,0.3520248287892806,2.512454179161278,low,0
-0.5164453248750517,-1.2482747560297265,-3.3572815149565733,1.7116554473106498,-0.31246957397196895,-0.4560416742859714,-1.5058982590467893,very_high,1
-1.5967011342209825,0.8990415328371245,2.008382382945769,0.11017046876717651,-1.6118162688360342,2.3970239182011865,1.9719806720227755,low,0
-2.275679434717829,0.402164556572795,-0.3766265798114394,-0.1395168517443457,-2.002645684124424,0.1802847729902364,1.8581714731923766,high,0
-0.8153495340883381,-0.17117119524153482,-4.700331554686417,2.3451872406342966,-1.6181301706780091,0.1707054827545068,-1.0103489329483744,very_high,0
2.382501445790208,0.07811569248346499,7.43209840261467,-1.0767843342355723,-2.1830450113195794,-0.4267864709234251,3.676189304860194,low,0
0.2012963563765583,-1.2093244677784134,-1.0855656712501283,1.3587220914805382,-0.369462226458098,0.30274379250504235,-0.23031620830987842,high,0
2.1386865216690976,-1.181190940595717,2.132545914008632,-0.9805447607615188,-0.7794312414541344,0.8166247432622288,3.141155004856625,very_high,1
-2.243028735044871,1.099073062553966,-3.607147192283697,2.856282950751126,-0.034868244154188544,-1.366246629397111,-0.37453163632972397,high,0
-2.410712311619799,0.8301176644952266,-3.294516112391498,1.668499464273134,-0.8746069446396615,0.5913413211727055,0.36524549042908105,very_high,0
-1.3388314322316754,1.7839141981831486,-1.9819873263980252,0.7293832534464746,0.6150580105893483,-0.8959699672367043,-1.4737308435509435,high,0
1.3523835269709594,0.7069754644705992,2.369447129959937,1.9615336688044878,0.7991053568403714,0.24972548705359698,1.6097231151530926,high,0
0.19491351987278116,0.5929508094251296,-0.8048083662162971,2.9722810080369353,-0.4236220041636545,-0.7522345365274425,0.36983355272631746,high,0
-0.47919951884911505,0.8782055654366451,-0.2564504439013018,1.9831356292909401,0.20096491167864738,0.8392478453905953,0.180696051262496,medium,0
-0.8324151279379819,1.2882104710660833,1.570582053544694,0.9478966815148118,-1.0297286600173634,0.8381468968971604,1.4798711675656977,low,0
-1.7710857784207084,-2.4902817083763287,-3.7706433906121553,3.6252901014386536,0.35019724927897933,-0.6664799269634811,-0.7742224871542496,high,0
-1.1608246348159987,0.5680874206116735,-3.3177904720494134,1.0707325416394031,-1.0421728570782067,0.9231533505050442,0.6232649996608084,very_high,0
-0.8501912148552813,0.670167262130463,0.7445681988305806,2.029881689950483,-1.385418663774788,-0.03139593706602425,1.5269756340833576,low,0
-0.4519697887977112,1.1090994654767188,1.5381504572671496,-2.404737771585972,-1.9862701534055331,-0.10477201168153431,1.4514265670179824,very_high,0
-0.036232990177229585,-1.5301309287433318,4.021590385448635,0.5332392566166984,-1.4072099611561684,-1.7353107035927715,2.2648334372064047,low,0
2.095448312294901,-1.8494080058784057,5.885043933111477,0.7592207475496324,1.3851625177001292,-0.3166834879634098,2.29063457780353,low,0
-0.9256764558344799,1.1891727831050025,-1.837109744357663,2.712681400170335,0.1974086331143874,-1.4122586274178004,-0.11857703328340219,high,0
2.1179690204303485,0.8317331383481771,6.819910426616321,0.7372481056311107,2.216816438038749,-0.19048569780510585,2.960039124383367,low,0
3.0828554976556486,-0.6168553331035774,2.9949105739809663,-0.6785442047355991,-1.3715305556107815,0.8467223387708436,1.3243777935708059,very_high,1
-1.114451150437605,0.004529291051558021,1.2992654800436811,0.5630438625474655,-0.2560975935649157,0.6973874787119347,0.9219905397909518,medium,0
0.39065994951868865,1.1420545923522467,4.424561374377525,-1.2759492669151669,-0.08857935950285101,-0.5275973425790509,0.5897467827715498,low,0
-0.8580128198734398,-0.12277142568681056,-0.6774975821269859,2.8234242408323507,0.11120911325197169,0.9023257611303859,0.13095411363280118,medium,0
1.727015505763043,-1.370256589207886,5.419252980570518,0.9078790795549647,1.8563217717423925,-0.006616244153488004,0.8907476867522955,low,0
-1.2695872097884116,-0.981609264444058,0.06581866245187765,0.8700987607721232,1.0895833325481805,2.422555574595944,-0.10434976178909539,medium,1
0.34919178264036066,-0.6825400461535457,4.349432199064199,0.6252384026978297,2.550854349585695,-0.5167675675462897,0.2627963451800345,low,0
2.093546131692211,0.7259236116484019,4.530093238852645,3.4603768908637296,3.2555271838388613,1.4926099474640355,2.8568917770353215,medium,0
-1.3821966237010956,0.7188634195406998,-3.078426660044232,2.9350961909236153,-1.4316140962387505,-1.3354652934481188,0.6310069798182063,high,0
0.5977285924784513,-1.335322538755505,-0.7143248664282666,0.9040524874805128,-0.5544747882503098,-1.0425831535338261,1.5926724707748616,very_high,0
2.315437613723237,0.06593110857890049,5.592419709152468,-0.21536541404569354,1.1224733851201574,-2.65508201787949,3.3155465194643314,high,0
-1.4999966447668218,0.5465244160535132,3.53205643788723,-0.636984832783444,-2.417240949686901,0.09526406437671531,2.874414732661503,low,0
0.18026812892816757,-1.1916485388987084,4.330539863099867,-0.3380177017287489,-1.2601526477761356,-0.8673145087543316,2.2744522941743006,low,0
-0.6089962561833301,-1.192896193636784,3.547352326587006,-0.6922062430833298,0.03618600196618127,1.4769122963102688,1.320974695291119,low,0
-2.303028642832232,-1.0301221052967755,-5.223766578702573,2.0736790794808306,-0.09373687572732337,-1.1789414021073787,-1.5079789756465607,very_high,0
-2.211842926258501,0.04290732616769143,-3.351963184453504,2.8132173759682955,-2.581992085030804,-0.002685725863242228,1.3442193318042581,high,0
-2.8312242822461977,-1.1384625911543043,-3.5757058594262667,1.1221049818418118,-1.4843866191037414,-1.8896977865979003,0.7607768882747066,very_high,0
-0.7114406344411881,-0.446454478255048,1.7865250363857914,1.9376660011677247,1.3088137024198554,-0.08173667603149418,-1.294070488971906,low,0
1.6362872214516462,-0.5456553943625845,3.2242399969981204,1.2732799898530252,1.662076821546662,0.7786827457257895,1.415217084675812,high,0
-1.2864784667930051,0.0467201202649723,0.28131836221625633,0.2597293597382295,2.269059170776168,-0.6995692785784219,-0.0029186968658818646,high,0
-2.488485386321636,-0.5412944891384287,-2.1732675043643837,3.4958292453475037,-2.131823807971321,-0.22810468445151663,1.1203757848033038,low,0
-1.5024202889676617,1.6271180521597577,0.6828657161833415,0.8548502354751766,-1.1377301887962268,1.1073116693407743,1.3544761052782548,medium,0
-0.22108119269889204,-1.8316512287136264,-1.4456234975323314,3.29171677842852,-1.2725391277779623,-0.901103286984357,0.9300402279133357,high,0
2.2003717167785313,-0.4140052351384046,5.312443718630854,0.42576420699604045,-1.1090494698516813,-0.9246922305235321,2.3908635619275596,low,0
-0.06356215157153677,1.4350654120021116,1.8442538816479455,2.3438692460491084,2.9654301192062698,1.4608187182891128,-1.1368358510631078,low,0
-0.4645232687944839,0.004210520875785671,2.0014833673253185,1.478629023674746,-1.7922250675763236,0.5403741309310379,1.9697675252256144,low,0
-0.9639120791666345,1.0833921435833522,0.3301965286835744,0.7850438418686645,0.04378287575938278,1.3229733083455433,-0.6861640481691786,low,0
0.4388597236936236,-0.7602623997034793,2.7457193798267205,0.7890255692974999,-1.775455693244663,0.8697620581762918,2.2298638698324007,low,0
-1.168581648622421,2.412376653923846,-3.3215077443562615,1.752390633980387,0.023825061936430414,-0.8845889468094964,-0.17172823187539632,very_high,0
0.24272017817492642,0.12872868073964833,0.8968143785777722,3.0254849947588403,1.3338768324611918,-1.2353339793034797,1.7215177074149706,high,0
2.207603808682784,0.10878490586079616,3.5828292781390574,1.023020537790263,1.3308804865118127,-1.0684374858458288,2.608412413354964,very_high,0
-0.22664757295322113,-1.1603368561001515,0.023934085386261034,2.0723226027568504,0.4196096519800776,1.431749484241079,-0.3307130359576833,medium,0
-1.9985209597911353,-1.2346454174818653,3.337554478836944,-2.204641393022949,-2.591312289850948,-0.8862384333634628,3.097108344985047,low,0
1.4629465761422207,-1.1554960421287641,5.978655233374272,-1.4248442747740853,0.5889064500759577,-2.5701475485803527,1.2644096972289256,low,0
-1.6781407722540227,-0.9416177655837017,-3.170549507095287,2.8856412554433493,0.04048734156061351,0.5059343058207516,-0.3098698705558274,high,0
-1.2975516334775477,-0.6353065343682036,-1.4945762990019829,1.3201877278986922,-1.4382180314938398,-0.9634990605160515,1.1262968348875284,high,0
-2.919279734879082,-0.432976265242216,-8.587711347039907,3.3985107243586237,1.053738292569493,2.2584607961546443,-1.9839425772797254,very_high,0
0.9392898459394546,0.3238392663274503,0.663885236389887,2.2048325412936234,1.13985763803282,-0.9965284166185597,0.7458087706308616,high,0
2.2465869909579306,-0.8607379884731032,1.9798416893378818,-1.7182073488803624,2.1803358578747662,1.3542109252450831,-0.6990380519704389,very_high,1
-0.18690148416200092,1.3627595622962556,-1.7714982104362864,1.541376864621852,-0.2817514318299932,0.18911584971103457,-0.7698257154691022,high,1
1.93599241225419,-0.8139717958905116,3.735643493629884,0.7162545254385532,2.6407959394452205,-0.6099027069492022,3.29236488170016,very_high,0
1.176024174014244,-0.8555326699056159,-0.12282731619455203,3.2159743981139233,1.4915835864162406,1.1795382676077382,1.136370772064587,very_high,0
-1.2631628968334434,-0.15823013651088605,-2.0134780668432413,1.874980179207745,-2.0452593837926267,0.6388688736788816,1.3915803984174637,high,0
0.13614173532306495,0.38816803343394224,6.205212709406106,-0.3249462099466147,-1.919324451613393,2.0503966511115097,3.010023744084421,low,0
1.140203936343242,1.8200348127674395,1.1766280044533366,2.2690520478388034,0.19224471706920054,-0.021362372441476974,1.217875664816721,high,0
-0.7219885125414511,2.5893897173890488,2.324553379416694,0.053177818328223214,0.5505513935672036,0.14468613052503645,2.1845813556959275,high,1
-2.1175160558326387,1.7216926121351421,-2.5750896535273538,2.3645454777324857,0.23198444080790237,-0.2740459888857355,-0.40507644837755197,high,0
0.40642959851148674,-1.9507673273715016,2.486383019103527,-0.19215695419162926,-1.024905439602633,-0.8291000521161067,1.8723508397345108,high,0
-0.43576175239734904,-0.9999470267933823,0.34903360250885607,2.2775756013244965,-0.6331368095319518,1.3173839179398212,0.8765746835028849,medium,0
0.9888760405929119,0.2565773958493077,1.948165760378077,-0.7052757419838089,-0.1815457044291886,0.709029775318304,0.13197842681710892,high,0
1.3867795834016297,-0.6713804436449524,2.405291646553343,3.639423891500554,2.2057802294790916,1.6700939005830893,0.5929934949515054,low,0
1.7307225642364652,-0.617796273481028,2.4486751508376723,3.093172657507391,0.36438430325134696,-0.4971340238699362,2.3028435949914514,medium,0
2.999305219883776,-1.542192894187223,7.048142197081406,1.704324765679082,2.617994190873053,0.8855273723059548,3.5089986030541613,medium,0
0.28959148179534955,-0.5649515266552204,3.7552565571818324,-0.86497188930694,0.4269016815363742,0.6291352982577835,0.4400034104962086,low,0
-0.2067464683271003,1.0028097519551404,0.08273481152692544,1.2965342202280183,0.5645951108483245,1.6858701522215231,-0.2829160549723597,medium,0
3.177417283931022,-0.35420976166544893,5.9251951898189805,1.442503830050131,1.4594448051464144,-0.08318066010440868,2.547375609749919,medium,0
1.9203087266890502,0.6642752042571255,6.386364163260857,0.3399464742957796,2.304360384270412,0.22238781413469702,2.251301438133514,low,0
2.963500472997156,-1.966048412967918,3.653177904139641,-2.5636277231346773,0.8419045241996668,0.44337598210237517,1.7935335737927685,very_high,1
0.332951588214875,0.28945107285065863,0.4496827098055842,2.7818995085458074,-1.0616508196244194,-1.4233367948813866,1.1653448251226937,medium,0
1.2943202881777136,0.3548181181783934,5.458802250779884,0.38463534847254943,0.7600564839891422,0.5903622081149456,2.2852812262309072,low,0
1.579139421093855,0.24973606786381217,1.889756798073574,3.4103999281202615,2.7770541864829488,-0.4309438004852274,1.427549431010129,high,0
-0.530966571577405,0.5172754273613065,-2.3988918174735114,2.8927476847785414,0.8605282043058056,0.6292381802952409,-0.43216479728621704,very_high,0
1.3061507295181494,-0.7621584630262199,3.673571504101238,1.1057780152650092,1.2975671528343753,-2.3092040214088487,1.7083343027907443,medium,0
1.0128186644444228,-0.9496002440650042,0.9731652546895322,0.2128510683495929,-0.8468841878291935,1.4990120682335486,0.618589501449831,high,0
-0.8060546942218095,0.15319314055807765,0.6023062123894654,1.533372128298113,-1.8837044952720228,1.38238274568994,1.7731368593728731,medium,0
0.8695667959264811,-1.82719593747126,0.11654522058072456,1.3875948624542143,1.2085157116714849,-1.2209505709988706,0.45212984536721834,very_high,0
-1.8538819983298467,0.07456406206049655,0.6153605620286433,-0.3785560214740782,-0.6978476992010729,-0.37571790905371677,1.1163395607858304,medium,0
-1.802360237741357,-0.38856924675227067,-2.7772570340164853,3.257325948522235,-2.1445001183432852,-0.017384109542655443,1.1588900047540025,high,0
1.5931341541280641,-0.8490234320820353,5.711176411345122,-0.42785684705322935,-0.8561830316712513,1.4653794274985183,1.9756494037694623,low,0
-0.8069026876239476,0.6734588757272225,-0.2481104527739575,1.5453723273840434,-1.204672052326138,0.9580352686288295,1.1867137685516234,high,0
-1.9070060094939059,-1.375320682059021,-3.628044695058408,2.0094091217846493,-0.4650234863649443,-2.0017254812342866,0.011255139952942805,very_high,0
0.1114911162707144,0.7287415864657592,-1.3388429642751727,0.26932805838535145,-0.4046665211738474,-0.8480669268854175,-0.016512289099828825,very_high,0
2.4734308744295785,0.026341288747435226,5.687062871495581,0.5905613551424234,-0.040658604232346685,0.18847899108948643,3.4351043329154987,medium,0
4.025978165184003,-1.2582963852509055,7.661817799723996,2.914382343744809,3.8252213754929425,-0.21761542271766712,4.361759619230218,medium,0
-2.2939391784628813,-1.5602419775537173,0.10625480821991322,0.9557868281793496,-2.0432424018506614,1.8546621338595848,1.6745865947255414,low,0
0.641453032302769,-1.1546185675377267,1.4418729454838237,1.0411123640526203,0.03420672990214646,-1.159282399230843,0.9195090580058589,high,0
0.6169682267820885,-0.6543418710551034,-0.5493613907298396,2.265171015809042,0.1061570387691313,0.5865151576180001,0.7551279848518857,very_high,0
-1.6392873474212462,-0.6427215938827137,-4.001650244909851,4.806623420906142,3.103763332332247,0.47057145940029743,-0.7693398917541594,very_high,0
-2.8142653212393807,0.6546419928245036,-6.348716670915859,4.246061756487802,-0.5472644610339897,-0.39669617996520684,-0.6964253785602852,very_high,0
0.14095884652642865,0.5177578157088407,5.012203787368868,-1.6574731261958722,0.25570399538055677,-0.6729872191652566,0.3530825468687945,low,0
-0.8907882699312946,0.904149594851582,-0.07962029246293469,1.180812704193584,-0.3306843038331483,1.569685680977757,0.6858475514970711,high,0
0.7415594980867426,-0.7153375690946667,2.4807029936621374,2.7894424930490738,1.7718459500172585,0.25223147991929806,1.4896477108694086,medium,0
1.2727835249045971,-0.9680497955496961,4.068552339184757,-0.47567226499109116,0.19057144119665015,-0.5655527624024238,0.860245901568029,medium,0
-1.0582245376593857,1.4357400609348814,-1.4426406471415378,2.128148817767652,-1.5861579243548443,-1.1830306653178504,1.1456918498230921,high,1
0.6174934625848354,-0.3249785941686678,3.731175921312501,0.936935802144975,-2.667666415096175,1.1951854024030977,3.0145617075380446,low,0
0.5004709403755078,1.7226276607045492,1.4240935486810098,-1.769631680282399,2.4453636994354677,-3.0105225163135167,0.1418754674723246,very_high,1
1.6988611524354345,0.2775246844762952,-0.2605986310336091,3.3832304374599262,0.9122915054688652,-0.2596779635075291,2.9219347625843133,very_high,0
-1.5335745100886684,1.0610418591835804,-2.598577513081847,2.700147581456232,-0.31267406514914464,0.28488589971531725,0.03785331044034734,high,0
-1.4893098917960552,0.09256061717143475,-0.22473301205172794,0.2556343168159463,-1.7710359102321607,1.352774175754248,1.7079480899047486,high,0
-1.3867297257805855,-0.19354574916758863,-0.6286761504835039,0.8261905881937897,-0.8658511691942132,-0.10464662425820322,0.9465520313657922,high,0
1.4108790083499996,0.45504509424222184,1.8179340954204168,0.6223315844612098,1.7107322273768333,1.8223928325513976,2.3519514962012815,very_high,0
-0.9221103733899785,2.191770332050811,0.35626887093024473,0.8998740794312896,-2.2761580231449026,2.561297776771106,2.0828451857331016,medium,0
-0.05232434529696817,-0.9486219012089668,5.593318482362185,-2.23108034674466,1.7159019042578483,0.0731042543807433,0.19763218308994768,low,0
-2.194373211395658,-0.8811413088777623,1.2626845474512138,0.02060078230180551,-2.6745247679023954,-1.005712980422521,2.5203636921364643,low,0
0.1534167576770471,-1.5028017113050698,3.3291534355491597,0.6157771306909423,1.7014403842998829,-0.20013455422813764,1.4964051100670783,medium,0
1.051804561990181,0.536824683955676,3.8647676427570707,-0.3915246855150578,1.7003890454998363,1.6546347484020885,-0.22726569748675174,low,0
1.5832920580514553,-0.45242426480904147,3.720168797109736,0.9447803612306362,-0.09564628490184957,-0.7675070366738105,0.40107323023607044,low,0
1.3794434653427439,0.721161822084155,1.8455150036609889,1.4129118830806477,1.9625371720515097,0.2563246529688533,1.6251118049333555,very_high,0
-1.451077605886516,1.4589798168318389,1.5144642986793113,-0.08071762486882261,-1.0135627395320055,0.2694234520549011,1.5007764153018166,medium,0
0.48163381129200367,0.3689151288291944,3.305698831437046,-2.3789367658939344,-0.8797341916335844,0.06310712149202398,0.4114940194132989,medium,0
1.9061209122793028,0.34678255459419616,2.111109212491521,0.3985088229715803,0.008166744378973245,0.6967578627143014,2.716633342611594,very_high,0
2.675221632634987,0.8762059916716602,4.9468870665000315,3.767455779303794,3.210246105326066,0.5740812821065351,3.290905687124119,medium,0
2.1617254154070165,-1.1317241885996594,1.1136666842996963,3.219529165085551,0.8544423063556339,-0.8450385117162756,2.062703603758507,very_high,0
3.870042988821612,0.5864531303336101,6.403666310930116,1.6469209349750895,2.777766519878276,0.751090543003633,3.6925087671100245,high,0
0.14911592284736952,0.8259522089259458,-0.2584171477457867,0.9300137537174169,0.029027246207492752,0.743009694050077,-0.6058884311505166,high,0
0.31753435575412203,-1.5396256942059605,0.4366411990948026,1.936745366416475,1.4540720335094042,-1.194683468016552,-0.7110104946381928,medium,0
0.5793251259090118,-0.9381798512212423,1.6579081384704182,2.727088078710241,2.341057031049334,0.35716258570127063,0.47499607798918075,medium,0
-0.24083464839044222,0.7923950394157345,-0.92090647350996,-0.40580432428025515,-0.9408497152407549,0.994518116028477,0.4977144341965838,very_high,0
1.3926601458264896,-1.5475310822744464,0.03494290085286605,4.666282450882601,2.5508812419544946,-0.4804202194034942,0.46890054556730243,high,0
1.9887590001262008,0.4644876055772338,3.3774290581468347,1.208672035829612,1.0891489554498726,-0.35975501660563197,3.2886203809888164,very_high,0
-0.125813505140685,-0.03425681910400801,3.8322959326594352,0.11597385561541596,-1.7884031239742408,-0.0823305500172053,2.476174138890969,low,0
0.9622749679996307,0.42458509604714495,1.303734115073682,3.7747242757139805,1.7075590454180638,-0.32158768442570723,1.1916477308227469,medium,0
-3.267186473368967,0.08918769723854421,-3.424337270354224,2.218955352766521,-0.8346491250736942,0.20252088273393662,0.15349496089631054,high,0
-1.9206737169211052,-0.7471162610326202,-4.911302205590883,3.8341304151716535,0.4299393707513306,-1.620094339195057,-1.0786186758421523,very_high,0
-2.105488984525036,0.6101335450879344,-5.32268813264188,1.2240506316041955,-0.3358650215370367,0.3421194201096571,-2.678303128418441,very_high,0
0.04042179007307878,0.4709670697851621,1.8339016785091498,2.206131515979205,1.0799151012061725,0.7349648157519848,1.1201878967709156,medium,0
0.4592815465706148,-0.9065077809327704,0.10426218258102012,-1.3174578061980668,2.956588839659483,-0.7253400408147569,-0.590616428427239,very_high,1
0.48375626416051243,-0.13729106791036658,2.083902446900441,0.6374344473711941,0.44535517391709556,-0.18010260135135786,0.6765180943445067,medium,0
2.9773554429157993,2.231496335202466,5.360784033715781,1.4224901876206342,2.3343836499061057,-0.3524789455866479,3.316782086145462,high,0
3.080884395573939,0.2759858494205397,5.2690291552895925,2.473973467202904,2.3030533714427692,2.0872721617936274,3.600046884365673,high,0
0.43774152308078196,0.9363373808293303,3.8712323506737394,-0.8817687617484247,0.13452205839974907,-0.4709898102640032,1.302952623104064,medium,0
0.5815890010267118,0.9565494617872686,4.043104934716314,-0.8133921655805223,0.697239751563544,-1.0110371300457306,-0.10569785480789595,low,0
1.295330490173676,0.36384043429261276,4.5754545907800654,2.7917641254366616,4.1108911884593,0.3460344109108019,0.938545069234489,low,0
0.04336758806350316,-2.1005143162337996,0.9110950619001009,2.9002380130827308,-1.6210021870402687,0.6528803714722882,1.5524516805569266,low,0
1.3610763698755355,1.1818282939420395,6.384727197086176,-0.4382291314572566,1.2317982881985454,-0.49491019549030185,2.269652933542085,low,0
1.0735331511498114,-0.07047357387745573,1.8517193489631996,0.013370464214616185,0.3371075425888431,-0.5114375287825396,0.08157867384137862,high,0
-0.6134789347129508,-0.7510233913905242,-0.19610535317210775,3.9039760110374857,2.5879349507333336,0.6196566917631479,-0.45872523126819464,low,0
-4.268525742955358,0.9717263097605029,-5.481180581637199,2.739209171494033,-2.0435278630359464,-0.2986653905796983,0.5266419277868072,high,0
-1.1750630658148182,-1.2595627288697413,-1.7059001941028635,-0.20622485284620518,-1.3038141780169843,0.357192878994939,1.2731287280387407,very_high,0
-0.8331266048186899,-0.5388103588971175,-0.6990695626505605,2.351198433780681,-1.4347207845209968,1.184695797881003,1.1939054891637335,medium,0
2.5804932727804637,0.7479953986272,5.069156679857862,0.177724488831831,1.339114163836156,-1.2287793509050138,1.5636240938293025,medium,0
-1.8119914992917565,0.07968097984541386,-1.4561102409860522,0.5969715789623417,-1.3933284920722726,-0.14346973030439783,1.196277394709459,very_high,0
-1.2576853985600485,-1.2570530746434425,0.6706621498279342,0.2265474658182357,-1.9716824855299122,-0.2753225280871538,1.9866825450384487,medium,0
-1.9606399319567234,-0.11545731718918943,-2.8236864342475827,2.3001389254808773,0.409250872044876,-0.5534312459752201,-0.47556556398313243,high,0
-4.358599190551963,-1.3883045083134937,-5.621887499454338,-0.28363954691492,-1.8352204813485775,-0.5206890955191443,0.7325720828505564,very_high,0
-1.7901156343659634,-1.284415026955091,-4.889772115551696,3.551510289164166,0.14052218149613727,0.31251516619556136,-0.6743529961987116,very_high,0
1.6736058031216285,-0.5198252221735389,3.6991012461796693,2.1254229065652073,2.362406816399034,0.18844008042075686,1.4223064135370937,medium,0
-1.2446410372028165,1.303874145931379,-0.9047118064871869,0.3493986037172827,0.08700102695784429,-0.32853722208854036,0.3859159851851396,very_high,0
-0.7606467307077112,1.5325330906092762,-3.803015329435813,-0.21222667349229907,-0.7854755168169472,-1.359066496888782,-1.448260978908508,very_high,1
1.9660788726391467,1.2008008194284512,3.16041180655008,4.101123881981506,3.47894006637899,-1.2849446619548281,2.710332196090765,high,0
3.6781900759367296,0.3385944331158625,9.731163160092862,0.6676542691794853,1.8938423796116748,0.19365531663149269,5.659479044763751,medium,0
0.19851047021775314,0.16395148089481063,-0.4535074493821257,2.3047483343400064,0.397920204055661,0.41046022190207787,1.2069745273572179,very_high,0
0.6470563987770128,0.020029748824347503,3.397021122783229,-0.454824570027321,1.3298656186827884,0.7400783657052865,1.2734691182340094,high,0
2.0001172751406098,-1.4571726984209565,4.269206595829828,1.8984097595685467,2.655239027437278,-0.16142789803281682,1.703111797062547,medium,0
-2.496700965043699,-0.5910457207268417,-1.0119951062001882,-1.0601383936966486,-2.4675652683844262,-1.051163606350194,2.1441442926757017,very_high,0
-0.21187043564332553,-0.8595408213421135,0.7428262960775622,2.1775277687751204,-0.9598391803277487,-1.096951797154631,1.1922451994648633,medium,0
1.0939675233418094,-0.2245550415906529,-0.8764707585216364,3.0802695098279482,0.5128234656463628,-1.0584504894210378,-0.10963478222776613,high,0
-0.33421811445286953,-0.07882587947345479,1.7151931824766968,2.3868706066600507,2.1126501928480543,0.07985683576930377,0.15869412963701857,low,0
-0.6222630412821264,0.7992027192421421,2.456159313310817,1.5106641376540086,-3.0242066504862026,0.3638913621500538,2.7910065879458354,low,0
-0.2670475553782796,1.172251512984841,-1.128070258509949,1.7688532741296723,-0.9167677852502004,0.5697833505344024,0.8325543884775787,high,0
0.5065595611788877,-0.6567703583517164,2.6204804093770293,1.0387656311339393,1.3636796558277609,1.6761895075020152,-0.696282014609602,low,0
-2.3313818384840874,-0.8811530623462598,-0.36765790186177194,-0.7923267624279973,-2.659191698922558,0.2813565375383702,2.3173072236005763,high,0
-0.9646583358165921,-0.7155444197585275,-3.883508783928437,2.727684713147462,-0.5584197151973964,0.5374620867252017,-0.37485323252977065,very_high,0
3.4769746366530763,1.0270044117876564,8.194201055683264,0.32054978480441576,2.303833418867888,-0.0037485338018516225,3.7437626755036417,medium,0
0.01642269533527907,1.4773725606308605,1.2333182590562957,0.8582514488749455,0.2594990634989841,1.0110970055869908,0.5039329204354694,medium,0
-2.132506627041418,-0.4601870488978789,-4.068399640605363,2.5503716111131545,-0.032799838152471006,0.46042226798438896,-0.5124358179121535,very_high,0
1.6718044614742864,0.46326956914752015,4.621535753285125,0.8777788610065214,1.6313122717616244,0.2836784496988527,0.9348419026343098,low,0
0.23503515585740387,2.484144080745336,2.2713597904177547,-0.09215188867159396,-0.2529539784325052,1.1924774025075715,0.6079397366240162,medium,0
0.04410006773051878,0.5304897985298728,0.17951181986418677,1.2415220141897878,-0.03172936122735748,-1.574867612474653,0.5754417690377349,high,0
2.180855470881916,-0.9454683399946582,6.8963220505654945,-0.23198903053281628,3.2569741335984714,1.6100761231896492,2.4079222146389414,medium,0
1.605214905772388,-0.8166130298209866,0.3110613503016168,1.6665474833957201,-0.036181853776530604,1.2812696454013426,1.8696804615703524,very_high,0
-1.1651645809439546,-1.374173452371543,0.3314764405952614,1.1228000240850877,-1.7708982499729016,-0.0781699361357932,1.7509478729197316,medium,0
1.674624189330478,0.6252895125420684,2.608525405599422,1.9179344989871139,1.0046422199926845,0.030283636552963802,2.6995389955366926,very_high,0
-1.1133266793550374,0.5748264844618621,-0.8124552752410978,2.7713157921141827,0.7313347119684451,0.4902574444285194,-0.6653369507152767,low,1
-0.29677052835646145,0.31015382610150705,2.1805529230217138,2.8036999645316127,3.608627633180541,0.1364269180672801,-0.5263335918820433,low,0
-1.6614721504439387,-0.1300708412835327,-1.5833575288304262,2.0811383263440857,-1.845799962386432,0.8893179073293531,1.298316585167339,high,0
3.1819027889339857,-0.5508574703286617,6.632669457488698,0.6058865989478226,1.4611976018477542,2.6706753748630647,1.225387223194971,low,0
0.5490415623058158,-0.2697406066116577,0.8998137859150076,2.9313185941690105,1.4165227812293062,0.25287665751566707,1.3909149511693157,high,0
-1.756238460999375,0.45170020097593927,-3.239635495990088,0.9449137839227909,0.13379317983370465,-0.22339841634209087,-2.722206346432718,high,0
-1.0376122462709185,0.08208689962743151,0.08280495981128413,1.2805588612477576,-0.4460719676879916,-0.7802171481376415,0.7103805356948991,medium,0
-2.6959971039896553,-0.6196237546892899,-2.508061368471167,-0.32751425441328874,-1.535156147432655,0.7524362008174793,1.1304644860489472,very_high,0
-0.007612143047968312,0.20259852447607388,3.1389438621373924,-0.45611539050266026,-1.812533212367193,-2.13962756355356,2.4844920248527913,medium,0
-2.687401351153686,0.13438744187948082,-3.7429904700391488,0.8489829765604213,-0.5469288038253437,-2.8087245923576636,0.11196204510610297,very_high,0
-0.532626980296996,-0.28329295941771204,2.5728865062528468,0.8482743220111745,-1.6518537402103797,1.2913307290649598,2.073250132895251,low,0
-0.6087442139887328,-1.3770401894370583,0.6450278298609421,3.1356693210700026,-1.9155494654625764,-1.1981584124750106,1.5833814284030512,low,0
-1.2780868228867721,0.7911536503642258,-3.4478059364330664,3.007922604374685,-0.2633052721244391,0.4567707777004593,-0.1668136849323254,very_high,1
2.459866950698917,-0.7387152655423863,7.073002011565456,0.027805968038841833,2.024695275643047,-0.5401390394636103,0.7945223532069547,low,0
1.5993643681368874,-1.2529997571683937,3.866055191266275,2.158832941445726,2.38321470221341,-0.18748148749128224,1.426887504219622,medium,0
-2.324897924226023,-1.0273134230509724,-2.3239567625076467,1.0970432573776636,-0.8856765470228969,-0.13897273155510673,0.6701400486222564,high,0
-1.1908307651355479,-2.7751884611081024,-2.557981166135012,2.4611164646469543,-0.2625890619508622,1.7924508231385923,-1.3575993926566354,medium,1
0.950088746304163,1.5489179534182032,2.5743938016434575,2.5475516984812367,1.4407881179743032,1.486159237018532,1.6174512251735527,medium,0
-1.5972721925712101,-0.2265991640145975,-0.3106311631615441,1.3005888218502888,-1.6919470779376127,0.10933690359734571,1.5321764907165079,medium,0
0.30573678734159193,0.48815426453882355,-2.773257567533795,2.2642712566043297,0.3772185156231558,-0.5160481561017785,-0.3609857553269771,very_high,0
0.7304245161494307,1.6968540737122817,4.433822056639481,0.9369734563101969,-2.017361230964584,1.9874008825271634,2.6324397951409493,low,0
-1.0661700486671093,-0.4410238205236087,1.9305318170012222,-1.717492598724923,2.292917838264705,0.2556995380481427,2.773228995386953,very_high,1
-0.05763886065756263,-0.34687439189009384,1.2665143457060142,1.2837496364814758,-2.143816977612798,-1.67963549770663,2.1383986893641618,medium,0
-0.3068429463990948,-0.4154504830387495,-0.1414068018136725,1.9793492545070883,0.23672883077609508,-1.336331889215445,0.25739115416798963,medium,0
2.5517219494832037,-0.5844992156219503,6.039904179142454,-0.7928045295075574,0.04289937824591439,1.3382496307620757,2.7793182846509334,medium,0
0.0404110119403267,-0.06677081771074578,6.0628608665385535,-2.1078782240419898,-2.7532541056854045,0.7191833809492872,3.7351220556771114,low,0
1.8308124194184323,0.0953033991536178,7.193605018171853,-2.0033907260136674,0.40810385334983823,0.7810089546071515,2.3151762255240995,low,0
0.4606851931984801,-1.8758090928476314,-0.6543599987723268,2.939564424038673,-0.1486290035679907,1.520277988882833,0.3225238873878936,high,0
-1.017802372230195,-0.23154949394529548,0.9640535907837283,-1.8126283170344,-0.5187245576038764,2.1668840348163116,1.2618668541695057,very_high,0
-1.9024361213152456,-1.0264341106358852,-1.7116867189092642,1.0279609025685823,-0.3241334116704241,-0.5076919783833868,0.3174316758042969,high,0
1.6010150266144065,-0.9084643375227769,4.311856929274442,0.25743488283601124,1.0623552117985045,-1.316569792887215,1.3305010958557404,medium,0
3.208635735248839,-0.5793053085790432,3.614771650681127,2.1017753060447366,2.2224217217666977,-1.1111237664157756,2.8359033415415817,very_high,0
0.3998600532965728,-0.4781467227062784,3.4384100614897846,0.5867024921459745,-0.9534455897412566,-0.30467896259373045,1.8467096098327858,low,0
1.0413001618327213,0.09882404501643172,-0.19810153452851656,2.1977557336011166,1.699072188219533,-0.7877582576204393,1.2920278698273777,very_high,0
1.2966995043962883,0.5012490868072027,2.2751984216098764,-0.3222145027447083,0.48175510609214534,0.5364877271213292,1.1785324261297108,very_high,0
0.36068226938920855,-0.38913509597656376,2.9881726236108315,1.4637620298988212,2.709745345500883,1.9961523197549256,1.2489512091821844,medium,0
-1.0682428111653084,-0.753264211737142,0.605163644794184,0.6998372478633047,-1.1113008865627498,1.104263067260668,1.3942945704827892,medium,0
-1.3537938125147015,-0.7427455710970785,1.122333510910491,-1.600584536796047,-1.5885027080451453,-1.0330288450349439,1.989020344718153,high,0
-2.6146654982907886,-0.866034445223392,-2.3905465923349043,0.9005474159362254,-1.6962395606129013,0.2787457541300641,1.0688791715503936,high,0
-0.4722627348398082,0.4820397972196492,3.093122993642592,0.22967487949981724,-1.2209105136303349,0.7240942025060932,1.8593401963233873,low,0
0.6482690449754297,-1.916300765997707,0.9805110319183061,2.2088251881023426,1.2055528246180853,-0.034812314757952455,1.6768186822631723,very_high,1
1.7948229074226814,-0.22085428012955155,3.6989749253052207,1.1409577459795088,1.0565015620125418,-0.9073809527633206,3.0656312735034827,very_high,0
-1.2374962760369221,-0.6641127146297134,1.829498595079699,-0.7985929336945534,-0.9512049992074569,-0.890668133245701,1.6507817853855915,medium,0
-0.35790266910453106,-1.3184013824734664,3.161875723865972,-3.3795283797857953,0.08286251197465311,0.6009137824153344,-0.8377779146319708,medium,0
2.2454343779040875,0.3582345940144528,3.202700655343024,3.375723268316068,1.728570889370336,1.8838110311848022,3.5486086197516133,very_high,0
-1.9871682542173361,-1.170435757497502,-0.6590806172749837,0.4072196266869528,-0.9959451653738052,-0.7672725723599824,1.092076201391451,high,0
-0.5625545482407204,-0.8135992543587863,1.127011452560762,0.8956977692870123,-1.867178115493469,0.9482059948233497,1.9687163442079703,medium,0
0.01868322335427952,0.2123800860234896,-2.938072226026975,3.2694517031814456,1.823324479336028,0.880806853484222,0.4018869155007715,very_high,0
1.0814407062773446,0.5304234639752379,4.000691245391979,0.10575644480496371,-1.8389761379356802,-0.3983386226887527,2.6014428558218747,low,0
-3.7169523824192705,-0.37295851021312565,-3.6385946086673338,0.8358600213304941,-0.3212082426675157,-1.1449082576389766,-0.07591382343579078,very_high,0
0.056256526229437886,0.9574098452321899,-2.681762273291472,1.705322669899743,-0.40840109978695693,-1.2243997732210297,0.3063416650811652,very_high,0
1.2343091745811943,0.2258418340373073,5.089897490649582,-1.3218020081791073,-0.07836690064339313,-1.3515474542642338,0.08175695599227462,low,0
2.237070747000474,0.8498203653189064,4.054079838032875,3.1265873875545203,1.743257219898787,1.638281183136422,2.396840499216437,medium,0
1.254047046150701,0.5043190155645603,2.7981642634610027,2.092192122084464,1.867072480182756,0.38582148643222297,0.9337806672611845,medium,0
-2.1971259398882443,-1.336269636551354,-4.004152253460134,1.1426914185312425,0.4217478249627553,1.6259779600063986,-0.5186813605142784,very_high,0
-1.7105928737812615,-0.22112822791412187,3.3509423019796585,-1.5876412019486994,-1.8724117492326173,0.18056093819747002,2.5130954478050906,low,0
-2.047087213842153,-0.6378040674775352,-2.9916680690939566,1.098875473662438,0.9544672292638033,1.3350518667941367,-2.3504732414745586,high,1
-0.9537220381902853,-1.1722824969029528,-3.3298770566813616,2.357140491203428,-1.2181462960636265,-1.748713037418722,0.5613444019864249,very_high,0
-1.5646560511660685,-0.3285532517902975,-2.129896903236502,0.3141699526494651,-2.2200495631636334,-0.10833484736929419,1.7325574423835708,very_high,0
0.07536802428714107,-0.6616898709663194,2.136976909813474,2.426613369432804,2.259147252949731,-1.1405784894885544,0.887787506159792,medium,0
0.46343918753955227,0.9252905496854981,0.2984666656818457,-2.018038544925788,3.569754606150922,1.3548929315218388,0.018247507739282964,very_high,1
0.6786686960039675,-0.6119130526418207,-3.0212543363995037,4.099298456958506,0.828908995391435,0.5951573238847284,0.21981746509914657,very_high,0
-1.2276971701125423,-0.6799666949320253,1.8446819549008246,-0.35296817828786176,-1.923138937818364,0.5033287738455666,2.222116681079562,medium,0
-0.6275829201665024,0.01069331179648031,-2.7824904131833335,0.6821658462555652,-1.1445931282344206,0.3544065674743389,-0.6527722049571787,very_high,0
0.9235845165985823,-0.7102708983119079,2.039824007344176,0.8529758866123702,0.7536522413723137,1.669383459547647,0.7096589707855459,high,0
-1.6961968891050818,-1.274287223050924,0.9272484121393989,-0.08489269737092497,-2.7483402020872765,0.2910096272474423,2.5368120861760186,medium,0
0.3432195765633216,-1.9500779265243806,3.1778417137638812,0.8046942010041349,0.22386396398889719,-0.0033576200399812245,0.32101961429781434,low,0
0.9578051923355543,0.5095013828244059,0.08203656420951323,2.747369051027742,1.8546422554925894,-1.040467307889566,0.31841776006548683,high,0
-1.6572839893043685,1.188599180534435,-2.5190431703159213,1.1114111052885562,0.22530134311467154,1.662412597822257,-1.2288820989759286,high,1
-1.6596646938232058,1.7655611776272604,1.5310824679820427,0.13895006370701157,-2.958977076563789,-0.24718536535441432,2.7420041028101614,low,0
1.2612456776862295,-0.4332841736278544,0.3178214358562007,3.705727906964901,2.4554159343452397,0.9308732890656916,1.688088582054846,very_high,0
3.634748075083756,0.4086847622754085,8.320780150543605,-1.9421536008266325,-0.8756646211607244,-2.936200943778115,2.9445761184174897,low,0
-0.6613386437707425,-0.6041382867516175,0.6448221162701236,2.1902523963847655,-1.242336798535362,-0.9904263620394158,1.2704101296910262,low,0
0.18204920070792396,-0.10858416178038999,-0.01792881262867767,3.888559759540465,-1.641455000611381,0.5980922727774546,1.2643738760739034,low,0
0.05830228716259955,0.5373654249348249,1.8928959373805523,0.9110993830899994,-0.6775998752272396,0.6727204878601408,1.3232959698702604,medium,0
-3.2550965169260158,0.1559185860511121,-4.716973994600067,2.0533650842436955,-1.8986263629650748,-0.11597125276146397,0.7365046063480789,very_high,0
0.317841194395744,-1.1781278953500545,3.23102931630056,-1.6304997010794582,-0.0037514129689810716,-0.8843802153622045,1.3204493820941987,high,0
-1.5575430746652486,0.6708721945019316,-1.4208905893610488,2.632633772828437,-1.6143861293253718,-1.930833600724083,1.0192357763236592,medium,0
-0.5153207571047033,-0.5916436402635217,0.9421936375315965,1.2237287603342075,-1.5920175668973935,-0.007237313449535615,1.7101715122176997,medium,0
-0.713608526842646,0.14155926689579443,-2.0629227062663427,2.93040418215314,1.4707708254406755,0.7031563164196175,-1.058656341560763,high,0
0.19310547243384635,1.6056901078208434,2.3682409389705636,0.7443309161777052,-0.5127242675961959,-0.8753235675910453,1.294100656098905,medium,1
1.2258960683963784,-1.6503545041545293,2.306217806018607,1.077987117679762,0.0713322455677563,-0.9820924068002156,2.509204129752918,very_high,0
-4.396438877252497,-1.1630991850510541,-7.112964096030511,1.8484441987889384,-1.2046157368061614,-2.0675233201984087,-0.27262695191340525,very_high,0
0.4250052834664877,1.1285457775311865,-0.5235907357657391,0.47639471261543886,-0.030346257849509728,0.11088050289283735,0.29198898169264076,very_high,0
0.36628607397335744,-0.0555905231992714,1.0230029850435758,0.20223277387937344,-1.1675331002824791,0.36309843266103875,0.8126071205741974,high,0
-0.237841808307794,0.26140450254721065,1.7788684696625596,1.1279497238375382,-0.4666169047877341,-0.41451621746765044,1.2029928927756341,low,0
2.3502095020139624,0.377618406420093,2.7859921365449556,3.07259418575779,1.5728133070610186,0.4436757268881162,2.5106941196997843,high,0
-0.4464486310746123,0.37671684786935855,3.774554690165506,-1.215027643050872,-1.0455069127609398,0.6912624910088047,2.10320412285811,low,0
-2.5447031190568454,0.2811651428946169,-4.769280187462917,1.4055855979548584,-0.10171960341074127,-0.09074675733912281,-0.362463512201074,very_high,0
1.8470013340628293,1.6361051105963191,2.8037432719727944,4.966313398811329,3.8007799133341953,0.8228592227833518,1.8823980376828993,medium,0
-1.6209301777547593,1.2647695267749652,0.7562871308683908,-0.0002198288950849836,-2.575900218385945,-0.321169399043682,2.3562869604196353,medium,0
-2.2230757288518763,0.7310375253855356,-1.8668194203146946,0.8180019120247526,-0.8063486003403313,0.8524412648213425,0.6811798849576972,high,0
2.08822488788651,0.2425959371534602,5.703925640645378,1.5455289650525654,2.463738749122334,-0.593729193685742,2.510588107651525,medium,0
-0.3136671740884842,0.9583327146851411,0.014296321104200772,1.5050513696582284,-0.3259699501413673,-1.2825566930052876,0.7290346949695581,high,0
-1.0058999092799907,0.5763560176138087,1.5655847225859114,-0.37666579818733625,-1.121045716661678,-2.342246870407298,1.6030559014796466,medium,0
1.5088074344935993,0.8248840377287843,1.120569664513778,1.6288053389178756,-0.21895736087576,-0.8730525596772274,0.6177237483599162,high,0
-2.3553849909610323,-0.7914676425128536,-5.386214110768562,2.4181256992736775,0.09394385181558107,-1.1818939743719894,-0.7330572035712344,very_high,0
-0.3165717862976254,-1.217671377606484,-2.239302568549353,3.174407984177059,0.20445464264709634,0.6952692270887474,-0.5151425743381695,high,0
-1.8476682012409773,0.12443759790694424,-1.3729802256174448,1.2636481276921678,-0.97865788197371,0.09669070288681957,0.8264127586759433,high,0
-0.45427302016775406,0.19305080295811483,-2.4001404728207203,5.463701533908025,2.2519601837490457,-1.5179511318432517,-0.8623943147866824,medium,0
-0.24896401587579353,0.9062811201760208,1.9028803975385127,1.4989800604074612,-2.4979105840853175,-0.3118270528745533,2.4680086899140967,low,0
0.7751304888525801,1.1903614197520662,-0.18356617013538573,2.4131791066549706,0.523581895137352,-0.28279321010932484,0.7238540632058539,very_high,0
0.5652257635640862,0.1518475496415706,3.768561948574266,1.2533532639896852,1.4233152019732367,-0.6860615265436788,2.4021321309157413,medium,0
-2.5189429016728324,0.03248205475324366,-0.7036083525807016,1.376249846871258,-2.209237813061236,-0.9615226873292143,1.6668292172663857,medium,0
-0.7474031482383153,1.2854869497089854,0.5034459195642363,2.623185120954278,-1.0629296738275724,-1.204814340937455,1.1116997722973436,low,0
1.866042999699614,-0.18194543834241864,4.997608319959023,0.4525188994307674,0.5488264881616148,0.5970560997385407,0.972137462378682,low,0
-1.7556019419046691,-0.5791861411469302,-3.411936835927262,0.410440078611334,0.23219874856504275,0.8228420732163579,-2.8766054203951468,high,0
-0.7704891366199538,-0.11621726325138722,2.6063989391464264,-0.9846457237878676,-2.890594017856129,-0.5378283698650225,3.106923363037285,medium,0
-1.0185008390125758,-0.4665075273501172,1.7896197070902227,1.2396991578707017,-0.9119798875820682,-0.4089155349199863,1.3025082729960265,low,0
0.6879294224134073,0.3010012339184757,2.3572111413645134,1.6581404266023967,1.2612878638926748,0.5737677611445846,-0.28658403707429425,low,0
-1.8908732933635437,2.2461880135582653,0.41106463704531104,-0.4497597202444199,-1.0560453677164265,0.5567959468277808,1.371453474193375,high,0
1.4221763273241919,1.1151302518328152,7.527852125945289,-1.6411105596356885,-0.8953305058760443,1.4094494831021676,2.7478444842417735,low,0
-1.0048849420556047,-1.726803202706756,4.801036774162601,-2.5115867907433405,-4.435700552828014,0.8216157522371632,4.6022006607892205,low,0
0.314521864753763,0.6651060515214794,-1.0878127681261722,3.214025408047929,2.110883018152429,1.100799805422717,0.18240239607769415,very_high,0
1.2382245367570432,0.033015876934859634,3.0500542344901906,-1.9934089143158287,-1.100960429834953,-0.16713608416283599,0.7479386345436263,high,0
-0.4333802525117536,1.2562213444413588,2.776630299150028,-1.0869287727930723,0.6215174505453074,0.14187804262849532,0.19924776980722747,medium,0
-0.7014333998691944,-1.6792080900537842,1.7404887559317959,0.28061518112126993,-1.0292034270214534,0.9751071432888088,1.578411457144578,medium,0
0.25462650147272403,0.08669457148553406,2.8985904562332676,2.9749837051094485,3.1442320454513317,0.7429954109391514,-0.09133713198087423,low,0
1.2599983633033653,-0.20219033538761957,3.3763300537272216,-0.15192388650875022,0.1444982435549813,-0.9370576764661336,1.9058405641050515,high,0
-0.6367519651687681,0.8937617973878307,-1.6539282156290798,0.4344998888763858,-2.852458978514667,1.6201586849567073,0.16968566543213126,high,0
-0.8869605680013621,0.2749307810700873,2.208152293339842,-0.6939033933527716,-1.0040437661700594,0.20444517052317407,1.723776862893875,medium,0
-3.6442150461487675,0.6424744465726187,-2.773592193422016,0.2794885477055158,-0.6633364733008897,-1.2715440721267672,0.34280296054277326,high,0
-0.35559974289640284,0.9960325033075258,-1.1703835831369602,1.8632499074191695,-0.9653740023340622,1.7742396180401812,0.8487216872877688,high,0
-0.5097952027160729,2.3608821718129667,5.1995502587552345,-2.827369995026987,-2.3879643536678454,0.8773622092064753,3.4591912493267047,medium,0
-2.44149599816575,-1.9385268369397537,-2.788663444338255,0.2451419171726389,-0.22601854878314076,0.5963335838654739,0.20505198090251875,very_high,0
1.907760321215446,-1.1424818981184228,2.8822670772224543,2.6316886030292705,0.27534096286522936,0.48852013847400877,3.04044790343323,high,0
1.56047092895646,-1.71374357412924,4.844530518247286,0.44127080535141694,1.1159344793597885,-0.46685541039991946,1.976892571005855,medium,0
-1.9722467369397418,-0.4944926018821485,1.484636240676786,1.0915591398409736,-1.535895052798956,0.0376450650971495,1.604937084111536,low,0
-0.0053425692967092875,-0.7550339959104986,-1.4483762697966294,1.1390120272525133,-0.32640489290351815,1.8966040685739283,0.6286080129968914,very_high,0
2.1079849036659084,0.8359699242722769,6.140088452225066,-0.224731378103894,0.2320241068257649,0.9950175796158893,2.1021210519611975,low,0
-1.5766841124997433,-0.5806352797527063,-0.7780216148799008,1.547473880039839,-1.093020121851635,0.9013767164289195,0.9675906751176186,medium,0
-2.192934723370179,-0.2628824730353762,-1.1756855449227146,0.9771253325467057,-1.122002574624855,0.23140635127741563,0.9079376187332795,high,0
-0.6608400373433223,-2.567585117933758,-0.6646754045619615,3.0067603115678985,2.9743487116734593,-1.4198253134575696,-1.4435315055614215,medium,0
0.7651097634376923,0.6816606513974395,1.7360092366244533,3.220691109673642,2.6413423016588182,2.3803877461644896,0.13985809881975286,low,0
-0.17426152864973066,-0.6757115301586923,4.086627560300907,0.8434463029636785,-1.7966500239090948,0.6940967468117569,2.413233933420818,low,0
-2.173365331144607,0.005883777850373463,-3.9147048862504135,3.0094761825476866,0.020504492073524005,0.12900275801378372,-0.49306723069032765,high,0
1.8586736101812948,0.09808045027979402,3.0750151843938633,0.5263453611523302,0.40603355484492276,1.0288491536095945,2.617205866479244,very_high,0
1.3201035493609774,-0.7527192419030679,3.7417435372662537,0.8841456266591223,1.2582953896699662,1.4761148745657644,2.321132997445112,high,0
1.5849090981579752,-1.4762304803093984,2.4952541864004854,3.6058124115513186,2.50509667068874,0.4448749166771231,2.446522360843793,high,0
2.3692869177942857,0.017855301482174405,4.5693989175855085,-0.7965833079837228,0.6958268875358844,2.475313800936102,1.7017342388592436,high,0
-2.265958581807493,-1.0898030441669337,-0.41783349389753616,0.9948184120798581,-0.40970405613144467,0.6519334010300283,0.5925814303299344,medium,0
0.20130878421224196,-0.675039011419468,-0.36522041726145815,2.372473762275691,0.3893283936622177,1.1974945165643633,0.463392008340511,high,0
-0.568664934703792,0.041385762307114264,-1.0288042398913264,1.9920967506787128,0.7958430035195547,-0.15237749727117703,0.6419841314744004,very_high,0
0.11316573642789396,-2.5259612817693786,4.693258116449591,-0.6590503603666937,-1.161155710699406,0.12798836367726404,2.2591771743993148,low,0
-0.14773003243278748,-0.4040694502524733,0.027023525790468635,0.778810685273886,0.05988652663324601,0.6883470370380197,0.19614797628218938,high,0
-2.6530801397050006,0.8348357375846623,-0.9885988554633598,0.6770305675851768,-2.599701575407475,-0.16283403955110465,2.0319824794749635,medium,0
2.1634579794371027,-0.47945941095045846,4.019007091083498,0.24042795001863482,0.07404948317550053,-1.0280678124641107,0.9649747851889526,medium,0
-2.7752912791930093,0.8483172197046055,-3.734397461056929,1.89173430846532,-1.8453646719139472,-0.07728950014938255,0.8842941393605619,very_high,0
-0.11644686080441269,0.12625587271393265,2.4793075836820666,2.3583401888815176,-1.9478798130596306,-0.6128579946744069,2.0369451289688647,low,0
0.5402003892094123,-0.06093951178599691,2.1955344348199946,1.0341297163680552,-0.34554839110382507,1.176637548616744,1.117842762491438,medium,0
1.1469325581023577,-0.3456536566056691,4.605384522325382,0.6048341397118403,1.30479055551359,0.7718504858067948,0.9297981791641206,low,0
1.0668130501867783,0.26386602090294525,-0.7420051637964238,3.2113306439097675,1.813915808149264,-0.3946797086605034,0.7276888824030249,very_high,0
-1.47454472647346,1.268780588413842,-2.4060319158530814,2.779200127843703,-1.0308985207544272,-1.3865600587809983,0.512854541378284,high,0
2.064532905655574,0.7349359742543154,5.165891586919013,3.347942160962326,4.045467090855586,-0.9083412517079852,3.0395911525165547,medium,0
-0.7742670699476115,-1.1488401196158635,3.7013480676929036,-0.20087757281209573,2.4242186732181032,-0.8189524449737209,-1.1355046552010688,low,0
0.8703785091242223,-1.2015353947392868,2.035827152393619,1.923922557807792,0.9768650267698641,-1.336722084146622,0.2640249748773952,low,0
-1.7029432091217191,0.8930678269867728,-2.1125275632194254,1.6948579325417197,-0.4812298462729405,0.14765184053745017,0.3308738879295232,high,0
-0.9240831366133522,-0.46283052343037057,-0.5381777140193095,1.1720148800147252,-1.9433642370216124,0.672452775386156,1.6655099377321356,high,0
2.274796628925717,0.7645995976355802,1.3242284932665278,3.3296580146355543,2.17738138175026,-1.5748799874627346,1.6122127744547987,very_high,0
0.8902616578674448,-1.312840273092726,4.639711192269523,-1.8386097548367977,0.5012986415381085,-2.187380914976043,1.037806789933485,medium,0
1.6064757714301336,1.7984149791648192,3.725487657322336,0.24216121511049793,0.4347367415338279,-0.8527678625699305,2.045216944591139,high,0
-0.566316786273946,-0.9914422843961568,-0.07867862804565787,0.9329498967637239,0.7710417203770676,-0.8796063091639899,-0.1168110680764376,high,0
-0.8682746323511619,-1.8399922494136325,-6.304004908363683,4.868600194061501,0.7268885603903597,-0.2660636557620032,-1.499001000221268,very_high,0
-2.3143194415897512,-0.2652287522247021,-2.209742850208912,0.9055537740303765,-1.8687362836119061,1.4413991103217594,1.2130658446213223,high,0
3.418759010416127,-0.7907106194885667,7.664911155277372,0.6646799184215603,2.7552847028375336,-1.4554734756173158,2.1236559781375597,low,0
-1.3421659862289488,-0.337749032701935,0.46706755778592607,-0.5086720468019805,-1.1152434368327577,-0.798185893896966,1.4264337059983538,high,0
-1.1925401428628961,1.6346055117612015,-1.1126935017891522,-0.8462358748008116,-0.1335088213079738,-0.19681112309762697,-1.5385911945350201,high,0
-2.6638413417403433,-1.8960018949178892,-0.741301914761698,0.09938341797579309,-0.36823330793161513,-0.9670858727995406,0.514084461483495,medium,0
1.7245432093220563,0.2444544496055498,3.6725022428638705,1.263025687011757,1.9262441178341883,1.0388397119820936,2.6794642109603872,very_high,0
-0.4142166973859214,0.7134290260171423,1.7944322200796559,0.5095738949466612,-0.7609522550775227,0.7876293589549547,1.3453045505105694,medium,0
-0.32847515920936565,-1.5370679870688635,3.937913374889949,-0.5541020954897593,-0.03846611348076556,0.6690447424705321,1.3493352146747737,low,0
2.2456602789399414,-0.2966687366744715,6.109055122857004,1.7297779909269635,2.289490731798903,-0.9971435467856863,1.7945261381017497,low,0
1.781693224939326,-0.5075313435257685,0.20550608589224928,0.885819156110576,1.486258958426039,0.8341005719100684,1.3156559321964443,very_high,0
0.5152152558315737,0.5207764447340067,4.263013628688059,-0.5837206479587793,-1.3352429028775323,0.004438522609814357,2.401258495175438,low,0
1.0146517657841667,0.36614652596568237,2.0143660269395673,2.8367350038374437,2.5070799616028774,-0.5067041762102386,1.234892887969486,high,0
-1.0958039940876234,0.2854861626880532,0.38063753846377424,2.149394631577173,-0.737765867952287,-1.0694023872354967,0.8819654925257009,low,0
1.8253041552612093,0.24728999957425232,4.418318572676821,3.0613824599248494,2.701922468818658,0.7614306240608931,1.147816681733363,low,0
0.7200861157259016,1.6857441919739613,0.7634482497165257,3.713771454027186,3.182234314941269,1.2327283420682844,1.0850532281845715,high,0
1.5904008251895811,0.46254792279774964,3.720259746988424,2.2655470408500955,2.3367763762078817,0.37706090962839983,1.6244308191124897,medium,0
2.8486286527305094,1.7123077283669226,5.883269578898836,-1.1579234721343579,-1.3356453829595851,-0.12855103438512974,3.3293592849380147,high,0
2.6994950190896025,1.099415601792937,7.6163293421260665,1.2639975425633232,2.689344698046966,1.8816212893577708,4.13868767011703,medium,0
0.7969503192766316,-1.3456279183281468,3.6638962791022767,0.6528367714894978,-1.3281515470779626,0.9515520780790863,2.0597761401752694,low,0
-1.3877058574430237,1.3227428318797865,-2.6853604901807953,2.0202456331514833,-1.0577528957626727,0.1311121961784342,0.5430437919768362,very_high,0
-3.2285626661482567,-0.5245367390000981,-3.0414043776475945,1.0613843313381273,-0.6817332549785328,0.44162506781421695,0.24254429220797724,high,0
0.824256003903836,-1.2242250083555806,2.9095482777652153,1.3925425635110165,2.27206170277141,-1.357698726867552,0.6827551571524321,medium,0
2.6746194160361183,0.07807771389598944,4.792059296313155,2.5039384678693843,3.3862014803492464,0.27092134270744134,2.0530331655079026,medium,0
2.593762902449525,0.9078606377044912,2.258024945981565,4.157411869598844,2.835439345905213,0.017414248998230967,1.9486308995298938,high,0
-2.0168474828525906,-0.035638560931668735,-5.2560530293256145,3.7172716612388967,1.0497168263591037,-0.6442029983199388,-1.379303055417082,very_high,0
0.5443734927841078,2.240612120174282,-1.0047296417043579,0.9655293714868634,-1.080403945302683,-0.812584514255267,-0.7103838064870849,high,0
3.0989371001121135,-1.3805710174469963,8.76069763928054,-1.0875555215012753,2.3219639436245734,-0.23259923843548608,4.106829153517732,high,0
-0.774066484313282,0.7841701737244763,0.2616583120391945,2.2121056699908674,-1.2947796460804317,0.028872480174467825,1.2650018070997693,low,0
1.3315539820633249,0.6209975658727354,2.974961423037146,0.4570261724775001,1.9469937871635292,2.7431128724637457,1.2987501171503388,high,0
1.8845320948778954,0.5340629563169517,1.7489302945325063,1.6338451289692233,1.7510361544358686,-0.08259032541651207,3.4885931260129928,very_high,0
0.707735105337017,-1.195469716665512,5.452903320366719,2.6378829879190926,4.1915878407666805,0.624606644894278,0.09320498071182493,low,0
-1.5940219631668546,0.4342071778618859,-4.462099358465383,3.835423406855229,0.4540432503379903,0.9961047893171002,-0.9079331772146075,very_high,0
1.9886853454317523,-1.384596624727349,1.678766270318873,4.881652989014644,2.882074099682236,1.9396914427283842,0.41430057328544145,medium,0
3.4216311456273765,-0.9809709185260753,7.801559494323092,0.2179208780767472,1.2821918803888044,0.9510213361781547,3.8127603577797533,medium,0
-2.806419791676122,0.47830039225468934,-3.699081581951814,2.6728062627368354,-1.802180742455315,0.03360170735355592,0.6962754550826408,high,0
3.5738546825229447,1.0511217477579984,8.919048853592434,-0.9336419571361232,1.9833670827240857,-0.8291589224854,3.227523489108295,medium,0
-1.2959101573498357,-1.4012540141997682,-0.8541978411871464,2.3948292295181615,-1.781930382375112,-1.5904302585192973,1.2934144020879836,medium,0
0.3603555737010159,0.06658882690292169,-0.0024010722288005755,1.4345566208857912,0.09984666578225698,0.061788270229648265,-0.27629592261114144,high,0
-1.5845152853304458,-0.2136303084853857,-2.441460833291471,0.9473658181940132,0.4308826558033432,-0.9287833699834165,-0.1964484766115433,very_high,0
-2.4252205817916597,0.6337159007251949,-1.1191930351923072,0.0754623593053132,-2.8180474765425214,0.6131224992291844,2.18328250498359,high,0
0.6051691713929175,-0.3078959650384471,0.9342083846745313,1.6252556346780607,-1.751077067331741,0.6940200870607419,1.8473261867610957,high,0
-2.436147882005549,-0.18847681889449142,-1.271006327316937,-0.3064904464785143,-0.8558786612983915,-1.4288661504496623,0.9305100929059884,very_high,0
0.779818384894494,-0.32805645067676004,0.9548510156646719,1.2181371310602171,-0.762829427424248,0.11046875588613572,0.23005412744445908,medium,0
3.041227575780087,-0.3789840740581913,6.4709375574989725,0.19273725235236183,0.9014592791225755,0.809779272561425,2.9901250395015686,medium,0
0.25664065451394,0.8235461198419735,0.08953246295098725,3.637672860266907,3.350234077192023,0.017219582730560564,-1.0163430301463812,medium,0
-2.756986668781634,-0.5462204154871819,-2.4929967854354156,2.6471607801992274,-2.5548562825691015,-0.5188370428216882,1.4458955910453017,medium,0
2.105959019145503,-1.6171517144400436,5.860051163904864,1.0291936913135562,2.0011534443022025,-0.526955143564992,3.030320377569943,medium,0
-1.4596023985299014,-1.372791249746409,-0.5397791830969257,1.4287466753991622,-0.3335830177691612,-0.5039306799613394,0.4844424916590596,medium,0
0.08874197716024423,-0.11191668519920464,2.351745642241241,0.1158298531934483,-1.8032642446464684,0.951056862481465,2.2122761860253473,medium,0
1.5133166199290549,-0.39126771490754075,1.5209119697612972,0.45833702777317875,-0.002387119997023124,-0.8889248090597707,1.0824210574383732,very_high,0
-1.1958986837522856,0.5038599341724908,-0.9810999677753187,1.637297401572949,-0.43331749144195364,0.0851959299707875,0.5290292731130379,high,0
-1.9468125179611955,0.8981238325812592,-1.4335844113722067,1.523571762312661,-1.4288130124837086,0.7456358328028029,1.054849742669697,high,0
2.514086662017057,-1.5733469496057397,4.95298530629972,0.3884930850112778,0.3302418468747609,0.15201577783777934,3.573041462962764,high,0
-2.8507804107299286,0.17492346744196388,-4.282450586422492,1.357578900927024,-1.4676236747826088,-1.136890692399149,0.6029505628576122,very_high,0
-0.5214863355541735,-0.30737031969723144,0.016417764291796866,1.4465797981557176,-0.2801415222275607,1.2439419249661245,0.6971234677026488,high,0
-2.0171406806252943,1.562668505230683,-0.8940442848984501,1.6852591224980302,-1.3010137055266073,0.4782239401626234,1.0276297999913564,medium,0
0.25885923840759806,1.733441339384263,1.6724285698793715,2.994719091843595,2.9852959652688553,0.23419415149820536,0.21524381470624754,medium,0
-0.610523351051239,-1.6686294265007857,1.4948362590105209,0.008425957649210503,-0.9282237852400435,-0.4451405126313417,1.4573118272790775,medium,0
-0.4660699096128472,0.09843762392458368,2.7273843494604644,-0.8647405996443849,-2.5592570306635922,-0.22598320335224872,2.937757982387124,medium,0
2.824319382340321,0.19392147688393416,6.568520935671992,1.0804702203945604,1.794519539120762,0.06319360385022683,3.5824355691919605,medium,0
-0.5701946668399118,-0.44736294916121566,-1.4835602683433247,3.3319720605766188,0.8553172586643016,0.8520150349084945,-0.14768447443478405,high,0
3.1122197099966016,0.18692705255449762,7.193304685751161,1.0050528457283,2.1550878216141904,1.281978362376686,3.108025084352281,medium,0
0.5154607759757843,0.8174857806561917,4.872500187631092,0.6405665029242004,-1.4558217797605542,-1.6179106457900545,2.4043855899949707,low,0
3.105958969089952,1.4166613082979562,7.61204374045147,2.11277361041798,3.631222282414133,0.85093692777578,3.052031754918116,low,0
-2.4965650498937038,0.9183631149338709,-5.213836014346633,2.699492080136433,0.4691431462626203,0.557738828932371,-0.9553298942531543,very_high,0
-1.1483744740927762,0.3280097179834053,1.733745155666117,-0.3913228301173848,-1.740798302318929,0.33952994826365984,2.1262770244701157,medium,0
-2.167126633235326,0.06666975541378523,-1.736457848859417,0.635723944127922,-2.5698131831014486,-2.6244111660438847,1.9036264779215788,high,0
-1.2606802141463225,-0.9159675813651517,-1.3468210846440214,0.9059291148659125,-0.8662488464858138,-1.5452291149986712,0.8500580644782652,very_high,0
4.622150309320741,1.6462833835839772,6.240636574621719,-3.6395763805568313,1.3188156347972289,-1.100096962577806,2.4575565049179913,very_high,1
-1.0666577344130699,-0.9776468371548056,-2.4894169733782663,0.561124161297284,0.3790483539208541,1.0288774416789441,-1.117141761101381,very_high,0
2.731306125291631,1.2084399891360882,5.684667004763344,1.5035666296646293,2.643961374965418,-0.7740256503626058,3.5289177641393588,high,0
-0.8924306451045713,0.7715225308761193,0.7890765361756965,1.309693865975609,-2.2673014224230865,-0.008413665971365013,2.0651396841017693,medium,0
1.1276102341599672,-0.8274767512618296,2.256184724654661,2.2522645565471944,2.5076487621930483,-1.0439209802489835,1.285001034177174,high,0
2.974362357510331,-0.15506204469847845,4.82551259230699,2.7475098556890187,2.6515777219998222,1.188474966503524,1.3740947528802347,low,0
-1.3131583795446926,-0.24192112713228958,-0.28931927956309367,1.9523242089993114,-2.3769515278520426,-1.8766903313378756,1.8597533290796786,medium,0
-0.7690783733919433,-1.2590027269681512,0.21188106864423573,1.7625350236671706,0.2113138461501598,-0.041607495370393925,0.20695923286464957,medium,0
1.716447301337271,2.426085613853053,2.7691509579526765,1.456123973561667,0.1974018932551529,-0.5277718759454261,1.021140482313581,medium,0
1.4648728917211413,1.6563225078035575,3.2737985002822634,-0.07119235231581,-0.6095034526314362,1.924845495123521,1.798172080734031,high,0
-2.5418817894245134,0.7861205475982457,-4.21350038036734,3.442549239187989,-1.679127707843489,1.7975448446859867,0.6068785592458552,high,0
-0.9863824995107238,1.512126142376654,-0.8243490764840782,2.067004890344211,0.8140176800260026,-0.9461535811296805,-0.5328764754311744,medium,1
-0.9601995742123146,1.3782298466701495,2.6985291420024415,0.6703777445523943,-1.856312440591814,1.0532871339523997,2.1452790403905744,low,0
-0.8795843639246919,-0.6189775684070953,1.3704026691055977,0.36919326610369096,-2.252225750244069,-0.45490066810513335,2.308222625387593,medium,0
-0.2022133531247403,-1.498281809324653,4.167243616868396,-0.38150240111088496,-1.560965636321571,2.339996321932448,2.4180910988162356,low,0
0.19445539284555968,-2.965210529885341,6.063117669605548,-0.8264939913275409,-2.467899377477316,1.3275546507092362,3.469252625979774,low,0
-1.1077100527778174,-0.44639849881551563,-0.23737267867026202,1.3509026861490259,1.3762785703057367,0.9655735587931837,-0.7496353770396138,medium,0
-2.405193061746057,-0.07535224125955695,-2.747995063475869,0.9987630929410098,-0.030606568938602585,0.514640239981159,-0.016587439110295144,very_high,0
-2.791993599986861,-0.2899988843469592,-1.6481164640498482,-0.2240316250379515,-1.5159126758288703,1.932963175468534,1.2142206869334078,high,0
0.6610688464534011,1.0008030433825523,2.862275199803312,0.4783194734706412,-0.641850423759404,-0.7093589096424198,1.549876411312419,medium,0
-1.3770190551528638,1.873576393897136,0.8094202246347196,-0.13882850652065137,-1.0483938785919775,-0.8934190858392855,1.492955729893292,high,0
-0.27406388539203563,0.14116624938799208,2.014594835897954,1.5737036855292428,-0.6057679586505624,-1.6476935347695922,1.223560921519299,low,0
0.987289799487538,-1.3348268175884932,2.671488911980671,0.41213060309040306,0.41583704524296194,-0.12407722610303959,1.4083240798566512,high,0
1.3334107920143001,-0.8585862256299859,2.357559193287241,-1.2104227039120803,-1.5545980251981837,1.6955158192498565,2.0038265626285314,very_high,0
0.8010236011387846,0.5210038966049031,0.7826968212917541,1.6301738534311543,0.7253311051203639,0.4040491665329693,0.4274306349336324,high,0
0.32278176699598027,0.9987265700830984,0.4786355445244976,1.7156759878657353,2.11644042066228,-0.9101987062279108,0.47790802691213174,very_high,0
-0.8876150087539618,-0.0653107116723949,-0.3362987109065882,1.4583063920186523,0.2964434194961476,-0.6621885476766607,0.15320860942915537,medium,1
1.412789934955172,0.4105067914863815,1.960331476528608,1.654832879997757,2.153146802672791,0.009511839940994225,0.20308414539348552,high,0
0.3951580275501252,-0.6645854879485937,0.0055734552516657175,3.2485818658993892,0.14615338702907765,-1.5885031364081725,0.20828032869816349,medium,0
0.016486114122222117,-0.18998142349707814,-0.42438383259043333,1.4225481808458873,1.7315814661043074,0.0347544782918479,-0.15237108497695218,very_high,0
0.12311524027258458,-2.5315831285012456,3.6246055996894344,-0.16952104879852414,-1.7920648511657322,0.5661209469499078,2.511298359037778,low,0
0.12724066241651477,-0.8070880597375816,-1.3918496728763934,3.8936008024376774,-0.6294305103108387,-0.33342370828241286,0.3763269826639253,medium,0
1.0576969994667627,-0.2402088710025202,3.701227897224828,0.6716114060719373,1.0657050331100382,0.9310118548691044,1.065684786618328,medium,0
-1.5931435672547858,0.7462783899353939,0.039905671033,0.6322196546899063,-2.270835230543269,-0.9606131764128261,2.0479945561810387,medium,0
-1.1735971814678152,-0.044686401440189545,-1.915490688885826,2.054587673785651,-0.364621296879738,-0.3887452936715014,0.2769931669000243,high,0
2.775791045968759,-0.8861126513476503,5.655389301010215,0.3424351380061945,1.895925338283205,-1.6196898655166265,1.7746958853838122,medium,0
0.33683770829459925,-1.1259508961353941,2.524387846131783,-0.46925099604903897,0.6209958761359173,-1.2426201449449152,0.36723590255889493,medium,0
-0.45700563954199813,-0.44721073654455185,-0.5450996634650569,0.22663007774312727,-0.8309422733132121,-0.278464713718385,1.0701847595972016,very_high,0
0.643702378825625,-0.6348026834673863,1.3790000577021737,-0.11104839053630755,-0.42948084147223975,0.46095864185730206,2.197836504528046,very_high,1
-1.4808487697112134,-0.7042945694842044,-0.5316395540737281,1.1531131763177436,-2.1037786155277916,0.5571024469361402,1.7384659138865148,high,0
-2.6806435974425074,-3.3359015494690962,-4.016859137651541,1.5686024601986959,-1.1475440595112667,1.2838887832702683,0.4219271687520799,very_high,0
1.3582550306904382,1.2046759357569254,2.9301364831991177,-1.1190610383287212,-1.3323345927790051,-0.10965484911745936,0.5646103921742877,medium,0
3.2578994569894606,1.4781839356390019,5.612014360056179,2.0874521852371912,2.593784659241603,-1.7337670900082482,2.2653254947510773,medium,0
-0.1261497549504258,1.1140824361354387,0.16966424889133552,1.2705097494324318,0.46811305372771084,-0.5916458153424456,-0.20384853647771228,medium,0
-0.23886469044765968,0.23328758155737933,0.21948833857362715,2.6418023671130024,-0.4084332649561413,-0.16112748668600121,0.606195376608295,medium,0
-0.9541616470396824,0.061770871376545564,-1.5284031101408937,2.1266383198800827,-0.3486380690019226,-0.06119574110790367,0.3490405985689614,high,0
1.616787348350936,0.36997921388074695,2.422856412214204,-0.6346213148642619,0.5433731840380065,-0.8040129979542465,0.4649057614828981,high,1
0.7925175137639375,-1.1758109803391978,1.7967050004109122,-0.09345902235624681,-0.47901584189379376,-0.15058354837492782,0.21678225782670502,medium,0
-0.4023427467246662,0.611106095446024,3.307672578354582,-0.6409690676984681,-0.6180395080214491,-1.1328828133542732,1.6542099019553616,low,0
1.1567295006770375,0.17436758776830327,5.064704907777185,-1.6258406772714837,-0.41230580026246644,1.2614989908023837,1.8083555896223407,medium,0
-0.3740356680924971,-1.0381392850114375,-0.09492907867325151,1.4402719359535108,-1.4157454244389096,-0.7071110812932093,1.3579776018631384,high,0
0.11584809675759522,1.2103238499415532,1.5160360619946964,-2.160111288064658,2.999743134109644,-0.3737208704904336,0.854560639366243,very_high,1
1.3063840813237193,0.32183519002277045,1.8625087739781763,2.1697077211180273,1.3386034526441446,-0.7813576956169462,1.0382942538177256,high,0
-0.3689027282470998,1.0867589770265649,-2.3607710800148993,4.462328128937735,1.725281350361458,0.6712596660773543,-0.6108128394843284,high,0
1.6370204462200075,0.6200931975868672,4.020710939528081,0.9075735857854924,-0.47242515695139886,-0.8133599364488912,1.5926492850059566,low,0
0.002994532574623454,-0.6347954821042419,1.0360529410764783,0.7709350276660054,-0.2377102099397781,-1.6131300189146887,0.8821818249439224,high,0
1.2802323635244919,0.9903862366113527,5.793676678115585,0.7972566707912547,-2.0519516579289343,0.10550074979627926,2.9495053476654665,low,0
-2.010054835826735,-0.5148196623973748,-8.644144469414243,1.7356017605239373,-2.040251820460224,1.3383799037639572,-4.431620636031559,very_high,1
-1.5179133772149094,-0.016664133297943518,-3.8972695473683965,2.1760578643093798,-0.16885297002527655,-0.3509527421380881,-2.1533841916027407,high,0
1.5845143588070758,0.08165522477277443,5.041270133342788,0.09307044272071874,-1.7209639384104916,-1.611698441937195,2.684675273944867,low,0
-1.6116350089050093,-0.9681867507210938,-1.9074967218703975,2.765562511848868,-2.469307564256173,1.8384368995283291,1.5391767851419231,medium,0
-2.747766888677724,-1.7356308758550187,-4.8543999215907165,3.8347450297385572,-2.400555258590656,0.3842319165190897,0.8363312649276149,high,0
0.06651168717787193,0.13945246602919717,2.6603944527355265,1.2761248930466071,1.4136805319897665,0.7824660218746737,0.6243108017920591,low,0
1.1431160070218145,1.3867806572852113,5.16389726972083,-0.40589688109271327,-0.9927322655715537,-0.6827428448042349,2.2517027129475395,low,0
-1.0651211515037635,0.932375241647187,0.07475019315895597,0.6386115834339012,-1.9365650328170283,0.17192084890744544,1.7574273060038696,high,0
1.2930417898081858,-0.22139825818509487,2.8964734610500336,2.118442858287886,0.5848215512115608,-0.8041376881606885,1.0417974585245504,low,0
2.8188170281276688,-0.6936964924644041,6.762098253601335,-1.4221686418672912,0.4701189995264129,0.8792639051665606,4.001066894793648,very_high,0
-0.105388732129438,1.9172595345040717,0.6459140739582034,2.460407634468284,-2.5438882440553634,1.4639007861743227,2.213080191441769,medium,0
-1.8558413815748753,1.0925254146784196,-1.635150705741337,2.167823331543877,-1.4898729342572663,0.5994410153062589,0.9929453369787932,medium,0
0.9848691116898938,-0.5318757929022689,4.044679698649463,1.9573982915906263,-0.05513891803345916,-0.2867063218036532,1.1833552270832732,low,0
1.8098957476046467,-0.7172829730156689,4.306171785874528,0.5007106382430847,1.0526088804354217,0.6602587067065492,2.386331589866115,high,0
-0.5723243293295994,-1.4366517921792459,1.8410416796999591,-1.5916335557523211,-1.7253323510905532,0.5510601242159328,-0.25960414499760764,low,0
-0.8330972547593919,-1.1368711816344155,-2.240449368544,2.099746797024391,-2.0664728438649203,0.7471865901250933,1.3447083285948211,very_high,0
0.24031649486402418,-1.785025839069702,5.258594047063074,-0.93198593572411,-1.1417025919981223,-0.22821753443453083,2.371830124375086,low,0
-1.6554663986316016,-0.6331863393652334,3.5190813991458962,0.5111774798430956,4.230548747963657,-0.5249265207803991,-0.01047916160389728,low,1
-1.5444400516301968,0.21960168181354867,-0.8559313552219074,1.6169534259946574,-1.2242934149989835,0.02123306577582116,1.117345543260168,medium,0
-0.939416447852816,0.04482313193228475,-1.7277378726214743,1.8090706104176089,1.6690508552051633,0.6626783576861647,-1.2722798078440738,high,0
1.2706539491208162,0.5248649917251288,8.574518410204053,0.29028895910552266,3.511531133353964,-0.17091005347474328,0.6523305566492753,low,0
1.426291452790109,-0.6068253417863988,3.8257602697320996,1.1644092225204543,1.90393794431122,-0.2610034893516796,0.9081707694296527,medium,0
0.8283655977325145,0.05618391839232033,4.2048241608410395,-0.20075202805468417,0.21893275909772225,-0.07478129665130821,1.9278860633968673,medium,0
-0.6851762337150559,-0.9893782707397202,0.2775279178984378,0.5272590944101998,-0.5528368000587571,0.03202534336821736,1.0161493911665407,high,0
0.07750408231361483,0.18964795487489794,1.9442294968118763,-0.38650135802784846,0.4573243535427849,1.0325388983011217,-0.6044096285849541,medium,0
0.7576697628385489,1.0560416064585545,-0.48784801788464716,3.296237951886842,2.941572773901865,-1.5095516224699548,1.0579945461557883,very_high,0
0.034636275764712066,-0.4821242843214694,-0.07474653745545988,1.1454870250404552,1.6042229108166293,0.2366469126728498,0.6895538090553286,very_high,0
1.4577741594707918,-1.768263509501486,1.2840459388947085,2.3237690255226493,0.29895083431248226,0.5844887886474618,2.994069476912355,very_high,0
-0.6519897179297284,-0.007564659674649148,2.997958085351382,0.6370744067547601,-1.6221135060287604,0.9435168181527083,2.063490929839219,low,0
-1.2705342812044023,-1.435954978028016,3.617906128406666,-0.25365958381722864,-3.0190941285721857,-0.21506203606086322,3.210492786856534,low,0
0.026814539517276303,-0.8991960960480192,4.6487393639315195,1.050837925040206,-1.792900938227992,1.1042145208197445,2.4664684428935306,low,0
0.3407758402115473,-0.672218872552405,2.1918076654856713,1.4682709266748437,2.361221641939289,1.2556775257411008,-0.006733835509635577,medium,0
1.7071504140730869,0.013652912075056728,4.431622984271906,-2.7006281004502326,1.118329714103591,0.2516538689865537,4.719840551775456,very_high,1
-3.357280310667001,-0.712777884827594,-3.3974027142871512,2.0451366297903832,-2.355238350154924,0.006547966636634446,1.1907382782963525,high,0
-1.7674877125197188,0.16685938989267557,0.05637830453771237,1.8707425117367464,-2.7694959951188247,-0.7324538759713198,2.1255903038290893,low,0
-0.7827269128911305,1.6424192459283222,-0.8200123514970996,-0.1953013410452462,-0.5083717344455628,0.043640132465737946,0.8916063970838046,very_high,0
-0.07496940999348167,1.6888221923026767,-0.1879613216381026,1.7125959482866624,1.2389550016886588,-0.5854450209199682,1.8916848175612277,very_high,0
-0.31171989733119565,0.852408877798197,3.8884216962247984,-0.5259580966889505,-0.5317455437745934,0.39254781523740595,1.744891095136495,low,0
-2.195462069944817,0.7206105486789331,-0.9719239601454654,1.186888444923558,0.3421243693184144,-2.2850844946693503,0.6179065614129452,high,1
0.7133607530544985,2.847009588957641,3.314166172358133,2.5102106744559354,-1.2192365949936017,-0.46760953341722744,1.742694606834268,low,0
0.6198636270303997,0.554254476026521,4.637431174174792,-3.864888708486909,-1.6182285838571449,0.8090542890877785,0.051656706482313464,low,0
0.5827660684362846,-0.18573676341849862,1.3697032493168664,2.04834013753348,0.05170902571764113,-1.1127640783210544,1.4638898048926114,medium,0
0.30339703959738595,-1.4127885777912768,2.009347122903722,1.2368694177409003,-2.97417377148102,0.40030609315481963,2.9136456388956087,medium,0
1.9901127400522818,0.8596950512977658,4.038147346363967,1.3733808418059397,2.4873629475544865,-1.0966250441473178,2.696127754146336,very_high,0
-0.9679138306043654,1.5537518857296357,-1.4727563406799866,2.860669202640242,-0.985404720828054,-1.3371522108411915,0.6690821536106893,medium,0
-0.5154094327500045,1.5839364409634833,-0.09437119207467524,-0.5079764852582704,-0.8110980530181771,-1.7562302344795768,-0.4181571187473516,high,0
1.1749372816008503,0.02915191232501268,4.831993051478162,-0.2424821505898429,0.37317662632434345,-1.0248948993808669,1.0776008823498666,low,0
0.1626047160408821,0.26157748406540704,3.8512962116476164,0.38367293674354586,2.0834758327151555,-1.4896096123510028,1.115714603889293,low,0
0.5080596095865296,-1.7210471256296629,-3.404718952178553,3.2246356285330595,1.1803189005751722,-0.982416240480937,0.9425074107145686,very_high,0
0.7342515694370528,0.04868388490154364,1.6269427026449688,0.7697507277747146,-0.9778128396815224,0.4634603556662172,1.4856016376363022,high,0
0.7858296148306168,0.9287675350757748,-1.1282092771250984,0.02870888336627031,0.48865613337668445,-0.43807864810353686,0.9971386213013035,very_high,1
-0.013165551495454508,1.2461649978779448,4.624125166971992,-1.4565039672158033,1.0729665082271977,0.3108383975387898,1.2914205842349646,low,0
-1.2249001545583302,1.0126922045509361,0.35774971747807743,0.806551976749738,-0.6183186622774152,-0.40916506921394147,0.9371407757027215,medium,0
0.34817544340209816,1.5731360220429027,0.53478813003419,3.0740011763387853,2.3882494420058773,1.545226445884819,-0.8760509587432155,medium,0
-0.6467166365911347,0.4504119599294666,1.8519023384162936,-0.3040656590141453,-2.018056333210313,-0.5296081995695587,2.2995172922419362,medium,0
-2.26466083916061,0.7565941185064321,-1.6464070740681367,1.6489388081004834,-1.5448438863719707,-0.20478525760573577,1.1002679213163764,medium,0
-0.20156404742081824,-1.2516980485201425,0.08276615518740532,2.802453410082761,1.2346375252326274,0.021605547591684655,0.702152487438712,high,0
1.2634320868418267,0.5995112411642496,4.0982228901757685,2.101476783854659,-0.7029384418212019,1.0605598780918188,1.6031379351946442,low,0
0.5177774874617926,0.9260675932328454,5.752164209142789,-0.2728991071647717,-2.221897448719158,-0.003671088480515556,3.0885445881164815,low,0
0.849709837687606,1.2148840301830344,-0.4941042103537658,0.6974049263026815,-0.5559741901897295,-0.9247118804011716,1.0597849061048839,very_high,0
0.13401834621088393,-2.6592811840473987,1.8366071747296528,1.1713609295514793,-1.5253644678768437,0.2972870947599731,1.8669266253635,medium,0
0.15174918988296904,-0.7360652185406498,0.09001824723129655,0.9656766647632735,0.6135149182041537,-2.123378538398228,-0.09785290658992118,high,0
1.1689170680061622,-0.4760100000208513,0.9962156717623111,1.322017188165478,0.387438487057004,-0.09779499708420289,2.8391686785126633,very_high,0
-1.5679929640923849,0.343370349795475,-0.442280217535184,0.3490264127388377,-1.5970836325850677,0.7555049064655893,1.4555730369507303,high,0
2.189820065289322,0.23053366721133914,5.672815745289538,0.4480274125679452,2.696624944686649,-0.7746840576638448,1.9073852471643147,medium,0
0.6996584848525687,-0.890831680130782,1.2174427436885364,2.4332297618829033,1.2181494146672143,-1.9483785067321513,1.15041727431679,high,0
-0.4530604314022023,-0.3191180896979034,2.302061142205943,1.0279717884906678,-2.216080982474797,1.0153427862709963,2.328781887111226,low,0
-0.6137331248585829,-0.9436017159193308,-2.1420000526906913,2.6173907080167593,2.1555209195152107,-1.1711676678012368,-0.6458872438892813,very_high,0
-0.6621818198624825,1.376522659738668,2.3283663694832857,1.5117396575793172,2.5053388933933527,0.201066990031392,-0.5469948582194293,low,0
-0.1636076787768621,0.13152273007815657,0.7081709792557306,-2.273509230794107,3.5349069533490116,-0.17537968432098058,1.4736566739522234,very_high,1
1.0764978196232833,-0.41271927919476437,5.372424038594349,-2.511659242596747,-0.31015716726818265,-1.7227224815653555,0.7923116069912517,low,0
2.2229191447788383,-0.6118288167399027,6.841684451070206,0.9046825647131098,1.4583314840652315,-0.8123813546900387,2.6239422542157236,low,0
0.5707460806046349,0.729843035114983,3.5757153377873605,2.673888472533766,3.889038955155347,-0.17932802787303154,0.8499495294414955,low,0
-0.8201774949892282,0.06404884501770187,-1.3030373652518612,3.0429804465982007,1.7995202881058199,-0.9067289653500941,-0.8182295908631303,medium,0
-1.0193766450946835,-0.48401962319627845,-2.7305838213109865,2.841353885712981,0.8539028255416574,0.8047874435273991,-1.6159653971110608,high,0
-0.7466405564937322,-0.2888924143340474,0.37585980102324273,1.2079807176493254,-2.1306724808847153,0.01538756450126866,1.947992736409852,medium,0
0.8251083090399209,-1.00920315243739,-1.1415401698159973,3.4127047322689723,2.3177515476674717,2.2187433575308493,-1.128705481236109,high,0
-0.6194811947624621,0.6590259520210962,0.7451841685681805,3.544402507765156,-1.6752245125428928,-1.561042575586778,1.4450865809054887,low,0
-4.315116895359767,-0.8561008274372305,-5.700835146929467,0.6937271265360033,-1.6221946412517498,-0.9547098336929226,0.44211027255530755,very_high,0
-1.7880521609936215,0.646870464896778,-1.2918411175898799,0.8805247066132202,-0.7552140463030552,2.1380552116340046,0.7199945386973444,high,0
1.8882949758505851,0.17942952129493323,3.6601617519371406,2.311834272344432,2.378343075732633,1.285759036510566,3.5970592577391747,very_high,0
-2.9617021048605925,-0.43540897061808626,-5.0722873977590694,-0.6844180237944437,1.627199203461997,-0.2070239606860313,-4.468521126913196,very_high,1
-0.42020485163031884,-0.47083037650378173,0.44385434823040765,1.4219419212648219,-1.0371687435805295,0.5413793726352385,1.272672305235073,medium,1
1.516510102578482,-0.75411247979106,2.2369486974838693,2.2210563395536225,1.99111791181486,-1.116919511912159,0.803185124915336,high,0
-1.994517706499198,0.7733416946447087,0.3173755174479837,0.14222661176188867,-0.4583124541105441,-0.4233774902357365,0.8558383639056175,medium,0
-1.7268076094556848,0.4855939200440023,-2.3098417627363492,2.574210786819828,1.837693624483757,-0.8715105943331573,-1.955597647949274,medium,0
1.7391869831030364,-1.4437183695950546,6.036539432672339,0.736058359341188,2.1111050595814573,-0.48280068868494963,1.2818496745050638,low,0
-1.4120493246792325,0.29677250708423497,-3.4333437725908507,2.711198185247743,0.40109926198588974,0.7985681267484328,-0.5924097790461305,very_high,0
-1.0508403439035376,1.0243462019858247,-2.1512618886167734,3.264474179061531,-1.9612513267949319,-0.6714975139474861,1.1764891949226963,high,0
-0.009523491517795746,-0.6629899612710476,3.70009405972076,0.5544088942787494,-1.0929232531212003,-0.5887048335567698,1.9099456699140898,low,0
1.724809139861159,-0.5384998869943409,5.141621957477288,0.3631989406588296,-1.5181882522565118,1.3627408269989625,2.6860824608184313,low,0
-0.4701185643259993,-1.4456102007765625,0.7386795117071824,0.343924410307338,-0.6564750151880117,0.04042893983346719,-0.3397018391013309,medium,0
3.6155448128723897,-0.7940837066054469,8.848660493575881,3.2265917111006717,4.357679171605725,-0.07347305456421788,4.141005036943365,low,0
-2.2933836291695515,1.5122349106655983,0.5601383180962854,-0.8843436484781353,-0.4775665339479823,-0.03694118646749832,1.0274930404091027,high,0
2.238342602490606,0.2575817492104368,5.108321525092823,1.5065801564467987,1.5753562640285086,-1.3007350703873357,2.4146425960931177,medium,0
1.1911599581933088,-0.023870968309452716,4.4267698435397635,0.15258381942100518,1.81927341309768,-0.7415712588935076,0.9999270150512244,medium,0
1.3752989710156116,-0.5305803556472093,2.0163876873188884,-0.46180910929040797,-1.0780535193733123,-0.05434084103664975,2.872815166965453,very_high,0
-1.9895485643460087,0.9600608747015225,-2.620308528151672,1.2910872898991255,-2.0465830555955895,0.2997961715729297,1.3071097788276327,very_high,0
2.857205041639092,0.9126023140297436,4.5339628437159725,3.1444444028505396,2.84575295636596,0.8986278667304854,3.911170860699688,very_high,0
0.25049153549047465,0.27845878944741026,1.7959516093770624,1.306575913000294,-0.20404446330288384,2.2112429502825615,1.018120927477192,medium,0
-1.821800777175209,1.2844943775351327,-1.9814211662156884,2.3954356022258763,-1.2615787945459689,0.9910594242225638,0.8408468594283798,high,1
-3.7969180261569004,1.0530697175949124,-5.976225390917228,2.9697567175547075,-0.5077744048901387,0.14820296862789786,-0.6206792497437599,very_high,0
-1.0021850442226208,-1.003433810758229,-1.4875064440030548,0.4879192463971308,0.11141294196734841,-0.9688241140349944,0.298359708844256,very_high,0
-2.1432622787820708,-2.327599232930349,-5.336233242413187,2.454114339227505,-0.5370016255147562,0.7704804366875033,-0.19936861958927143,very_high,0
1.1916325933793894,0.047104697759313356,3.41359395718176,-1.676953645673353,-0.1341420399158766,2.423106130613554,1.317423399579936,high,0
1.7439714521685263,-0.10312806235137562,2.8167003966213624,1.2594118956114495,0.5494871664195092,-0.5190257189181485,1.3114564581804198,high,0
-1.4976687692340256,-1.031826550728435,-5.2473027977044975,-0.06483150257992554,-2.4593327735932062,-0.889252162470918,-0.8688286817555382,very_high,0
-0.9022934164760168,-0.26552286143334874,-2.7881889560514153,1.9322883397690387,0.38527115112659405,-0.9053361675148525,-0.7132643492083472,very_high,0
1.8838257099642635,0.2518694483180255,3.8140410626623984,1.2205836244390478,1.3177828142230348,-0.4166919867957354,3.5073416535390516,very_high,0
2.7072857694205474,-1.0640459272455725,3.3033459710906925,0.37327137255844733,-0.1900210555187829,-0.17858226951422537,2.712877906182616,very_high,0
-0.28625150371502717,0.6105283942093266,4.868428704960945,2.8851762453957606,3.5569753693495816,0.1626344699001771,1.4357791322662974,low,1
-2.027024072660776,0.46313847997504015,-1.6322411958660947,2.0953594540246616,-1.5464311560469681,-0.3563013177320619,0.9580231444544272,medium,1
1.3346576219431026,0.7370706706176718,2.5685939852419475,0.5762958484935521,-0.354263477784704,-0.2989373970198303,1.5477401020741732,high,0
-2.055705872221525,0.28237775119951514,-2.75198801783651,2.481920668692094,0.6094435230363162,-0.9162930470045603,-0.554582213073725,high,0
-0.22552277031147216,1.0445264298181407,-1.0833940873198884,-1.647172707345742,-2.3686438702065926,0.14599591431263995,-0.3609585138369509,very_high,0
0.900660552327774,-1.4084233842060085,3.4961423018514424,-0.6570083543918255,-0.2832844520438158,-0.4999624972086356,0.6654681546099446,medium,0
-1.506536630798271,0.12255515695077152,-1.2193515178779673,1.400991624035278,-1.3402586689624596,-0.5156340340803272,1.0703867313132052,high,0
1.4631687039722165,1.0166432073158822,3.161226808037408,0.9651992044367623,1.2638438013454838,-0.8707663764407388,1.791157394577564,high,0
-0.3945961283398438,-0.24967296780826237,0.23316292204566333,0.7585614316131155,-0.32566394880138194,-0.16168910802506112,0.7354341486623628,high,0
-0.9535420860750925,0.17541364182641137,-0.27520916840409676,2.3790053861490152,-1.2954499642366297,0.3470662722002771,1.16075221860222,medium,0
0.29737745481032485,-0.13778586119228045,0.06657253692331154,2.43762286061556,0.7216128470186445,-0.8356012406877456,-0.30010743585016275,medium,0
1.115616255602235,0.6546884930081445,0.19717890396232574,-0.6466028666211705,-2.2251853914905837,0.5652002170845991,1.651140323702644,very_high,0
-3.0217514752037387,-0.6003566942635733,-4.806906164415446,2.790995105582517,0.19228651354693627,1.0162879427566356,-0.7712975342880373,very_high,0
-0.1371184418470377,-0.11676412130630513,2.1072061702567924,0.531754731022375,-3.4191198901730253,-0.6672232368866481,3.1320832636819,medium,0
0.2446118786020539,1.751409073748911,-0.15382331637944857,0.23535205006940718,-1.2481445083733702,-0.0846708974996642,0.9296716136201424,very_high,0
-0.7574619643866803,0.29716714722490756,-1.8614525800078763,1.9080477607991617,0.05092848205296119,0.9385958031751119,0.01639630890017507,very_high,0
2.9198501791031326,-1.5198680373755091,9.461364037290776,-0.951914936714217,0.6467388348552982,-0.055393525482335705,4.244361073703382,low,0
-0.03257888363864736,0.07237551561489243,1.0575431583699777,0.4367317937746674,0.4729671997008239,0.7947740384603357,-1.9392362636386535,low,0
-1.8888853653714488,0.44088101139447555,-3.6040202096170626,3.20205378918143,-1.07575885399367,0.1455224922103618,0.2544142992434171,high,0
-0.7523657029487479,-0.8767522314712319,0.9949723872015636,1.1034644749633933,-1.2253364377054565,0.9188046467023571,1.4034646380335718,medium,0
-0.7228643590489978,-1.2174993262158662,-0.2688258942766263,0.34821510309731263,0.31548917893388106,-1.291807453667116,0.40644135082847777,very_high,0
-0.4015657536738917,-1.9841280667576089,0.8100757125264516,2.842179060701941,2.717901113836947,0.5273300794806717,-1.0742102535864337,low,0
-3.3558783129324965,-0.701063530979187,-3.124066247208765,0.5148700482891216,-0.9604334245350573,0.48688595030057186,0.48567556650148813,very_high,0
-2.7585749630777894,0.20845721705236636,-5.4157353048268035,3.0696360905186504,-0.04897741200328376,-2.2366451532207154,-0.6918817091840535,very_high,0
-3.14535741345731,0.12209209645108472,-2.1514653929184426,-0.43791093244599666,-2.093696562681123,1.2070265134276854,1.6000577497333386,very_high,0
0.6808368751013238,-1.5920084571186501,2.3959902959245873,0.2894635072653037,1.2367055649353345,0.4520053685824477,1.1468647507462952,high,0
0.12615823168364404,0.1772972131473084,-0.11934027835882646,1.8737122249396965,0.23510067461623085,-0.0010711335374141854,1.6702489261163653,very_high,0
-1.8327481610891951,-0.6153873097625132,-2.592191452359002,2.325520882696777,-0.013093589178707399,-1.9102541812810507,-0.1529389803856782,high,0
1.608178422406076,0.07166413975085133,2.6673016372172618,0.9996349795992594,0.9569868920390232,0.696631501217747,3.166815114171522,very_high,0
-2.8926353132371143,-0.28576471603635617,-3.4526289774298906,1.4511510716867593,0.1206703588201068,-1.1162901703011392,-0.3120316415822113,very_high,0
1.4984087811021383,1.4380287218732621,2.3541279627332803,1.3211426050179211,0.06632853075316225,0.0688746395137692,2.4929798263727028,very_high,0
-3.7742097568977897,-1.264337301762357,-3.792696322703968,1.8494752838284445,-2.897946525934551,0.24822550741034183,1.3897710852410619,high,0
0.3743541848675822,-1.6292090390800535,-0.21895185335594658,0.9531424808241893,0.42641040369394345,0.3440001063050359,0.6916271024130883,very_high,0
-2.249661404836303,-0.6998149436579741,-3.9603694830348743,2.186833727993956,-0.06277354529507373,-0.2561659062458337,-0.33927714458549185,very_high,0
-3.891410596705529,0.44564350449009926,-8.06028146498807,4.13936625820262,-1.5926475486497802,0.6212560942035293,-0.29327617263936223,very_high,0
0.4104932484026683,-1.1955753282234454,0.42439494725919047,2.5875548548596425,2.571735860893936,-0.6625171463067404,0.8313379646939496,very_high,0
0.23689625212775123,-1.0296552556924194,1.3479318665283087,1.5888234023819616,2.1192363306882847,-1.3980820399187832,-0.12352977145280386,medium,0
2.458219775848401,0.8016051597263709,6.864547098245086,-1.2961181118919736,-0.4013738862995153,-0.7453933320377297,2.7967174882994765,medium,0
-1.580404968734596,1.038654287319735,-1.4823763651549164,1.7723725604711889,0.8785294304982194,-1.9921855663492136,-0.7149863446851104,medium,0
-1.0368379542741593,0.9502416517170968,2.6382352269791878,-0.5009967038805829,-1.9591331268100896,-0.3457039056270759,2.4082019288009358,low,0
-1.4731576358826177,-0.24132138793785318,-2.208549286760984,0.7811589638211318,-0.05200856004844767,-0.2889772582661584,0.1655106092071441,very_high,0
1.1482077792288872,-2.050139042555353,5.322015890869941,0.26544945948923493,-2.1879000863051816,1.2671821317388838,2.970919878598888,low,0
-1.4468825491341293,1.5511470813980186,-1.2226297614338726,2.874632288573786,-0.30137299716889754,0.7694573108029035,0.21891541394992586,medium,0
-1.52104937731431,-0.006853994901490916,1.275060256850525,-0.750497902442643,-1.7266370631211867,1.1184694114433438,2.001317954781592,medium,0
3.935917406707839,0.8240865805442636,9.274356157741927,1.5811542545184951,3.984381249534305,0.30315382837627336,3.5102345219172735,low,0
1.950370485883902,0.7939351209105097,2.1321379252042214,-0.06360977256561773,0.3922793979753447,0.21359657456431608,1.5527260662191378,very_high,0
-3.01885886277546,-1.199995580093643,-4.167721531146578,1.4811358867865811,-0.8785221002404002,-0.5111977985613847,0.1820613498446304,very_high,0
-2.3402062643858557,-0.1614471331698672,-3.8828420339913685,1.6091139859188184,0.26084999139574694,-0.07011414407803107,-0.5283984628646852,very_high,0
-0.6871942008377863,1.3449596661741487,0.0012535214714457215,0.46976930749938206,1.1173558795674887,-0.6133756284731867,0.14850498797639267,high,1
-0.8353452884480886,-0.6622380786656235,-3.8168863434756726,3.4443471746614813,-0.07648195926609569,-0.8033128584071165,-0.34107210256683973,very_high,0
0.013509040017129825,0.3226706307420114,0.1434715270129577,0.5662141376991678,1.5272709738026786,1.1055931452894843,-0.9725357227068787,high,0
2.3590843864150144,0.928851246050224,3.853588636158523,0.7059689070597259,2.6032838949662183,-1.2463294777484246,2.278542770372921,very_high,0
0.08189779442866252,-0.14114031944383582,1.7522648807676804,-1.0566127923399011,2.6734564185087737,0.5141326999931192,-0.17523830659068174,very_high,1
-0.2737317037028224,0.11859442305687404,-2.2327354463251794,3.9802163451581603,1.7576311282934443,-0.1754584350417629,0.7813527164382646,very_high,0
-0.6532698146228578,1.1265178936857032,1.7393167329880905,1.5437092161837747,-1.387532393845939,-0.9738661536932566,1.6958162945725022,low,0
-0.8894365754385584,-1.292429162600113,-2.1263743136555155,2.3077393437360234,-0.31915699774659556,-0.4136007143252674,0.18585752240880082,high,0
-0.3825787455315097,-0.47164257863515857,1.572388379068909,2.8304951925179216,1.6936191704664376,0.22010982379366362,0.4150530819508442,low,1
-2.6713876016803058,0.6984327820629752,-3.4472745939908753,2.29360330591616,-0.28939477927554824,-1.6540355002607023,-0.21979732572953026,high,0
-2.26384698800992,-0.46379726964987933,0.27254652594138684,0.11821812893462535,-1.3315259695152453,0.405029604444193,1.4125321365681893,medium,0
-3.7850050702642886,-0.868676915480973,-4.1930282618993875,1.3799603226495178,-2.4184698948927457,-0.2306561688680487,1.1607510929845501,very_high,0
-2.1780475333191878,0.8471112074394023,-2.6805238285732074,1.565504262698301,-0.349820097741249,-0.22239415107965607,0.1521818956068135,high,0
1.6720091526286072,-1.5485830336213924,0.34940298766650824,4.287123518174276,1.6462244681739577,0.7950214592691726,1.8495033674911268,very_high,0
-1.786631445817403,-0.3197402142675043,0.48637365121827025,1.6087181952398855,-2.9202995045320446,-1.1341276624784327,2.345496210239737,low,0
0.5136679389410895,0.8873089624597463,0.7533651420437634,2.0918144009063457,-0.2706642311174752,0.03474123353902422,-0.4613246354319931,low,0
1.3122563453163434,1.7418184149597142,3.9671195531622327,-0.48357925632289733,-1.3228635722495918,0.7848253685484937,2.2881885734370426,medium,0
0.4479149288251094,0.1396819652852321,3.0770119125852062,1.2514234198590406,0.4185362567838755,1.4533971058146764,0.7597500819539076,low,0
-1.4181964004505405,0.617838218879222,0.3522553123916824,2.1667206752420958,-1.7221444024957668,-1.9416940474929452,1.5053562663271047,low,0
2.5309443949256902,-1.2673369659665712,5.405123706750008,1.835814360240895,2.4773429970912826,-0.6693560962502948,1.2739584955074974,low,0
-0.5206600894394463,-0.6582222437501886,1.7335078673715065,1.5432461717530153,-1.3892382111885886,0.814322851407777,1.624828557790774,low,0
-0.3745317681200452,-0.18977829956798103,0.40476283634302024,1.256501040301353,-1.4387396479787777,0.5063634710620628,1.4435401072586327,medium,0
1.8499493721798417,-1.2581972900269258,5.762951331458867,0.02991262391131433,3.066121625433601,0.3327052943741829,0.9846648748782949,low,0
0.25312080946269877,-0.3093284927742968,0.34519041353064134,1.583073800054089,0.685142960165705,0.9016194489247448,0.0912427854532496,high,0
1.9540030155846724,0.6234171586011584,5.186454152646279,1.7481980620806212,2.4136989978291554,1.939463549570124,1.6828081660081666,low,0
-0.07187110213015058,1.3458710583756384,4.216640709065417,-1.152255224849619,-0.6685959538854683,0.08830901328435715,1.9304884541355152,low,0
0.9991488634739116,0.29456851257516387,-0.09017540103297252,3.0388074646141567,2.143683276539703,1.8898139038938433,1.2976283191885987,very_high,0
1.239378317147924,0.1948388189855969,2.10516817573454,0.9714076783038205,0.03152642397842387,-0.6970789128006968,0.9155105631615311,high,0
-0.8199822564942603,-0.6504739994592169,-0.14443393648900174,0.06402468735428557,0.2386629137508176,1.2498210970536792,2.0886411497685424,very_high,1
-2.931048689079875,3.6028321358108735,-3.2352866927661648,0.7933666552980403,-0.5854178618398465,0.041589067558433994,0.23446275263762884,very_high,0
-1.848063777784101,0.4634449381160623,-2.456431786519047,1.1666958680691049,-1.569561978090901,0.07268946303543318,0.9765149798281622,very_high,0
-0.779133028157912,-0.5385264535684786,0.08790647447538961,0.7419189315352054,-0.5335477696528174,1.5151763934435558,0.9298721211547681,high,0
1.5106970345658224,0.6873732422375044,5.712554683514169,0.5043025598361086,-1.208204805526681,1.4375467509326465,2.4445119211995876,low,0
-0.03423884852122128,-0.12111939812264694,3.845512502057167,0.4375544681608835,-0.966043624866426,-0.7376183625734388,1.9218693470334176,low,0
-0.878414436646906,-1.1145072680940693,-1.3201912516206171,0.765952329995101,-0.7003449038652805,-1.5821751114432072,0.8119002849311143,very_high,0
2.133990512875644,-2.0097333668687174,1.779472042520525,3.6332204849480636,1.0594453343933061,-0.5490544311588659,1.3482291066544883,high,0
1.1875547381476244,0.3091381873347979,2.482765854683411,2.545249529144483,2.4513096041037414,0.06215090608572699,1.0318736705794005,medium,0
-0.12955364045995776,0.32450432237081295,0.6229959081122571,1.8663670998169555,1.5607229974600287,-1.167396980067612,-0.523219659731172,medium,0
-1.9410950113524446,0.06876175084478278,-0.1531052497351122,0.9142572166738541,-1.5525777204539601,1.0541831646373074,1.428120563317186,medium,0
-2.6759690934909486,0.39726633562149777,-2.0195493511869382,0.04655002057167246,0.026300600086889725,0.7860963201043751,0.12594330416083466,very_high,0
-2.5735099085031057,1.3344823507435037,-1.864930338239817,1.3606649501989567,-1.4877842418644431,-1.117197665740445,1.0298326216480753,high,0
3.5047454277767427,0.14987219793527454,8.662636744448788,0.6673779602542966,2.012947312820435,0.5967937773308142,3.4383088869229033,low,0
0.36500687493244277,1.5291010066732473,-2.015369986514059,1.6882265881370926,1.2338495082320788,1.117520548774607,-0.03256756088854651,very_high,0
-3.0235536540996923,1.021658728197938,-3.22710046071098,2.5483717023954267,-1.0569134198759484,0.059654565007084104,0.3288476337390378,medium,0
-1.588136635939673,-0.5704846856410772,-2.5771654539542417,2.4145326666699924,0.7769602373499966,-0.47933304396488147,-0.6657387574713891,high,0
1.9798706167868143,0.8438287744856245,6.998270746485591,1.146057628630761,3.3834208088919935,-0.3513349354557117,-0.26237947094829783,low,0
1.6610923750179798,0.9258046415960592,2.3045396374707,-0.5859565806534927,0.34084502371497627,-0.08191229572560826,0.3096769876253954,high,0
-1.2328293411649898,-0.4449702029871274,1.361654835779913,-1.0618964887300122,-2.905860621851688,-1.7360420595513935,2.9002380741066314,high,0
-3.544807983340254,0.27127303010929316,-2.741592920979639,0.5767299066204836,-2.468237776139717,0.9481500118021107,1.5250705078228222,high,0
0.4529831446896472,-0.6592990368504504,0.41166580595005037,0.24747859030422603,0.7851842643413163,-0.2361545678572265,0.11939216241259487,very_high,1
-2.0964738059447106,-1.14820729197171,-1.4014947149429988,2.529168904510881,-2.4113651031668732,1.8387545009121138,1.62062515113016,medium,0
0.9006489292275823,-0.39026753093161815,2.9918300870614134,3.8863739139590505,2.6010302868329536,-0.5801637221245197,0.8967267093485982,low,0
-1.245169441091225,1.2855004964844134,0.5411653722269771,0.2647088723531491,-3.3920144113375343,0.05465612091269875,2.932743798746659,high,0
0.7079270805629401,0.1253909718067383,3.3012493845321345,0.030652544964455908,0.32527149604936867,-0.6081535516204094,1.0989385227934472,medium,0
0.49781099792390193,-0.9646575888950566,3.7588729362271556,-3.8140398233871293,-2.333159697938088,-0.16508266237098573,0.4511550020185503,medium,0
0.7426173844877901,-0.8856523977532653,4.949022545903173,-0.7812805790335509,0.5911291792226757,0.25158791799884483,1.0371472568841873,low,0
0.5237651473515175,0.24552817205616823,0.9851632438970156,1.7177483670292903,0.028466081618887973,0.558558153281572,0.5204614085401223,medium,0
1.1780534825675735,0.22958739697570169,6.223405478855016,-1.6349877324514084,-2.7962127366463028,-0.23824430189845403,3.784423384717579,low,0
0.18805484824932917,-1.482118370434013,2.3719517720520926,0.18941956954451467,-0.47635556772459486,-0.9370446851917625,1.356241075415705,medium,0
1.6932888457451485,-0.02220022343532477,4.614210444369554,0.045281434748034366,1.1744524427290142,-0.015547153643574597,1.4334859719942556,medium,0
1.8592903360827784,0.7164302036574001,2.2017180008654273,1.5038014415026042,0.6956208945089577,1.1557327121208922,1.5677909879424348,high,0
-0.006405010279642909,0.9051191831693894,-1.276643219613397,0.18626568256486142,-0.37530130794536487,0.6015800454021792,0.4709218395030895,very_high,0
0.17290197841496235,-1.457273658199453,-0.09343684503445922,1.1564938104910978,-0.8910806847908697,1.725998002094337,0.2736636057863061,high,0
0.7380989159914988,-0.2913320061249465,0.3560106416789347,2.828012808547018,0.780277867756823,0.47039274200915654,0.9403153285916419,high,0
1.0565697539479444,-0.13001397325513103,1.7693682781979316,1.6249695780969946,1.15148481957565,0.04168120721690878,1.3973325058583161,high,0
0.7657289552018987,-1.3082532554243715,3.1313769676262795,0.9804652964462681,-0.05809260331912203,0.15565829767174108,0.47239421422013883,low,0
0.5347743990472338,0.020271892122288065,-0.11598452714105668,2.0501849830590353,0.6536040674672876,-1.5322217872403114,1.0671759798452374,very_high,0
0.4386868327239033,-0.7139529121595534,4.580139723059981,0.6366094609305138,3.0982431551850267,0.5451408795105409,-0.33548338637874986,low,0
-0.7533379326202845,0.43007764836748535,0.579545437710681,1.2503182961919435,-1.2562387742528514,-0.653690686996257,1.3494437789174079,medium,0
0.9439561789606976,1.0533102796418705,1.5130249099112487,1.2103293822809527,0.14059220219809054,2.130104266320959,0.9424542795210482,high,0
-1.0326518551910764,1.4824440287546365,-2.436149197315051,3.72270173275642,2.161892964254142,0.9379896002913398,-1.7465455592631216,medium,0
1.6770043013683338,-0.20952838151705544,8.377700079153021,-0.5458591561641521,-3.595087462084492,-0.5900259690908214,4.5944879878572165,low,0
-1.4742651998243392,-0.2959275402087635,-1.7255211318669132,1.1155112553113373,-1.1851855282438268,-1.2606441159886557,0.9879681209852254,very_high,0
-1.705186734711924,1.9087762733777358,0.2607865371011995,-0.00807226082357193,-1.5006677379402362,0.6938254128560183,1.595526685895376,high,0
-1.3107145505460247,-0.11718903406453861,-1.7745257725895627,1.3308737227187177,-0.6197336875709868,-2.025036314509744,0.5321823935197998,very_high,0
1.2830259681168994,0.3326127589499748,3.472002284240739,1.8386789532761385,2.5694232723189887,-1.2289449064718925,0.7158411516393222,medium,0
2.4990936423298784,0.6683332296061608,8.586099469673732,1.8747705553705742,4.038288337476284,-1.129485577595404,2.590599221749244,low,0
1.9162270049453969,1.177570414149464,6.910676309741519,0.536823447034956,-2.687358402235496,0.9127268131198087,3.6258246208598743,low,0
-1.654805136811312,-1.9327341425689386,-0.6093141601009305,0.6073620941276346,-1.5215653740048891,-0.24991848483952864,1.437754686561739,high,0
-1.2567911024492016,-1.2923033749284512,0.5045856200272099,0.37230908842785915,0.8505262682906621,-0.9612514874510678,-1.1848404907619268,low,0
1.2501246094618963,-0.9325593884467054,0.6843126515762106,4.801308165849814,2.3961457573217855,1.8588026355805152,1.3208989809686926,high,0
-1.1150661245026996,-0.5737555504043761,-2.718059886019124,2.221929694809549,-0.19139415214620747,1.9875341610233674,0.0552694866235921,very_high,0
-1.496360977377354,-0.8373820843495747,-2.153648093629081,1.272890061387952,-0.9478387587315179,-0.3522173188974568,0.6245705021006216,very_high,0
-1.079427956092164,-0.6932333367169472,-2.736610558726319,2.4471655831071915,-2.1400433779820798,-0.7201610195718389,1.2666289340193686,very_high,0
0.2160791457719291,-0.8776965135165605,4.239166755709733,0.3697580323170665,-1.6747480361850011,0.1707989039338024,2.377818514617136,low,0
-0.02790463769986884,1.1739009315742082,-0.7329404175138096,0.20649519768347446,-1.3917138485265237,-1.018037671922815,-0.9474331011603667,high,0
0.530153065904531,0.008537615179168945,3.3622766937703714,-0.9833015456963083,-0.7026411479326926,1.6095416570383692,1.8605730064164778,high,0
-1.791035944632894,-0.6820218148640513,0.13574604053199013,-0.07167507749877844,-2.8268433434052564,1.2053695557844908,2.4070333061791453,high,0
2.8523556412062083,-1.1326072905212539,6.029132836609141,1.290536984443702,1.9228682945138873,1.2757718207583224,3.6463253662011743,high,0
0.0018673294760738202,0.34183032184610596,1.5825818555904747,2.602552816565978,-0.4247338949335536,0.894657451692005,0.9274266779139654,low,0
1.0012555528199356,-1.865839755203436,0.6981232686134274,0.07294929846658738,-0.1319250846767508,0.028468940438410424,1.5818207602451126,very_high,0
-3.3818435066151205,-0.33920476520988363,-0.9348124783199616,-0.25476191225027045,-1.3615130489006015,0.2919658624579071,1.2197202996006251,medium,0
-2.466058899537204,0.9831784809990213,-2.491156939156952,1.7393002821615453,-1.2501600029822304,0.012390076194007553,0.66941252555442,high,0
-0.028220139645197095,-0.08244595914915345,-1.843187924515539,2.9707403249996465,1.742926514923655,0.6871403060029787,0.37335007548362165,very_high,0
0.9965939776750773,-0.5886925246919921,1.6034050107706668,1.2574414249811061,1.6237919120081086,0.3957115324169533,1.3158183123924436,very_high,0
-0.21720928242848692,0.2748930089109721,3.979790311556367,-0.35691483014034864,-0.7711631269269117,-0.5810673000600238,1.8863414489538535,low,0
2.317664428168464,1.0310427387826613,4.89642150886687,0.7882454438268346,1.2004509866375415,1.318607828178045,2.6063105043081327,high,0
3.6492903429444246,-0.7726733906604571,9.262963850819792,0.1983017910023428,3.762482336922017,0.7862982309002783,2.5451165739951467,low,0
0.2748847315013735,0.8266517974324317,0.736339425828588,1.579046113626452,1.8301245472762298,-1.4353688270468892,0.5412424839331265,high,0
-2.028035256275819,-1.3067229692119573,0.0018229438477143358,-1.7353956937643307,-2.182099917392949,1.3658566253313404,2.226537443947368,very_high,0
-1.0237892770990453,1.911894164497444,0.531056580155015,0.37625474183189433,-0.9700722733978727,0.009347176365730014,1.2845196602841213,high,0
3.118242883780191,-1.2412992727409569,8.440463639578685,-0.3136553765506309,2.803555151157199,-0.5724750238115909,2.676804486767094,low,0
-1.2667009183354918,-0.05435127440020237,-0.5501089129318302,1.8287935770757402,-0.45061405129460663,-0.9170280287407904,0.5340280183306313,medium,0
-1.6254398348740082,-0.17732278789003864,1.2798374343069538,-2.7452201411070467,-1.6973470816591705,0.25289279569030954,2.2517874742791655,very_high,0
-0.2877349813794141,0.29618455398846355,-1.4306315547805313,2.002669443716276,1.3533426480312976,0.16025928664166553,0.6446300948026787,very_high,0
-1.049572033716453,1.8129072206587489,-1.6596001722240932,3.093386885362428,0.9483550771697716,-0.9396095170978495,-1.0580306140188547,medium,0
-0.6862971818901953,0.03949676120218946,5.45406931707165,-2.196166144097025,-2.7272686387312697,-0.652398460462478,3.644304832728034,low,0
1.1631085667513894,-0.4333554411706377,4.884811135704425,-0.33711890670847344,-1.757758973468002,0.5672417068069041,2.7173308643470504,low,0
-2.4719941757735175,-1.2336941643285493,-7.340556835544469,4.336237233812716,1.9973310706540943,0.2523299733716759,-2.543617509612389,very_high,0
0.5444830204875615,-1.1218288004125843,2.3143676000789193,0.6078663609404192,0.19362607184201397,-0.05323366756343213,0.8171093580598048,medium,0
-0.04512352657226759,2.213277918011304,2.86750838459962,0.2412607518357326,-1.605557455671079,0.20498914730890982,2.2451508256702857,low,0
2.109245355928336,-0.09789240517213632,6.352531601824413,-1.3647508887155009,-0.3596412545302372,-1.232454390830226,1.4497478142297004,low,0
1.3501852432381682,0.44504269989418677,2.365275888853838,1.4633016028927206,1.0300392292890899,0.27892309716744346,1.698429733666119,high,0
1.3573398745192438,-1.215543212051057,0.6769330281663152,5.070068273265899,2.5709856502611306,-2.543093189474779,1.1467672806691542,high,0
1.0147800744875963,0.46496164550609703,3.0705264882131518,1.2839529626377792,-3.1883863273075637,0.22794726206260926,3.1662887435454,low,0
-1.2551005758158436,-0.4307304649660178,1.0439507471111638,1.535690643649048,-1.6140232249648354,0.5720776210049433,1.6072364028292399,low,0
-0.7177642474450956,0.8158535100785161,-1.0362823270853605,2.2435045599397085,-0.23615277122353495,0.25292720421312587,0.3803033137906193,high,0
1.4015691871638745,-1.571489187576273,7.016662933296241,-2.722268530738223,0.3601030135231147,-1.6455122451253463,0.8737126907799633,low,0
1.7868649875073843,-1.5110935484525234,2.9375455651161775,0.48196495546392415,1.7295232737785913,1.055353067471044,2.7566224611004495,very_high,0
0.6879678311725435,0.3330021294490398,2.1176653468004374,1.8644031069983864,0.20882997990593755,0.32656301586305486,-1.0333541707771767,low,0
-0.24927582237867763,1.2411343200148017,0.5266490757726616,1.3448583167135157,-1.0184323232503592,-2.128590208826931,1.2851554930197813,medium,0
0.14662096143434722,0.871705131061377,0.6066116334875117,1.4547281192759836,-0.5408721041836337,0.19028290992242175,0.9758235482382926,high,0
1.1183427709871758,-1.8878622372223484,6.0211113210843825,0.8912352175708484,-1.790610989088417,0.7025030190633578,2.7536741106685607,low,0
1.7620069939135634,0.9328388923622372,4.7928413178609555,1.1829359962195358,0.6521686723747757,0.07236038990838448,2.092899659815272,low,0
0.38443167435641024,1.4204009231298556,1.175868513142646,1.0208287651331163,-1.4552281840247536,1.012635254401941,1.7030382521187781,high,0
-1.5969722621188445,0.2897440269140348,-0.37626377769042557,1.508939799046433,-2.4794790158555315,-0.9901750385704507,1.9652392232370295,medium,0
-1.1644853051712842,1.1004284422568642,0.4602868935762971,0.4457803121050903,-1.9956883180919172,1.8041190919644037,1.9124947245020434,high,0
-1.2936142514935107,-0.7669412623830628,3.324241294441068,-1.5159257088794187,-1.3315459667104883,-0.5259527397942941,2.1835072096135972,low,0
0.9141503525033909,0.8557353208608411,3.219818194424457,1.2399891683648105,1.6280786333124457,-0.47495670452137745,1.7401913479204558,medium,0
2.333874863620003,-0.5596541808251622,2.195583349271189,0.811616139669924,-0.836667914208608,-0.18013560440985132,3.229130222505068,very_high,0
-0.18916796523507196,0.3066197869819221,-1.4622782837405608,0.4552158057440262,0.8604554531310651,0.1484636815468889,-0.9789971407230962,very_high,0
0.10170234337485673,2.060826563902659,2.670303590724682,0.7033294743601097,0.31208711779883935,-0.5290246506387777,0.5129082051224335,low,0
-0.17142491947622207,-0.9766776953073547,5.202223434066995,-2.3736662965650854,-1.0795873301955263,-1.7998395353884376,2.411424806407101,low,0
0.4003569977531185,1.5102866512731454,2.8100077522066176,1.657936551114079,0.30995479861617947,-0.2462901426088,-0.18899135436298664,low,0
0.5913005019468925,0.33234637147200347,2.7270744369237305,0.6043529563820602,1.157747831146902,0.659401789848495,0.49059945228288615,medium,0
-0.09593835907029846,0.5506793226250375,-0.19706102235023146,3.1828157520914573,0.16735776697055038,0.8681754795558938,0.15453187847340577,medium,0
1.598278465500423,-0.8857356006337547,-0.1640197688785078,3.249472466516827,0.2777103727482648,-0.26281684252611515,2.261075584348185,very_high,0
0.8980252655085141,-0.9460645121255687,4.380817649360697,1.2633968194356093,-1.3620143280144426,0.9047498032588243,2.0377173048146395,low,0
-1.1425120260085992,2.5111325476900084,4.630482316495405,-1.1095011737921852,-3.860627412216374,-0.019931561657245033,4.001445433083268,low,0
-1.1741515761084858,0.1724198520913992,0.5687536111262487,0.43654927336788085,-1.5172413162658085,0.24655209549731796,1.6292024827672877,medium,0
-1.7058787168333818,0.359521062140472,-2.9931232380122497,1.766346467605687,0.10662172907084089,-0.4002229523995679,-0.14677033491372038,very_high,0
0.2730425434439986,-1.402929072413111,0.5335011741475967,0.9846841770261806,-0.29050387251684473,1.2917156075212395,0.4137939233939979,high,0
1.9904643117188243,1.6737437539834248,4.827324781464832,2.6572781595236847,3.678039616050433,1.4663118029178595,1.2147752064164072,low,0
-3.479281853009077,1.5826190437340513,-9.442371279248173,3.6214133511232447,0.04585439035397587,0.08479763391309508,-1.5624208183618473,very_high,0
1.3610112980062734,-1.0280386590928636,2.0086412823170554,1.4066635293373388,2.2564173441258264,0.06875005676357226,0.21522656826440967,high,0
1.5224941897496564,-0.3767754697378553,4.011853244502067,3.120401933301354,2.2699724077323467,-1.4749506797103382,1.552067248574342,low,0
-0.9689544545155381,-0.00541133465270806,-1.0441538660106877,1.470089211574508,0.35190684157787966,1.167390678701151,-0.021842705011974495,high,1
-1.072925012953814,0.5497512216450848,-0.4522897498920418,1.4250514784389754,-0.2779337728687348,0.16261562358226733,0.4915815612249438,medium,0
-1.2738545987056549,0.9085910951875514,-1.9017219445204483,3.2343713419694833,-1.4315744193185582,0.4572126362119861,0.8196461070871857,medium,0
-1.027711291517685,-0.4396161530170061,-1.221929062519661,1.3595055751469038,0.18411679369098377,0.199982199863687,-0.19189111745772403,high,0
2.4855819088756688,-0.7334620911689643,2.463416878726656,-0.6233866211431353,-0.025927379536807127,-0.8899625565571414,0.7853471593819189,very_high,1
0.3304926160960525,-0.08013706787980918,2.118260425169623,0.6593525850109188,0.777151673223339,0.19302213271794288,-0.0739185414385235,low,0
-1.1624039424727577,0.01690619559011259,-1.7894507305574179,2.3671039310293898,1.4532344357145424,0.35477286862800855,-1.5141315990909223,medium,0
-1.6157366763537224,-0.648356370322501,-2.7076877585250445,1.4114083734180125,-1.171654816276974,-1.6677834605474777,0.7478183302185479,very_high,0
-0.8202344160238353,1.3271912228017868,1.650217159341914,1.3817463405955852,-0.94210641512531,-0.32653660337632845,1.3339711210108094,low,0
-1.4062783801093846,0.6389230223745517,-2.6432453045607742,3.2529108062515197,-0.7726067228410629,0.2174206424362958,0.32465990734760697,high,0
1.2488087007840305,-0.2628490661603728,2.909758671931192,0.030374742443735503,-0.071915085999946,1.473737578076169,1.2821174978103915,high,0
0.2791220457613687,-0.1658409056620021,2.7333698022022754,0.5707256523753208,1.0021180359188369,-0.3596926657008235,0.4610406968587144,low,0
1.144603344173666,1.9248383620798655,4.811016400293546,-0.07175179724474434,0.8956068088655937,0.2860158076346249,1.0638487674614105,low,0
0.19992186834028702,1.3690612998424652,1.2020862602415794,1.5246798198177138,-0.14655539992264166,-0.7693311543504044,0.7842620800480284,medium,0
1.4747508677800696,0.4122805981435,2.1548066640901933,2.4778849974105075,2.4404931999767334,-0.6161001532392837,2.664114707030872,very_high,0
-1.8576537516742584,-1.1476626279477486,-3.2616407518080393,2.4584484387451813,-1.1448934503514385,0.36882441224866147,0.4463510058851681,high,0
2.155759266450555,-0.39902793154992044,5.09226870564974,1.37393450241975,2.48629604429758,0.40043199385628025,2.4487600568162824,medium,0
2.598697695645967,-0.7722530708831956,4.624693926934621,0.9852764754478441,0.6817007002894273,-0.391178163635721,1.530267509577253,medium,0
-1.1570118190420833,-0.932086413557357,-1.3575143368802327,0.6321437072444694,-1.3458801952352926,-0.8696110349031873,1.2042409768368474,very_high,0
1.511567747104315,2.008909419096128,5.141641102661489,1.0021467830818547,2.127889097834139,-0.10482036594046269,0.5174320948948458,low,0
-2.6635947580425716,-0.11915926995123403,-4.6146626584336765,1.8235544517688824,-1.1337326016373153,-0.0588264091680503,0.3332504460522605,very_high,0
-1.5937006098886235,0.4053541693291353,0.33960007760682176,0.06060489652977674,-1.0992843932464085,-1.1385807337343827,1.3766027953385112,high,0
-3.4606788461817954,-0.3012191440531824,-5.050167468875812,2.0986251483220415,-1.070413522996562,-0.3389276313491429,0.019625136813527178,very_high,0
0.8093039284198793,0.3482862476668184,2.5855264081522646,-0.6894055782395492,-0.2555614732864766,0.28332359253566647,1.3744654522437658,high,0
-0.1035231304409494,0.888838819539992,3.9185437726669066,-0.5714053950513069,-3.462318229000654,0.902491655557847,3.6411820869556815,low,0
1.2253217749385088,-1.1178943387202076,2.80400233954338,0.5188288037025525,0.20308016285980146,-0.7841115340562388,0.24971057774399874,medium,0
1.0446408792134692,-0.7068534015143436,6.433887363742655,-1.1662568291341693,-2.1904355170540217,-0.1699791862109306,3.3446692757346543,low,0
-1.2229371118464079,1.113599751186509,2.2415648845616554,0.18749614193464992,-0.8336531910708406,2.071255454154862,1.4888959849232244,low,0
0.5054469302506197,-1.731324578876315,1.4810840892801374,1.1284966610526306,-0.7216679122754293,-0.4989787430558854,1.2577652719901835,medium,0
0.6952676917815431,-0.32883082658724,2.3275718885515695,-2.36542289035419,-1.6485718703212144,1.0347991305262363,1.895135151836083,very_high,0
0.8735743073690239,2.211333028601533,1.7390444206951057,1.9274133402584814,2.6436557845442477,1.1349242815991982,-0.6953774224607281,medium,0
-1.63118623791524,0.3430485306940432,-1.3170917561742959,2.185337851814874,-3.1492453503139166,0.4661471304949542,2.2021267109598535,medium,0
0.6924089325800503,0.06134366424086365,1.9747678184195459,-0.7299477608620535,-0.42682393826636855,-0.31213136754128723,-0.13755490237716517,medium,0
2.6047598473637965,0.6160257087476715,6.73655366178466,-2.112858659606486,-0.40116113857278046,0.2896698121381407,1.9955115684124776,medium,0
-1.8336806193561217,0.5096631077101231,-1.262982823422531,-0.28468476635593243,1.5080836206092014,0.4784096833437766,-1.5148216226370894,high,1
-1.3655800317412903,-0.39099944152363864,-1.8219880256451895,2.454526767786661,0.0491432871787858,-0.4281522530879146,-0.02940804984626455,high,0
0.10092958450457279,0.6373330412721927,0.11174579930548355,1.7525128312513552,1.8213886481033859,0.16954041021828617,-0.245388574017551,high,0
1.1623409101514834,2.1009871898131114,2.330274288901499,-0.37841012458366596,0.20423780500633537,-1.7592870200405772,1.9086267813428244,very_high,0
0.5369104302251944,1.1392418183632884,3.6193238256688374,0.6872055016333443,0.3980844811379962,-0.3064518000111888,0.9477055765191031,low,0
1.201255621163649,0.17103949263714724,1.5319156152942577,3.3937307326567954,2.3837862173464845,0.13367883823762333,1.3567270725259175,high,0
-2.1102150256327454,-1.1436713015390583,0.2223108669709613,0.7912027842696345,-2.0468996949073204,-0.41800912863341977,1.834983661777825,medium,0
0.7883007692410975,0.05135875880268002,2.64452280390373,1.8564895525594056,0.9593503940453524,-0.8170954586402323,1.1848480548287703,medium,0
-2.3046029424618517,-0.23436602171943766,0.18124614419851143,-0.8932190667738198,-2.2154286680406505,-0.5660097285200234,2.13108220065004,high,0
-2.742551070870496,0.06183167201811978,-4.2974287124928505,1.9091411049904465,0.7089576486475981,-0.08490732353535393,-0.9800452954725409,very_high,0
-0.5007806447608498,-0.36146432916346183,4.795151559100912,-0.2375435649458173,-1.4385486227593318,-0.3794792560117442,2.3286495848225437,low,0
-0.5138013622351127,-0.691930840617639,-1.1826810756351687,2.2087606306611125,-0.23602071448881656,0.489962309452716,0.3945095606859538,high,0
3.37921866664903,0.4663216491832921,10.144973177196105,1.2514115054829866,3.2659716178786704,1.4222585085763269,2.8870535770849597,low,0
-3.964250792244183,-3.3348927106258297,-6.6711274665384845,4.1115419409060046,-0.7408341893075174,-0.6463575371493634,-0.6971868199384768,high,0
0.5921130469149636,0.00692472104371437,0.5179713296324051,1.1005995933013102,1.1965802753683008,-0.9234292057213925,1.4769265786224601,very_high,0
0.9791653462376827,-0.28086924579765843,2.44192312376434,2.6640599262359905,3.2388490947568256,1.4989584626675316,0.22614259555087146,medium,0
1.5779760794133342,0.9191861536769533,4.136005162346373,0.9902658720573556,0.7242325973221975,-1.0593406872748266,1.47861005887012,low,0
-0.49913744094797985,-0.014970418030954094,2.4147094824918756,0.3513138388681002,-0.9638522405989209,-1.1704617092886238,1.6792507115062878,low,0
1.3274432928478337,-0.11359692763474837,3.775841011398714,-1.429081456021337,0.717211466608431,-1.0109969600760071,-0.006522363183742108,medium,0
1.2765668771417733,-0.24872342408253253,3.5633048686896402,0.5795484455940085,1.5907539291655417,0.8349894273785858,1.8556734881916075,high,0
0.6662988443693858,1.4007772761956514,1.0153709694139177,1.2687649016021574,0.3171797477136713,0.45596839988058907,-0.17563050495211385,medium,0
2.002578760929121,0.08434103219821125,6.228632136891391,0.1997597146642307,2.0716442799327686,0.8494562551043311,1.4679698657991342,low,0
-0.47944733578402243,1.7946889471625493,0.502390853927778,2.2935675439891927,-2.0339611161878346,-0.6123998596057125,1.7769197542758484,low,0
-1.4209874117402657,1.289593619624759,1.0122775242162794,-0.8103338166895366,-1.1980644023420859,-0.7922540927747564,1.6751570609090443,high,0
0.20055735242174189,-0.6903370624483454,-1.8404683844553373,2.9871300983928926,0.7217001715843803,0.44108266186040374,0.5358616291355125,very_high,0
0.47546709785504926,0.8468537431799008,-0.15866248451439355,3.0872738720677306,1.468804956189555,-0.5160265317217283,1.0912173207734182,very_high,0
0.8799622520358977,0.2828281601187029,3.2662477532545577,1.5567432563102432,0.8588057158026494,-0.15864102604310112,0.07456331411819916,low,0
2.7038904289823447,-3.0942892490913896,4.4778377128360445,1.5993424176295097,2.457926455438206,-0.4472243596775238,3.015218090466057,very_high,0
0.08812845365076782,-0.7391365592307034,0.8229477173387842,1.2960854525732102,0.42842240725986935,-0.21997008667302992,-0.5887027010098083,medium,0
1.1845694477003188,0.9072346600576203,3.0154071478195767,-0.13390247582724113,1.6386207791688054,-0.3859331265155641,0.7701360764832645,high,0
0.05911596811461384,-0.1642137840414943,-0.21514985662457228,1.4805486504794836,-0.3874086236815022,-1.8885234127154062,0.6185715933697523,high,0
1.7430695178227316,-0.6459081732622967,2.961168726093276,2.0072702751342275,2.327287280299882,1.0260141257072977,0.9336633475299179,medium,0
0.6823924770917322,1.0112954479729197,0.38781619330673983,0.7791252965438322,-1.9001864606665928,0.7466848560946794,1.9354022947362344,very_high,0
1.5494026630355306,-0.2736065565341689,2.8050638373322765,3.197971970507485,2.021523097258545,0.17124404768499576,0.82042781086376,low,0
1.082146950282349,-0.3521804481195873,4.269386156106131,1.336418697528934,2.4376759600678732,-0.07051955272741914,2.0942397893122613,medium,0
0.10869730217462581,0.28326995014659845,3.239412383783688,1.4659450187943688,1.822107077984552,1.0066246315965148,0.8317926059979698,low,0
2.7806251928472534,-1.2137121989732502,3.140679225159254,1.9780341244464315,2.292787406280379,0.8636055068862878,1.2324975905474431,high,0
-1.3113155875940632,-0.6880088148448377,-1.9268608841060944,1.5189594816180154,-0.9427203353527318,-0.3060993933310847,0.6970576499899972,very_high,0
-1.452429652585585,1.3537098399765113,-0.3272348898517767,0.10219759609192391,0.006624107456815631,1.4746939853456824,0.5329239759218974,high,0
-2.677870012942125,-0.32760752609211174,-4.7632268950264995,1.5921380920201254,-2.1049965753870117,0.3459436679800666,0.9332255759714618,very_high,0
1.1599155070993283,1.3602949929499102,2.6522412193664,1.7351269415462605,-0.4196645394187546,-0.8859700824741287,1.2141456881251087,low,0
0.22448325845714667,-1.1363362231559908,-1.118279899267553,2.9129181217763014,1.1738085074121558,0.5870424240678338,0.652170512747531,very_high,0
-1.2700425182370207,-0.4311797203495725,-3.2022428074816367,3.591069915945786,-1.1156084108997415,-0.4684776507319124,0.34967699181236567,high,0
0.7848303537072756,-0.9460400182515531,5.321732765920451,-0.5901133141252386,-1.4554402930925747,2.163474853700142,2.6087084441332644,low,0
-0.1543364869432744,-1.6432690345702778,0.18903083190364361,0.9257337774535164,0.42872251648316206,-0.3646420541171327,0.395410334576884,high,0
1.028861136317655,0.12477857967741192,1.8520805979238464,0.9389194212527959,0.9230744953652386,0.2578616172949595,0.5294733504369074,high,0
0.5016237500580563,1.1230803993406389,2.4716768638448405,1.7272187815391833,2.3017607560960185,-0.0790650194873722,-0.9649255519206348,low,0
-1.8158073929049139,0.8601841202180764,-2.140603677937353,2.399523624495452,0.17617669435454086,-0.11481703964842598,-0.2748906167110956,medium,0
-1.743211321872439,0.07485181221561789,0.03187316307648997,0.3409510492936889,-1.7504923249674493,0.27352156747501716,1.760675903658509,high,0
-0.26290414466684875,-1.348427512780981,0.8313607588279263,1.529589336427211,1.8375860829783208,1.5473109830876783,-0.5943460385259989,medium,0
0.5022396115616465,-0.12265510030761952,0.37071322868830664,0.7456643272935392,-0.48384961229567036,-0.818524805650065,1.5728714671627229,very_high,0
1.8328157954591737,0.7837313967528776,6.186288796303141,0.7386471645326204,0.6094357541546991,-1.3980980146818753,1.5272738734091622,low,0
-1.2629398732266202,-0.7658840683206206,-1.4165667990329653,1.1344101562355413,1.0339225947302302,0.455902633167647,-0.4125943373807144,high,0
-1.3116466684821666,1.4478577661513639,1.0396069866205395,-0.07905441980180838,-1.4037217634529102,-0.27910585635994656,1.7120752944325501,medium,0
-2.534234550554186,0.1451486961703552,-1.7369769293581692,0.24594166699882958,0.10224367869122841,-0.9448805011240154,0.14574022956348442,high,0
-1.526687383183766,1.4265361544066402,-2.1143709313013503,2.1356342299372493,-0.8936469499233247,-1.2524111844855446,0.48901918882533213,high,0
0.6502585630373254,-1.1700036864398626,0.08562271628023999,3.496640477567733,0.09588108163336284,0.6779632895993344,0.5097251517967811,medium,1
-2.3902282327105002,-1.508848683629496,-3.773426575986684,2.7433879211839907,-2.0812285114098708,-0.4143867161090352,0.9578356714257035,high,0
0.1390411368719131,-0.8063312188796102,1.0582862251279181,0.28105512513777475,-0.6022996748051357,0.7587561926560389,0.9075819693230476,high,0
-1.6948213012580096,0.8616488623231527,-5.164050006120677,3.4167165109586124,-0.49021738661462755,0.6935176642254062,-0.4177311458242077,very_high,0
-0.8978058644825007,-1.1806260452951107,3.447959172512725,-1.3615166446502733,-1.3818475154421634,-1.0440859358238408,2.2270147317505287,low,0
0.6009087934006524,-0.13367591465481174,-0.06063381267308354,3.5133542027586957,2.861563084410544,-0.009082794095686441,1.239357755278852,very_high,0
2.654856037326117,1.1892834534396428,7.830558445358876,1.7567541683880987,2.662066096701328,1.333439166032965,2.785359170323922,low,0
3.0206082937334147,-0.6084370413911421,8.38219163651302,-1.5563040436524,0.7368384721326514,0.40654213826669494,2.9510339078187178,low,0
-1.4270632289751979,0.16061130215516814,-0.6674517088040508,0.8867823268329533,-1.4190435308901084,-0.018166881405454506,1.3295401347505518,high,0
-2.2624024864440413,0.9899508544001078,-6.46490994500027,3.519859269521638,0.8390266546205736,1.5253032920745915,-1.5483723613693654,very_high,0
0.5024068755185055,-0.43921776482181274,3.3350272601563598,0.31795415279364636,-0.06405651904722731,2.483765992587508,0.42456940983358427,low,0
-0.5209783203323497,0.06916979303598314,0.16375757626606968,2.37060694824441,-2.0666713372012966,0.2089192734777545,1.7361717922859263,medium,0
-0.11247434837698478,0.14055640320674964,-0.6023853374775582,2.4856544426020633,-0.1998117611564425,0.34298296736631834,0.3860994694665498,high,0
-2.4444552228871865,-1.0771668261585279,-2.3702288688102366,1.828181268091178,-1.6277973492137574,0.6633830488473854,0.9729560724676735,high,0
-0.548795147542027,-0.16854591590355783,2.158646459964316,0.42950899407070486,-2.4554020420796263,0.39188662894211224,2.5400573407933886,low,0
-1.4484600307523263,-0.2336732917249238,-0.46450413481550396,1.188693630855834,-2.948669975401324,1.0761787336049151,2.2756654321427505,high,0
1.4597261551170633,0.25555969898680325,-0.5912224545205883,2.4048949055406514,1.7569093716505673,0.8572915041230154,1.586681868852193,very_high,0
1.7038295642665737,1.2552262466345816,3.74693697967775,0.8276546887243255,1.6620672815089201,1.9686541003845839,1.235124749124621,medium,0
-0.5744140410227129,0.0921212820729715,-0.5268242697269275,2.0379508898981644,1.3019758448622583,-1.8104228817303614,-0.6875752795694381,medium,1
-0.4149443684069736,-0.04917413002709046,1.0407217192211833,0.3533461597538472,0.011010327385057694,0.34253098972959317,0.7714405533379689,high,0
3.304722770399442,0.2898111955666193,8.927109272818164,0.6064112628987973,1.7822110463057539,0.2780795955735272,4.03985652328212,low,0
0.01997397729478978,-1.1536593514265687,2.806383500928604,0.5539717335445179,2.813828682886703,-0.09362131907061147,-0.8537870709687898,low,0
-0.681594052323434,-0.17508515027370583,1.9224647959399448,-1.247662389843147,-0.8617657773332552,0.08380235961134057,1.7248613746948362,high,0
1.785655298756013,-0.3518737962865159,2.5084393277792922,3.106920756593868,3.634088494717802,0.9456890374971552,2.674505014907796,very_high,0
-0.47627667676093377,0.06410256495022532,1.3536679600994208,0.6908861582353201,-0.9840706280843965,-0.14726982751294532,1.4665327159128492,medium,0
-3.082214167410654,-0.21016364755600753,-3.7041798120459437,1.6683246467044615,-0.5366441513325256,-0.36857690674013666,0.0530373976338363,very_high,0
-1.4375555485335805,0.17431100352657702,-1.7305016587832964,1.0991844238207145,-0.7144039200660408,-0.22831842602516925,0.6489450747002352,very_high,0
-2.393113310030172,0.3921281254876826,0.8519466534773947,-1.0408360212952965,-2.9382539174606874,-2.0936974501301004,2.6939524327258173,medium,0
2.217230454171197,0.22731379549231806,4.791168486807206,1.2469305998549278,1.7659990888166635,-1.0903921988074388,2.4478132953298175,high,0
-0.71866747341372,0.6460809376377294,0.3735826028472339,1.1288329619588862,-1.5689894934850546,0.4833206786258894,1.6048770051357546,medium,0
1.2776950165468766,0.7379349262621552,1.2194581226414576,2.186935391121626,1.3644306705061175,-0.6448089363934834,1.2115809070276025,high,1
-0.09913566382884964,1.5206009017632118,0.30245615455011665,2.0444931715280346,2.7817084650151727,1.261761160395,0.540098720168452,very_high,0
0.6608228534001319,2.6646144920014345,2.811987042699045,0.8038540432012684,1.364507318236751,1.8744244469332438,-0.2776568520697065,low,0
1.170146238618694,0.14782209030324492,4.6974200308685905,0.7033463752456935,2.7209878987875555,-2.531430045778005,0.3306045881419024,low,0
-2.6038159444447584,-0.15694480527717874,0.14386389889317036,-0.46466168180145573,-2.504343983057141,0.1417765607994892,2.237082122754675,medium,0
1.6631497927226995,-0.6172990697580455,4.816685486557301,2.714169866796994,4.9830732669784945,0.6985754808620198,2.238670153538,medium,0
-0.7860058442648732,-0.5493833839499502,0.5118790316830598,0.7510065237973828,-0.6384720639996208,-0.7395105712940526,1.0571066692442008,medium,0
-1.2518021089946854,2.1511640414257696,1.364744130634223,0.6003064489971132,-1.9723474353517156,1.8062822963825986,2.016036045835913,low,0
-0.5134021028809287,-0.7458785064361894,0.23848708539089988,1.4348811596647515,-1.8597232379032196,1.1612222731541635,1.7824557602522222,medium,0
0.1313045088951541,0.23858418793060485,2.9966372551038565,1.4711380073249658,-2.827622194405763,1.0428654095596086,2.8644363668979547,low,0
-2.9519029789303532,1.5535948104498276,0.8538989831912891,-0.6729576735968437,-3.334376133961383,0.3851080321263795,2.891498496590623,medium,0
-4.2398337029995705,-0.03591040363842985,-5.409327122449681,0.9212126638857441,-0.8148490759080742,-1.0295645922271728,-0.06836657084545239,very_high,0
-1.602043865017732,-1.053930847855222,-3.136356575805596,3.608090758504228,-1.2728435446204114,0.33814032535793165,0.4236557858663784,high,0
1.8646248668820364,0.031368416099708474,4.318954482921329,2.313095464366117,3.9279335254765595,0.063537955156817,0.7492857337100021,medium,0
-0.3379916662513123,1.5749343137890586,-0.4173280665664366,0.7012296081409184,0.2268506958570511,-0.9810872632946813,0.36544182313221507,very_high,0
-1.584825568571512,-0.015113590085947844,-0.6184454752390307,-0.34972805157144005,-1.9907300972778719,1.57861539047863,1.8913970639771445,very_high,0
-1.1535112828975964,-0.2762103812003258,0.27015809661970125,1.4966929922359027,-0.8762269370778906,1.4115467054924355,1.0175934303828775,medium,0
0.22134358445581637,-0.34001979062345705,-2.0465491446778956,3.705344015890879,0.7432797822732089,-0.07493757172372349,0.655630178284788,very_high,0
0.43245554395840324,2.078156617110029,3.5109661573155355,0.03239415216527508,-1.0438390860349007,-0.5357146329995497,1.8874150748841787,low,0
2.4053387524724195,-1.2561552745073867,7.320389741372636,0.327829148883219,2.959550507745236,-0.04454486424478854,1.4608105873343997,low,0
0.1073683771673446,-0.3235910712810316,1.161042513253398,1.702985163613988,-2.23896569276903,0.501894389860622,2.1715889679144165,medium,0
0.038860068152214655,-0.50189411499767,0.5051741779660391,-1.008639236743754,1.3746337411995,-0.5446233893382973,2.1610882648005267,very_high,1
-1.5761396815741313,1.4928318913651575,2.608500377936086,1.3178584527679338,-3.580931905985162,0.7207272382960683,3.2341105310026528,low,0
0.09369429647504424,-0.3350378920183519,0.7530401581169341,1.3321029670010398,-1.809644936604994,-1.1330751730921569,1.8442459146694827,high,0
0.2813619399941546,0.017183850385528075,-1.457419909680847,3.4661077988092632,1.262468556661262,0.7240750507443041,0.8136310401654976,very_high,0
1.6616186637830515,-1.8225343436866017,6.393372052340775,2.280197223306189,1.0015912730420038,-1.0879334586290748,3.117928301244527,low,0
1.3266033144371503,1.688311811452882,3.8152879412852423,0.3019782868685018,0.39400706171853583,-0.60596298394751,2.2520947417557795,high,0
-1.2851159447057652,-1.5251056410143606,-3.7266179513315585,5.269845861859495,3.2058390184241228,0.1331664893627056,-1.3428252056621204,high,0
0.5311028031685019,0.18867044750999853,1.8274066261231872,2.059335139896922,2.3292375643392367,0.9390291574991455,1.9369544386611235,high,0
1.6998437152089456,1.8672312871808086,3.2264083923656446,1.0189199592870706,0.23277259754220914,-1.563929264900654,0.282512481366189,low,0
1.3376320707603764,1.125679932123462,4.342034704818766,1.0337418636420248,0.735652514068646,0.24310305832841442,1.6191771119513512,low,0
-0.43785589613407483,0.13673265587151023,-0.41412532262513696,2.9575866498768897,-1.6711516805631015,-0.8799134047231368,1.382869021721049,medium,0
0.1960946959226575,-0.4786921889391912,1.45517018361678,1.8122294782415858,2.530245081510805,-2.783716223798099,-0.337266677359223,medium,0
0.837427358888095,0.17289168478769248,-0.10993171088449952,3.490188282536148,1.242991486714741,1.89557477322856,0.8883829078483189,high,0
1.8039744507355087,0.2594788230864766,3.8393760967529738,1.540748856450181,2.417061414357664,0.018796191985491827,1.5360992219609335,high,0
0.0756619606241411,-0.6500937553086553,-1.9368283801664772,3.6142193124991158,0.6776222033013254,-0.4519361380059906,0.048194936413114675,high,0
1.4796214673421915,0.7324765292380994,0.7941162318229292,4.485746019984118,2.0108265056175583,-0.5107771919044725,2.1178222411959178,very_high,0
-0.04260974926780903,0.5727253193298222,3.366606353777466,-2.614869754511646,2.180509728241592,-1.131089745168842,3.049566804555586,very_high,1
-0.5400371584966237,-0.42842843475557674,0.8707310766855386,0.434406720489418,-2.612882639786534,-1.2830854363764426,2.4968433079395167,high,0
0.8967229422591492,-2.0198498527638407,3.6392087335877,0.30939595180144563,-1.4881473096674895,-1.1400826010234435,2.2991230042446107,low,0
-1.069362149813058,-1.074462766356002,-3.0838576400843634,3.4483126726454136,0.11774148649227412,0.5931709909980298,-0.4333097747745307,high,0
1.6119281262310667,-0.9123255140663579,3.7390578874307656,1.7972007039105313,1.8670137790336125,-0.4624991531999693,1.7871726024246264,medium,0
2.667699850985012,-0.006678573052672211,7.797169848349768,0.7117073556483358,2.8960885977590562,0.7355668983025718,2.542012707163186,low,0
-1.3744120253112313,0.7888642158521251,1.6785553064121013,0.24778418474363395,-2.194248070648221,1.1087766603072329,2.3172131364989594,low,0
0.2030891334882905,-1.4781137143876892,-0.6083036488223791,-0.13648138884002403,-1.5658803464446553,0.3104792770059333,-1.0687790178573462,high,0
-0.9361613628418597,-0.36924389161575705,-3.982897219883298,2.4171739542744226,0.12074577550017018,1.5908353339269714,-2.653325399806598,high,0
0.09398517087438973,0.04884839320948488,0.07787782981390347,1.6401403190298351,1.4358913246950062,-0.6666451929579779,0.23993063110514545,high,0
0.5555045377847532,0.21566278748606432,0.5115304538234402,1.3762053195289892,1.4938157028968646,0.43568311192450304,-0.1692382379907995,high,0
-0.4122875249939276,0.4260250117929784,2.4508068717502973,-0.3598028172210228,-0.9459687283013076,1.970678391466491,1.7108642810653265,medium,0
-3.376211135226044,-1.1645467781101164,1.5159957981290384,-1.4714964809498758,-4.467713369370004,-0.48813628014212407,3.782613777072358,low,0
-2.9257454989531344,-2.3021180510690513,-3.58518502126261,1.3958967829359572,-0.8832425050728305,-0.15254494763711807,0.3215223028538322,very_high,0
1.2683503901049529,-1.0496741157567948,7.277091534203881,0.19942762907138634,2.951907127373989,-0.44672686572282877,2.0826659002877395,low,0
2.0926799184296265,-0.2925947499076102,4.002285275593921,2.271814126921317,1.949315264459262,-1.9890341961712958,2.0652756920597097,medium,0
-0.8263565066503666,0.1585496531596428,1.9279967193349898,0.32845970490770393,-2.0305653818103995,1.1754540123391348,2.2164963406386535,medium,0
1.711250237355326,0.5794987376006449,2.805492574302613,2.0069422847672804,2.6911335877894054,-0.26420928499436513,1.728355866626078,high,0
1.7020829503830681,-1.422633469214404,5.853868715301809,-0.4250478794013228,1.0535574291027459,2.45393867292539,1.29487734491302,low,0
-2.582241873280128,2.3116093753006344,-2.9648904833731837,1.1081573616485412,-1.1561876002209908,-0.07482854331919798,0.6623531691821622,very_high,0
0.7898470629437746,0.22032329169091802,1.7457677367947562,1.9880266310724488,0.8551910743178268,-0.3870842444749391,1.3032696168346265,high,0
0.4747782105011775,-0.182967040566501,5.0536647073944305,0.7123577893037738,-0.9488517743154674,-1.2663586548464094,2.0721460772833282,low,0
0.08515212630165991,-0.9024147207441254,-2.167016470767637,1.8999939215135806,0.6178936365871122,-0.4818643154847231,-1.1182217134372483,very_high,0
-0.6878274670091011,0.6957197008450764,2.727955000970937,-1.2133545802911592,-2.5462029758866063,-0.7680703554643681,2.845361051020089,medium,0
2.7732273613131335,-1.5446211686074136,4.855016616168455,1.7701955432644088,0.8480929709658185,2.8740826980099135,2.529994613925804,medium,0
0.47766062690925504,-0.36070450044957353,5.065402347057635,-2.2395124623299765,-0.5300978985017157,-0.21968704502383987,1.2100672008554516,low,0
1.6553944202615,0.19937992065400773,1.6122819981542411,1.5646379056805353,0.4600989266559684,-0.8456284879894043,2.17951500952865,very_high,0
-1.5106104659021753,0.3065122064697944,-3.9085068281053545,1.0614477647595684,0.21710508362819048,-0.8944442001871804,-0.32180815848366273,very_high,0
1.4875892129607147,-0.7787395153691529,4.000408259134481,-0.13294115230010628,-0.43476469420161323,-0.5095665028698317,1.6766422918387045,medium,0
1.787210263496442,-0.43175117503112775,5.5212353861919095,1.7801616320394165,2.7227272944084246,-1.3322445867634454,3.031587792624239,medium,0
1.926901876839513,-0.1971079879373953,5.578195079508375,-1.0106594889319502,-0.99747575902931,0.7580657061739681,2.4161252582541897,medium,0
0.9416635650075112,1.4779267361595356,1.8577604648821182,-0.4442670453334272,0.23302593202326227,1.815677455080316,2.7579745532814095,very_high,0
-1.9119865249834018,-0.16921365816554673,-2.7475610532336723,1.9963417452652568,-0.7615017724286908,-0.04052238352693171,0.383312898674801,high,0
0.4083952288598811,-0.250854661227695,1.4502962701520965,0.5065820756424803,0.4826200640365397,-1.4569375455207298,0.5335225684116088,high,0
1.9324915015360045,-1.1937118542442775,5.026231853077019,-0.6212132812780546,0.7620416912200201,0.9957835101574903,3.0503143535808306,high,0
-0.7970112327118731,0.9530880549924937,-0.23169708097436842,1.218707919238161,-0.4945820254874298,-1.2178033053225852,0.7455712284292435,high,0
-1.7960209798581959,0.08530451504745419,-1.0265760111750433,2.46804370559678,-1.3751796113630608,-1.1773210412697714,0.9486199902898595,low,0
-0.76845397288102,-0.08194248239183136,2.431914530869158,2.0044922444960434,-2.5079871365058075,1.9373842411793845,2.4521513182355967,low,0
-1.773872911399402,-0.5242284481045876,-0.37176842926371817,0.9468673165689956,-0.8004550363192344,0.3363218096216861,0.9406769130924354,medium,0
-0.7508698848889332,-1.4882582128230326,2.3074666467328036,-1.2469700460135378,0.3903418288066003,0.2000940591283936,-0.7055606606683846,low,0
-2.5818793504954725,-1.0819458791789647,-2.1442807867993676,1.4942911080063734,-1.1822061923410825,-0.9529688335074052,0.7717690124091479,high,0
-2.325062798020568,0.3276392367214207,-1.4120259048161887,0.4054378053093691,-0.2862195740828275,0.05737555380698128,0.3856654062069309,high,0
-0.6588645957511744,-0.8166061871395836,3.0530674925463233,-1.3022182714955968,-2.295271905822024,-0.10559295928867828,2.8355045945440054,medium,0
-0.015303193625450184,0.5362900625654685,1.4994916807959662,0.7830289164316754,-0.18330230420538274,1.0251346045575813,-1.0928353219899731,low,0
3.9035637683640845,1.4103123065906453,5.089673255901319,-2.7760468638255755,1.0638457727408508,-0.5335453373840537,1.9893104233215881,very_high,1
-0.13040354513736951,0.03796372821063529,-1.5784242316672996,2.5157668410947243,-0.04636654834353604,0.14405223152649677,-1.2944090579733485,medium,0
-0.621026812975203,-0.06086837742020141,1.5902286592451325,1.139822408016487,-2.741140908743154,0.24126737526553343,2.5581863667261118,low,0
-0.6078460936595097,0.003773856555206271,-3.8148127947467825,3.085163557772921,0.19935610255202318,0.244241052860572,-0.4985184177377693,very_high,0
-1.4638647786681243,-0.7746013478853117,-1.4837563526126016,3.1364235419734303,-1.647974838403837,-0.9938252888572712,1.0277633727220734,medium,0
0.5698341428465532,0.762063873862598,2.8938898298749995,0.650145929238117,0.5171000415562281,1.9212374170896127,0.3935009969683687,low,0
-2.422550165627074,-1.087067512934918,-1.1442678263348856,2.5162478673664257,-2.0108627946081215,-0.01602499041361854,1.320228061345291,low,0
-1.1186282043745441,-0.03590129760010782,2.218089099757054,-0.007883158337105733,-2.631753482716454,0.34527050961228883,2.6861898159316357,low,0
3.007610916513437,-1.041005218283787,7.007657123055928,-0.1964898879151371,0.18680566565839984,0.5834335691559652,3.049775243495813,medium,0
-0.037031606666087846,-0.1371649108741167,0.9534308122748959,0.920048733649516,0.3596139288928777,0.7872736948162223,-0.07236715841628993,medium,0
-1.6688919434260356,-0.16596173147292473,0.7197664310500077,-0.36495295674169403,2.29618980966446,-0.37075098380764737,0.39194501318635433,high,1
1.9693124510111697,-0.7654812204420857,4.185023938230362,-0.8332414432576154,-0.48812525056308065,-0.043545672078880604,2.455995448226584,high,0
0.2739436421380851,0.434376922028368,0.14581731811942797,1.2797107446125884,0.10232233927822243,0.13161537327274178,0.10758209394645646,high,0
0.9206659120194967,1.8379420299922753,2.598766389073566,1.088604098873226,1.2613830377175312,0.42214369219526265,1.6278896125544808,high,0
2.0412544828118953,-0.7274648064542795,6.134642012047549,0.532531156012756,0.9400692030274331,1.2175480219507155,3.3540547518516126,medium,0
0.4685895507507123,-0.18488498309868595,4.0555287774435635,-0.3806262373689093,-1.4075984296693191,-0.8169012518275693,2.352120902613308,low,0
0.7195505045574294,0.988526104647442,0.5487315813758771,2.692396440331417,2.9205753834961588,0.06382122503363889,-0.39393300518327123,high,0
-0.5644234457426265,-1.9762160643903117,1.484632895131379,0.5216562108935823,-0.15752319828517236,-0.20110779528942632,0.5735988851840137,medium,0
-0.570927840595735,-0.09477067200513166,1.1453440122496672,1.264960080034023,-1.6765783858252539,-1.656966455738728,1.7903697643232066,medium,0
-0.004045922705681715,-0.6445077018756719,3.115490428192059,-0.24672288738999315,0.27261012706940824,0.7582823861179211,0.25702674708436757,low,0
0.19021070886693514,-1.0758585618378667,-0.4482356579486446,1.6627135651850846,-0.8374234055213404,-0.41145650976648185,0.9928106896523375,high,0
-0.7186047121624011,2.003311880382046,-1.5782912999108383,1.1544355965434294,-0.014272981020432729,-0.327327440521436,0.24813201251951544,very_high,0
-1.3881003520926576,-1.9387999093815778,-3.5820285800256557,2.7103378757208842,-0.8659696777097305,-1.1354441943371232,0.2785146903345965,very_high,0
-1.5041363804313914,0.11233794873237668,-1.8133711938577646,2.0146500521060764,-0.28694882358453455,2.391873389457284,0.22125250844057587,high,0
-2.268464015685484,1.2281152937809285,0.34222878413859953,0.1899486362142302,-2.3094553010588443,1.1259303306340565,2.0828125020461306,medium,0
1.337125171030072,-0.3027745451255383,2.467631602269758,-0.35901240355881425,1.2753265725654175,0.6604889823456973,1.6870873234627204,very_high,0
-0.9754459620334928,-1.5055713410196836,3.505776577913847,-2.0534276130263818,-3.709932351381738,-0.26216392012514006,3.8689986081993926,medium,0
-1.5083711729722535,-0.28770705554947656,-2.0415676651221344,0.08070016646936007,1.6825948838663363,-0.3837529809130093,0.948982972796441,very_high,1
-1.222935845144855,-1.161244452480358,2.246981165948397,-1.0743093302935336,-1.5348104344461881,1.077359809862273,2.0619374634089156,medium,0
1.0191511748330395,-0.28509551582833836,3.0425194480958178,1.4016116930805333,0.8560580322897389,-0.4725008930849044,1.454735470466292,medium,0
1.0924000056458074,-0.7334251668172389,4.627032813814395,1.1589134227931095,2.7942814507716163,-0.011006321628407697,0.7728541635263375,low,0
1.2893642942788328,-1.5075851347639375,2.107822786176189,0.8918835556880669,1.6971431285532192,0.9084451656457725,0.8214786305445243,high,0
2.3279170424893083,0.9513849835007704,2.3921989685378486,4.72744740374201,2.8094804183850113,-1.5697766847188763,2.35289985856741,high,0
1.6368822046068905,-0.11226376719129758,5.512216353195433,-0.042053201218042346,2.25742925199691,0.029562286872101294,1.4053650836060434,medium,0
-1.7732503351880695,-0.29476407422553264,-1.4558243919162155,1.1702484324624491,-1.9977291624972926,-0.9872492320322136,1.481274061029983,high,0
1.8496080392782706,1.3089894097291122,1.5212312651016797,2.8188149868436145,2.0420526456460815,-1.510924561816994,1.5534378440110612,very_high,1
0.9212937623237774,-0.34513723047659045,2.403130651679768,2.191389180860506,1.996386679400684,-0.23603419015604085,0.3668261310424028,medium,0
0.9056167579694699,-0.23653325209612397,6.36473568922651,-0.49547582618439856,2.282716941729779,-1.2158439828253684,-0.7611725587313796,low,0
-1.6800009430750709,1.7839186066074848,-2.3489039331850523,1.3108233203943198,0.05731229374028057,-0.004252096719942134,0.4622940484544513,very_high,1
1.7301530128912572,0.9342740176365468,6.865542494988976,0.7928031179108337,2.6497224409631155,-1.3819627849870044,2.0716661248908252,low,0
3.4364546589734806,-1.1992824219641323,9.202758071047713,-0.2512927562742875,1.2328884516840604,0.7495825713736299,4.163256938387432,low,0
-0.0557158151057664,-2.429755297682545,-1.7783598733923425,2.661283647669242,1.0821794549653048,0.23578706419803366,0.6414076585757296,very_high,0
-0.34504254646643506,0.14171179031750872,-2.9252517851943645,0.9972843523465864,-2.0448978570749086,0.9347177458284922,0.060999492834515445,very_high,0
-3.1989404637591483,-2.672207384471349,-2.38935324152909,-0.051861561370235565,-0.8443869487274134,-1.0859527335785348,0.6572532757713767,very_high,0
2.790194661728022,1.3965978462231778,6.707926508715589,-0.45275102375858434,0.1618883694970692,0.8601852107818442,2.0745031368907156,low,0
1.1125860723827485,-1.2055823510237553,3.6440891022906468,2.798732779585244,2.5998028145247174,-1.1532601726752587,1.928789641489339,medium,0
1.225703856036436,-0.20822270961275288,-0.4283567638796372,0.30926705519171915,-1.3082752213212065,-0.5363460269565219,1.9261021722770804,very_high,0
-0.8646725162367684,-0.0967494053303549,3.7582553862408785,-1.567065171784331,-1.6745621113200952,-0.4284217300000358,2.5810634576678497,low,0
0.14507638578339277,0.03476924809445675,-0.05197945631209446,0.8849900725998636,-0.14603015074426495,1.1185414093359494,1.2794763704564385,very_high,0
2.1923278373299837,0.01775254617328601,3.698835584870048,3.146381932192953,2.7636009269866735,-0.6485216295046535,2.2456460451435376,high,0
2.2970254212299563,-0.5210889621309163,5.917107692141587,0.035688841599743615,1.6253558427485635,0.6135361291851883,2.7593526076929487,high,0
0.7005665122882248,1.4876884464035136,3.2770833787880593,0.03394403082121866,1.2082998098021758,0.5617110279184433,1.1808431468990803,medium,0
-1.5154543407792465,1.3919956981126695,-0.3039567758323687,-0.9020335258746439,-0.5544426059373135,0.8305502903301341,0.9656327934032725,very_high,0
-0.8741638328028216,0.08259051687541312,-0.6869806421348966,-0.5370130975005998,-1.7126975654350107,-0.12983632584940336,1.7615926139287192,very_high,0
-1.297543429753798,0.5408282103844916,0.055389367412797666,1.290516715349861,-1.4970635436435487,-2.352786469885359,1.4451093064910223,medium,0
1.607684493688276,0.07978843143232382,0.05721427028639718,2.722823661348407,-0.8665867800024738,0.3268524062609343,2.0910154204029077,very_high,0
-0.723171354015208,1.779661887087689,-0.4758037729807399,0.22867993366816575,0.5780082919009191,0.5559874336901389,-0.960103010347267,high,0
4.175971241032864,0.5194366231917376,8.482249288690543,3.3002411397833473,2.498876290839932,-1.1600203819432886,5.731170406368568,medium,0
-0.44068499014540286,-1.5331745953623346,-0.35419716899881376,1.356074488924721,-0.9748410355594055,-1.7415696502511249,1.1018802015372384,high,0
-3.2295566058488143,-0.3798912086875837,-6.726714186449457,3.0506475647355273,-1.358935256972476,0.11586075884199988,-0.1876379625357516,very_high,0
2.898082582153433,-1.208192458358039,7.445775938718193,0.24737223152687549,2.571171266114918,-1.4898030653651742,2.4118496552010384,low,0
-2.5088263540660454,-0.20290897858326112,-1.3570942714375243,0.10915803966233195,-0.8384895670222424,0.4132254496860355,0.8146699046232329,high,0
0.01776099154368449,-0.7223001879535923,1.2661650887268239,2.642076066163172,2.026320457507278,-0.5786510541204551,-0.46059756790545503,low,0
0.9651547483518395,0.10080387045977413,1.4667013825098902,1.522487535652714,1.745848978993625,1.6546683158667064,1.3778210327978657,very_high,0
-0.1652634146116403,0.31988796785441165,2.142207402749563,1.184404777801368,-1.8820528616038534,0.9427637251523103,2.0117392491564208,low,0
-0.206973275482646,1.4625303826914446,-0.899009503412971,2.2077950061996177,-0.761055738872588,-0.2395494568848382,0.7863281636310234,high,0
-1.0197058200346227,-0.7814760658012543,-1.0060449591641232,1.9395092741626367,0.52378445333405,0.1432130832061304,-0.4766973779279877,medium,0
0.6024249516438908,0.13822523650184043,3.075872281723574,0.8128552024109278,0.7208449136317345,1.5329782475310847,1.4791622990930424,medium,0
-0.6523529909292896,0.1404258674448342,0.4462264189101528,1.5831585381458897,-1.6863075009367825,0.4354156527309408,1.6353162930079825,medium,0
2.574397391320245,0.25159280726173744,4.240039312416324,2.0551323888866726,2.2237549411571402,-0.48786908807379537,3.3350793159568672,very_high,0
0.28977579410079657,0.1212437318203795,1.5934967736890209,2.1047940895171777,-0.761961472942364,-0.5546668745880683,1.1951222582239875,low,0
1.322813056323877,-1.4043164166961695,0.3505592801518623,1.845184763397713,1.0535925668963957,-0.5837206456894258,1.8843312701680397,very_high,0
-0.005334655662582177,0.7939458036321722,1.6470909867951742,3.0409511316254436,-3.554401641836023,1.323760538012268,2.9205292642795673,low,0
-0.8947078599110434,-0.09138967205026136,-0.2784250340910893,1.291415192095128,-1.2414286055355792,-1.0532063960426628,1.2078039603677333,high,0
1.3063449218280718,-0.8791360931076848,1.7438942462492213,1.5075124327691083,0.3017007070101464,-1.918589423559303,2.5699078218849047,very_high,0
-0.6692275704850876,-0.011102590622834349,0.6113310238551102,1.7171847588986693,-0.8464884404869892,1.4043055051659386,1.1077900105653955,medium,0
0.9307977417409865,-0.26783943256831116,8.109517942222773,-2.647793559506937,1.1279108793000945,-2.553631015648598,1.5311425348546304,low,0
1.652324827215066,0.0879642774742757,4.308657055304037,-0.7856406257381756,-0.2775588847192605,0.9104611024518411,1.7468337069601572,medium,0
0.30789954946745834,1.1647107852399101,1.7110540601696518,2.465828049441149,-1.0967035646213106,0.24023062577044763,1.432653073120087,low,0
0.1007428477758443,0.2017851073709533,-1.519878167993751,2.4537211387514315,1.2639173832746118,-0.397740284245532,0.4404110995612599,very_high,0
1.5357933007315696,-2.8439436647717677,1.956924287067866,2.5496181756526086,2.7206651830181947,-1.3962291302361909,0.4179557854169609,high,0
0.468032578389035,-2.431121163971628,0.9557277885132041,4.256138764552078,3.029832070980758,1.087940253268552,1.4132011748034523,high,0
-2.002199798990011,-0.2739924731630432,-2.5885966820635034,1.110726668547325,-1.8247630297844304,-0.40901784781493944,1.2164471781661181,very_high,0
-0.8922693191002511,-0.4030922897540097,-0.07760392697783863,2.5389210370114066,-1.8233942701580066,0.0876251551699639,1.4730270937569785,low,0
2.5955012658345877,0.26978392939993606,7.869476179194969,0.7180184128302152,3.4338684728462088,0.01159385932537144,2.730817235682591,low,0
1.6909640704621411,0.1436308339881977,3.442367044789167,1.0762766643643509,1.2242441225251983,-1.1587930664246047,1.718401876901142,high,0
-3.5959299154532234,0.6385165792483638,-5.605075509469057,2.107375682126786,-0.612146312848629,-0.17530832016402878,-0.4245097701392717,very_high,0
1.0873100742783055,-0.14818929040364195,6.072454541147073,0.6222745907687756,2.4692632217757886,1.3919915761813313,1.3191930881293243,low,0
-2.7385691869811426,-0.275182437386346,-5.923655782377808,3.917484921959238,0.6362954487431272,-0.3280703703646766,-1.3938768574052804,very_high,0
0.9400168340845683,-0.55404438408808,5.8052151138929515,-1.8203554930069121,0.48286995719208314,0.17823974390505556,0.0811537983220425,low,0
-2.963228741635378,0.38126914696797887,-0.09595973789354535,0.8534988473022318,-1.550078514757138,0.8181755254714744,1.3932817428949078,low,0
-0.2398944167951652,-0.3361500027177518,2.9937200613895674,0.7098912742616271,-1.980645678047496,-0.11942316073584242,2.4138358935349684,low,0
0.6466883036888904,-0.6352613845586089,1.235408246495055,1.1774734335683223,-0.5074859641629506,-0.7496669509459138,1.0051382227353705,high,0
1.261650699922936,-0.1503483662862672,1.1152211610997977,1.4540902737645622,0.7118683692309481,-0.6088231624233649,3.0901996515126897,very_high,0
0.94901954990268,0.5115555285220048,0.8273850114116852,0.5303649322098428,-0.6557174604852223,0.3654318428247091,1.5028403570457298,very_high,0
-2.53371028245123,0.10004862777774516,-5.060583795826732,2.748291443469432,0.8355278142620473,-0.20272002943667036,-1.1941117951041453,very_high,0
2.2889166024716703,-0.6988661804419937,2.2739149901649363,-2.462662687864073,2.5910610768576516,-0.9234004725250807,1.2010005031330144,very_high,1
1.9567983547134369,0.36417006314241074,4.345637164581981,1.7195600418721946,2.3659814170566387,-0.9991869029616581,1.7824936970395844,medium,0
1.0694068364074854,0.3670467929299679,2.6948196009409644,0.8073395508292838,0.06217186031588362,0.27981185430235533,1.615100936627622,high,1
-3.350093056000069,0.49979173049695996,4.487507604822278,1.1954679259238905,6.108859907760516,1.4337500342142357,-0.8777869296470888,low,1
-3.5200613881980365,-1.013793740969723,-2.7354030352618266,1.2102570950297256,-0.006061509228374895,-0.7235051090620076,-0.14866729549556235,high,0
0.5407888564432042,1.3990974792634143,1.169777282289738,2.232927372959027,1.2782632667068938,0.6208299452898662,0.6260769732880299,medium,0
-1.698410445129967,1.1104972790915768,-5.87201088041325,-0.11435098425506207,-0.6540473599758625,-1.2696522661013012,-3.531479124510703,very_high,1
1.0693783724984374,-0.8035309614270922,2.5069009151053354,-0.1734504534215604,0.2425152528189487,2.753229510803207,1.5682372911688318,high,0
1.8788182917401128,0.34508618601508256,4.849956748760949,3.0009733763446924,3.85412586704013,-0.9319911252835396,1.2185821208814596,low,0
-2.31024884954152,-1.039327298878074,0.38085336458086216,0.15596305730114635,-1.7846894707913035,-1.1341944231152694,1.750630799057688,medium,0
-2.41701136749601,-1.066653368918774,-3.555784386686232,2.193562766263076,-1.7356187323996273,-0.1371005223902222,0.8029770393628504,very_high,0
-0.6692645085555424,0.5661773907701725,-1.227580248900596,0.6145275308430164,-2.0709696601741463,0.9668834167557434,-1.3604857028959294,medium,0
3.6523258519506188,-1.6963162351162222,6.223147303273884,2.2823121779876385,1.7378312077216993,0.35874138810830297,4.7618450919426945,high,0
-2.510412812324523,-0.857134710434541,-2.1292117942895055,1.850511789098645,-1.5947050119833026,-0.19518167291457722,1.0152373521649347,high,0
-0.37620528027049405,-1.1093075324979949,1.6434720685025979,-2.811329035122092,4.298740703874052,-1.7808816400803014,0.3657224549692747,very_high,1
1.9245135006879166,-0.9584493812548077,3.9924399317082453,1.4057414482029005,0.8090803004961682,-0.5750581961873702,1.4855431492023528,medium,0
0.6186578251581194,-0.026899852489384587,3.6799509023283816,0.8800255727677108,-1.8258687552424853,0.168692744809392,2.389805013900916,low,0
0.8381445616033829,-0.32641762614809505,-2.8013812211147093,1.3897969307670364,-1.1348327864893843,0.4293507136612708,0.9822084673636909,very_high,0
-1.8557611123427198,-0.7361970843826743,-2.342093407325007,0.9509220434625654,-0.8804681571020175,0.9910470469274518,0.6264633086485744,very_high,0
-2.1835596557378767,-0.22160339018264946,-1.6600005184594193,0.09863718392870058,-2.0474326751973795,1.7308151930447429,1.5569443888841912,very_high,0
0.7033296213001854,0.8793072927089763,-0.3075981116292861,2.24764015234662,0.5329529959171955,0.039309198743465314,1.5716982303657836,very_high,0
1.0472941444573065,0.2557842523263653,3.7452408733244793,-2.2610315831262975,-0.6250770987016241,0.6250767970040728,1.4060192989096145,high,0
-1.3365285996598202,-2.3214853420775783,-1.8310525146824992,2.9904003081580677,0.6300007714239932,-0.02576935587725707,-0.4903981094567702,medium,0
-1.1985658475891134,1.7408580770144348,1.6921552450812596,0.0576556877303156,-1.5009792380236093,-0.3267445899410919,1.858491328332027,medium,0
-0.03530755847009259,2.0603415438368318,1.0375493457340308,1.091474038081577,1.5240041190098497,-1.0680471383662404,1.423823999117721,very_high,0
-1.799995710857146,0.014816009930505383,0.2950892987536605,-0.7809017332320631,-2.5279125641337625,0.9354943958784453,2.3512633433270196,high,0
-1.5804134963145735,0.9002056534504943,-2.406556013556378,1.4881061076311761,-1.334640618976312,-1.4743828693181482,0.8489573727096904,very_high,0
-0.8813061713381766,-0.8345148555721418,-2.840464454636711,3.461927680371973,0.2329007723838703,-0.726992992618417,-0.38249002490816886,high,0
-2.3434888726777063,1.2594018029921237,-2.527554831982828,1.8063419792500306,0.621254814145134,0.7240022550000158,-0.5773739929873283,high,0
0.2524029626956503,-1.9835756781146474,2.1026974800953857,0.532040637710471,-1.7899518050254875,0.4673311296456491,2.162842485100214,medium,0
-0.20841872208690482,-0.431765488993373,2.8150405261810616,1.5187023703943963,-2.4277265580594216,-1.6633867113595329,2.550846827982028,low,0
4.032765757190295,-0.940977261282717,7.094409460220879,-0.22747261359475957,1.2901419809066947,-1.3882924314848524,4.315286260130863,very_high,0
-0.40937875402013324,-0.6161481288926278,0.5718901174143584,1.0847143974648705,0.9468355954170382,-0.3926746535260844,0.40845601868972714,high,0
-0.3535487996364032,0.7148166884800725,2.078546173079293,-0.16062891361754605,-1.2964948606253146,-1.8581250137335916,1.9517898534752083,medium,0
1.9345863525694558,0.6559605521413735,6.4352976086349045,2.074780803849821,4.643872086498482,-0.0015718073731942623,2.4803447513585497,low,0
0.16269978215533265,-1.1442548162646202,0.4441487775542515,0.11975183025179614,1.037765391913385,-0.6787041321116114,0.5996219433789474,very_high,0
0.1598920655198237,-0.17667509270824255,0.35242459748074656,2.5840513424731877,2.2149083005210395,0.7969359256585957,-0.7783733134573947,medium,0
-0.9356260160457401,0.8265839651372482,-1.5698307744580775,2.6437055112088275,0.9458243339556929,1.3747979700547797,-0.535820919219125,high,0
1.5112773701719764,1.370962760129293,-0.005684353928341865,4.569109988445025,2.817133624016308,-2.401946943950546,1.3145577300032114,very_high,0
-5.923326572625277,-0.4293438504947142,-4.751411374568021,-2.3158020716572345,3.5351580313962874,-1.073107414098677,-6.125596957763305,medium,1
-1.1270515034440811,0.9305107655361015,-3.0463757583871316,2.2983817190452216,-1.4305908887482601,0.31140835118933086,0.7240701430953629,very_high,0
0.8105806959080017,1.2069703246322492,3.8244536710014976,-2.154839781190727,1.7441181727029966,0.13584174810811248,2.8422299304425245,very_high,1
-2.5573384495354397,-0.14842264715919978,-3.4341374134321634,3.1107297057327346,-0.9192817249639942,-1.129888087902751,0.19710842611703172,high,0
0.5383232823717015,-0.29773564888123116,3.453423659972113,0.1882092036750822,-1.4390204977768084,0.7261275213503737,2.2536277998531693,low,0
-1.3079162902790973,0.1437374378208569,-0.6741615547741566,2.35693879927297,-0.4184442716035752,-0.4178235188093812,0.34538238271217303,medium,0
1.739369634073344,0.4473862964734275,5.060039344330362,0.5527872091578199,0.8081473650750464,-0.4063568513704236,2.2112184474732453,medium,0
2.402570629991885,-0.39275895241680914,5.521202758762023,0.7483557082031078,2.618177788364033,-1.501836924629838,2.555743311508269,high,0
-2.3960188939492655,-1.1401971977561183,-0.6387799810801189,1.0133180220485825,-1.8558762501236457,-1.3093939454332773,1.5165138865115744,medium,0
0.5042908779885171,0.48114589076518677,1.2619811503301956,2.905947496251537,1.3177616195504633,0.28729657274908715,1.1928827255773071,medium,0
0.2229018088977921,1.3583571664306051,1.1140910720249455,0.2622653347100323,0.6546344139051291,1.0634357218674595,0.6717487100822646,high,0
-1.7281977573615048,0.6871774750986485,-1.018999320366813,1.2483936958018225,-1.663774421797756,0.2742150351301673,1.3871203000320325,high,0
0.6532784492497236,1.5597419472839638,0.35027696906014644,1.539507637899011,1.8618357827702927,-1.1470655997190768,0.07881858967162714,very_high,0
2.2213987967539834,0.2563609837384655,6.331642806662732,0.49526174575806536,1.2418849606885396,0.5837293615218192,1.4934574428150105,low,0
1.1803356148639312,0.007153256097487521,3.4186855842702033,-0.3166229550827777,0.586052362629981,0.6416252324412085,0.3082797031343879,medium,0
-1.4451778404215248,0.9973392257590772,-0.22388524148119252,0.700401421773057,-1.3808796195121495,-0.1193093118030249,1.369470200927112,high,0
2.341463950639282,-0.9354354054587067,8.21080341947691,-1.2804303232332217,0.8849896260320513,-0.18759882127683974,2.1881811952852237,low,0
-0.578290328463567,1.0755000211306371,1.1407344311068748,2.7927949315347207,1.3766436254765166,0.12155008278515436,0.20704253076612833,low,1
-2.15540184203367,1.9546625434624896,-2.9368731859798594,2.301665224184731,-0.9217850101835552,-1.2444360477486953,0.37533091335326496,high,0
4.568797201911993,-0.9231191842365297,6.560478393699039,2.167165180339033,1.8666538974946358,-0.0724290696422832,4.315239817785758,high,0
1.275532493928345,-0.003477209701936022,5.2678759093551,-0.5346432027775423,-0.10930005336510962,0.505864358116156,1.512895471404477,low,0
-3.474897128419113,0.08303819981330346,-2.8871482852329264,1.415238304411136,0.5580874489286078,0.4221181149044621,-0.638356523384406,high,0
1.1160284912147302,-0.3548507313518155,-2.370936236677251,2.9724283113121484,-0.5733990919679646,-0.9589140900059879,1.0579698309156806,very_high,0
-0.3540801861129058,0.16013489698287253,-3.570155077856184,0.06361470176406492,-0.896149878075293,-0.5836255854546498,-1.4952734866095998,very_high,1
0.7470896172827243,1.5159451462942337,3.21530835128666,0.4205754538474198,1.598246768690402,-1.426483156621165,0.3604978840504648,medium,0
0.11706823031920255,0.1568987411985134,-1.0749921539847307,2.0284788610679234,2.151270050337593,-0.8492809619100916,-0.9807128670347709,very_high,0
0.46597402456793746,0.41362637771433536,1.8377457348922142,2.1869043179469134,1.8636710189809031,0.9901247868928167,-1.1317336188998641,low,0
-1.1618680983318228,-1.3776256560635605,3.2709264777704155,-0.7387647591435045,-2.0033094364026565,-1.55037687093124,2.523379923944489,low,0
-1.5533766057765377,-0.7322824104302025,1.6237201945335633,-0.29030339140658246,-1.694263887632124,-0.5532676586867606,1.9535016845764765,medium,0
-2.418417802236698,0.49636624363496584,-3.1811337792628462,2.10165109908079,-0.8461310448064447,0.3625110113441724,0.21405180456128692,high,0
-2.0454387887053205,-1.4468829667607033,-1.814652785279751,-0.9718129594803984,-0.3325475630183521,1.4536341508749477,-3.676419836648961,low,0
0.9411626124829111,1.3888001036195767,0.11771336111353922,2.220054249131473,-0.028956731964529414,-0.355546671190706,1.5142768500217398,very_high,0
-2.6289464490150443,1.3778796418184736,-1.6748843922533545,0.7701363775263592,-1.7864801954041747,2.0079560958623213,1.2759654721291582,high,0
3.5049199871624364,-0.6649665113199965,6.501359204385237,0.9951796207957784,2.9282323599272932,-1.5428221490372125,2.7135571507885476,high,0
2.60297729650879,0.008274494342320363,4.5644893437603,1.8425440397149564,1.897883096014708,-0.7722350213415422,3.013023104964147,high,0
-1.5438540548969037,-0.05229713757100654,0.8071855601751398,0.9145786112925378,3.161089701967901,-0.30837846923364687,-1.5686888787689846,low,1
-1.9027448068777972,0.2230380248264751,-1.7632151434979626,2.370871349668829,-2.2300900369518204,0.06893105230847263,1.4338700836207516,medium,0
-1.4312694193226159,2.0347491581525903,-1.68536585364925,1.2836982487316002,2.352663361625911,0.8215641246246144,-1.8887791549451614,high,0
3.1548123616884274,-0.6133636006232359,5.210321823397381,1.1995824517613896,1.1868296862099736,-0.8073800562841116,2.35910212247187,medium,1
-3.6829451922387966,0.9265201843464447,-4.9222176034236105,2.9530561005739147,-0.5150905086323336,0.952649343692441,-0.3440299626330159,high,0
-0.5941881790697745,1.031018217042444,2.829675484689641,1.1667789946557834,-1.2816522379993844,0.8745876458098074,1.7640481435250077,low,0
3.629075127268151,-0.7734149266150159,8.708319685205264,0.9416250395089445,4.776724721137866,0.64837277770979,2.6032334055213813,low,0
-1.2559615302645255,-1.1705149301289088,-0.8288416097186965,2.8743136582990703,-4.03239597390189,1.0317619044996247,2.7173437572621344,medium,0
-0.5539865322106521,-0.5698979194121059,2.0517708013748743,1.77207454006904,-1.631825537189478,-0.2869175759376756,1.7464703118583427,low,0
-0.37985003725873645,-2.3850087979709786,-1.1205839525964116,2.245715397882852,0.23156311541874497,-0.18110956240450954,0.024265815802510193,high,0
-0.00565141803715874,0.9506278731265124,2.8808816402860864,0.6377835082838593,-2.080383344626377,-0.9260621643490131,2.477684924965793,low,0
-4.135687193869293,-0.5446962871197124,-5.1631666527598306,1.1353531681350826,-0.818090006141801,1.2905109976279934,0.0008654880603473636,very_high,0
0.31712530204523426,2.448812305740227,5.205126865566889,-1.0951071555731657,1.0817498955806604,-0.34072077153208186,0.5059403105745681,low,0
2.8849062009353057,2.6478842135570875,2.6753331864455925,2.550937357557456,0.6216578630565213,0.4539358884037746,3.430943004638049,very_high,0
3.2677973452454774,-0.45947543195264406,9.832820971593916,1.8996115304384587,3.016146584858716,0.882924805586752,3.8804016953880067,low,0
0.9241845124261538,-0.5236855326768944,1.9087207078000432,2.3413796329988648,2.5578310565766644,0.7316723266209116,0.1130410519813827,medium,0
-2.1937025499491387,1.2249814080558845,-1.1159138856102093,2.023025726149265,-1.3598520424240486,-0.9907135213880943,1.0359496449373051,medium,0
0.5175456508072912,-0.8860393883859076,-1.9259822597908207,0.7339227713085641,-2.6656131163884025,-0.02238465649681007,1.0356177988451514,very_high,0
-2.662249983695768,0.9852201728091007,-4.29556695580382,0.30282264225952016,-0.5850724299289086,-1.3983570744602225,0.19917779064648378,very_high,0
1.452328193310694,-1.3843781442136902,4.639965400164442,2.319456458128559,2.5995243093639564,-0.20791231006611424,2.174947250372596,low,0
-0.4910833265012262,-0.055424061982421884,-0.6262890995946497,1.3376515140555014,-1.0558440861876404,-0.3868409579865057,1.0768161168344998,high,0
-3.857896901589158,-0.7721646868646517,-1.1693641779863846,-0.3517800808744025,-3.468023698856749,-0.410136261770982,2.549600439616208,medium,0
0.4588758176165939,1.010370850190332,-0.6470719729129243,3.284000761057711,0.056849678701019535,0.34087079134628084,0.23056103650311854,medium,0
-0.11874474256235468,-2.8485270886516063,2.5237619345886846,-0.7845076009276073,-1.279092092556404,-0.07530442074083482,2.072636651797973,high,0
1.814490546022868,0.3912849571208737,8.624701726023039,-1.615370118569578,1.348244636466286,-0.6546030209289879,-0.06179353335432536,low,0
0.8329164959164078,0.801639716903692,0.49172007123689154,-1.065772390693034,-2.2423398857013392,0.6437340011921098,0.25240341612984785,very_high,0
0.9168487221904911,-1.9010744288179857,3.540507975682153,-0.2658450996230086,-0.04329240438983972,0.08329463754680776,1.4628690699148414,medium,0
0.8095140565955867,-0.03984542278078571,2.410507597839649,0.24810881559128528,-1.5985629879896548,-0.592332204854028,2.1950751751689968,high,0
-3.0889707734438563,-0.04426012027857669,-3.3555798536773125,1.0588026239975452,-0.7987140841849819,1.1452166865716589,0.3373632942519702,very_high,0
2.469023357383219,-0.9694324432883201,7.2656144387690915,-0.5690436192191093,1.664850109179631,-0.2702923176244952,3.385499664577657,medium,0
-0.008727414995996163,-0.7689599126747924,-1.7744911797073077,2.825629179551879,2.204532186060896,0.11268520016037374,-1.3093296575169553,high,0
-0.6268957049657778,-1.0847564341588138,-0.7419198374466252,3.952339914991355,-0.8585744332732657,0.7731318638032247,0.5726474491004849,low,0
0.8344653304197791,2.317353765614861,5.208468238808028,0.02606961070156988,-1.892020622491931,-1.086109686325625,2.795074894377849,low,0
1.9886648897643555,-0.3398211683082972,6.080880898681915,0.7129823663913444,1.6926971653950034,0.18213487101117645,2.2638256395264484,low,0
0.3562951584335994,-0.35160742828186803,2.641950196967104,1.6326441779413154,0.05214415645300852,0.24225815662028627,0.8419377359862557,low,0
-1.1465039539519586,0.2984278994828184,-1.9205017224233634,1.9168370747330012,-0.6933810552462812,0.508368676721951,0.48257588066702506,high,0
-2.6665880184583397,0.17270441657695362,-4.6574868801772835,2.574881988919693,-0.8120849989370287,1.2445489907630587,-0.07325322449223393,very_high,0
-2.9118570740828833,-0.7998806655133466,-2.328070153770523,1.0193434589508712,-3.1019004583953778,-1.8081229539416237,2.0553963255654764,high,0
1.8468916313473216,0.9842964451970457,4.377448527795819,1.2547825247661235,1.1694399334917394,-1.3904290057898094,1.8167616626191858,medium,0
-0.9759756116056186,-0.32810928836024106,-1.9965361908005625,1.9419638562306263,-0.5165739271008347,-0.047597245118507034,0.37565508217897337,high,0
-1.5921579064271418,1.2604293992232585,0.04007871128392957,1.3912191991107534,0.3704096483156494,1.6766353406369636,0.12597226337791056,medium,0
2.0257134519631537,-0.12799697521339518,5.191320129673694,0.23586819753582078,1.7147984574724575,-0.7614555567638507,1.6383587669081336,medium,0
-0.6189033734995406,-1.5608777064808073,1.746628946835332,-0.30987321023316694,-2.1452385568462025,0.6613399641422925,2.4048036881176187,high,0
2.13949166039183,-1.5023889816895173,5.733763536585072,3.0156280628713934,4.512845318237569,0.10718646478241609,1.3528732037018103,low,0
-1.947136225547116,-0.9833767229486798,-0.569788495064562,0.6794705184956983,-1.3933271934635656,-0.952398385130473,1.2714524250071026,high,0
-0.2332057807793425,0.005785114826653559,2.6263013993016133,1.5327356480932337,-1.9913968073590211,0.09011042923108632,2.202923166420386,low,0
-1.5587595036485304,-1.2275242426383912,0.43037254702380534,-0.36597509202680745,-1.4355578381040108,0.04380455660721462,1.6051981808653464,high,0
2.1676586009518983,-0.5167091094298853,6.324433287580955,1.3860921106312782,2.704394939116579,-0.21952658244713985,2.9048055399933026,medium,0
1.1305585115256498,1.6997427421986424,-0.5738489392353412,2.3774039164626792,-0.35906921841265693,0.5634043604480524,0.26913770735947984,high,0
1.3936447232123292,-0.23187797506123262,3.761619061024547,0.2569695650937307,-0.5605927765586851,-0.9600105221878282,1.373603268550403,low,0
1.250085249025639,2.5974372073752243,3.364131697432545,0.3202226500183112,0.6511932945850841,-1.129815030264563,1.9733516261454631,high,0
2.6694078787297824,-0.5134883637740536,7.1791625197912525,0.7462366689442956,2.1654059740664207,1.3427476033167658,2.140656405633947,low,0
1.2003930950046826,-2.933770647229477,4.050439700406257,0.19862314143988957,0.40103288892604017,1.3354530617017426,0.2806241963011621,low,0
1.6438797118392718,-0.148283137927403,3.9206031467406555,-0.2937419662176466,-0.2190613022591814,1.0177959690359604,2.322379732855085,high,0
0.6051265292348842,-1.332128954630901,0.33368827009765156,3.3094455319137595,2.0780111343670042,0.3982327846922724,-0.20196589531177378,medium,0
1.0004652237915408,-1.9865271419775223,3.8795131934153133,1.7279307520397769,1.4801724960553657,0.8326657578803607,0.8768394904921971,low,0
-0.5473197673642685,1.2409391873848064,1.159348110574811,-1.5266057712933894,-0.32623213384643246,0.8463514262060201,-0.3161054661241596,high,0
-3.158224069468645,0.5913201605738434,-3.29793946937802,0.201800147908909,-0.4820813702820437,-0.9481239464325425,0.2331063614328508,very_high,0
-0.7691010061737373,0.5529431891981056,1.4693268695644224,0.7302522771107495,-2.410444271003511,-0.6432484312125671,2.3627270895254986,medium,0
1.7690564582214574,-0.034171881534327396,0.8603478915693209,5.824271500069638,3.3707050792573785,2.1157708095629846,2.7840289272712413,very_high,0
-2.0641907402827844,0.6751644009882938,-0.8332440318501434,0.7647150836852623,-1.154811639296922,-2.9760324740095245,1.1391685854434832,high,0
2.5995629469784745,-0.9474228950184589,4.29100928744584,0.21135829774001846,-0.09557628257973971,-0.254154530874387,3.533930449395923,very_high,0
0.7935824033140182,-0.30308607711201396,2.554578071381676,1.8698444504621596,2.3884445511383223,0.46032781838148307,1.1082497541258967,medium,0
-1.4619133734564789,0.22459063324999182,-0.3938266983285398,1.7475867154722207,-1.491288539978659,-0.17252437332674642,1.3176219776872933,medium,0
-0.5709793102615089,-0.2011861701509173,0.32765212327168913,0.8533914084762273,-0.66726412448716,1.327500245455421,1.0762367024468578,high,0
-2.2664717604508255,1.871714624315838,-2.3365181048246586,1.4183086214127552,-1.9047110350142549,0.3545902786046827,1.213054624761845,high,0
-1.3868572226412197,0.8977215684594247,0.6698432020459024,-0.4030543953527892,-2.7501812475362355,0.9293115872076053,2.5683803922395922,high,0
0.41791358265016054,0.4159226590575908,3.7468082353119003,0.9952701726852154,-1.3123231864480902,-1.0907537158222465,1.9929041738491784,low,0
2.141761570941931,0.4802292619057029,5.26666170874604,2.993003483755112,3.0760468614675154,0.7158646295711472,1.618883926066133,low,0
1.8484623238446096,0.6287305482596371,2.322212978469603,-0.22580503731411872,-0.32188768093778464,-0.18759700009161193,2.325362073625519,very_high,0
2.735827631158479,0.8241523634556386,4.1344715362947,0.8557601174372603,0.868072060752457,-0.2434810696329004,3.166250575731519,very_high,0
1.486506827028358,-1.2265605799019654,1.775863827920428,1.8047978832647704,0.7328785592468061,-0.1858056100997783,0.7358783705412116,high,0
-1.9259814098293717,1.378357221422549,-3.2930100267097906,1.4690754367547536,0.07182138597771126,-0.36611968937534733,-0.16422437152558644,very_high,0
0.1484287938541975,-0.7175586392000529,1.6215477040291808,1.1336166148294247,0.8052871960147931,-0.0044817963767913305,0.6612341540289031,medium,0
-2.6390545065130393,0.41768140501724765,-4.858270220442122,2.1230070099277683,0.4465020226409582,0.09336519293159469,-0.8211471168819864,very_high,0
2.6053324720245676,0.9422300175678358,8.164852469727503,3.390916481953994,3.4603186512157986,1.0243517898599654,2.0287773545785677,low,0
-0.026607353878059792,-0.3125670580213269,1.1018927137739785,1.0610173711145139,-0.9186477618480611,-0.5223599258541148,1.363843066475503,medium,0
0.1806994647237843,-0.901565495303516,0.8608542576677508,0.14782547875349294,0.740262564474423,-0.7681942350054822,0.34571277645959475,high,0
0.4238370506332927,0.9174621535937203,2.0968259034183667,1.680089740646912,-1.5478989847066815,-1.264187595991705,1.8152819209105673,low,0
-0.6561049582760213,-1.1741043803761713,1.8557065910303405,0.45491788869648886,-0.10734094496773938,-0.5809171771941184,0.9811470186974639,medium,0
1.2009439015148133,-0.007171210981326812,3.6306149111526804,1.5206816470410722,3.1637023422421855,-2.4825439859108385,1.264949602499201,medium,0
-3.8669148085904146,0.34616582105478094,-7.974349368490787,2.0460731686109512,0.39588171547803364,0.06839386063666252,-1.3997836784005677,very_high,0
2.4311122048347515,1.140962932365408,7.0912468210423585,0.14747892169865273,2.5470751387926773,0.45166247328419384,1.4038114848746577,low,0
0.8097972339599511,-0.4912630276613219,0.937385177622999,0.40206691120267424,0.00023792657387722294,0.2995204194161605,1.7178400598238563,very_high,0
1.3940606577489132,-0.017517362895748446,1.6287997242414491,-0.996311420760305,-1.2829894657388559,-1.604121012470325,2.07367567697115,very_high,0
-2.205122981153643,0.2925984457408303,-2.372599678352492,1.753032906278977,-0.8722085551510401,-0.07460538911875449,0.530779816072271,high,0
-0.6569569187134422,0.7123833448664562,-1.956803732636864,3.822589998515526,-1.5915143601120434,-0.7876615918104071,0.9014307784086041,medium,0
2.1946655802729227,0.6518415719803556,2.7996846178598975,0.6442393851723598,-0.04203857637310171,0.4629127794931132,2.260167352303874,very_high,0
-3.8468775901160344,-0.88344410576185,-4.6526105342388275,0.29769280237501716,-1.2249009588267734,0.05824436065938095,0.46429528896962513,very_high,0
1.2402004197567493,-0.5515274001016297,1.4160197497641576,2.400943161487593,1.5374809114991421,0.052939468234801106,2.0381965412827014,very_high,0
-0.25464161897367954,-0.008232364569510726,2.7102548467779677,2.1007431550249205,2.165978800745603,0.05705383682536383,0.8570776494188046,low,1
-1.0602402100075246,0.6830625815082649,-1.6250217397564743,2.0054928404987296,-0.37755705932224093,0.39452360516187573,0.30020181134037793,high,0
2.149260288044757,0.1325080968421812,3.150179130452627,-2.104458878052853,1.5371223310947593,-1.8107995783196809,1.016874317851429,very_high,1
1.584208886287795,-1.2551490672051577,6.644968280944973,-0.7769197674530224,0.5471898613332076,-1.4660382014488722,2.707980161480447,low,0
-0.4581451940114971,0.5966953809104842,-0.031512761565879344,0.8892795036500935,0.4220296402318926,0.033210179885372754,0.2935065896566975,high,0
2.9859287637117653,1.4000998118278138,6.9379687470310785,-0.6410938007518667,0.2571403442607262,-0.6276626960266963,2.955265970647836,medium,0
0.8900323016343743,1.0471766550029968,1.1750557310747247,2.709785266913996,1.9118030037059603,-0.05608572627867428,1.78835609566596,very_high,0
-2.88272311326054,0.8898594886509348,-1.7469130131069084,1.0634683403309906,-0.8572808996064938,0.2863784830010945,0.6649657608445224,medium,0
-1.84025887851246,-0.7660804561469297,-0.7254690441465067,1.7852001411673086,-2.8075775130989697,-0.6091360888575632,2.0764918761160516,medium,0
-1.6443186086320023,0.8178664249496361,-1.6706508580481703,-0.6321200437594785,0.6522673045088203,0.24322157325222585,-0.020704675672920336,very_high,0
-0.9127451410412746,-1.243673114188842,-2.716909219847099,1.5478559755072556,0.4857941675394425,0.63695253999487,-0.7428769388132139,very_high,0
1.7376926620129585,0.45767161119358607,2.121744811645344,-2.439348069862914,4.13810988410235,1.1651571238945218,-2.3781050584840218,very_high,1
-0.3722889408081713,-1.4573047689855358,0.7525273574618259,1.41045817486874,-0.34987411120629963,0.4234583318303899,0.8251735616946112,medium,0
-2.439501186437832,1.2092795388889936,-2.3173058045657857,-0.19425950924757052,1.4836817993199996,0.32474332035109527,-2.4943378655348996,high,1
-4.6639462463055015,0.0790738579626132,-5.7836420667195245,2.378761141578385,-0.9206109133190037,0.3446093205941101,-0.2586750082539062,high,0
2.5652888513984484,-0.8994479762596744,6.5789848893062075,0.8259750955419356,1.4717130148206874,-1.4428885740576936,3.268783081819233,medium,0
1.056136948883455,0.35855445988982093,4.853844000391915,0.8051720990689508,1.0015631826080016,-0.40849951815620644,1.9335475116143348,low,0
0.9704035127149035,2.5270104183286053,3.4921127749270027,0.058159296636597135,-0.1967824834635057,-0.3588263709435495,1.3019841723415002,medium,0
0.49673188724275463,-0.5669763910042788,3.299723539424005,-0.6216903420983493,-0.9841598840693198,0.954164514190924,2.502676366798788,high,0
-1.7131565669120308,-1.7985004951846741,-0.38028200923197925,0.39001878186872285,-0.5814179042299763,0.07018585242274462,0.7551049981886304,high,0
-0.39684339269683777,0.42776894435061114,1.3519849885909327,1.125750653697238,-0.20688207427343874,-0.27867890283955715,-0.29420692534421344,low,0
2.266087861061782,-0.770226983110142,5.590300237640026,-0.8469324018380917,1.5011377651230173,0.5435243325500279,1.463037973042875,medium,0
-0.8450680010762133,-1.256269144910345,-0.29980377389865526,1.919999243676445,-0.8053734846294132,-1.3047937736208417,0.8207908178510099,medium,0
-0.8560366999839194,0.8542675615783623,2.905737993012897,-0.8860484133798991,-0.892700339911018,0.9027131482849698,1.746188915122369,medium,0
-1.1257628263715524,-2.44152857091847,-3.874220297590278,3.279211829260346,0.5211707241371961,-0.591374223391938,-0.7589357737474784,very_high,0
-0.9652762674475084,1.0091034117280526,-1.138486820968865,1.6047797018126002,-1.3932883602992048,-0.3690001892515323,1.1486388261772114,high,0
0.9017777619866498,-0.8635983927318178,5.9314960008358035,0.1874986185754839,2.220825777592247,-0.49309946097629387,0.6077985836683507,low,0
1.7731810795642051,1.609343375609877,5.5517605514372645,1.9928260785351455,3.8022003026170488,-1.6854923928685774,1.6682072504236634,low,0
-0.7947024394606663,-0.5043652003806066,-2.1943849660079175,1.1626931178165454,-1.3092451161515453,0.2991834608137983,-0.7922015743214403,high,0
2.7271956765515153,-2.2993576962370614,5.497683365230783,1.4073365963015363,2.1603356125737485,0.16982667258368722,2.6943079024694545,high,0
0.7277877375910529,-0.4507065591772589,0.9282695121353339,0.6878349520342858,1.1810735347638535,-2.0092153440255616,0.028872740674701136,high,0
1.4818648322876304,1.613358929079484,3.1872422126443305,1.974818372018039,0.6219031475022624,0.8935422058891094,0.8484566491697303,low,0
1.3496354577438447,0.19627233844086328,2.9994453316515806,1.022920908694827,2.1441747659761106,1.312549194340226,0.19378480593129876,medium,0
0.34584182462195723,0.8403635995547787,4.341344503830079,1.2185453507172772,-1.595327695109034,-0.27596309645500083,2.345105624042944,low,0
3.78693286747594,2.111613218417973,3.754026215487151,-1.106929709609454,-0.5759936060780815,0.5227667423667182,2.627564828826605,very_high,1
0.3068262598358096,0.71373521966136,4.588696052676677,0.5151348555480102,-0.43677808688283803,0.3279703904722328,1.6642566390076778,low,0
0.6007388196069856,1.001326134799592,-1.364828371205266,1.696955846227364,-0.08948206629873612,-0.0897255763277786,0.6280681499808076,very_high,0
0.39324077615542385,-0.06088597690670255,-0.11556040075749577,0.6941469683661766,-1.0278443309049894,0.1903101253970567,-0.08942244631729501,high,0
0.5265454763329618,0.11784432614130065,4.703943156701653,-0.5459567537652377,0.5381100537854363,-1.0399681516170514,1.0594431079783995,low,0
1.6310332949497997,-0.9750213849385142,1.261662356759911,0.6422164684935426,-0.8710604812452944,0.7577547802081833,1.9969335251548817,very_high,0
0.2922836245111101,-0.8343763117547379,-1.6266802093817336,2.6190307219207263,1.1403169731643674,-0.06251376817721002,0.6032371886099004,very_high,0
-1.8219873738283234,-0.8606491319147301,-0.09745479401235266,0.40428380243522544,-0.105354237666762,-1.0869136949167124,0.5127334534556783,medium,0
-2.26452048870716,-1.8259010941126057,-0.31279980029627524,-0.08950739138192332,-1.7089142805257524,0.36358427384619,1.6156939447871876,high,0
-1.067414941752046,0.6942110429452255,0.3747874165059875,2.6000968690908737,-3.1717235222146165,-1.4485309420337003,2.4393626134786084,low,0
3.4246065389479954,1.1285940674785802,4.249173681471512,4.300394612665355,3.4433255760676635,-2.757853629547368,2.746359524581479,high,0
2.1405029121732637,-0.6298248042464099,3.1543087441175874,4.1561193002056465,2.6267615979784074,1.4619928308683203,1.6521860185615402,medium,0
-2.746851604538528,-0.3381867169824685,-0.5124295523193196,-0.12103172382445693,-0.8755571765299119,-0.5760251704766678,0.9827753144839635,medium,0
-0.827399189435674,-1.1950705635150563,-0.11822857403287429,0.7119975344325413,-0.19354075864530818,0.053514274313560234,0.5133900626774012,high,0
-1.1549401376147708,0.5664654841095343,0.2025754243645033,0.11778490339610737,-1.4841603945106479,0.2745361875832817,1.5797805794969326,high,0
0.5862492227594767,-0.1732786482934271,4.688607165915566,-0.7493519985759067,-1.7417721573338003,-0.00800004827628134,2.704655607177913,low,0
0.7953203415892798,0.47849973179588984,2.855869317187545,0.1953039010148936,-1.4037902275030987,0.5389630726557222,2.836946778228066,high,1
0.2978609545986487,1.32240432481173,1.868541001826139,1.1309915935890482,1.344641421960806,-1.7993566812164734,-0.11898809551380074,medium,0
-1.8411403439293186,0.7282381073058656,1.8209365342939352,-0.1185047033630715,-1.4506935338453237,-0.14215117360181917,1.810771915316293,low,0
-0.08264683578990795,-0.7246742116823047,1.7536447298074402,0.7885610845561624,0.008429610657582298,-0.14282663859515055,0.861771022209489,medium,0
-2.193373128352798,1.717580205044318,-4.595426051366238,1.8953752947562554,-0.6222562579572493,0.63936284348663,0.03713653219955182,very_high,0
0.6311335325522475,0.28930463587376126,2.028023174934189,-0.5996836569714887,0.16818473239283738,1.1418309277362335,1.3753732885644145,very_high,0
-0.06907052204247721,0.11352149647794171,-0.4386789165081084,2.750341054702524,1.7074057491290415,0.24107897640581327,-1.02266236449796,medium,0
-2.1099779518014277,0.5130429233658149,0.08500636062319929,-0.09364631944500923,-3.3704304237131932,0.7769218547601916,2.793825341167376,high,0
1.7751954050038337,1.041107816524563,3.8982933001956557,2.505284214692244,2.600508412338054,0.6530079383099038,1.0693575977557344,low,0
-1.0856235324022416,0.8638273441557671,-1.8277402253414734,2.181122646990758,-0.5684736589408816,0.5974729338967611,-1.401025022740617,low,0
2.6286941531141244,1.0755949081983303,8.28302541793104,-0.26041469513021753,2.533160786397497,0.3142893154787071,3.2876689723960864,low,0
-1.0592487397221038,-0.7497758750318108,-3.2511447110139806,2.15419195019417,-1.2005016013388938,2.1145434623013015,0.6206740394080625,very_high,0
-0.21100446540761708,0.2769943311191006,2.158899692182159,0.13904855876652356,-0.09288175120169617,1.7037271546972377,0.6995401837650099,medium,0
-1.7176370728952313,0.34614694395240136,0.59084749218708,0.04764776490657985,-1.652221277523226,-0.7765432895301789,1.7225801125959346,medium,0
-0.4925848147049534,-0.7181376587627298,-1.3148835128872025,1.0614002977685417,0.17839454030895685,-0.6153923257548771,0.2682164439750817,very_high,0
-1.284289456292296,0.34285346578164794,-0.33192996280512566,2.9074762694434053,1.5136562314134272,1.818464378381593,-0.8414230785522061,low,0
-0.38598813436093726,0.15143376016071822,-1.3740887648427342,0.7342022104342618,0.18434987094178767,1.401069355627171,0.17496528837562986,very_high,0
1.0318226662264576,-1.907221999688803,2.7970043572543233,1.0181907185880592,1.343830111063696,-0.20177437629915856,1.4132758518637938,high,0
-3.59130591246684,-0.6145293391735335,-4.752691393730947,1.3286050915335832,-3.473472070665472,1.0611317569487992,1.8191375894624717,very_high,0
-1.8176872739747325,-0.514864662403782,-2.2718139082801523,1.4645833829411088,-1.0375585232267903,1.9786512875485034,0.6431009348129568,high,0
-1.7207987462661418,0.33760622247297195,-7.406728242804608,-0.2448353234050067,-1.3791714499321797,-0.03430835657245901,-3.9256956541542953,very_high,1
-0.38046964287418983,-0.4070318269460593,2.299905944576869,1.2146655399337083,-0.5449605717215549,0.6072550177549216,1.2932729702252728,low,0
1.2963504528363499,-1.290167414451457,-0.47970546427059807,2.40647555793824,0.9733660177462741,0.6629937020525997,1.997076621588743,very_high,0
-0.9571914874404499,-0.2665722849289853,-3.0834277310668687,2.4383775521941207,-0.23497356046351614,-0.4918794548144672,-0.06627086408837823,very_high,0
-3.1929256915081883,0.5422593912485507,-5.7324938791969355,1.206892604975747,0.46017983207742996,-0.03496069615338034,-0.9262540892204629,very_high,0
1.7009318138726037,0.9993809463927898,4.0818597022052305,2.9171048142950897,2.2109082248331653,-0.12412837481770417,0.883237276217187,low,0
-1.7639103138185501,0.2868638428193504,0.8921301473587061,0.30571117803296255,-1.437267110264402,1.3252636031273886,1.6073739559211193,medium,0
2.21938314291346,0.21630541124831631,4.432950809851748,2.8850364070584797,2.3280710868284995,0.11656565681533587,2.3771476074109468,medium,0
-1.4381639365463752,-0.14165919770220706,1.5841710463088918,2.0722028429902,-1.6702097891891492,0.23763640301074465,1.6500840080239416,low,0
-0.6745246233238348,0.9824388307289077,-2.17528933124119,1.6690189160611546,-0.49112969879861446,-0.5090946505735073,0.4228876428877977,very_high,0
1.4560207022129856,-0.6034378344886075,2.5427964547262514,3.1818171219104903,2.312429645576894,1.5287788357103074,2.520984481028231,high,0
1.4037867863635545,0.03946219930393072,1.683403333799205,2.7276996027327947,1.506435218166955,-1.0594214070820567,2.0593908882404097,high,0
1.3723611990436124,0.10413338802134002,3.305952333530036,-0.935499999602716,0.5964152283444951,0.9163289534385712,0.8100026078185922,high,0
3.368942586883901,-0.6004469655886746,4.603323353751102,-1.4628697324408377,-0.3844117531375284,0.37276722427640213,2.3172081757619294,very_high,1
0.22087391089291386,0.09171894974836545,4.597804207890577,0.5616803417375565,-1.650847900736181,-0.18784282006379097,2.5085766427300094,low,0
-1.7052574109761705,-1.0260618308923926,-1.0201209432920708,2.9433578309147848,-2.362436940255559,0.40146596758452824,1.5732529648783433,low,0
-2.1404960987595674,1.245821554963504,-1.4506612393406586,1.8149757857928837,-2.17167991997348,0.9207545652572385,1.5340842961050345,medium,0
-0.8461031029931697,0.8804711054283936,0.522217296138819,1.1951898080613848,-0.9415370890872321,-0.4326944606082731,1.1224979003949296,medium,0
-3.3670977406891787,-0.3527007950036071,-6.131662248915722,2.7237934574417357,-0.28341826182788543,0.8287404536855749,-0.6523960973159069,very_high,0
-1.6220107986541716,1.22638994392192,-0.6839248381307154,0.7022340097025345,-2.1415893095419696,0.2076273980159083,1.7679500320024588,high,0
-3.1484091062401234,0.05762276315959555,-3.8630567786315866,0.05046624858109028,-0.6789654328628338,-0.24655360757598987,0.24019032095835735,very_high,0
3.9010670037923116,1.9696566849510955,6.536275120622619,0.47720790911755373,0.36440743944688103,-1.0384993376142264,2.4356338597452867,medium,0
3.0374603678777783,-0.6172845692552189,6.7638712108754175,1.481813613142479,2.8840467176656808,-0.6189834508861229,3.8406814398390896,high,0
2.0914988544861095,1.1142343467426044,6.460618049306038,0.8658599608856417,2.149575393124179,0.6770304698008064,1.9459725471807885,low,0
0.685874278374039,-0.36019790848493516,5.201222322491538,0.314407005716445,-1.8580488269268691,2.0290898599490657,2.770811283072082,low,0
0.28447999259641865,0.3763259576465752,-0.34103499725691655,0.6108876114474057,-0.14410944519009639,0.6064247283911633,0.8044018568448656,very_high,0
-0.12170497601441221,-2.690275631353535,-0.2547447771093507,2.2545858225508644,-0.8450366390340582,-0.2722221717726958,0.8675228071418781,medium,0
-1.8331257611091119,-0.308761791193383,-1.9953165708249112,-1.1037448934055012,-1.1039526189860436,-0.9114274375379638,-2.728129449208849,medium,0
1.6107338520902574,1.8907298485940296,3.0809124663697567,1.8492122535991906,3.1615606642017906,0.7070588584012034,1.8491997235842113,very_high,0
0.9491530927947687,0.7323480796505246,1.18918572327129,1.7133761966035435,1.642201316866881,0.7975656226859541,1.5866806172740704,very_high,0
-1.6275384258001973,-0.16306127972697482,-0.8097378259055825,-0.3010141206887964,-0.23097911323238451,0.7561151761751815,0.5936111638788046,very_high,0
-2.156244381796145,0.15497201855647263,-3.160535143197878,2.21319439435212,0.468595003923707,0.7672246274532887,-0.5765243456442259,high,0
0.030347029424807603,-2.080282617242452,0.5938100071690787,-0.33048255285495176,-0.6088299164082169,-0.795175012413834,-0.12279516392189804,high,0
-1.3640455913492666,0.6335727440817172,-2.8955650513806606,2.069887748211248,0.3756005944928045,0.4877860175108979,-0.47387420396892765,very_high,0
1.465091902035655,-1.1971665926902302,4.545831190053719,-0.28792208246842144,-0.7591428501422095,1.6729897028449527,2.2291077684270704,medium,0
-2.3537161262254687,0.943768784799322,-1.641545226003524,0.31790235948203216,-1.3251851117268876,0.9245778658628506,1.0954436931260763,high,0
-0.9659050936244353,-0.9653820207044944,0.9630331097542076,-0.4285579814587164,-0.5065719227267398,1.1301646922661168,-0.7402932360112653,low,0
-3.6407376783384464,-0.44279093792784774,-2.7393553844793823,-2.5073439952905687,2.1131660164683996,-0.6304985142467532,-2.723482493048645,very_high,1
-0.301843480953511,-0.7321087746883707,0.1036666193263855,2.7265421245739034,-1.48201847953578,-0.5567345123247693,1.2952332503036363,medium,0
0.15291417324199053,-0.6715106053010765,2.9556224128518336,0.3870376910352461,0.8356942058052724,-1.8414947093364584,1.5306888769260498,medium,0
-2.328505094398178,-0.5351642671676378,-6.6263236088076996,2.146998702178816,0.6014147479729575,1.6904526695858395,-1.229607775687075,very_high,0
-0.9077799255966712,-0.037741796208600506,-2.2738582951415105,2.7590467070824904,-0.7153433006881631,0.38595673625863275,0.3915372600756668,high,0
-1.1142537450034486,1.3789112430016826,-0.43055112132344187,1.9669774166064853,-0.8286504876953004,0.29378668827472265,0.7584642717168844,medium,0
1.165488274610474,-2.5282451003137143,1.0354335981490408,1.5409156990979178,1.3281028616656678,-1.0691042911659632,1.2382075655110703,very_high,0
0.043709138404975034,-1.20430893253951,3.538054479062243,0.20182057400324827,-3.259818718597658,0.4230799603243528,3.4361062916531377,low,0
-0.8088056239676049,-0.20794759887404865,1.122338271539715,-1.5358915571676894,0.2914278768500278,0.7661375845266774,0.7859047255345798,very_high,0
0.34373117488370974,-1.3510744584514975,-1.909673283249223,2.9076937492681165,-0.5162712106195038,-0.8384482508975749,0.3270599457819051,very_high,0
1.1664957110278695,-0.034313330749808996,2.768191945472662,2.521742974521602,-0.502471870568322,1.0696916817396078,1.217156878330147,low,0
-1.7529092901574823,1.5818760934989877,-4.038345483870846,-0.5515006423561817,-0.36431405772967373,1.2121067127178047,-2.4182155396316136,very_high,1
-0.5085058310845331,-0.08669415358537777,2.4122958398283645,0.3485874623967704,-2.209991448464125,0.04167142213935586,2.517943661919819,low,0
1.096428340829027,1.1907286489798454,-1.7652914340979662,1.8562976950534913,-0.19521980899580793,1.761501893492003,1.0584766606829414,very_high,0
2.335914895396247,-0.3294411047248347,4.372102537746543,3.1394195986472186,3.281072210216278,-1.364033164839314,2.5690362405007665,high,0
1.4515529520630197,0.9595080570233295,4.143945445463889,-1.018684719058646,-0.41183654157615046,0.7577341142099038,1.2416801791326828,medium,0
1.9240361616531423,1.1092079825867307,2.2086988244157553,3.0364247561319075,2.19175060826745,-0.6102206925378539,1.2924538465480786,high,0
0.518112712875595,1.0945732912205675,0.18098242003781936,2.926951345946188,1.6158912915873933,1.132842211712895,0.5943684437789316,high,0
-0.5342966269569545,1.5336228457329233,-3.178127001032598,3.3616174561525316,-0.1446107483253507,1.530047441561629,0.05196417664519393,very_high,0
-0.9959646324828466,-0.4866628073236956,-0.9662371891672037,0.9541750089331792,0.25159008528952054,-0.7860811988080079,0.1726451427267266,high,0
-0.22231616044810898,-1.1098394892699073,-4.679347578794855,2.5525743471669653,-0.8940774288953695,-1.0037878154636364,0.538081390364413,very_high,0
0.43934423952188517,0.0629450965419935,3.3067721536577563,0.19408405892754765,-0.707379240214129,-0.3752951697134206,1.7582765792279744,low,0
1.5938257172077637,0.5198290026710267,1.7721847680666976,3.496661739056999,2.2911709998882155,-0.6845856191413306,2.3121286672939396,very_high,0
-0.7119032307305303,-2.4861665677213565,1.5564337456956687,0.43785105016015213,-1.4078752445977483,1.120056637899783,1.7751740197371633,medium,0
-2.0162673542291794,-0.14291469199318227,0.5131068383745361,0.5285913641253777,-1.306728070375575,-0.506402418274334,1.3765308407593537,medium,0
1.2003131488458545,1.7497665058808303,4.119776208818143,-0.21744309514268245,0.784230103132328,-1.5587622531381418,1.092252038838794,medium,0
-1.5615322377261085,-0.702063562355312,0.046996851103991044,0.9173978868743178,-0.6202319612406554,1.5027276807992853,0.8410775499419798,medium,0
0.7494384790682742,0.8017851843284858,0.8482711332931143,2.7551719497476563,-0.681229431786423,-1.0063080055930869,0.934459127776306,medium,0
-2.939359400848227,1.1508346496843629,-3.3484520537997975,0.8587867765003029,-1.7294530562126575,-0.0863849843514986,0.9747630633912183,very_high,0
0.1748117547321668,-0.3240721838017818,4.46201703148643,0.5339684066576235,-2.1455209357930896,-1.5410330691004628,2.7521005984777185,low,0
1.5313038494835363,0.49673775677571846,5.864481616485172,-0.13091421447540386,0.8826917956171199,-1.158001806522232,1.416647380010891,low,0
-0.27917532842891946,0.6429931547333338,-1.3722004939756336,4.030761690485758,-0.3102226667585638,0.02796654397862666,0.1366636542888544,medium,0
1.714409173381323,1.7219642881321755,5.426489027267979,0.8224360392843555,1.2033763013188492,1.4218930887043426,1.7509511345345565,low,0
-2.0126112197620096,-0.7048515107240569,-3.570114745535581,3.1825528509819807,-1.4059078508804952,-0.601652428889124,0.515440334323434,high,0
0.9919567968870531,-1.5677723475897751,5.483495260721891,0.38439472016816867,-1.4626487613821768,0.10094697028958102,2.563306623612554,low,0
1.5267801472511497,1.2330391334509456,1.3765630173343482,0.24709905402984633,-0.9670210752113524,-0.8140712224921829,0.7857568183716055,high,0
-0.5014011959809878,-0.42023907486497714,1.8101128794142765,1.3806514730012023,-1.3625026456502787,1.1859082554298621,1.649406622793089,low,0
-1.2700761522186903,-1.664665985025513,0.18316158061811227,2.224397227896814,-1.646264923636287,0.29625193188996507,1.461667292528534,low,0
-0.41394027634524955,-0.8157060480993442,1.0922778841163852,2.6794564533430503,2.882340395350795,-0.9748843046390414,-1.720273771389117,low,0
-0.3168946263055409,0.8064755550022653,2.3824689392708818,1.8671123727409733,-0.21850321635982062,0.7984387259825529,0.9631235377672676,low,0
-1.7857072616722063,-0.4193130309844765,-1.0688561643286012,1.2592769788492784,-0.8902904889746561,-0.4986850239363795,0.8501384407763777,high,0
-0.6246411501884692,-0.0939523656322844,3.041307412500279,-1.4664750517074017,-1.4226907052883104,0.3995845532077593,2.2824249222910096,medium,0
-0.5930759542119631,0.8551890533928274,1.4758733640344903,0.8271781169258501,-0.2127233688171858,0.44726655825106904,0.8974858562118969,medium,0
-0.47928707898298595,-0.226644623566309,1.3526221595511423,1.3995512450039491,-0.9817298521865283,-0.6308550387124194,1.423102953446198,low,0
-2.558194398894896,-0.13841785233997445,-4.681728186149661,2.3596881224640116,0.4422974120938017,-0.9117978816606773,-0.8561394076648081,very_high,0
-2.0963017751576523,0.7963100828535359,0.06293232782695139,0.7675821423076524,-1.1731628639318616,-0.2624968604607547,1.20053650599922,medium,0
-0.13742691324951184,-2.741489429477377,4.110990204794688,0.40367603729036794,-1.6493392089414698,0.388214991591073,2.4037733031336614,low,0
-1.2219979354449673,0.13074385901824978,1.1720271412087488,1.0736067474428879,-1.2893685360649443,0.5410509840616632,1.4733315895689452,low,0
-0.32055654692015656,0.24551844332736034,-0.33672760596858686,1.5792654376359672,-0.09964974799149728,-0.46532251834107735,0.5859463501993512,high,0
2.5279213271693095,-0.03193389005081067,3.360367645642484,0.6361517925863269,-0.12145920161178148,1.4320786039045634,2.1571050834284895,high,0
0.3069354689128738,1.9080108509791196,3.181004006522273,0.45328716916474576,-0.20559364943718283,0.25938433344280215,1.2391902717756273,low,0
-2.5219746306153286,0.7946783230451239,-3.5996177988518983,0.8780481663188817,-0.24794871488406967,-2.293662022370661,-0.033952497774947465,very_high,0
2.4511903107266697,0.5772056525279509,1.9517245083001349,5.193272046664701,3.0115508601147774,0.7204861082542877,2.272514416121436,high,0
2.2628727095464427,-0.5685393048890007,3.9346063211669793,3.1636374759528567,3.2514565996700338,-0.2873588741496345,1.3204183699039005,medium,0
-0.8455350242972608,-2.204482050880324,0.7260647947431916,-0.3888718453262283,0.1404428291257931,-1.079161816904492,-0.5666627970987366,medium,0
2.476594628513831,1.601118685639269,3.8794972268282684,1.505478743857413,1.622176413564056,1.7970165164979541,3.5238485633271024,very_high,0
0.2736525119438675,0.7043386011475956,1.5481622640154797,1.0558900942749323,1.6188377171673851,0.8782139981549947,1.0415153167511675,high,0
1.346954333934971,-0.4304147086872844,3.265220470307741,-0.6689054487453181,-2.0507878047974257,1.3681890237485779,1.9374859624309915,medium,0
-1.728579634803632,0.5749060409150368,-1.1562963575074512,2.1351525391786463,-1.565123099933896,0.5304518530891508,1.1610042311038509,medium,0
-0.8976134760160115,0.792961605445475,-1.020300212945193,-0.9708031642107043,4.8047528647544535,0.5690295372597589,-2.624023801541627,very_high,1
-0.679075505114556,0.3904842938743351,3.0238453097981672,1.4821583434883263,2.064180053082719,1.0751207489817565,-0.36825704997454234,low,0
1.173841358885868,1.519019572530981,1.8794387928940417,3.605721429231865,2.448754095852837,0.011168009506327682,1.339279418299622,medium,0
-2.6818730946207574,0.8488367959795216,-1.1785093132545728,0.9784501751557237,-1.1490708276204968,0.39627156358608606,0.9648852419064078,medium,0
2.7682082499203755,-0.6970314693648616,10.23040944034735,0.535247577334027,3.7116640880726735,0.28483969535544995,4.331969421062108,low,0
2.229968736191,-0.9624988349193223,5.8065089632555,1.7963853769409939,3.4919996569423226,0.08202992938811553,2.0058852779249143,medium,0
0.8275941697346509,-1.56410176347928,0.8571958112627798,3.0771057505575086,1.8457391163802126,0.22481673669147476,1.0510398368759843,high,0
0.6716702191217284,-1.138782936976213,1.576621545437505,1.0412638910012268,1.6867687634665147,-0.6538970942319644,0.8161919567442014,high,0
-2.23528320759384,0.5106788831660388,-2.20146265719978,1.1391414717972368,-1.6781078245970278,-1.609287086687434,1.0375294931627843,high,0
0.1686006983254691,0.802949926519495,4.393744165734053,-0.9092374080514432,-3.237676570936533,0.44809821335102445,3.6243726643212337,low,0
0.33941174869815116,-0.7868276307350374,1.7694615719915348,1.4100948910404294,-1.9050554966559314,-0.22350706029651027,2.0530780938378044,medium,0
-0.13563623361702426,-0.40505095294555277,-0.1358705663538595,-1.3270806935081116,-2.0535310046811155,-0.7984727967996325,-0.7661009476716243,high,0
0.6600162095201784,-0.10734682245096279,-0.4035997317624959,1.8407244398614329,1.124685367968577,1.5513777210094932,-0.6181405430430491,high,0
-2.413332175503054,-0.6993188732566719,-2.689979171328414,1.8903315136361751,-2.2624330054651978,-1.1978537453259108,1.3603851895266064,high,0
-4.177665091730854,2.013320946097442,-7.280613936221768,3.1219355010727146,-2.073751760017,-0.5235537426274511,0.2123322210511731,very_high,0
-1.4962962190766684,-0.7474242459904361,-2.9419863480096433,2.884595255713414,-1.20880820268254,0.5604146322087054,0.579753155765888,high,0
-1.9041684908002374,2.024028536379257,-3.5396811279652107,2.2585532807997373,-1.3363058984857108,-0.09976027531426664,0.5596541583836784,very_high,0
-2.736491855486477,-1.2748515710123025,-5.237635242850985,3.147320472476324,0.40509323757048943,0.15181909274375874,-0.9657584472934577,very_high,0
3.342724716714719,-1.757423370402755,5.966480536901254,2.456624463753351,3.4607655438414957,0.31103906536807824,3.1718659824193383,high,0
1.2621292533733586,0.062446976663129296,2.7858800798158847,0.5153482447469765,1.3536000418815466,0.5505735937015979,2.7646206813118073,very_high,0
1.2717684236171958,-0.06068543320192063,-0.10245412174670435,4.100219918304074,3.1068942992566937,-0.9086522819154584,1.362351948336513,very_high,0
1.4987119170962382,0.011332378367734082,-0.5132990184592258,1.9020627989555141,-1.2786909740129915,0.6761016136499133,2.2071027598401436,very_high,0
-3.923808316351052,0.8105949731485923,-8.757181936677412,3.5549350002948845,0.051678128788935185,-0.5689048530894247,-1.4968063342595446,very_high,0
-2.2475343065704925,1.232918586677483,-0.01011526073326069,-0.0661390443620864,-1.0319584284528547,-0.33674303004789563,1.2003481437358692,medium,0
-1.603788314947748,0.05463944164503786,-1.0233256312530563,2.357441683551729,-2.022987890641339,-0.7926228303711832,1.447130250800596,medium,0
3.7705734506063298,0.1538476602166413,6.973878607053789,1.0126537449679953,3.9490402593801956,-0.5220719044983598,2.813392378612125,high,0
-3.0933388241033444,-0.0952011155410625,-3.018261309243806,2.831051333478421,-1.3387297284870772,-1.2977140246150385,0.5783276768408881,medium,0
-1.8561364021932727,-1.2544010597275013,1.2045164924731935,0.955010128769602,-1.3731478045940406,-0.6655338670086792,1.5499857816055798,low,0
-1.8311267163997198,-2.227799557336582,1.736403671147252,-1.2800781361843991,-0.6612473110961052,1.4776928730321528,1.4352420931315621,medium,0
-2.148431583202764,-0.879870404710092,-4.877540626388712,1.9453513053633618,-0.10974970492699043,-0.8003406320359496,-0.473547421827168,very_high,0
0.024987478834924248,-0.2705367371612667,-2.721613236625105,3.0191608338480043,-0.4686747616270045,0.6232554234584727,0.24296242207533947,very_high,0
0.5898533732447402,1.5393565226006936,-1.7114415852869205,1.8375808335000219,-1.8390305634703752,0.4370176220734189,0.6680957175046518,very_high,0
0.04860568652036856,0.15068422885191396,1.4938606880437744,2.0145754690723066,-1.58922216130229,-0.7690501075867064,1.7449227825960711,low,0
-3.0388959821443224,0.9587078449618279,-3.076682727612775,2.343460206448025,-2.3733253773216196,0.1535479764239154,1.2387872003404394,high,0
1.256668636763884,-0.24439983553751055,1.48557454668939,2.4673044479221877,0.8069958195476873,0.5558584593174067,1.6215383110062866,high,0
-0.5568480789899132,0.5415829319994119,3.634169019452217,0.27137468187568103,-2.119302558018848,0.176212705638623,2.565960464253166,low,0
1.6343055862534113,0.915529791724743,3.783497995419556,4.100163054767549,3.9215933077681244,1.2640501705071647,1.3986231663212056,low,0
-0.8855239058333543,-0.4621159637998562,2.031166003676213,1.425020925566563,-2.784258530736354,0.054335659465392594,2.5434659202798464,low,0
3.8420166106161924,0.49260948681305256,3.656105123490224,3.1570877373831756,-0.01186549444228513,0.45276258784806556,4.166316478270369,very_high,0
-1.436383360207919,0.7544658289351189,-0.7525406508211278,1.1802993239908064,-0.5171550890145,-1.5068016448352908,0.62980952043838,high,0
-0.28112499651639744,-0.9361504460748792,0.2544099385080478,0.5087110584207764,-1.4103216366369618,-0.8096444597036451,1.6033902412682368,high,0
2.53009129602023,-0.7607338467770106,6.01671752860094,-1.705958347210122,0.6597007815570246,0.2523982066520493,1.601900399553837,medium,0
-1.4650012976915399,-1.1032927428246264,-0.11654895337461618,-1.2474522993945694,-1.1590847448049695,0.24846242113129152,1.478503393703106,very_high,0
-1.2512186454330154,0.5205607958438698,-2.6706024836770355,2.923128038255417,-1.7953794427147367,-0.03951654223156102,1.0168229596388603,high,0
0.7493965505813347,2.1427110344641864,1.8840306328059426,2.6438439114430237,3.74455806025568,1.4395979274301354,1.2274346482863383,high,0
1.681801146919532,-0.0971895438234364,6.639633804503095,1.0397575241758181,2.789093827939125,0.019258967351125547,2.1405912061930734,low,0
3.105814513373133,-0.32206139647833193,2.1631825841174486,2.7052466625088734,0.9662211384674766,0.4710804040968864,4.301650312050755,very_high,0
0.23278872802506445,-1.3068213411611485,1.9334810856459546,1.8810940572422685,-0.7509074770618338,1.7582721578752782,1.2515363988227837,low,0
1.6515559756053915,0.3354213204803695,6.215183224461118,-0.48848705649358326,1.904339115324071,-0.48877704491340684,3.02208081713455,medium,0
2.2248609248962152,-0.24673728055347494,6.22854558600397,-1.8448704761301633,1.8567499059337558,-0.41093507657386175,2.6559409019515083,high,0
-0.25366132336009173,-0.8030424010642451,1.5176986554880176,3.0489064872428076,3.5900911911714175,1.6545132808650334,-2.1452863115485252,low,0
-1.7230757330368918,-0.2608708012458902,0.25031106158842464,-0.16514337265649437,-0.6539208734928972,1.6841704063406324,1.1144910590950527,high,0
-1.8309554920868203,0.38365502386678896,-0.34155483447156293,-0.21463227053869094,-1.801956308662866,-0.8781363180854069,1.771378700732312,high,0
-1.591118409208408,0.9347481295413476,-2.228319914958287,0.22110020126337127,-1.3889188686584024,0.22463231585607507,1.1556090783505597,very_high,0
1.707682779825228,0.1789317289381608,0.23374050826487033,-1.983544158261759,2.3203310015812013,-0.0694660516125747,0.5656412810750296,very_high,1
-0.043485424527434535,-0.9772688616230066,-1.9800641871902829,1.6930372786500576,-0.30812966906908157,-0.1020382008184647,-0.43263175571894263,very_high,1
-2.566262307114443,0.35976570416601955,-2.3193810879565193,1.1090506813274539,-0.9197064645370836,0.031769712697634976,0.6292897997150324,high,0
-0.3999354486815725,0.3086752940556164,2.7829632332276795,-1.9288969284257658,-0.9257548828121303,0.4664559729694125,-1.1234548999120764,low,0
-2.9347772995522075,-1.339270315485301,-3.9157450355467622,2.0871119807078014,-0.5937103702273161,-1.5168584165083185,-0.04769267734636573,high,0
-3.5792084044949517,0.25026173764547277,-5.149608375772169,1.9585746942417464,-0.3035611587753041,-0.9379224926030842,-0.5463322551555605,very_high,0
0.18798507677371634,-0.6217656875888323,3.2410956586217425,0.13650859566171536,-1.9958657765265546,-0.09561302341192035,2.553991464068333,low,0
0.7270994029232196,0.18710153722227268,4.564758875810735,-1.5762258744779178,-2.089644957770271,-0.5383494575109768,3.0676776337339176,medium,0
0.2771509621098145,-2.0824719767026716,1.820338532421014,3.7897826204978786,3.0267168881190774,1.3534350629077507,0.7297129688605266,low,0
2.526790767326731,-0.8984904867728449,4.7845922242404635,2.4221061233866292,2.3537773301396108,-0.2707864969790631,3.88385664010805,high,0
2.0645102169298157,-0.1085864768279433,4.549184618361618,1.634264440703332,1.5469666397279886,1.0317389805140589,1.082137086130998,low,0
-0.715928231241207,0.7037958837508185,-3.249665692779291,2.0499408639802295,-0.659037050151984,-0.3678632936964837,1.1805020587328927,very_high,0
-1.202312725413656,-0.9218586799275783,-1.408879681868629,0.959007166115454,-0.9414695032206073,0.9383913340595865,0.8589524554435166,very_high,0
0.9386308092828006,-1.2373536900391682,5.2171607468109045,0.6048231616165353,1.7766848603423617,-0.532793213080447,1.2034384356502088,low,0
-0.18701336618675746,-0.3741735848034373,3.4592238820136925,0.9482403033256662,-2.8895434721558537,-0.5809770140746456,3.0258121583467945,low,0
-0.049425712059584015,0.47781415292065516,1.5993553626489616,2.810957706817063,1.200492810322257,1.4769220222146995,0.47041567463582046,low,0
1.9474716216120413,-0.36714357104723133,5.098287584338529,2.0036740467809238,2.272254361736172,1.1229693715857356,1.5708641640911094,low,0
-0.9702886204530594,0.775765385282725,-0.8553015452671872,2.789359018250275,-1.2515976895717102,-1.0832016831846014,0.9269749632874408,medium,0
0.5932566841137585,-0.476098469442846,3.744413401460232,-0.5786250798482171,-1.4925608905235588,0.5627098375725612,2.3972780567365883,medium,0
-0.0876242261968585,1.4470046175850602,-2.249591374393029,0.7094102785503904,-1.441317585094853,1.2719183034223662,0.3255286689703356,very_high,0
-1.395014283602786,0.3535139844484254,-0.6563752194874305,-0.5840153672598256,-1.4735272976168086,0.18955986050867568,1.6070300032717424,very_high,0
-1.7926338569270137,1.2515793826826966,-2.9065674198392353,2.6406934353919267,-0.4719648338909055,-0.4562340046084945,0.06335723179139752,high,0
-4.064602341877757,-1.4758710971014117,-4.543885243120093,2.140303755345842,-1.8916967107713525,0.19087993591870805,0.6171518525484527,high,0
-2.310930919012054,0.6623463197532866,-3.350671736522496,0.28097436714979074,-1.0457206954168274,2.1284677685016002,0.6253529415786031,very_high,0
1.743267758582478,-1.7072259945705526,5.452015546756505,1.1209898730561083,1.991301317887126,1.1322873748389386,1.284426226646828,low,0
1.4208023376469194,1.1912351951807418,3.5148627231570075,3.0886720062643622,2.374740646480011,1.0708575979124821,1.7875082474218873,medium,0
1.4209874373174858,0.5906880448441909,3.0599061150144267,2.95168563721617,2.9283824288682707,-1.4089842999517348,1.2213644400457753,medium,0
-1.4382942308883158,-1.6056334030627877,0.13754368737360595,1.144615762111,-0.5708372212795328,-0.0760489076970426,0.7804394224071749,medium,0
-1.6117222078289217,0.7171699746132896,-3.194405527933836,3.328580576227342,-0.7656011027416021,-0.5643604246840334,0.20006810187453983,high,0
-2.746874746907359,-1.1353913238732314,-5.608351958471488,1.1539522531880724,0.2834454286507875,-2.6154689600038497,-0.7303917579188637,very_high,0
-0.5894090980822848,-0.32051772366596937,2.4147503916428743,-0.30478168471481704,-2.182492369291012,1.3957074818675057,2.4954100650089117,medium,0
-2.4158104411889667,-0.9353972599822935,-2.7556038488449994,0.8598024746404804,-0.5769179046326844,0.8405676977916716,0.39378617763696344,very_high,0
0.0585367888816668,0.49271541946140096,1.3704699086143772,0.6089889034017442,0.2910873876473127,-0.304065258065758,1.0507766495149506,high,0
2.302681621423938,-1.0056950873181933,2.2178169503834093,2.6644147691694258,1.9777624659024853,0.037647372169360274,3.0418640017435816,very_high,0
1.5706796387535484,-1.8740555027312202,3.6655234571904245,1.1878668386346505,2.2485879365809502,2.1963322345225227,0.47371810753788657,medium,0
3.401118776879791,0.030848667053507126,6.583825355799654,1.1398374278845824,1.617637098352761,2.476929133723412,3.194280755762959,medium,0
0.6376930656597617,-0.41205565476057665,3.7602344807238874,-0.04056774596845214,-0.5578425978447432,0.7386080660934153,1.6771340309692233,low,0
-0.6535792242244904,0.7814289194655282,3.346943592634816,1.9340054019545172,3.9875125937265894,-0.4251929532728843,-1.4260579352570282,low,0
-0.6810528556698402,0.7539120651921329,-0.8831556890678937,2.08980732660659,-0.39781597896303333,0.507879845068621,0.49270119128446077,high,0
-1.9292320828790244,0.29682710854588035,-1.6738969964758001,3.0417492805766697,-1.5143415787301273,-0.21328841338594717,0.9203110563722984,medium,0
1.4225446452054962,1.0759341227007992,1.6125239330114345,1.5286713254281095,-0.23656800958402302,0.14575863932765726,1.9579621383059262,high,0
-2.2293726064932846,0.9430406415610397,-0.883404552225751,-0.055567658285069266,-2.719793114656004,0.28107222501761947,2.1050985162179434,high,0
2.2140206014382704,1.0271915600404138,7.949074623317109,-1.1309984406941622,0.4905912295893272,-0.016801315977740417,2.3287542844052744,low,0
0.3035445539785918,-0.1720313621156695,-2.2964689865598005,3.5192703794513562,0.775842844336747,-0.7343200023133737,0.27142376953388536,very_high,0
-3.276292572893971,0.8710452931452174,-6.201924870091168,3.180755821028435,-0.9513864071857291,-2.3819912731366584,-0.3536824081036334,very_high,0
0.207187294106846,1.7472373285098912,3.9276088872679487,-0.3702806020299374,-0.4396993302932627,0.5557313191030023,1.7196848341022193,low,0
-1.960017827293648,0.5251129428858157,1.203546213194476,0.367171138393822,-2.332353162320846,1.0419126041774782,2.2725125689011163,low,0
2.085299310558606,-2.2816620724205774,6.809625255915296,2.7229474878774886,4.182798860828346,-1.1118507066640289,4.132211121833394,medium,0
-1.6044558921334482,0.7442291195615972,-2.1368089886156305,2.1766032988010102,0.1858370390167634,0.8559972903065459,-0.1540419327153255,high,0
-1.2280030832156994,-1.0783447924360212,1.4917455166848437,1.195093854187687,3.308282583035367,1.509979610415489,-0.8609853959277844,low,1
-1.5069184140407754,1.4960031695555258,1.5826470449039636,-1.225770728972195,-1.3566689253563369,-0.29369252570562915,1.9140230274418766,high,0
-0.9044629852690431,-1.3480342515450294,1.3057618787162468,-1.5172824933000144,3.3539059204607273,0.09922962338107293,0.7263731095253704,very_high,1
-0.9609895535613091,0.5919119062445883,0.9603355964653341,0.8244389115215502,-1.9569033936538083,-0.019153090401341374,1.9679487242560385,medium,0
0.1513176850907645,-0.5739346330742002,0.31473850543893594,0.9533583414722782,-0.9665736417739075,0.009290068306694576,1.2450604501885953,high,0
-1.6367523473710195,1.390725929141431,-2.4167801184870004,2.9752421384450916,-1.6275653112194974,-0.31611628063041075,0.9105545546844276,high,0
1.374207106828554,-0.3254543289050063,5.879315269282467,0.5577265351809891,-0.5010040517572086,0.39580494073020817,1.952113886240539,low,0
-2.957298363366223,0.64323541855256,-3.107914224833973,1.4039355570725705,-2.7226452107026606,0.38986515806571725,1.5932883439320418,high,0
-1.6343549335635261,-1.6964581544464707,-2.317248606657535,1.8035155121078665,-0.49877365396848705,-1.2988035540518614,0.20830237467104062,high,0
0.8104599530016774,0.6362358284303241,2.8984967171936784,2.7624340611212137,2.486170743450492,0.3473634035161247,1.2959181729541236,medium,0
2.172041926172355,-0.3778694539613512,6.74581857776151,1.8778144854676428,3.433515186657141,0.15983535190809744,2.4773581113840915,low,0
-0.2896920174017491,-0.7532324766646197,1.9389575495778621,1.260937203269614,-1.655189521108957,-0.440791696011914,1.9586816216479521,low,0
0.6190690476963853,-0.8924649677156576,3.5523337813736307,-1.0666983633872282,0.34194697504395033,0.9374062824694956,0.7491040250746798,medium,0
-1.3153395891141366,-0.4949118732998493,3.0544325350832664,0.24966881255164464,-0.8704499658398936,0.9639512510547117,1.6706834878811325,low,0
0.7534119581418036,-0.4901909062286882,2.276558540764511,-0.2947992210605126,-0.8100748703740537,0.908090298262139,0.08599961550777557,medium,0
-2.0184579819194415,-0.8523336784531098,-4.098111804290013,2.2476800786708417,-0.5551843914126737,-0.14737622519781826,-0.050219086138082014,very_high,0
2.1341928451459355,0.3791236330692372,4.45053084085509,3.351104975494075,3.1372715907973987,-0.5327010875549777,1.2953332478642137,low,0
2.57702230851177,-1.3815490588794384,5.294329480446567,0.5397993413229419,-0.344310485123811,-1.611717065618854,1.9348038502087508,low,0
1.3678433507707435,-1.0152542733462815,1.6365524610230169,4.002182808090117,0.38905130155192247,0.17044705041296596,1.3772856762258623,low,1
3.1881536821539203,-0.727949867474313,5.370531599369121,0.6974881673738839,1.5636747064847725,-0.3549213536992336,2.904778194624269,high,0
-2.677274748401522,-0.6663172165446257,-4.69311035137848,2.3065341461337843,-1.2419556436949322,1.6592706642191906,0.29019907639696163,very_high,0
-1.068796901228798,0.9513326061105448,-0.21344347561758756,0.4429570152962785,-1.01007509703089,-1.910978378545258,1.2016111957656732,high,0
2.5241415621485506,0.140293425700544,7.47842827525692,1.321635531538132,1.446113859088894,-0.6565769633469216,2.9234102038259326,low,0
-1.0663015160701808,-0.006603910483364725,-1.4380372753481907,2.1947045081899645,-0.020650288019514074,-0.023843768136116463,-0.5100413102058676,medium,0
2.2052620719487814,-0.19368366004438056,6.908687282181214,0.7878587359015179,1.73537106282328,2.463013688775024,1.4229929310828633,low,0
-2.138947330749124,0.06978070221521851,-4.007711174571554,2.087889724275729,0.7988747300766488,0.3079615520802954,-0.9063522747445718,very_high,0
1.565465861694033,0.21028456389522832,4.716337535745276,2.2112856776226386,-0.3482077908489726,0.5380348391544619,1.4474928690790827,low,0
-2.5884279580091105,-0.21738619941650508,-0.8364424661390233,1.114203631454293,-1.9612687136958988,-0.3416652836197584,1.501117716259708,medium,0
0.24185094985239552,-0.14458676732644785,0.07344580424314051,0.07425573059039658,1.1208262627077585,1.823358962036466,0.5422774866771343,very_high,0
-1.9562793900805011,-1.0503841073498064,2.562253781356574,0.3197108326944982,-2.371197678156771,-0.780260725478798,2.4692484438895512,low,0
-0.0704229954224429,-1.8523425031098761,2.8928111598791184,-1.655130119083826,-1.711849504656782,0.24708565568740534,2.4346450797751986,high,0
0.4040905600438761,-0.548853859632253,1.2105106261852332,0.5375837478810082,-0.7123771138361641,-0.4864926155454853,0.0863371066039269,medium,0
2.0556695564556433,1.9799483682905985,1.0642062038621682,3.1548349586774727,0.6707477242038157,0.186161955581734,3.2043994726226916,very_high,0
-1.8515168771297952,-3.856375329240597,-2.1614080298242113,2.0844228831183766,-1.6422626899974628,1.0742732974201217,1.0230338862864625,high,0
1.732421180458818,-0.5056205859191885,1.8956464219594278,2.2514544140741064,1.9379733806097716,0.08015976048755348,0.9391640737855071,high,0
-0.4960187607130848,0.30096837664241116,-1.4218978017590471,2.228966282188516,1.1780560770627544,-0.7961315055429548,0.0874219809740282,very_high,0
1.8235065719482701,-2.239322666564225,2.4218015460103315,2.204256849863344,2.1420029896916333,1.5443334869712346,2.7634804453427497,very_high,0
-1.802894812827817,-0.3364355776120064,-1.3220446810448718,1.6496713854807559,-0.31925032911163576,1.5997042010481028,0.3347236309592303,medium,0
-0.178658682132381,0.6893825429756253,-0.14473083236328446,0.865425177844972,0.29433682039148956,-0.15935857475646428,-0.17835622663311734,high,1
-0.982807816738177,0.2707565235498433,1.3822780426914025,0.612921813800997,1.3497708129284065,-1.160373451068,0.5871714612023289,medium,1
2.8111392085867157,-0.28146007988829563,6.1953350360936135,-0.2697601100420881,0.6800164626496414,-0.0060618257735948035,4.162811294599783,very_high,0
-1.558310277922303,-1.0749895671304055,-1.3007907706783828,1.4440470360131288,-0.6458194492344042,-0.0023434031495201645,0.551136734775506,high,0
2.8669627717378705,1.306280475728203,6.55431975765149,1.3327114742221176,0.4468456920027014,-1.2269156762952407,3.7865217257670203,medium,0
-2.8797105772142446,2.513643468208903,-0.45882628365172107,-1.536397070775447,-1.5373619718539095,1.1908859328665193,1.5965381446764075,high,0
2.104253760732974,0.8881573217434416,4.834046595805568,0.7286053499590123,1.142398307670175,0.8760457766719285,2.1452236376622715,medium,0
1.0297346038325663,0.7104245340914495,4.04218367125053,2.104333443659206,3.2392081695436055,-1.0558446374338408,1.8191562631301992,medium,0
1.0428368804749488,1.3676513039359723,3.3025709729743733,1.0697407565039199,2.261095117835235,-0.26043058649511314,1.3620621291190846,high,0
0.3805533039014213,0.47373166076865714,-0.026259509213663594,3.810434626821923,2.6988931124038444,-0.6031200882261201,0.27563183716975037,high,0
-0.13771074713527476,-0.4416901044284806,4.582055666521786,-0.12449948515757225,-1.7162715309182,-0.6458489882940185,2.56088403946727,low,0
1.8277027884113926,1.1189122717071738,6.43851771715295,-0.5448298922878201,0.9657382117995478,2.221203394271961,0.9777855073184165,low,0
1.505094722305079,0.8460450088894076,4.309113685034231,-0.17745114814693141,0.7891741597609208,-1.7414916566140959,1.9037325204057711,high,0
-0.7724818809819909,1.3653287482758214,-0.04645512986273733,-0.3231564784062546,0.014813959687571154,-0.203298244576805,0.5614217666408797,very_high,0
-0.46016627886012473,-1.6510533950619155,-2.207053489170441,2.9231773948464213,-1.1874207812610216,0.4150725096990842,0.7054255838546695,high,0
-0.04662733083218318,-0.6544457335513071,-3.277723906218677,5.464207874181123,2.2676740549413603,0.629476497114477,0.006109202126118873,very_high,0
3.0469248310071655,0.27158220015359236,2.6969238337616535,3.1603971663692727,1.4173890143133105,1.0092949557798092,2.6220891454484905,very_high,0
2.231157277705611,-0.8842760363604175,6.0456146361853715,1.201277320175984,2.491455976394772,-0.4872209416682221,1.55436302117351,low,0
0.6410601235619346,0.2805749659586189,2.28828920809189,1.4534557052163217,1.7146237694273276,-0.5829294955992674,0.5650779788888544,medium,0
2.2061327212526414,-0.2812936526695694,5.835669015794008,-0.6082527188768054,0.8197289802315909,-0.11853423402886418,1.6542504739329638,medium,0
0.027505475929043177,-0.6581088093827662,3.71757963978824,-0.5275294087693698,2.3615517909298127,-1.0174910628880784,-1.244649839804332,low,0
1.347657105911378,0.7462775936104097,7.226127722182589,0.22234156845437691,2.321597138277286,0.900791174028302,-0.17287439901932045,low,0
-3.0346097832884773,0.11804946668977437,-3.5288870778883865,4.076863069339735,-0.9614511625225297,-1.2169625768435197,0.04312179973026864,low,0
-3.50421022220016,-0.7522888217614683,-3.1435749512105797,1.6385160705775483,-1.2899974037003974,0.21554563500995175,0.6485648414962318,high,0
-2.138011071193272,0.9412563966689189,-0.8351872815298713,0.46967494154894196,-0.9223833087020299,-0.5891435454843897,0.981316859239843,high,0
-2.367003069224463,0.21179242018578426,-3.5118158588873696,2.0177464467832054,-0.2806923587207144,0.033937885134963125,-0.018554010793859765,very_high,0
3.8802582705959097,1.1201294063310439,7.439923328599576,0.39428288696328095,2.1690116574727694,0.19267992984947224,3.5354913088577566,high,0
-3.248654317186496,-0.6282984920177531,-1.8094389704394034,1.1934732650675648,-1.9209317000328952,-0.1975286042912149,1.2381653923834792,medium,0
1.5515334782538581,1.5921979140381801,6.377026805281825,0.22807178534649086,-2.030827245023353,-1.3232573567685475,3.156912864774022,low,0
-3.7599705705382087,-0.48870197023212386,-3.004110722587697,0.6767857220919947,-1.6169055757124684,-0.2815065614207691,0.8520062080212487,high,0
-0.17828958201815448,1.1093715694592854,2.9983226739841373,-0.23101007694436593,-2.5269217352203652,-1.1391821242637497,2.8916701302012786,medium,0
2.30263864208591,-1.5648544249554606,3.6918687736612923,2.1761886303908438,0.7533439832351927,0.7656431064826952,2.944868341690795,high,0
0.62683059688159,-0.18231470071699332,3.1084431089238524,-1.0088761202640228,-0.8681360678240113,0.10643541643128884,1.2165437401001153,medium,0
-0.1796225581947566,1.7578268995019506,1.579320673874589,0.7381854123752942,0.4633033128450271,-0.5703967395967432,0.5622045502398691,medium,0
1.5994294141503276,-1.0702554400144162,1.4177495827363793,1.3775160208952841,1.172074028689306,0.794926017673945,1.8390586281079024,very_high,0
-0.6793082456016317,-0.19845643954403597,-0.34329413178468604,2.5571530797281903,-0.49723559223523184,-1.8290944139212169,0.512720031001024,medium,0
-1.2208490274046861,-0.7037369567249628,1.6774016206552904,1.1224305227872569,-2.683452992620846,0.013835723222394625,2.459489873970915,low,0
1.308789796120048,-0.2024431741833357,3.4618782362822533,1.519412856181329,0.8394567883300985,-1.1275042470864962,1.834041035171663,medium,0
2.008525452743796,0.49294981046696934,3.8169531694574594,-0.992428491949082,0.5845218379961765,-0.32542127137283106,2.4589830959090473,very_high,0
1.5029774787782857,1.0499435995250135,7.869216366723573,-1.5445197935259072,-0.9538482083668005,0.049661355708217385,2.8492220920153946,low,0
-2.1212623856299793,-0.5429757067720121,-3.27044537959447,1.1644763551520878,-0.13543280397353086,0.29445459730197204,-0.05416052674768146,very_high,0
-0.23024726197094425,1.0430425268363819,2.347907437181246,0.25028631309235805,-1.7168035467004152,0.5958318645105473,2.170553043649921,medium,0
2.3955085703896017,-0.7268893832047121,2.2366956313871356,2.332832805791664,1.6461146562219748,1.0452075820322506,2.2662159171181053,very_high,0
-2.043710488094074,1.0604042110786527,-0.9298769038906879,0.20015478483759053,-1.767159262920091,-1.648567599612877,1.5733018451525793,high,0
2.217601887225817,-1.921013138823256,3.0929385638865847,0.44415295853999814,1.6711213734068875,0.6559191396588365,2.2550846604594357,very_high,0
-0.2334415720584071,1.685064345333184,-1.0704536408449037,3.741174252294356,2.2734013447567083,-2.019926173942275,-0.6076685427346395,medium,0
-0.8725995221442056,-0.6345213234339414,2.5442069034240427,1.740636871729928,2.517311198939294,0.645183496480902,-1.2476818735096622,low,0
-2.198257001305102,-0.6681491915167361,-2.831637702463958,4.644078906310981,-2.6215668334701485,0.9687446211672515,1.1599930601855366,low,0
-2.725702547050618,1.9979482045128998,-3.3494454159237375,1.415213046020146,-1.546527391330004,-0.9747351819124206,0.7749220144774709,very_high,0
0.6317631073771188,-0.530010758779966,-1.17617567276631,0.45412610522067587,-1.8267353154394266,-0.4027572899064173,-0.055603918072604674,very_high,0
-1.7863210194918524,-1.7869675655509722,-3.4782584471633315,0.5138950716420598,-0.975178178608388,-0.8975890047568621,0.5610303873666533,very_high,1
-1.0116039003608364,1.684446339410836,-0.15761722794891844,2.0685048980933223,-1.6744113688844413,0.012963941471759196,1.4856924487291323,medium,0
1.5534736531603943,-0.4172348352383145,5.366725831351326,0.6250501529114806,1.7778285225388362,1.3707918338057774,1.2050393318536337,low,0
-1.4625600749340137,-0.38698409915769044,-0.3303464067073661,-0.6348779888993774,-0.7303095186335353,1.5692411812847087,1.0347575347968216,very_high,0
-1.6267486918352492,0.7274902041567654,2.2541551637972814,0.6402816085091141,-2.226029220073599,-2.2059351799143783,2.2260601502931454,low,0
-1.6515899658835893,-0.1431663336355322,-4.86137609342244,2.081197528825459,-0.2940297192585367,-1.0444361968077795,-0.2733885931419153,very_high,0
0.007593750599680149,-0.3150636095991657,0.49010596319585714,2.35821718971566,0.25913395005703554,0.06617883186510318,0.2977793443454154,medium,0
-0.9807816886320061,1.1721263095893824,0.791526558310093,2.9913306070978813,-4.251069224721766,0.4014981505462089,3.1297519494429955,low,0
1.0305943449720474,1.2199431992328313,4.142679257966048,1.2363973822347354,1.082566207235497,0.7203574983935084,0.4942777794225578,low,0
-1.5752980024417018,-2.071244067443572,-1.2032462573109186,0.43829748795410195,-0.39829595142178786,-0.36159230006934645,0.5501771954551814,very_high,0
0.36098487903159104,-1.071019562531488,0.055904451464067334,0.18566576646567712,0.17114099792516346,-0.142285692445148,0.5526617241077377,very_high,0
2.6496732356553325,-0.2507876072106319,0.012516228634302625,4.011121357812048,1.406536549822061,-0.1326817797198955,3.425019006602094,very_high,0
-1.6566284226337267,-1.014477491016303,0.7825626373631211,1.7471892869297914,-0.5721106382181181,1.1806432316604467,0.8903637463724532,low,0
-2.0241745626712015,-0.08283837842460157,-2.5749910722237024,1.5887397463008388,0.7110727045549596,-0.4498663007101679,-0.5945456556972248,high,0
-3.146074419041973,-0.6626433938280276,-2.167165406835843,0.349556589558786,-1.3544292474788724,-0.15843664412723335,1.040153760550234,high,0
1.3870960592573687,-0.2418179125289801,6.813824161154748,-2.517272021925673,0.2463069980034598,0.924098128840789,1.405065394214422,low,0
-0.0735849212702242,1.5328131323234198,5.806810972870707,-1.3360687555403803,-2.21422464588444,0.9880959835766874,3.2129580761008247,low,0
-0.5036382891197664,-0.6400996517169069,0.6642098864969876,1.2518592941151194,-0.2780081447481313,-1.2187111007693654,0.7934080921237956,medium,0
-0.8014170979325874,1.2776333498078092,-0.9052502109240671,0.988147800564205,-0.026066147169217402,0.5107320661358935,1.1653874830373934,very_high,1
1.8128773564890386,2.4254125918038927,5.473736474259899,1.2997365922340862,2.32057097925654,-0.07912222238450871,0.5849344986067836,low,0
-4.8523274913881504,-0.029954646126529826,-7.761853604607411,3.246330825661481,-2.4788037787337185,0.3316739616352778,0.43441119729745836,very_high,0
-1.3321998679240104,-1.027994073217439,-3.296645527583499,5.5460810475644715,2.932118719678492,0.47911912778277205,-1.5558357285022872,medium,0
0.06701166196299879,0.047514634761288484,1.6603466706498236,1.0991261978546945,-2.51651721228908,-0.9604169204092289,2.454567995950071,medium,0
0.9520974962570108,-0.09887262565948246,3.3259914015484093,-0.539157431258368,0.5116565435995389,-0.685934503949618,1.535041619536653,high,0
1.894549872551032,0.8810133471652023,6.653382277028519,-0.6669202842200594,1.4402989642062436,1.0859184115067195,1.7597460628303891,low,0
0.06015820241478109,-0.611730036418545,0.7526622440652232,0.4919437493951234,1.2503573803071477,0.22775392125883576,0.3308602212531613,high,1
1.8907051264965116,-0.6211347987962408,5.274092798938708,-2.7267203682752177,-1.108982199618832,-0.942963372449764,0.8662539773372072,medium,0
-1.9796284308667011,0.07280179436230931,-4.883754942308239,3.3919811342285398,0.13321979382594162,1.710808544114316,-0.8041772758735297,very_high,0
-0.16489369024256928,0.953594950662517,1.0442599060030544,-0.42033106290098643,-1.542587231073102,-0.5921663299833791,1.858894131583751,high,0
-0.024373790362184122,-0.7299966715800764,1.9385999293761371,-0.594411896980664,0.45879913504932324,0.8868426594885851,-0.875346621505104,low,0
2.1172889567459823,1.1875918180180127,3.915937267097351,0.2146726701952283,1.2961141413425608,-0.14968094791531705,2.1163674062896365,very_high,0
1.463132080865645,-0.9739670442491007,4.13690789161568,-0.4002721061613297,-0.21858128321134562,-0.6763158635773625,0.34418881852569927,low,0
-1.2212622220732916,1.2689650254316331,2.1884866115430555,-0.11542668896300756,-2.738406167748281,1.7032709260173449,2.6776431437168697,low,0
-2.9533840157878153,1.4050555856028935,0.13021226295847194,-1.0211001234917558,-1.4598035042042194,1.370695988904976,1.6338485415834059,high,0
0.9769798740575931,-2.217283710253568,-0.5241636611252776,0.7990493120230877,-1.2707169717266618,-0.7308348996976709,1.84292046140434,very_high,0
-0.7464155678499953,-0.12750797890915333,4.971449170951647,0.07278265557811392,-2.178529320139207,-0.44392649443489174,2.825704086750065,low,0
1.4934227411269352,-0.30031814256547273,2.7042008831121414,3.4629220893775745,2.6716221938189797,-1.1784367129306756,0.933089364812026,medium,0
-0.27322889568183795,-0.5852905313163699,2.943030023774814,0.2585935723944326,-1.6290634686803112,-0.32447515749642497,2.156430178925387,low,0
1.340479466353643,-0.06480925356113022,3.0351235139005897,-0.09006738911475498,0.018587194272482233,0.2051848907361836,1.4277469200921296,high,0
-2.370985603986517,1.5928520643719872,-0.7126011923420917,-0.963970807403314,-2.4488379821535524,0.1705660267701262,2.178566262531602,very_high,0
-1.5685761402485845,0.7932257178100984,-0.6401347568550736,1.5797339260123628,-1.614800395282164,-0.7456204671721736,1.2867909348460773,medium,0
-0.32551776691322754,0.4720966910550961,0.7379215969031029,2.1377229354690215,-1.0645883294628053,0.1392233984636159,1.1750628985331564,low,0
-2.475590674073714,0.44024803021039804,-4.184427684152548,2.96921595121552,-1.6292070312486555,-0.8233495383626361,0.6011722098646664,high,0
-1.9002126432574653,-0.7180330821722741,1.384300714672158,-1.0872795759707132,-0.949714421297364,-0.599721845931381,1.5137089062048075,medium,0
-1.5100583521691395,0.8321102172211272,0.5491156897608266,-0.16852010751967383,-2.0289307375539885,0.5469684731271998,2.0755538892872405,high,0
-0.04272961164326117,1.6528341863390272,1.4909460053019046,1.4210186367738824,-1.7177836174240737,1.113521353458339,1.8849775668156448,medium,0
-0.40835019287206875,-0.30683174438859473,-0.8170021078990456,2.9074699739062004,1.163706138744458,0.005143140541849398,-0.7905923461059996,medium,0
-2.7780110795154798,1.8262204784611338,-1.6370382551408627,-0.39538893906616,1.7165591848410413,-0.9076577082414645,-1.772999066502081,high,1
-4.250132589194311,-0.7510268068190222,-5.358925435201112,2.4477116255218707,-1.0149494551200502,0.8954602236748322,-0.13861466926381194,high,0
1.129136654800525,-0.8038031800970857,2.5545658355413563,0.0553749350885997,1.294655028386526,0.5859917689787818,1.1041796132947634,high,0
0.6737471719858871,0.5020018890665597,3.8880240739100493,-1.2506840019427263,1.0017113331074812,-1.70686256219305,-0.3449015489175924,low,0
1.7546588067979454,-0.21191059347748104,2.2787496987546825,0.586024291751806,-1.6089523103977352,-0.7098426594447239,2.3392182948117863,high,0
-1.0536381109748902,1.476753729848928,-1.6982052788581996,0.4529577748999727,-1.5783641968386575,-0.7216221912293651,1.3626154585763193,very_high,0
1.3119595602202085,1.1120606800331574,-1.020245080771301,3.8814834645129546,2.691289986275975,1.671354084093128,0.5461408616881673,very_high,0
3.1253225891380056,1.7846356069497724,7.09979074505049,0.7875896358108525,0.8258456753816575,0.40271818926982167,3.426409212734784,low,0
-0.5276234768758163,1.058871846575562,0.6556353750623386,1.2205268039985793,-2.536404701165784,0.2964675660492255,2.232873832581032,medium,0
1.5772436194947739,-1.1258708271451243,3.726026302497629,0.8782413525411572,2.511724595663372,1.607404549823429,-0.04738052943874993,medium,0
0.8384368257016579,0.33512613307366396,0.10293010165811319,2.425506427062458,0.808455172345407,0.3646018037048318,1.4722848026919868,very_high,0
-1.2421302880520027,2.2067827246151004,1.3345240634217344,1.643337993086297,-1.2100362142517005,-1.6865300596903368,1.4129319056387497,low,0
-0.05615199180940156,-0.5710465778743417,-0.4147870577996571,2.3280552750247874,-0.23771737585308406,2.0476519038968495,0.4417031458271191,high,0
0.10447713651025059,-1.273161394159899,1.150145055182696,2.011874260507954,-1.2883540290635507,1.132405540709269,1.49838770871726,medium,0
-0.9325599656457491,-0.31249487814126115,-0.1743781388923032,0.8409381721431364,-0.8498758976188465,2.0305457232242023,0.964104828253732,high,0
1.989706838613473,-0.11885248202077078,4.729924890068398,0.5603381251139854,1.1368313306622388,0.5011620700684521,2.71879889408006,high,0
1.2431720073592483,0.4330463786039467,1.7998000231298972,1.8888900264199298,1.2841520435130827,0.3132382490007116,2.218197207668464,very_high,0
-0.6516186657213723,-0.17059266479006882,3.57613343724838,-0.31700556165981375,-2.6549387107418245,0.40741803465197535,3.0344997280935817,low,0
-0.6541928218077202,1.9825130636978765,1.3480552929998728,0.8545070303035167,-0.5667358263407587,2.392298383669758,1.1621299983982833,medium,0
1.8062130553919253,0.6980834649176682,5.7301258737940834,-0.029557605267546805,0.500546366401203,-2.754521628398373,2.9702943840594944,medium,0
-1.3765402580641946,-0.9344853483095023,-2.274404221590224,-0.05130198006470854,-0.02055081489339461,1.375179057607244,0.17377911664076318,very_high,1
3.081321665288063,1.9832726559207603,5.645780889924085,1.5996280219830266,1.0703991174209335,-0.8003911042966898,3.948029945178482,high,0
0.08401153732495614,0.9916463782608022,2.949250219041386,-0.3477311484123411,-1.1256540263397212,0.6010529350741034,2.0038419773530887,medium,0
-2.084758268171746,1.4554982920789432,-2.1964192271392546,-1.0413046328619913,-0.9696190740724655,2.1639763333015805,-2.7381561644678314,medium,0
0.6184663272233972,0.20650562514583037,2.5272565285620097,0.45373562690289326,0.5490180957767411,0.08922828687474911,1.1664398887647849,medium,0
-1.7138178135942501,1.3841000308901037,-2.8573317373460094,2.703776671042237,-2.403610707848756,-0.4381149273049169,1.4178305504386353,high,0
-2.6811070838950215,0.33914168620787005,-4.695325957318289,2.303592919127916,0.12525151591023587,-0.9906473100920593,-0.5996954621447661,very_high,0
-1.0589984154905954,1.2672736463183818,-3.6655968751283954,2.090506497979194,0.8544063828507373,-0.3862370887113674,-1.219026852809291,very_high,0
0.2926883621559285,0.1210338785027424,0.581071033529915,-0.02241506791948722,1.1208080812052033,-0.20565191185338647,0.5348876346086623,very_high,1
0.12252507629249187,1.4022095895032698,-1.3518031691227093,1.484072409711781,-1.3874974104845086,0.42825439751686323,0.6980103924136608,very_high,0
-0.3744284843152882,1.2651988879529492,0.9991336092552531,2.037154051761562,-0.6373126627824673,-1.255468009692417,1.038208189967174,low,0
0.5926066564691433,-1.50807587980101,-1.0579775894442442,0.15215695966937437,-2.0738098591297494,-0.7419394537564759,0.8536086299203826,very_high,0
0.779384221391894,0.9895993295904707,0.7588523581791718,1.6177266101061178,0.36658166082988974,-0.5592257979552109,1.8760908421491433,very_high,0
1.0395940325283604,1.1219504919152248,0.4993916097841711,0.6258672588925241,0.6913364082238778,-1.537503218234725,0.8092904571538291,very_high,0
-1.5660626907880444,-1.490082675576618,-0.6768371299622592,-0.5688260619795096,-1.347898194196766,-0.6541843257603286,1.4435798775018973,very_high,0
0.8815161594031293,0.4925234462063564,3.022424249749731,2.492642342484028,1.185965415666806,0.3278187158159839,1.3647133559741205,low,0
-3.923095889501748,-0.9079917421781208,-6.944558048559614,1.2690272372394238,-0.07526093378583742,0.34752549402671107,-0.773207660274599,very_high,0
-0.04889502425180159,0.1394151593464063,5.305801701216273,-0.32463308269834257,-1.0740984229464061,-1.19944625795536,2.293860261308775,low,0
-2.9801581225122167,-0.3870530262337276,-1.6098519964240043,-0.6051842954552015,3.032716861565753,-0.2903829916507967,0.7913627066044339,very_high,1
-0.5155002613563704,-0.4884460913386509,0.5426906775099468,1.1087821877745778,-1.915686343139623,-0.8784004773393012,1.8690424924754185,medium,0
0.3925590490767741,-0.44928534793580827,5.324242498903013,-0.8881927243299634,1.1939072256951353,-0.9680835891538281,0.5558665080469112,low,0
0.24768003989855147,-1.0588580088579944,0.9202220855179488,-0.48122302658606886,-0.08297010032172913,-2.1811752376656774,0.29546114881671026,high,0
0.259475685168278,-0.5144258182617432,3.098072449451002,0.578454846383408,1.2365214539990868,-1.0421748070984445,-0.12054922155177095,low,0
-1.4500984587746213,-0.5118684010935176,-2.90922868829965,2.602992435863559,2.2507509465927225,1.5461085604314098,-2.8990197543286564,medium,0
-2.5694766773898605,0.2397968337419887,-0.8569361101679888,-1.1053305017369934,-2.0921757966606327,1.103626910444787,1.8338632928827776,very_high,0
-3.394977727872768,-0.7172639058443472,-5.167689738103881,2.1137732837599925,-0.27574596627452186,-0.11417026776048074,-0.5261374952800486,very_high,0
1.454517239997427,-1.5214329809143075,4.868756064539837,-0.6997692749789086,0.25199386219923725,0.5325964876140653,0.27729045673757924,low,0
2.108224670670008,1.1600484289064086,6.807266346645753,-1.7923432649322797,-0.4845629480583691,0.4453967721142857,3.1902257686658113,medium,0
3.104023691992642,-2.2994555236698986,9.627448908059606,-0.7489577176227642,1.491300337059319,1.801045196539334,1.7263477369497624,low,0
0.15224360707751816,0.41934187246162524,0.3210532210375606,0.9807923926721027,1.1193623395417929,-0.7985203921840281,0.4106022391906543,very_high,0
0.23076193534008338,-0.1435246694229566,0.8424612504297143,1.1055494772184942,0.5916332373400702,-1.4152339308664725,0.18618180099148218,high,0
-1.6246507490775939,0.7463165225591263,-0.18034419661991358,1.9455067651130409,-0.9176625614449279,0.7665037670055789,0.9554509211931856,low,0
-1.1541435637871897,0.9132806180402842,-0.9373122125547042,3.166561587798464,-1.3622535671502682,0.5683521485426429,0.9783123025666286,low,0
-0.7423524181820677,0.5104399780009937,-2.5462734845122865,3.3902549842480063,-1.4171853354909052,0.3548565402577775,0.7465086148187743,high,0
1.2267316048434938,2.2567524721687664,2.82664394504542,2.135175935827723,2.027501657785818,0.16070455127846184,1.8701801923602166,high,0
-0.03148111647656138,1.358949951267116,2.1389622313809036,0.859677501489164,1.6225604029609462,-0.5283308891104243,-0.6672217539628968,low,0
0.004862294175835391,0.7512777051426102,1.0952061653818201,1.678052497102281,1.5516503179789634,0.29493473511013596,0.15784350683611859,medium,0
0.8506026406631266,0.12034991537717113,0.26366842785771805,2.3297754446633174,1.1239133355187554,0.7204568950760697,2.3127977725563325,very_high,0
-1.0108517307794844,0.9969574815226198,-1.8339151568020446,2.8975708756093073,-1.8675428326937022,-0.5046045954849743,1.1362145796317735,high,0
1.536643456888338,0.6252284708731023,5.887649560650779,-0.45322112545183213,1.1235718725319328,1.1644758470500058,0.7768253628446857,low,0
-1.256347566067187,-1.0551016302666845,2.5917704456951105,-0.4969666592743036,-2.5246345034704296,-0.41456386324869343,2.705360439045246,low,0
1.210281615996881,-1.7956132206423168,4.2604301258252235,0.39368773271957846,1.339396488314181,-1.2291710335183172,1.4745461698017521,medium,0
-2.360644453537245,-0.9466099102115474,-2.1348794063058953,0.42757995703711205,-2.0154668296769107,-0.3013318614033824,1.53741658286686,very_high,0
1.7765870890796225,0.0100670085225806,4.363178618021583,2.6948378209935644,2.7647222780820178,1.698458702375565,0.5035195795848122,low,0
2.5778039218255557,0.9626072740766523,6.465731078412358,0.9264343767598482,1.5073005873730538,-0.3538175262121811,3.015477967463302,medium,0
1.9022727945948272,0.12476386287738533,3.062165907575977,0.44875469674234447,0.3875547850642732,-1.2026910288948676,2.842348946550401,very_high,0
0.48665309695915315,-1.3448867807811995,2.4759880595647203,1.7879558231735078,2.044307205133969,-2.1427198463985464,-1.1753059980040363,low,0
-3.9972713429690634,-1.998605566555507,-6.224693006206891,4.2478474540985145,-1.032527500361149,-0.8313214091256161,-0.453660069380746,high,0
2.4705460812648132,-1.5901913232542981,3.7718792819958176,0.842121826310393,-0.06706563564613988,-0.01736800750909817,2.080026839906118,high,0
1.0608044618836803,0.14674747220522566,6.245284199520213,1.0826493969230695,2.426212277071356,0.3299587878404347,1.7164201116122253,low,0
-1.917060155182311,-1.3473432191594377,-1.7199285460561256,1.3924898467394973,1.724270451399214,0.3707055671155837,-2.1204418973540387,medium,1
-0.8380504871665233,1.9251131239369192,5.197043521780539,2.66498889861229,4.32293389302344,0.7888946307844868,0.8784641162706934,low,1
0.41932245220795494,-1.1738179970984242,0.4460097910744797,0.44918951002645346,-0.30119432755089415,-1.6758401645518477,0.9387619252377966,very_high,0
-3.1883521094997813,0.15575190783128046,-2.1238772655673217,1.5686289015811459,-1.555758330724725,-0.10004631110366666,0.9246863493648076,medium,0
0.7612234896616463,1.3597718933283136,0.11729563574853286,3.0330393438443206,1.9045328817500669,-0.04470875675958535,1.1157533657432246,very_high,0
-2.231766890039715,-1.5477064012411874,-2.4930917267522767,1.6023526797806342,-0.5681829710634814,0.34963054166962754,0.3258285606330388,high,0
1.750473739451932,1.4492924284038262,3.7934153834039925,0.58158629391047,1.6928155103289804,-0.11317064829006354,1.7544886670890856,high,0
-1.393453559138111,0.033649958535531356,-0.624464505820066,0.2728369794245058,-1.6077495138046107,0.38192167000300953,1.497419559582357,high,0
-1.2324886428831188,-0.5084835740185372,0.5447880477084397,1.6400065542805131,-2.7601089017321594,0.17073711062069657,2.3684488382337747,low,0
-0.7366756898747204,0.9483392793291884,2.036873522020253,0.5615359983266872,2.429858532793537,-0.7815598592245849,-0.545665940897853,low,0
-2.1295707447346297,-0.8236431298556439,-1.156881806408794,1.0814072383872984,-0.5270382846988759,-0.7149058470495814,0.5498452306500131,high,0
-1.173988999258602,0.39627092094511107,-1.0166410062503437,0.40218693255318605,-0.4457025170322356,0.622664215918158,0.6180485974955108,very_high,0
-0.9733811740462892,1.5681996905274862,0.3831549799165158,0.40433765039739245,-2.2956364566519842,0.34822110414416885,2.1599623577300213,high,0
0.6382465462509536,-0.3869848388781598,2.908835857980223,1.1182458929189953,1.1523452529533988,0.8904080051868413,-0.032810232842545695,low,0
-4.950014793917222,-0.5076678492097068,-10.329623100971972,3.9505989702095237,-0.9723015493229388,-0.27424350847644696,-1.0916336633845403,very_high,0
-1.5790203853294749,0.7275473737906202,0.2559207250446314,0.08618776019403729,-1.4487222133427875,-0.14897166476435994,1.5883302424512369,high,0
-0.5985737831879498,-0.9908607540167149,0.3520049034958198,0.22384416978742294,-0.15152170733881265,-0.6066639407505668,-0.7880389315691534,medium,0
0.27008938715907926,-0.553646484550792,2.3042943934633633,0.12290904845352824,-2.462549225655002,0.3132239910065639,2.7087414388425994,medium,0
0.16179666567219742,0.13505570478369083,2.3754253229415245,1.4764998753880947,-1.3055379799585671,0.9393630640715723,1.7044731380330285,low,0
1.329354016865731,0.7071061601065628,1.0734040072645357,0.881844974426939,-0.8329876322389784,-0.7174986020844216,1.5716626238911298,very_high,0
-1.5384500658218871,0.5174849028804415,-1.8385447852462238,0.8585202924527672,0.667531906065969,-0.6425321688062371,-0.29526919024680276,very_high,0
1.130962797609357,-0.9656496396073002,2.4883766131546694,1.2468670013635412,0.5873252228295525,-0.18949957639212914,1.1871369448582703,medium,0
-0.09727839332693344,1.2328667913867144,-1.618717881337857,2.7701463903544936,0.44017904801953467,-0.4686605094797979,-0.2151566361055881,high,0
-1.3609181234091072,0.6488018161515753,-0.8411276629961439,2.116174525365651,-1.8546790594067137,1.2039589650102338,1.4520326584765986,medium,0
3.8477359470548462,1.563961336859704,6.9719141553693555,1.387337011295905,1.371918726223026,-0.8302346336672846,2.684044835066004,low,0
-1.6183774158457545,1.7297873874562433,1.8536303975118267,0.845595174200722,-2.107004571443476,-0.8244232886633468,2.1323880854750383,low,0
0.5225634908191967,-1.3364024233582634,-1.0373043632680647,2.422443233518871,0.5414430609481118,-0.8771339384474245,-0.26684557243286866,high,0
-3.389146402094516,0.05237283972499601,-4.034454117910509,1.4063295088956602,-2.8786906355303503,1.1634949996973813,1.5388842134807983,very_high,0
-1.5538073401249481,-1.9990878128978078,-4.216369440553555,2.5570542984979934,0.9141664572744344,1.5586265169628146,-1.0162025169131643,very_high,0
-1.4264152780667578,0.935268755244199,-2.624046518926717,2.050004744353858,-1.74957048073024,-0.5331372677397601,0.9870510185322054,very_high,0
-2.7007277227109334,2.2785173159559986,-2.372673306083111,0.4325204221251333,-0.43455513217950525,-0.21438893197677833,0.37712427193983256,very_high,0
-2.1256194949183373,1.3686234226985106,-2.659952083772463,0.8867364754781705,-1.2533289747212564,-0.6945031613848099,0.8726519938189711,very_high,0
0.35811978132024824,-0.28803073943922103,1.5493476781320077,1.5840936495281435,1.3557928753008905,1.383057398581605,0.2985254915233182,medium,0
0.5814737799121527,0.016620981362413703,2.7570238708572967,0.07804440191666595,1.3267865041268951,0.8839831604696676,-0.2626827352818648,medium,0
-0.7496702453433377,2.096161276050951,-0.5244531860153406,0.4167622480081131,-0.43098501349362706,-0.47869638100794565,-1.4082139474939084,medium,0
-1.6389036252214084,-0.27483237805722727,-1.8865976512235738,2.3321424550989853,-1.3538558834667804,0.3705020108280917,0.9016288405891999,high,0
-0.08105785683859734,1.4574379493704361,-3.2040843639855914,4.756157533670447,1.2647717541565697,0.6862885417318136,1.2849674948233385,very_high,0
1.172045706778391,-0.8839898989220014,3.8632137716599178,-1.8673328058501422,-1.1407751623671933,-0.2202095296340774,0.643885269008286,medium,0
1.1017594823386687,0.6394280421925499,3.3485946142080523,1.895864544824323,-1.277896979491801,0.8928405543192964,1.908982595619276,low,0
-1.9335714623882918,0.8680546542277768,-5.59435146638345,3.7103019661359458,-1.9700957249308464,0.496701612242392,0.43839512301134187,very_high,0
3.9650024367861416,-0.2761320864811651,6.551744695464626,-2.6529148251362313,1.7819303171711551,-1.088627720673625,0.4633896565640545,high,1
-1.8661592979999442,0.159036264731735,1.349095309671401,0.9148078025171412,3.230195702565661,-0.841734068994101,-1.1011029468517886,low,1
-1.3848828373895623,1.1622611105711573,2.4910068546007316,0.0716830366109178,-2.4407793089228482,3.9423310108066856,2.5272110946845814,low,0
-0.19761040691483123,-0.4310999895256928,1.7351187382457618,1.479965922172822,-1.456930899716196,0.7775497655241282,1.7468356372427318,low,0
2.6769189779778197,-0.3481073452012972,6.429281119631945,0.4462218761119108,1.8505547106263054,-0.21556946135976882,2.2375611700320333,medium,0
1.0080869739849676,1.2194310829547725,2.733108828603011,1.8734996513900788,1.4667547540378982,-0.6763645030356056,1.8004096729426813,high,0
-1.4120519277239556,-0.16340723073131225,-0.8986016263650032,0.5026095794762938,0.837452432217793,0.18091067522502524,-0.6473007887357305,high,0
-1.0721687922422871,0.35397688506367536,-1.90738233898796,1.0091597476260479,-0.5585981194941085,1.8926537083371138,0.5597849699447345,very_high,0
2.3986467369804747,-0.6760510882885871,4.368295493693254,0.5644928669167699,1.7230633464535072,0.7126620321270069,0.8351330385145941,medium,0
0.24555206376000105,-3.3078999524973884,0.012711055585582977,0.7084278703937039,0.37800557835751214,-0.15136290357574236,-0.7918587404019877,high,0
2.721669554863266,1.5095468626126316,4.2178580159183445,3.1690121768511554,3.2062044275272914,0.4341269815409725,3.255921857654136,very_high,0
0.07876961881645994,0.60666651348988,2.0466697838250174,2.9849495831671193,1.454092859075922,2.4504557341315008,0.6412940182209985,low,1
0.9089085157975905,-1.997047436617975,0.7781476126483915,2.4766468055954816,1.3606296309410117,0.09782649185226754,0.5805732117911577,high,0
0.6595309609921902,-0.2313759574900389,3.417708763886105,1.6591755502728702,1.0643404643857854,-0.022677525487341064,0.22284698480001697,low,0
-0.49731599557224637,-0.04518552842516206,-2.3199254386234904,2.6644178835940853,0.6486265198736229,1.002579814271594,0.619748178803926,very_high,0
0.754606854504742,-0.18841684690872626,-2.2442640944846466,1.2407483419455385,-0.6930522119166338,0.41566337253860625,1.1938902961020623,very_high,0
0.3610066809294803,-0.2874302082262078,3.8618459917326473,0.07272669857993863,-1.479548774221353,-0.2891204271668269,2.357338530104075,low,0
0.9811848869102101,1.1227712402333418,4.504597853193449,0.5231073218645175,1.287677976672987,0.6611854748160046,0.004693840286351225,low,0
-0.2227271732978361,0.819999135917259,2.5911950387280243,0.31027671189908856,-3.1833105414182663,-1.1208492678116218,3.1177774594885443,low,0
-2.0789381385826387,-2.8941850575715837,-3.4461837239954387,1.7814469521303096,-0.5688620017159142,1.1927690016470966,0.16076508595141914,very_high,0
-5.416920119079878,0.17554224383514822,-4.965017907226801,1.4312169983821446,-3.2004483981810274,0.8755050498444104,1.387400582685115,high,0
-0.10297434217476553,-0.7028328129354411,1.7963163667666149,2.13316668900829,2.273610795126669,-0.0942438435247516,-1.0992450025981826,low,0
1.888019991629453,1.230484356358352,0.8356086771768626,3.5379942223427774,2.3462059891673626,-1.3383306268204636,0.4752973331977658,high,0
-3.5940461179817476,-0.767729142768612,-6.788929469780008,3.244251045726746,-1.2236576712164107,1.445635046658087,-0.3232719280859653,very_high,0
-1.3064414278456935,-0.24506508704326077,0.08855784705932918,0.16020297321657884,-1.3916516367026692,-1.102091955592559,1.4628028426363426,high,0
2.3087487236389594,0.16937746994270692,3.1990424534014164,0.11008473315579725,-0.037651040998143426,-0.7757859893125999,2.286565779233616,very_high,0
4.34479999236973,1.6536352160298582,8.50291107273845,1.1865590706965032,2.20359341081101,-0.534750804590915,4.467911740416429,medium,0
-0.34900302466216904,0.5185128336026553,-0.2170453335750526,1.5937471213102024,0.03182219159433597,0.41092099388177106,0.3782248311857842,high,0
-0.6226428256909997,1.3170586779673645,-1.1641385835471094,2.260222996932023,-1.8514520322948256,-0.18173424485361891,1.4454970207721691,high,0
-0.909411994031323,-0.6719761533534957,0.16142104109129354,1.810808583602983,-1.3490043435377812,0.9211890378245602,1.2858859892433758,medium,0
-0.2979835040665626,0.29629536550366764,2.73551633803667,0.9869336116806237,2.0913058701528713,0.09473847583290661,0.15800242745570703,low,0
-1.1107555633047024,-1.3537827607914814,-1.8514045326803006,3.065389679429839,-1.864918831366973,0.6249394903158797,1.1249287274433113,medium,0
0.9143701806092219,0.4176751006519598,3.109706444435279,1.2021288892557078,0.4033993686928551,1.4809924041174929,2.3426129693712103,medium,0
0.7387536630827664,-0.03816958696642825,2.8374006035307073,-1.3254040272760281,0.1918126322984266,0.768116952430694,1.1859815830471265,high,0
0.21910062768535143,-2.3164448569274905,0.7878389259621834,0.4115719757015657,-0.9386375990484057,0.6228614849614956,0.31354861644010457,medium,0
0.24355874008121636,0.29248418794229586,5.592297385919657,0.9757341777546222,2.8030698535729828,-0.36240243368808,1.0291149131551016,low,0
-2.766368290797069,-0.37440044799890676,-2.986124886356749,0.31270444183309676,-0.9775826410165305,-0.16224853995849545,0.6248632627059864,very_high,0
-2.847869665735781,-0.45039444081544955,-3.107772292186952,2.0579995352904685,-0.6815950429846065,-0.47904997353716,0.24921995036847766,high,0
0.3635396414005927,1.2683586114960674,3.5122669316088277,-0.619621288910823,-0.34862944750670066,0.9368056771330601,1.0490889317376073,low,0
-0.2080258044926494,2.5197076456453744,2.6735971911052494,-0.7318385391209885,-1.3511705535201697,0.13490711633812782,2.0578985815856745,medium,0
0.8163756099378101,-0.13170025385990994,5.155648241330368,-0.5039026514209921,-2.4047965358643517,-0.5914882570709169,3.330746597716857,low,0
0.000923177066555203,1.259045004063905,0.23431850086338785,1.2397324753424332,-1.3196260468723713,-0.8871625883628546,1.4761637903000928,high,0
-2.286551147240049,1.9279491802420827,-0.1713158833619446,1.1532112755260875,-2.3717851414874445,7.186705886302617e-05,1.9657122644476734,medium,0
-0.4934326470822743,-0.1304148268171117,4.134769536684574,-0.7489139283851809,-2.1939914006271524,-0.24682333047655725,2.8547296399332254,low,0
-0.0588497832302084,-0.8359397761665085,0.9165316350599186,-1.131156484074323,-0.8827969742326938,-1.6101697979934344,-0.8946847036487966,medium,0
2.3051761153752324,-0.7418206417017582,6.475864251646571,-0.010750216211083297,1.2145175619209883,-0.12735766812111177,3.566961015759321,medium,0
-1.05693799167504,-0.8363384996646277,1.718537927642917,0.9642573207766774,-1.2610029750179865,0.8292235856371121,1.598732388468067,low,0
-0.0295106684417743,-0.519391322090543,0.30046632786024846,-0.9278090119395064,-2.826772645875658,1.6318888483702207,0.2893371415925047,high,0
1.5217158716769268,0.27838569532088264,8.233136739011977,0.631433868173859,3.1388719567833263,1.1123268243902629,1.1553247199493395,low,0
1.423845808185547,-1.6994295196075182,2.175628821071575,0.9197840166947877,1.7825995053778816,-1.807262309565734,2.5920036494132503,very_high,0
-1.5866591039987685,-1.4220753274258267,-1.5134275469020413,2.4748754265707253,-0.7211808910425582,0.5858172974674507,0.4915841961454783,medium,0
0.8073020665520807,0.6588202446894643,3.0854400104232376,1.3860746674137305,1.0546001492522725,-0.22888016315794182,1.440336295385241,medium,0
1.3391609247327594,0.6957457924726428,5.752275612077714,-1.7696834250894604,1.088538817209269,0.19144204734460896,1.2409217143508857,medium,0
1.2884190224597831,1.0062507994327152,0.22600423545617856,2.351273800988228,1.1190547232183878,2.3403002158569794,0.5144089276367303,very_high,0
1.7139452808655415,-1.1783461248068456,1.9296568812625752,-1.7130883119030906,-1.4435728365779779,-1.0960120478710536,2.117016567228554,very_high,0
-0.5600844077974697,0.8476378150694273,1.1204748638750819,2.017944731756305,1.796296895804635,-0.9502387211452319,-0.23184440863981193,low,1
0.4403502525015194,0.9066483858092831,3.876127746076295,-1.3724254191799539,-0.09665186748400845,0.28029129196590696,-0.585346760526809,low,0
1.3318820095615145,0.29203572173090797,1.7320862001718114,2.1538928293131256,1.5059822264066733,2.748782415910065,1.5290336850593778,high,0
-1.0689546282610438,0.13916846173262085,-1.6262637676953315,2.060108006284105,-0.644798092152835,-0.710282037151078,0.4964640864911095,high,0
-1.415435771976761,0.6422919936033016,-2.7098524267284008,2.2846570525179137,0.3588232718991997,0.15839195575246848,-0.42655523774797754,high,0
-1.7263834953377069,1.746077518294195,-1.4638095808185818,-1.4805101281448951,0.11737998192309251,-1.3476847999474826,0.42732352029020393,very_high,0
-1.7719247596623078,-0.5318436228112274,-0.5585330877584906,0.25086272714524394,1.3051821064342317,-0.27005489814431205,-0.8924172791632968,high,1
1.3500063797971789,1.5837175456395398,1.3933597194324052,0.597668072944322,-0.059270674352086994,0.32876685144105805,0.6148989850196793,high,0
0.17120195726018617,-0.09844531417674846,0.8522898654760631,2.520731000074165,-1.024965976996598,1.3430080837361311,1.179836631268875,low,0
-0.19004173554500592,-0.4926548532134034,1.3955748863093975,-1.8823180884083228,-1.0561373491671253,1.683972030069338,-0.1940947937220434,high,0
-0.4300765093028541,-0.624714166853275,2.8779915968902237,1.3755186853966463,-2.5653329987022966,0.153427380385389,2.5856682981164942,low,0
-0.2737864731421604,-0.7099191329520645,-3.7546683093566324,3.7637492518307294,0.514222447074548,1.0920554114388017,-0.5133930563651115,very_high,0
-2.0819556666867287,-0.2636990658730787,-3.4881012911549827,2.472936249907538,-0.20081841366296094,0.10428632223219882,-0.2425629838336405,high,0
2.239443256487065,-0.4269803715067624,4.778676663595925,2.222422215145369,2.9475326201604632,-1.1000166420746627,3.5901464156308105,high,0
1.2333920375294525,0.24477484111169842,6.257598452855142,-1.467886293360814,0.5506800764496438,-0.2491210034887189,0.5742183454748083,low,0
1.4234017227569769,-2.9952668907996163,-1.3905023355950432,5.460369692134163,2.243131092742702,-0.0281243239418344,1.4078781072332873,very_high,0
2.2645179422375157,0.21987014237394562,6.418152513327582,1.4615956041259157,2.4686809428938226,-0.11297047594906802,1.468065124369149,low,0
0.9107182585367297,0.3539819326710066,-1.927889437169319,3.452891620039078,-0.0951194930898942,-2.429112337166646,0.0819336025430375,very_high,0
1.6227486049789985,-1.4089039044254048,5.472928395389481,0.5698834033312247,0.8562480865046387,-1.0471843552482283,1.2816751110871527,low,0
-2.3253932806564794,0.9372251736666143,-1.5449429910763253,0.547041681277709,-1.6972497937567554,-0.6557512606391394,1.381323159020377,high,0
-1.1712951226109134,1.1074992401181563,-1.5562634197162375,3.005152516759569,-0.9977916754472265,1.305645561840047,0.6740560312646606,medium,0
-2.184974361012862,-0.7201629036798193,-2.7628687001599728,1.7417749712842379,-1.9073187399535008,0.07069702166483936,1.1168171384142844,high,0
0.30024669623852707,-0.5904407702032749,0.8348900882329724,-0.04185926971159426,-1.0749719207758408,0.019259309031212417,0.3088358228714244,high,0
2.0990186502085137,1.0788495665089635,6.205435411531208,1.384799175043156,1.8543643656611353,-2.159268935319768,2.109722603413275,low,0
-2.3352714165907673,0.08037940020917021,-0.5985291521762314,1.0602560535817922,2.4785061822488776,1.3703165001393138,-1.683488352766548,low,1
0.7320507634369688,-0.2461598243185216,5.922284417761375,-0.16499522340405903,-2.626309666955266,-0.11314253663097591,3.4079441470537466,low,0
2.866278125693144,-0.6794195609428907,4.878182027750319,1.6138021426483071,1.7355439630539737,0.2905803478745374,2.6139294636600225,high,0
0.07227502410320219,-0.08185774635966271,3.3219698144771455,0.25830893093783336,-0.8985765038895207,0.11302071029882846,1.8034702017519098,low,0
-2.5746979622888775,0.9166276887228414,-3.264618354850524,3.0544516441968157,-2.2734182988586045,0.2845119825216449,1.0695103902695462,medium,0
0.6719540037724294,-0.7833087567250635,-0.5249071986137215,0.4833552676311118,-1.191354784606842,0.7852553595715474,0.637091937008537,very_high,0
2.2454216668132405,-0.6581134930916945,5.98754066120252,1.81486289735861,1.7436953411599645,-0.24409556215854147,2.6833405952394416,low,0
1.0455381551197007,-0.14931342187167515,1.5799408572895839,0.8437180451258189,0.5369579014591948,-2.5661193859324136,1.6455192386277142,very_high,0
1.3263764017807957,-0.2830790735982502,1.8462328037204458,0.8277767511017995,0.4279409807748916,0.2712114752799734,1.0417746766460347,high,0
1.5741131187425272,-1.0011375578851496,3.5673712319688082,-4.1928613897634035,2.6771240242197267,1.6003972988892943,3.367216488721863,very_high,1
-0.8481582059459956,1.8418780020912402,-0.25569366278904865,0.6032638675981935,-0.8175671367099069,-0.39075176990461724,1.005709488261323,high,0
-0.5384544945758443,1.5327838847681055,1.3188268124300202,-0.43910794367314643,-2.0343064409029052,0.36471177320848547,-0.500058119197206,low,0
0.14865979910054494,-1.2318686881330803,1.2316744772843784,-0.2897957106782858,1.3447614322263854,0.5792986450796365,1.1838001809122953,very_high,1
-0.9097933239789798,-0.5536233141256425,-0.15723347328216153,2.111609920044888,1.2125535538642704,-0.3663728472664642,-0.552518764691401,medium,1
-1.0477165015052097,0.031417473466550466,3.615108409301397,-0.5702237880992609,-2.9235331676893255,0.16509955149322578,3.214288255470458,low,0
1.7018974936523503,-0.3069940458834018,1.2070734226195712,2.7881775776405116,1.9455496228255011,0.5847253470359405,2.098391769456252,very_high,0
0.2543243312486023,1.9440176500004416,-2.108617051838449,3.782528783070302,1.8020216672461586,0.3671654050430446,-0.6920740121513833,very_high,0
1.0036991254655214,-1.5974542183291225,2.462114993369688,0.3494566569482279,-0.7769517238937887,-0.07393236525691027,1.5183898412837917,high,0
0.5453860319065222,1.311602029723922,1.778469313943438,1.7031036227267955,-1.2672252614256148,-0.8459336401029685,1.67363319627204,medium,0
3.2979760957878295,0.2099260524129978,5.12304812034815,2.5795792863622604,1.219631123120034,-0.632439038076175,4.344284639513708,high,0
0.41065412625420217,1.2409655987385322,2.7948286993397,1.00091466494609,1.3277320386132738,0.31982306261406573,-0.04335725468056739,low,0
-1.3066929296306635,-1.2314995772215995,3.1964675898410975,-1.8867866599982623,-2.7439268653261903,1.0826249210022105,3.1518330274919837,medium,0
-1.372471297057129,-0.34039515671586396,0.1563496189977151,1.8454482441927276,-0.16618787123693624,-0.7120406554180231,0.46722121295165453,low,0
1.2703357500877683,-1.9095827671969017,2.6037422225810336,0.20132712868981195,0.090507314696326,-0.7903313816984677,1.1097144375317427,high,0
0.7265243493565596,1.6076173868244463,3.25175056779261,0.18719440375965757,-0.1274465405905325,0.4163962587438965,1.3258145416218605,medium,0
1.5583320425576708,1.2849797147621682,4.374946028709069,1.4456427843670219,1.803661831489641,-0.15592609748290798,1.1535462548259567,low,0
-2.127919548599912,2.839622914807913,1.2784797563849846,1.1515753077867035,-2.734412342787296,0.3560324671271402,2.4000234416254465,low,0
0.995300042134457,-0.4506681775680075,1.6145073519523632,2.1598814226734433,1.947895613808436,2.259602027742478,0.21253710999225184,medium,0
1.2180255019207957,0.13054229242835844,3.220556590248365,1.6060269983630162,1.9909450206355488,0.21486470946386504,1.2884578511457243,medium,0
1.361526320086181,0.06627473734423478,1.7811457521766008,-0.46323778256520187,-1.1687791398050005,0.7848886874941853,0.7436391565261822,high,0
1.0212897508975283,-1.2099650286671761,5.702103681163895,-3.4284750297834172,-1.3330931218615414,-0.1147888216345503,1.5604495477228322,medium,0
-1.2448910309683563,0.22665735964899383,-0.01652560266323411,1.5898216542970802,-1.7688679453919982,-0.12812841441978132,1.5162252323632435,medium,0
-1.0507550207571779,-0.027983992670794922,-0.2021514090590216,1.9533977199007935,-1.0699783030917107,0.0885034738178818,1.0620394732320622,medium,0
3.0673718860865695,0.3776395717866411,4.2045597129219905,1.0308964530833749,-0.48980501689745015,-0.21905858802460865,2.8257973032329984,high,0
-3.1574182368287222,-1.1103541609416774,-1.8398083898248396,2.6756452469647396,2.6216477215054748,-1.160372977667465,-3.337936790225169,low,1
2.54276580743809,1.2313042635686857,3.79206922596352,0.6945229856048242,0.11007700019202349,0.10404648103908559,2.956398286744575,very_high,0
1.1509800487436939,-0.3067726846636304,2.738569626371561,2.660937468210506,3.191973773644906,-0.30699635716260354,1.0386813091704548,medium,0
-2.1015434899471788,-0.9543797233026288,0.0922537698235958,-0.8560225613733012,0.15619825108155383,0.4155379938370026,0.5386064374850256,high,0
-0.7153275122850706,-0.8281401376128967,-0.8922318780507466,2.537497762456897,2.3791632653810733,-0.6915614026937736,-1.1729169671660575,medium,0
1.2007320879784302,0.13935120789892844,2.156616163200349,-2.2807559559635435,3.0781405192827664,-0.6333299215302364,-0.3685075668729021,very_high,1
-1.7815230962154092,-1.481845501081295,-3.081315187276659,2.4070422509954725,-0.17543137092695926,0.15751749733279974,-0.13068865251767536,high,0
-1.4924988932914347,-0.8561076526564303,-0.3354484711998513,0.5930307440028263,-1.5462328610949694,0.09008347754010702,1.4587274762759095,high,0
1.0771076932095598,0.8543173391737832,-0.3900507886394782,1.253979144188602,-0.789745931956789,1.2917478507326312,1.7572117409772532,very_high,0
-1.1224490450594022,0.2385575315418043,0.8547404601567329,0.17633549379738378,-1.6825564026885547,-0.4334316376401446,1.8006793742513287,medium,0
1.4323922529900772,0.9790358254675168,2.385126165777464,0.34659968270924735,-1.0638901045218658,-0.6431539972011118,2.1496301800270974,high,0
-0.6295284672216355,-0.6392161407867218,3.042965982561621,1.8411125255058798,-1.2810703128268877,-2.318242980352499,1.7423423423513449,low,0
0.5154313663437058,1.9046798820816377,1.7086347226671712,-0.7021974363718433,0.2108123214511437,-0.006461594079039767,-1.0575819070351942,medium,0
-4.207435215080166,-1.7302954798957517,-8.994430636639748,3.4258938282824696,-0.8661684237396967,-1.75110860587232,-0.8950435433499015,very_high,0
-1.3800509922463968,0.9278194561160589,-0.48605607839438975,0.13848163954100534,0.13682934559479087,0.0019129360209939365,0.34676744925491376,high,0
-0.8144033536828303,-0.6840434450400951,2.4566711567205863,0.8213820496230775,-1.118608141584449,-0.9268848322861801,1.5927442185692637,low,0
-2.2982792140141974,0.735468509281689,-4.138926416567946,2.0747132197567892,-0.1999369475314392,0.029621141956916314,-0.2804585028231905,very_high,0
-0.5245122746836832,0.3265959599163561,0.6950938912566273,-0.7179688335827445,-0.34311931726037326,-0.5133130890056609,-0.7562695724787258,medium,0
1.4256478876708611,-0.17690009049084265,3.6739189327479433,0.5976089408692672,2.071408561332097,-0.5717385822251894,2.2445846901765076,high,0
-1.1791888424359969,0.7707831479812558,1.0972689279053625,1.0024090807141826,-2.6095283149742134,0.6727269777566897,2.3989134810763537,low,0
-2.1760136505864853,-0.5341216416128957,-5.381059709549856,2.915255962597656,0.14346108779044964,1.126457757129158,-0.8249170483017949,very_high,0
-0.5729812863362085,2.354711397744092,1.6086421896395304,1.3233487558417372,-1.77325073539865,-0.5852068969036013,1.829654406998649,low,0
-1.7423514892767402,1.1312990502497464,0.05364303247510692,1.3725309408304291,-2.0305107692491435,-1.3925125671384784,1.7397320344369944,medium,0
-0.6929832192460568,0.6273984856213408,-2.6834275772098106,1.4183239865781923,0.33129697936973035,0.2167912776044933,-1.3889143354200215,very_high,0
-0.8120820584559003,-0.71438655970402,-3.0525894101811306,2.1469325638017893,1.317158903366886,-0.7803766047308504,-0.9744210501394417,very_high,0
0.81073288062039,0.3081283365365046,2.0723375254720855,2.041868627683234,1.991956127950628,-0.07718027611369632,0.3751633356068239,medium,0
1.8406445617725806,0.4153114772403338,6.257047652337597,-1.7516071469976333,0.13357800161843358,1.4215032852330935,1.4836143637089347,low,0
-0.40022804132513157,0.8292736865664673,-0.7595836366370472,-0.28814147946836255,0.73895088082595,0.15485044831038394,-1.374794402036868,high,0
-1.3226783587355395,0.1489427962412884,-1.4851063832764198,1.2874700964581904,-0.9260259260451104,-0.33632037182952107,0.7966390730987638,high,0
-0.16833573997567597,-1.486162274606616,3.3189847884440096,-0.7965980379467337,-1.6806376096971127,0.4927193465670251,2.4676558698958675,medium,0
-4.131635487324997,1.180317839177625,-7.69183560057497,-3.6003707601553794,0.7817975716737352,-1.2480105888936601,-5.945304613214006,very_high,1
-2.759013328376087,-0.3211521871301564,-0.33534894074247934,0.3967881620752375,-3.054050374704296,1.0654147782383516,2.4668990081481654,medium,0
0.7342611100345431,-1.0844706235787835,4.807215026376152,1.6849718618812042,3.917443002654845,-0.0053305733261247,1.398774471484162,low,0
-1.75337766180725,-2.220256314839614,-2.292268172554434,2.515767812448844,-0.8204805219874581,-0.031403016924503806,0.4173351598451335,high,0
1.0135202067811606,0.435946323899337,1.8382688229689605,0.6189967742613631,0.32478072263072455,0.6673831031405686,0.564265383007765,high,0
-1.3772473739293387,-0.9968670947568703,0.28306447289127296,1.9161609842294438,-1.247731114969234,-0.6055696553034319,1.2437521153860573,low,0
-1.7984769932612523,-0.07131789051481921,-2.253930262221329,1.9649336956227146,-0.5315970269749795,1.2429502030420623,0.3892397977041091,high,0
1.0075211863567537,0.54286372035822,0.8372191710108584,2.730004013403303,1.359739604395659,-0.027402290866503937,1.0348761016512884,high,0
1.068928757009149,-0.4705391395294173,5.0352931108822725,-0.21600004568789521,2.0756303137151244,-1.4126911524926313,0.514733347255329,low,0
2.1659829633761465,-0.6298673491373752,2.7879629119851477,3.9764470433751598,2.9359983438899255,0.09643037952850442,2.080655272461424,high,0
2.5307586012592473,2.140970296330354,8.124548037908502,-0.6785456658018485,1.5973387220580546,0.014416562635548644,3.1290282128423614,low,0
-2.0036204507616127,-0.5184356318775039,-3.861894786326666,1.9629188600516767,-0.18350478381036517,-0.5798551814633284,-0.1942070711242656,very_high,0
0.5637486119485263,0.5488785155203335,-2.243227485445128,3.0325312840964984,-0.15071465203479328,-0.394090478980577,-0.2828744977820321,very_high,0
0.030581737492412664,0.6739651517100497,-1.1701921448015653,3.1370996751410223,1.9516801626401465,-1.5179491149467033,-0.24624659142316752,high,0
0.32929817938383354,0.03986420749158606,0.13412119718335672,1.030641950909485,1.0989599880004113,0.7834681062089172,2.265079896356105,very_high,0
1.580736066722774,-0.244317038639649,2.9218322517663244,2.2253212827755045,1.2341796617609053,1.508336098057729,1.798463420466852,medium,0
-1.9393335389728232,1.552480373785073,-1.22934475934121,1.0040463994743891,-0.5538320113451776,0.2457850173811903,0.6310516752384824,high,0
-0.27854194715540204,-1.4552889759012155,-1.8719233546172134,4.669365134725098,3.6012533509285447,0.8701781747467708,-0.06584852431826294,very_high,0
0.5668555740171396,0.6330665474972272,0.6667160498813911,1.530502306705639,0.9151260999231958,-1.1789961729568956,0.24901037900478673,high,0
0.729178314017136,-0.13894435086533452,2.0256604223758377,1.8540767689146715,-0.8896689630202201,1.7649718541264443,1.4568522752780466,low,0
0.5934795807230376,0.8566651198694065,2.0232599857786258,1.9434095200144688,0.5680374501418521,0.1940210045057993,0.9805313673029656,medium,0
-0.47464202691980517,0.1015559856102445,1.2286086515760575,1.0948871019407171,-0.947568265046608,-0.26812703062785004,1.4010066035564008,medium,0
3.1386713391406964,-0.8909854419534304,4.597288458581889,2.1128063024948984,1.0419874149885224,0.6568058285094803,2.7562731449180733,high,0
0.713041318882714,1.0865305578988218,3.387689404302407,2.0300384480269735,0.8834186522473416,0.5231600334021624,1.0862901533396363,low,0
-0.6065351042259425,0.7839731429926151,0.8292032977202278,0.08281889890354832,-1.249898733939868,-0.28900121860121725,1.59904582649707,high,0
1.8542266584965197,-0.7795444753593765,5.437417922228993,-1.4372968437025182,-0.20366798473176306,0.4014668584815456,2.380390298620206,medium,0
-0.4747226404866459,0.7130732322865353,-1.2651459267679752,1.9342264340826838,0.2644365888046729,0.6905324621511849,-0.5280860206323825,high,1
3.1365129981460127,1.5153967492635925,5.949293890988646,0.24130417284395034,0.6428079767393096,0.7642925814204332,4.223632084058826,very_high,0
1.331426761558134,0.9203961612544849,4.4198385033939065,-1.16832445953738,-0.04924241757636616,1.0678566772943998,1.985899071581635,high,0
1.5909210397868783,0.3929073590143916,3.587586175629899,1.139314779815421,2.3376586968433894,-0.02417142635820863,0.28942074174598575,medium,0
-2.0048080571518123,1.429774859514874,0.5168868804576376,0.10179882991172096,-0.23875262571710942,0.582828069456139,0.7810315007023351,medium,0
2.485696281519206,-0.5868127156030817,7.245070069284,1.2151225188812051,2.571042951300538,-1.203885634372985,1.8670871533702857,low,0
-2.367846738812607,0.04365273430296112,-1.244618479248172,1.0632253193460877,-0.6164598049780308,-0.13280630207669494,0.5979313359288367,medium,0
1.1060066009843152,1.0158565189929774,1.2828211092520412,1.9256766129896759,1.7441525896771943,-1.4670339514387187,2.290622464534867,very_high,0
-1.171398750777859,0.6951645831510663,-1.948572254838064,1.5365140041293608,-1.3995646297639555,0.015353451755977077,1.105093493153076,very_high,0
-2.701180432285403,0.576192750328422,-4.5584790981580205,2.5327407711133647,0.593901718141803,1.3999034411695583,-1.097831414302808,very_high,1
0.2721198602510033,0.7884989473510197,2.6921766570157466,0.14854138323917776,0.9820849172352448,0.04108086409475417,0.8767160078740119,medium,0
-0.9728365976649965,-1.777975534702351,2.722192552270121,0.07856079183242404,-2.162255531517775,-0.2241663294909295,2.4771734970944768,low,1
-0.24205024707224565,0.3064563206495689,-0.1946116460836087,2.7883140461253326,0.8655949509136371,-0.2597473833983092,-0.32016653399065653,medium,0
0.32512099621545054,0.9076118110467684,-0.6917144044424434,3.227677916071822,0.7306888845049646,-0.824222439367453,0.15670559990436006,high,0
0.8532686783431829,-1.9178326617980233,0.6614413374362643,1.365120258034264,-1.5636920107806171,-2.182101294200962,0.7385977254870599,medium,1
0.5610491973788375,0.04871667939380729,1.3275897578943363,1.3295861586285371,0.5275823570181719,1.1418965369680099,0.6649092921860348,high,0
-1.6126831694229635,0.2976689153127944,-0.6562739099646542,0.4524399447270979,-0.4862786749952125,-0.21311375409278915,0.7049233632559173,high,0
1.7852535080551146,0.5603619506667351,8.313537093786309,-1.588691907334425,-0.6859884883421333,-0.5450275729224316,2.757347643620474,low,0
-1.9860241806316856,-2.344972269521205,-2.411685403028398,2.105630309607904,-0.8639127534820576,-0.5116938719117121,0.4921482212891539,high,0
-0.3103782290478472,0.8174849807703192,3.1364689529902843,-0.40852850971471955,-0.17870946471642024,0.48923977541235625,3.297572579726225,high,1
1.3483922576797323,0.11054911955213079,2.5908731744705116,1.7824513422447268,1.7640920953480204,-1.477772107753317,2.2201710365650964,high,0
0.9043608030841785,-1.243358737609354,4.260278057726085,0.2510600256949198,-0.8135449037941946,0.08004126921526018,1.4242461889345408,low,0
0.752904864847133,-2.0471668851634712,1.3457502145918554,4.126607555111249,3.5391189314947757,1.4554094821720291,0.2191568963114171,medium,0
-0.9016586862570904,-0.2531485000429449,1.45246316138169,-0.20618445110016337,-1.9998649576900704,-1.2035668962288326,2.1666893712251754,medium,0
1.0614850761496073,-0.6202642966676787,4.496828622989778,-0.6739793401399261,0.9104321351981542,0.2937473516739988,1.8525336558495629,medium,0
-0.29247834969491837,-0.16763152548836402,-0.2833178979217633,1.5662681666257887,1.0528425441233107,1.1130006991386807,-0.8313113629937827,medium,0
-1.6960519611945402,0.5605292848705127,-3.1895357908787596,2.0641591170548756,0.22600345287566803,-0.9544040505751428,-0.29157491018888604,very_high,0
0.21319953098767896,-2.0437687015264965,1.4212072952162735,0.5876394271089634,-0.14382864577678856,0.8767599891542641,1.0517918496453664,high,1
1.1132912222059976,-1.31172043291069,0.6642826954411427,3.6965945358324452,2.2171101298004987,0.4918781505788882,1.7713948705401128,very_high,0
2.158674065968979,1.4147438193598127,1.9933579797249275,2.3436969445453077,1.5888412546931932,-0.06552911548895132,2.986514758453284,very_high,0
-0.24605114933186378,-0.7499695279726564,-2.079754587529004,3.4341199590051774,0.14056685346549647,-0.8472699442196283,-0.2106065591263382,high,0
0.7203319478730695,0.8967077783687035,2.0987648663263507,-0.7671529360693181,-0.983663718763766,-0.6693662391187534,-0.34390790706629626,medium,0
-1.2718848642863818,-0.3030418209470751,-2.5944042516614267,2.0075693565014627,-0.02223388573835794,-0.5455537804115271,-0.0134743294650288,very_high,0
1.3532862599496556,0.6882851084882323,3.097766133775557,1.4486127895217482,0.41770945641090595,-0.8308826638551301,1.837469983613834,medium,0
-1.1735635550898518,0.8488054577314491,-4.307405516532856,4.537063502179469,1.962102226821441,-0.06442219957718869,-0.28739177417856654,very_high,0
1.662680246598336,-1.6130168135769691,4.892145754959854,1.4928380173127023,3.177614208601503,0.06947811622107863,2.5848562990286834,high,0
-0.877187809547925,0.6001164552445062,-2.264881122922141,0.37563214349650964,0.4126763716576296,-0.021418294952336624,-0.02934298265480262,very_high,0
0.1858849232334583,1.3597392550370186,0.8318911948053951,-0.7287561639670684,0.8035025310971966,0.4245485997196691,2.0161983028182764,very_high,1
2.151852623404236,-2.143966831621994,4.431987771639049,1.976175194962127,1.8873817695162247,0.1023821983476529,2.4691465524985756,medium,0
3.0042319463369016,-1.471211744279153,8.816544247442682,-0.6544090794547235,1.8374099352149038,-0.22083449203708258,3.7941819472672753,medium,0
0.26419205487101105,-0.5139962783283388,1.5126899299516037,1.9893549404322743,0.16756527285494394,-0.27813433828981726,0.6103532703885454,low,0
2.7248991811312733,0.5921029832024916,5.37299859542162,0.2026007391471647,0.9216618571102572,0.6230110292977487,2.361420487691172,high,0
-1.5027550240295349,-0.6029578088814181,-2.2657354742347544,2.710158938106332,-1.7755240026386825,-1.3206416595298065,1.0646337680782247,high,0
3.256852520695924,0.42679019325864453,5.410153313508161,3.986072706989048,3.8127249084812824,-0.6854728526884201,3.8904803430681625,high,0
2.4451591769646877,-0.7838417390846841,4.592124413043847,3.2799090033861624,3.959597039507994,-0.3546803599307581,3.0591575472400345,high,0
-1.2118869140593944,0.4924834847446222,-0.3539021243183118,2.6819308113069003,-1.1333319272348987,-0.4706731449821802,0.9842796619514691,low,0
-4.321775292612951,1.577327297050473,-4.051585746982297,-0.0852164471099246,-2.4157941145269746,-0.5054495213555146,1.323105247433934,very_high,0
2.715612306483834,0.9546668160293867,6.108302690836011,-2.5604332684371194,1.733131783599564,1.2553231895309385,1.7795181215978952,very_high,1
-2.7343503257531356,-0.2504079935680075,-1.2670738465267035,0.9734862359445788,-1.9639958737944534,-0.4983229729424129,1.4236103256431265,medium,0
1.0454572090850884,-0.563066199795102,3.6405096913353274,-1.7977066650500315,-0.4170884561377184,1.1221417339195243,0.9369784797546323,high,0
-0.46419858367504774,0.042249604426835,-2.54510631875255,3.117645433681655,-0.3402994104397077,-0.4041539057073227,0.09219378943027823,high,0
-0.9037260164446762,-0.8042679214494173,-1.1662251265116141,2.192775735605756,-0.24926083524693088,0.16504063653773915,0.3732676190242542,high,0
3.7451015700014,-0.7203883588004716,5.2456291486927675,2.997698936711631,1.13903463288111,-0.5554003994423388,3.963187035706955,high,0
-0.9604690154835527,0.8813614866061223,0.9579026212197668,1.8934927902277294,-1.5635612023067336,0.2664460756186423,1.608491346413171,low,0
-2.0871006420733997,0.2651070945122431,-4.424917321589348,4.196277238676667,0.5668338994482107,-0.46052342116131384,-1.088644040809443,high,0
-3.386999690710855,-0.73238274559508,-5.599261076312106,2.850116007576376,-1.7234657715531823,-0.9074963807359919,0.3152380326162937,very_high,0
1.4871821129224503,-0.5891790496976468,1.7271828532390094,-0.6552896734678282,-1.914486750118219,-0.8796738134146368,1.8151279498268327,very_high,0
0.5805150414566563,-1.2592955518800382,6.63162825753622,0.16878401313107338,3.254818148937062,0.40105830769363265,0.12049989870551814,low,0
0.4891564602238996,1.1280026262015077,3.172521875063855,0.14559636827275235,1.3649716156858553,1.160248131829619,-0.029701955433364402,low,0
-3.1237559456085826,-0.25688998392488877,-3.2572596181221676,1.0939245869505727,-2.105541204192578,-0.39981733107460027,1.2174952163538872,very_high,0
1.0008768564957549,1.4588191358564693,4.803433699655395,2.5368216245066995,3.195022644090419,-0.2314180612049924,2.1296185838367125,low,0
1.504148763826857,0.8212011497518233,6.4197333417997635,0.676370247840674,-0.7696093263516277,0.5548672402144881,2.230928102860438,low,0
2.0345754982123134,-0.3145003933502,6.44951614753677,0.00023791649462268083,2.0467480912813034,0.2316699390187268,2.1235480061444187,low,0
-2.84106452561581,-0.7146128121242966,-3.5805727590688186,1.6439932002012199,-0.6440821826156403,-1.3383418253219395,0.11176575900078123,very_high,0
-2.5279551305017214,-0.7531115801973117,-2.547227356856944,0.776286543964197,-1.3835991611484888,0.07610241646858744,0.9612507312392953,very_high,0
-1.4799303083777482,0.5094948616555286,-0.33068930659370627,0.44149640498750553,-1.188486940842004,1.3422567828601808,1.259082833054624,high,0
0.1166354434173773,-0.8452301054368538,3.515621103808599,-2.7286276041871336,-0.07720462876219947,0.15086762851156252,1.2344898676456422,high,0
-1.039813575050548,1.1868930775958975,-6.173688301317824,4.04399303735962,0.1828356776137361,1.3451846553462978,-0.9490371815703418,very_high,0
-1.0702000825429587,1.6516389486858793,-0.44658596234657855,-0.7623617430620349,-2.352933530201459,-0.12027193932576595,-1.3113901130826784,low,0
0.9651302529068566,-2.021993522748063,-1.5082150447584584,4.4425374698658535,2.843335283538317,0.5443227047657363,0.9322437546627776,very_high,0
1.5534766000169562,0.5627198600820792,3.213863223695578,1.6140982569166198,0.3440178021129604,-0.9780742626635524,1.5533430611336096,medium,0
-2.937007303244445,-0.3187388995774793,-7.643976404135446,4.014765478521427,0.22685408815169272,-1.1815307533301556,-1.3762321570038358,very_high,0
-0.5869991024563413,-1.547278551246919,1.0708100043002535,0.9214408787705863,-0.946549096292078,-1.2094224538918343,1.280434886773282,medium,0
0.7211671978755306,-0.10875102283361787,0.693195036525056,0.5807675024519331,-1.0179346079328633,-1.950095160018759,2.4926335758459506,very_high,0
-0.1820869923887658,0.959575892385135,0.27046159069067666,2.784153559703979,-1.2060977543206919,1.029758164309032,1.1418030388594689,low,0
-2.560098471850025,-1.1046249740939926,-3.020256979352255,0.3101646160689746,-1.7899263145085391,-0.6807216091177045,1.1831392036690944,very_high,0
-2.6645193901908035,-0.7038332580694631,-0.9864345079772107,0.5397151049806355,-2.117490656604944,0.8854705829400954,1.6768821263916356,medium,0
-0.07450792276917251,-0.3723183535704842,0.0428687857767702,-0.31178069342545056,-1.4307677878141998,1.5654546599591121,0.6166994257215124,high,0
0.7734007196186701,-2.147132099966032,0.31852331258613403,1.8082018684988381,-0.2445194600081586,0.9983045685783835,1.2291722853107958,high,0
1.5676172793699865,-0.31556769253452216,7.562151394443424,-1.0599210394278138,0.7987533052634488,0.9465485277167823,2.0922294759024984,low,0
1.8490592591138248,0.19807861703159935,-0.42487586439943004,1.3721217513718218,0.38288809138911417,0.4793542588185019,1.54211787271717,very_high,0
3.648257662440395,1.087726751338853,6.492035113580911,3.7494188037548613,4.167351588304289,0.33429996375100834,2.8127286337373114,medium,0
0.5757795886467542,2.1648925891014574,1.9770806724888503,0.5017850894078429,0.352281198531851,1.3173513046520113,0.9886360978120343,high,0
-1.3410962153762176,-0.4192313788989148,2.0269439236897373,1.351284368438479,-2.023311201517554,1.388088236640302,2.0376002010316165,low,0
-0.07610019231015008,1.6736906973213392,-0.34263541435510053,2.5194582428561967,0.8761432725593092,-0.22511256068511618,-0.31679577349399335,medium,1
2.655753751320346,-1.3358268451505217,7.431491669827927,-0.024503138050359308,2.751536360865683,1.8476600029424488,3.331018899314804,medium,0
0.10442677481724383,0.1051599818512121,1.3567580164745243,1.8678354556945347,-1.3455284024228469,-0.6326482514400192,1.5477702159064421,low,0
1.7102807464171939,0.48708655911559395,3.734801905596678,-1.8794111911024445,-1.1119073350020694,-1.5081692093721777,2.308285588766261,very_high,0
-0.8811478320195989,-0.3321777939307386,-0.26956588661292896,1.6329448415530148,-0.8162115471390472,1.5012768835117287,0.8952300127013411,medium,0
-0.7172939181708526,0.31162882372473,-1.238531750672493,1.2816798636929958,-1.0993073577642023,0.6943993421472372,0.9961339063787026,very_high,0
-0.17079298941350785,-1.2389659448048371,2.8487555253281425,3.1691417391468573,2.208464764948764,-0.7254717093581022,1.1711516668550768,low,1
-1.3597023601658993,1.2154705420797873,-1.8770437245669265,0.6831229372359472,0.5702039410317978,-1.223669272060771,-1.538239225014225,high,1
-0.7703594274818614,0.10062211083544212,2.4780446661150206,0.09206286648154283,-2.324768648564318,0.5141409907607227,2.570199154213679,low,0
-0.5105861799262211,0.11802771394381888,-0.7156227975332958,2.695492805771108,-0.21436095498840546,-0.6086282874660651,0.28320628107269863,medium,0
-3.638530217199869,1.9607178320387029,-5.6688399867568755,1.992294791256069,-0.6402820491264806,2.672156742628014,-0.29842487198458034,very_high,0
0.08130903844141124,-0.10885388073270116,2.7125262651032287,0.7640931761786697,-1.2662508473683798,0.16802560175953143,1.8411854860417332,low,0
0.19427044475611388,1.1941481480131266,-1.9668755304737322,1.3036414569218626,0.3100426894673286,1.5273082241945979,-0.5039554204901551,very_high,0
-2.077915720251524,0.7582447761547977,0.2300905641270006,0.08010302268078662,-0.3894172200315127,-1.7548708515422513,0.8349241645553491,medium,0
-0.39462156465693077,-0.4984640825408434,0.49859374432419057,0.5870020540333736,-1.082506356171775,0.1968519264748205,1.3948830764495725,high,0
-0.9025118137039605,-0.19861572287846402,4.031060718152875,0.02740863335876731,-2.068234185293606,-1.0025419620049292,2.593852516151866,low,0
1.5658080319367729,0.49325417619303186,2.1917080685046537,4.505427427649181,2.8507409574825124,-0.028901523497860945,1.0346672146572686,medium,0
6.55500737574144e-05,1.2922937468847076,-1.0746792441915474,3.8665995236357116,0.3700237164976332,-1.395890234463619,-0.21481786819340076,medium,0
1.0953231545755902,-0.7071886792934604,1.0874648235073938,-1.4799926725666903,1.4936535903360535,0.07468163945423903,0.28667866525930963,very_high,1
0.040779360292638955,1.211265496493013,0.3459621500887052,0.06564460967349506,-1.0268397270759924,0.7985049046156689,0.020205683740999625,high,0
-0.3347647882161142,0.030233802717335615,1.3481417684042973,0.40155353393963,0.8563418618450813,-2.0755950648778367,0.2565095954033433,medium,0
-0.6578381401549901,-0.07434951480792218,2.748718001807103,-0.9009556918260164,-1.4534460384601697,0.3499755356256891,2.112790028249371,medium,0
1.095830497407648,-0.13579564025701485,4.738988407940472,-0.9737473612103902,0.1970195793519567,-0.048495861548826256,0.6957178136167305,low,0
0.9281932335516219,-1.808342054024234,4.197612942029311,-0.7927342410822111,0.027440834638236433,-0.1395140283330708,1.0169984690115037,low,0
-1.75641368930961,-2.5258316858046084,1.18180669672903,-0.4029351255179139,-2.4860046104732634,0.4917798896006909,2.4201890354875824,medium,0
-2.2638396599041215,0.7158663371640762,-4.478832000127241,2.7018888322052748,-1.6149987226138727,0.9421743035938688,0.535595003640439,very_high,0
-2.306165018250309,-1.6840937293474054,-1.5078793155230295,0.45619844988605485,-1.7433653672406928,0.589228284886637,1.3714031405964795,high,0
1.2703703476664732,-0.3311642658558212,2.3396906130700628,-0.14457689422741948,0.12563345414737803,-0.2122343016155467,1.0707303967380182,high,0
-2.842342925773168,0.4732152090075886,-2.279786459298428,0.4101937975186596,-0.8011766908230233,1.1021953187712001,0.5529618938621103,high,0
-2.258412474018922,-1.473280172893692,-3.9951414968265335,1.6092303800481575,0.9380370435363778,0.4866194801281112,-0.95626423409224,very_high,0
2.1927777789864304,-0.5605573450943682,6.086702746642378,0.619935416344774,2.271201879260694,1.6941757581910564,1.87242370261408,low,0
0.9601688255555364,0.9626135747116324,2.7368164971116506,1.0095047693577208,0.4128734859179145,0.04203903699723074,1.2427824279030866,medium,0
1.84730407543932,-1.9300868693234323,1.2301287925296123,1.8962500092771248,1.0321214702879296,0.4319965633696103,1.4830959606055296,very_high,0
1.1858132182440964,1.1629808803918416,2.633545535910969,1.0763230012820695,1.097663201147986,-0.619871070624552,1.8545737925767793,high,0
-0.6923060378390004,2.021193599580755,1.6910337408986473,1.1120515876087167,-2.7291159480480034,-0.2163003284635096,2.5812051585536464,low,0
0.27826039098390454,0.8454605329743672,3.7729852060435363,-0.4560257932039782,-1.9059395314232068,-1.8046029093892233,2.682317730578489,medium,0
-0.1486655379754085,-0.0001316862269378586,-2.574546692750055,4.1338049205240495,2.0201967025228402,1.791782273613359,-1.7318311435394926,high,0
-0.7817430952173485,-1.3313494413752138,0.1585655602919735,1.6873902677315389,-1.7574874257481596,-0.2197437480218142,1.5699577309062773,medium,0
-1.094909573194936,-0.3854009764969582,0.016318405885470098,0.28313010210728096,1.1601975789383803,0.16704310416914414,-0.997945062375327,medium,0
1.808825790509013,-0.007928587453370405,3.9268700137622163,0.9970057654819425,1.3952439815042461,0.7670502184927098,2.576715429828176,high,0
-2.6863374355439023,0.03355159681824261,-6.006312414927433,1.8901060923419297,0.4088567182331726,-1.3030019218148046,-1.0484076839382082,very_high,0
-0.7538167721267629,1.2576769778532042,0.22118236052844165,1.5506430034028715,1.8583181242264304,0.5920318093946155,-0.6527274284389202,medium,1
0.11243490296698044,0.05624533757317886,1.908295329772237,1.7488863954606928,-0.3687274579018427,-1.4036673060505274,0.9945256484901848,low,0
-0.02310474983860855,0.011208153195899085,-1.1143052871860266,2.500706637576692,1.2764246062851754,-2.2832804575272303,-0.5447118774971207,high,0
-2.227431716748117,0.3798334550370854,-4.059362636183062,2.0984149801420315,-0.4369017760973626,0.5673056252922603,-1.7119820577918075,high,0
-0.07589829680626248,-0.4990082644297892,-0.6288585819026982,2.071126732853511,-0.3997453782312004,-1.7606364433375037,-0.9216346759316492,medium,0
-0.5101270987551989,0.3181593274098852,2.477359274445793,1.8232143339196476,1.904807202854506,0.4136478982823735,-0.8601904955331896,low,0
-1.9097236494882843,-1.0992485575665147,-2.5355095184245093,1.41737816534292,-1.5274905699527856,0.7254915722630145,1.0086129567112572,very_high,0
-2.5049699339311164,0.3763670371991087,-5.273679767463548,3.0475363446951524,-0.6050528864622013,0.38658258917092975,-0.3400006025961315,very_high,0
1.4404163265049958,-0.18848685975882942,5.070386687398599,0.5820508793284299,3.0516712891634015,-0.4112799243305384,0.5094363432394926,low,0
-2.4335030966582316,-1.086410953355618,-2.5634539888558736,2.4268834869913727,-1.293293240547992,0.4915579194025869,0.65960629798635,medium,0
-3.3887522181747354,-0.7527574968571061,-4.605396819151047,2.9294380864594833,-1.6660859938621049,0.810530762789549,0.396932092145421,high,0
0.0009421018983486462,-0.2644803487686226,2.986721858350889,-0.4893131295694344,-0.5371416367030563,-0.5438015954613664,1.6172102054524595,medium,0
-1.1949095057605281,0.637931960055289,-1.193149153494231,-0.3753440447844143,-1.026499507887346,-1.5565369342016249,1.1832388360996824,very_high,0
-1.1174745327958064,-0.3846301320712339,1.7667187639116908,-0.2198468082449716,-1.0179558463707392,-1.3491721041435163,1.5581289291240061,medium,0
-4.229152217992618,1.901384665586316,-5.954588598185036,2.329405747252067,-1.0316120550598384,-0.011837146240324198,-0.23198541961675367,very_high,0
-0.38874523416142326,2.011721575442747,-2.634720603853686,2.331417665866561,-0.4788856168448833,-0.8229035909764744,0.2479679390515206,very_high,0
1.5552692271971544,-0.545726040636194,3.4352606377501536,3.6616983827780976,4.0175179223580715,-0.18309078461128447,3.1941214403331273,high,0
3.7297911637243475,-0.4167054835910575,8.05612620734423,1.3676388948554656,2.151369971604245,-0.3897621361164312,3.7461136724066364,medium,0
-2.117060724345309,0.38364438496964126,-3.6681946580667386,2.4525463240270144,-1.3285239177788226,-0.1194544012563351,0.5168094633198703,very_high,0
-0.9500416300538268,0.11704103558126315,-0.7038265437618564,1.4261420977270776,1.1934173465898448,0.2438269266167647,-1.410926902043262,medium,0
-0.9913979419635952,1.6834148447426684,-3.349499356083287,3.3860726178519656,-1.1016847982987334,-0.9959971069613903,0.4434507827649321,very_high,0
3.591487965070364,0.9846557981376103,4.801598711601543,-1.2559201538161462,-1.2317973232068569,0.7838234057466584,1.6573053043604684,high,1
2.6054361123916596,0.7906415838876719,5.300029646689286,2.2292441290397242,2.095234424104719,0.9393198902324554,2.809462701890502,medium,0
0.09781936205290642,0.08071372672644667,0.9881167711084048,1.4920376817621517,1.0870455950539142,2.340722611525677,-0.49869350369159604,medium,0
1.3185749383179601,0.4220143594106939,1.9183316293419308,3.234121744559377,2.9339184933478393,-0.2167150113864274,1.753125161850355,high,0
1.7043168178107793,0.6080926239670689,2.9539124443057783,2.4395867785971026,-0.35419924621587007,0.09743628697865848,1.1642139115455497,low,0
-2.7218208100113404,-1.2758532046813285,-3.653379224343899,0.9578668092282857,-1.9130975453663162,0.8740934027649491,1.0304883280495152,very_high,0
0.8584457183025211,-0.6183968529606526,5.0593568971905825,0.184543413651018,1.7868024645040181,0.2068825297567905,1.656212675812844,low,0
1.153861771232192,1.184984447600316,4.423286796653292,0.9875313960518842,1.0167472930143837,1.817310819725607,1.8734287648345473,low,0
1.5322411762975185,1.3538918593234255,4.7347576033626195,3.0387183418081745,4.88627055125407,-0.09515051205677928,1.4199882540651614,low,0
-1.652583390469133,0.6503111974963428,1.184527487121914,-0.5053589781783381,-1.584805100033817,0.8584588426390306,1.8295711582820817,medium,0
-1.0281004570209202,0.8876229633803967,-2.3353654872691383,1.117050184817176,0.29649860586300114,-0.16066484837472153,-0.302965351209574,very_high,0
-0.5377514811367247,2.0850296762606915,3.2566216099956318,-0.11644089966863214,-1.8070830759498466,-2.289227264184065,2.3466170917747586,low,0
-1.822815882751688,0.8934728944259902,0.4424534780920511,0.6085296014261115,-2.310799789141175,-0.5199418374222072,2.0932235379278694,medium,0
-1.74410030002842,-2.510222141040413,-4.767508069219113,2.099165464127781,-0.634633224891171,-0.0386517688273251,-1.6790189806459053,very_high,0
0.9922990972351322,-0.686880234788128,0.17455203393583593,5.882672801966491,3.7067512966498946,-1.0260352475552401,-0.12568957735988007,medium,0
0.9512085654700597,-0.621159243445229,2.6418357546901468,-0.9433530775858145,-0.9045238185062143,-1.9158690263084484,0.7208015013787195,medium,0
-1.173673706821108,-0.131120463249672,1.7985770776350507,0.8596620380942943,-2.439804097715045,-0.34322606870467587,2.44350608571309,low,0
0.06420763884716685,-2.079697035146007,0.7490603481131686,1.3472219360652335,-0.06922900803831866,-1.529407723231631,0.6803043764148087,medium,0
1.7578548842601343,1.8914551152692207,5.914451007863385,0.41470743556952694,-0.33466427556714007,0.3005869246391313,1.9038915369937282,low,0
1.6336533581192785,-0.5668034520958176,2.3349331615987365,1.2144854112751713,1.5090102561647953,2.0725985407625185,2.5330098333948077,very_high,0
1.182599108562946,0.17215866960644105,-0.45709261336611656,2.639670420841864,-0.4543732339181359,0.15376382954470624,1.3636235977866564,very_high,0
-2.001258901368259,-1.0206250405038206,-3.3787015206475597,1.9551123922691036,0.08169395563653792,-0.8160641884917624,-0.260954061867559,very_high,0
-0.2832772557737887,-1.0783641637948653,0.9756103967258897,2.1652254454048565,-1.840047269314013,0.48266502604130657,1.809363375886646,low,0
-0.5020637665424761,-1.4198575345849727,0.9918484808629489,1.4800383459753343,-0.46623562938422214,-1.190709431945161,0.9289188274774312,medium,0
-0.37276780841862944,-1.0921199097223964,-0.021536804580498503,-1.2976829269516197,-1.682859232641645,-1.47314587664653,0.20959982609142724,very_high,0
1.2755996151718496,0.6768376541110072,5.794805750000293,-0.2284882287252461,0.8688048224097296,-1.081109347824113,1.5443174793304266,low,0
2.186160639000949,-0.9220243251771819,4.403327286916801,1.5115610568547118,1.9342681362818226,-0.7158259138747501,1.0831253535379437,medium,0
1.0856457539264293,0.3644260771353479,2.151997655656193,0.3816023694087045,-0.15525413038562452,1.6692469423765,0.42925444672470137,medium,0
-3.549711795289502,-2.5495393447366808,-1.867596514461461,-0.8545114585897011,-3.279630701210075,-0.839098222571048,2.3800170370143245,very_high,0
-1.9362496248971477,0.5520083103157789,-2.9757320259211917,2.9396357069144443,-2.4588412024551753,0.569301667889382,1.3218940008318716,high,0
-0.045098323754437564,-0.17436283641253425,2.9170608560958398,-0.13325823218221267,0.0891685275485754,-0.7256174565632872,0.40354865092989056,low,0
-1.0455115696915882,0.23146158249877297,-0.61496851208585,1.0215823736700977,-0.9225252646731821,0.3097295030870087,1.0450591017841115,high,0
-1.463112233997367,2.93818806715577,-0.8371923074194035,1.0413884611458768,1.2447133509461332,-0.6666192774947225,-0.5429658997349407,high,0
-0.5355215845176033,-0.2993938433322431,1.4222954304517699,0.3600800160485098,-1.1106276870592697,-0.5922443776240135,1.5600531622789358,medium,0
-3.0652240579732863,0.16872257734587723,-4.000563670900317,2.0220353359769243,0.08479834430065591,0.23018080622921966,-0.5219366346549206,high,0
1.6050523740930642,-2.272141655570607,2.428746643360858,0.8889894109537984,-0.6494746816057224,-1.5889896024777754,1.90968423528648,high,0
-0.35557029975816135,-0.42035532657652597,0.6213359431460675,2.2957684264009797,-0.9902825109818896,0.9991495946171859,1.1450229366369564,low,0
-1.292015062213199,-1.1491989346880624,-1.5167772855859523,1.2872766234130142,-2.2706190069245045,0.5179733762901656,1.6640269959811242,high,0
-0.8504277426301128,-0.028366504429595287,-3.3075850348386506,0.9323027940974953,-0.6271696562087712,-1.1491833674036658,-1.45566444394989,very_high,1
1.8585949979065932,1.856672337917714,1.8638637718750628,0.9622557554251476,1.4195718016931884,0.03242660418700401,1.8334210391168975,very_high,0
-0.1732241490373423,-0.2542156502880655,2.114984069827198,0.3219074662111786,-1.0125915068617493,-0.6499442953076904,1.6588529508994565,medium,0
-2.142617365883865,1.2171299211561122,0.7787715974942367,0.3572772367644982,-0.4488652058578937,-1.5222053049258542,0.9202837904813919,low,0
2.945798925042494,1.9553262161497902,5.774039712065303,1.3095325611462316,2.486808085902462,1.4881346272402018,3.33029519271758,high,0
1.315863721575593,-1.1757344466669615,5.626395315244635,-0.31324264551823355,0.11990579450356953,-0.04151796926807157,2.007205206868869,low,0
-0.6060988284618232,0.5177207640270725,-2.9792287207202954,1.0760922420557704,-1.2128417533209397,-0.2567338034800533,-0.2775053762981232,very_high,0
-0.9993310092049631,-0.5948203104540761,-2.146398532604612,2.1790575575685462,0.38474772540475954,0.040798218223812355,-0.24948458594079836,high,0
-1.2081848179890569,0.29658383715080283,-1.4489045347117655,1.5005510635623662,-0.326207250365101,0.4265679117836776,0.41230245460055714,high,0
-2.12214418508354,-1.0923362979510105,-1.7466589754095034,1.1427882033516208,-1.5692692137003,0.1318177325967188,1.1358073849050163,high,0
3.9342263223321643,0.6176206650846504,12.623725435377175,-1.4332125802097526,3.49723482328484,1.2223452564679749,5.081681327220254,low,0
-1.7536970882361802,-0.13609645868164935,1.5386021329228199,0.7574326882485611,-2.375775580489327,-0.1975293374691683,2.312371396237644,low,0
-0.10015080232016205,2.018096732835487,2.295694611482758,-0.8546144105155216,0.6667220133099495,-1.1876011173773469,0.46897379084971824,high,0
-2.174510568543274,0.5559970515714441,-0.6973618312508446,2.1296740992648022,-2.152351900630716,-0.3088646305731551,1.5440941253842142,low,0
-0.3038023601842157,1.0967242076292842,-0.014017053475453093,2.1796118853592827,1.9449256303959788,0.6881080244042689,0.14784906097864114,high,0
0.938386776537808,1.605198015209525,4.400895856279807,-0.373487539826427,-1.8512170294355035,0.7952672124822038,2.67711391564041,low,0
-0.4061831403170081,-1.0499135453695274,1.5247193880415637,1.018055704115659,-0.805526522493857,0.269235132886258,1.2728998815770753,medium,0
-2.641791294898615,-0.49826442644124913,-1.2341525163796372,1.4121690477543953,-1.798758813612218,1.01013071434825,1.2915982339328913,medium,0
0.46049010785205835,-0.015865918453513532,2.5662274750533354,1.7010386633572336,2.616538497384661,-0.8878013803376538,-1.0248606463501508,low,0
-2.411412269876376,0.1865062168834001,-3.2725763071434852,1.1413880698372372,-0.9850810994172029,0.22658392902730803,0.4946972134253437,very_high,0
0.28769259174215067,0.5734337916879819,1.3599311784049806,1.185006219700052,0.027624626139830966,0.8759738379125791,0.7564622528544436,medium,0
2.4075182142682574,0.4915865075904735,8.016012411592746,-1.4449286193959872,-0.6899483257922174,0.2140143897008368,1.3996110574562748,low,0
0.09105042891170978,-1.5482616682308352,0.7752494436215801,0.08462115476362775,1.3155873250303924,0.7760873728625646,1.834985865152173,very_high,0
0.530026412501266,-1.0043402622995898,3.5601252312839105,-2.31765198435989,-1.3581150184291373,-0.4088961749894955,-0.11584557992520872,low,0
1.4332745090669219,0.20541327045775085,3.5739896287571,1.4992204710019021,1.1428226650969273,1.2090863980140045,2.7587932156999235,high,0
0.5581845702653508,-0.08214304557286504,1.7279414836977374,0.1404877624900982,1.823114511717364,1.8146491673230778,-0.4814807191981687,high,0
1.554382368386481,-0.3340530820568455,-0.17348274171341374,3.7538141230692963,2.7155042231371294,-1.298741686610492,2.1825182161056293,very_high,0
1.9280399867270726,-0.13856762339741077,3.1962895320685307,1.6529404034280846,0.8074246273353192,-2.567435909739,2.643696518532829,high,0
0.3850096386349362,0.7495550374451283,-1.9199945236429214,2.3368585785694087,0.1384262073942515,-0.27411147538072145,0.42389540107526624,very_high,0
1.1342636115643903,-0.3707442202941741,5.589624608734889,0.03340129812841619,-1.1276734150320515,0.020692582854259692,2.3964550744296123,low,0
0.6876496663780223,1.6740194274372373,6.84871772950396,-0.414553654761769,-1.2518816850270826,0.21635653459128767,2.679033111139514,low,0
-0.966221278910428,-0.08443678635553135,-0.6949384080619608,1.3078181557820023,1.1997977945433709,-0.6527362855635124,-1.0309759195145303,medium,1
0.46803140803316146,-1.6001892867621594,1.6586693630360831,3.7439858933188273,3.1141517363575506,0.7065207734206274,0.2942384124660167,low,0
-1.1601354731400917,-0.5495445908100448,-0.048191801997210175,1.0496782027277576,-2.2723048705590374,-0.0809879094021674,1.9308027772336533,medium,0
-1.4887217322359438,-1.1550298404080184,1.3663066764142398,-0.6091209829620396,-1.5131723121629994,0.7599128431764837,1.8187160024435491,medium,0
2.4930547917967916,-0.2952012531026962,6.643245906068985,0.5146023835438082,1.4509236569940893,0.6145472376508678,2.1293548910346,low,0
-2.1426111820753855,-0.8993732013418966,-4.622049691937347,2.761258187199479,-1.26113372052418,0.6102442577895195,0.2842645532702823,very_high,0
-1.3511308051335396,0.04712027181092377,-0.3934688148827253,1.5353384980455225,-0.8950645105530343,-1.3993730461455012,0.9069581027745678,medium,0
0.3767813616572413,1.191720302401696,4.3627887965940255,-0.5087394985245846,-0.6705305265741139,0.7058941961045526,1.892194818948595,low,0
1.9001446660828947,0.9269996287341687,2.3889791251893295,-1.9884302637873668,1.8328687109099964,-0.6757180024155319,1.0399970272316257,very_high,1
-0.0775518941482316,1.722709710720728,-0.8168551297732001,3.2044177533490945,-0.6760333111058542,0.5789130237728995,0.5998096609113095,medium,0
0.7514918504721515,0.4044081540714172,1.1870882888726901,3.84031537529048,2.2133455678779526,-2.412550817919811,0.9688099824654469,medium,0
0.9147743079360995,-0.38771686649156756,1.2652808340821087,1.2497192608052832,0.5179151272711023,-0.32509647147092546,0.35426013352536656,high,0
1.0890986363218713,-0.3704277144696703,8.361058945444032,-1.8330003828138748,-2.133343293548527,-0.8418843502853434,3.75418794731749,low,0
-1.8252262941604438,-0.17348659071395278,0.5862249908197005,-0.45949423868832007,-1.5101548249319523,1.4471347984448446,1.7253025201500853,high,0
1.6229620582065536,0.13035720265710996,1.750943044750072,1.8912299039061644,0.5464984541158195,0.08488824152666716,0.6382212806904876,high,0
3.0811953695676855,-0.8238613106230867,6.847584942509761,0.7771407918678834,2.562689468872688,-0.3515133767588989,2.024852596481205,low,0
1.9012405766137594,1.0397622896047818,7.71874978494852,-1.509459717636526,1.0019376390607286,-0.3416184667703161,3.414374921612337,medium,0
-1.4918108148301725,-0.8411213675603924,-1.7452529968870074,1.1478380083452249,-0.3755486445200259,1.7419225318939382,0.43980679442513304,very_high,0
3.0327752785599302,-0.06711638753511132,8.208298417602064,0.9012486269561398,4.284451289078714,-0.8326072197388483,2.4257673876974013,low,0
1.4916495772527856,-2.1767797009718484,0.9755191447094286,1.1735510064356025,0.40207474225995665,0.394111930370858,1.3801818625567184,very_high,0
-1.541195560904875,-0.9549640356430029,2.5439921339841787,2.5657865250520535,3.042009900518362,-1.8552505395526635,0.026549718359379026,low,1
-0.19801651951439836,3.0966955137720533,-2.433535577307045,2.657217662066652,0.662404597957607,-1.5693563427251942,-0.3208112504419691,very_high,0
-0.08214147580617581,-0.21032777286549081,2.1065985024360456,-1.214076887930675,-0.6043510839407746,-0.967254737981066,-0.5920524960606883,low,0
-1.6587309499377387,0.05042676413944306,-0.03797873196481968,-0.683420192962176,2.2430758484734667,1.2622778906716723,1.351537693917743,very_high,1
1.471563215869583,-0.27199997230813616,3.0317552130875676,-2.666111421171059,1.1127911604618739,-0.6220648349449548,4.148555164600665,very_high,1
-0.614577390855433,-2.007303899675303,-0.4311195091817202,2.3663026058105205,0.9040666433179256,-1.7478845946618555,-0.33236496491990675,medium,0
-0.6427949894048676,-0.7962241227738193,-0.24911082723254518,0.9203588526600052,-0.7656441109852026,-0.6936979676166672,1.0538034503811693,high,0
-2.7969451232728,-0.8964694377502004,-2.884885481582826,1.3463285229668216,-1.5979481952763295,1.196260988306875,0.8809466638153383,high,0
1.7714323262856064,-1.097643363578611,6.930021020758315,0.15831032570632586,2.4406832209019598,0.5079326699620159,1.1091003721197399,low,0
-1.6551106607763395,1.3700263763762275,-1.9495232142036028,1.4947262249331466,0.3111176429230942,-0.4538835988490723,-0.11702557026370863,high,0
-0.3715631465735094,-2.5280045890204903,-2.208658785942364,2.9936629342295302,1.0719857050993877,-0.8341940938737827,-0.4603902454941273,very_high,0
0.9275965890643205,-2.0029484138651927,3.770270782923571,2.119077713898492,2.050175684462052,-0.4167916511383418,0.7924052882219778,low,0
1.027959470953905,0.20400038107769147,3.281995465207949,2.7149472432728396,2.9101752517557262,0.6771499741332931,1.0521888912614736,low,0
1.360208052690753,-2.2301302529146136,1.8753546902870102,4.69601483220673,3.5246693872352504,-0.2638282304006328,2.7939401282667937,very_high,0
-0.5673359066080909,0.9512773888765313,5.096097964567515,-0.057401695905911376,-1.5738720055954047,-0.3278153102393581,2.4955580230412,low,0
1.9026309867192457,0.7954327068074329,4.72304995147838,-0.02404843147340996,1.042143681582633,0.029174426768095948,1.836630271923309,medium,0
-3.5422562312278068,-0.9243041684813366,-2.445035451848183,-0.27108882154885405,-1.0296329992121083,-0.23642593837068013,0.7738194418572926,very_high,0
-1.335316839156801,-0.6665562312330459,0.7412567260203156,0.4303884925825666,-2.2982953778229107,0.8741698718964994,2.1251223529545795,medium,0
1.18066870138882,-0.3637845296098712,5.72030075517615,0.3043410673463296,1.12090376262187,-0.7701191072317533,0.33192377345154733,low,0
2.091313387116076,0.2445980696492174,3.703467870266855,-0.2770514034623912,-0.7455296338123074,0.8634140715616104,1.9560177643664267,high,0
0.13536246854697964,0.03627929263833515,2.6960823972783055,-0.24183788854830413,0.3694590941941889,0.4576097419403723,-1.396137436396227,low,0
2.522112790244747,-1.3205962897466004,3.7705206894301697,-2.723864844708563,2.3311869272534915,1.292408930468729,0.5552308374852261,very_high,1
-0.9113697151973659,-0.10548536715777655,2.4414706783203184,0.9559862944412436,-0.6792416841759938,0.5099312413567952,1.3471911766362226,low,0
1.6800414122700718,-0.23681784303685838,4.966699904960966,1.6608905735766781,2.0900227479102456,0.7132981766206321,0.8635198820162306,low,0
0.9790814648243968,-0.5484036812635643,2.4746234501481745,2.8671224245264724,0.3792682333135462,0.625120456339924,0.5355867916458937,low,0
-1.9810784214506463,0.14462763378954377,0.11146614435594863,-1.0192790959166276,2.1727621501854655,0.8731692923815881,1.8672882190411628,very_high,1
0.30084670834364946,-1.3945595133260753,-1.064970808519638,1.026420934501001,-0.48152654667576233,0.10067550309893408,0.22467329559706162,very_high,0
2.8790709366240352,0.31977804112682007,4.714829006236904,1.5308064064142368,1.6217758250581562,-0.09716710637250317,3.7304986477437314,very_high,0
0.46484087316966227,0.17281227977128397,-1.069972439462224,2.60480817997667,1.8504559202681927,-2.1193013676882075,-0.9891240061343709,high,0
-2.6319104193808602,0.2277091184759583,-2.357753517909791,1.58742769674416,-1.666222932219981,-0.734004994289151,0.936581567634809,high,0
-0.9835936449094521,1.7606280346244925,-0.407166184753982,1.918505395597022,-2.0349207754016487,-0.8404347626697068,1.6301050463684854,medium,0
0.7597467207119306,-0.7543246385464069,2.2438707716967246,1.4909232242148236,-1.1985699836979768,-1.3247859103992252,1.7357202919565118,medium,0
2.045619115274476,1.8286252624418249,5.948012410638965,1.4479587231341575,3.7386556036982714,-0.8515918325016023,2.9017687843125484,medium,0
0.11702008739914671,0.3182552465834273,3.7468040464388372,-0.4432929657469624,0.48247783780666564,-0.3285665162529581,0.2791949293416902,low,0
-0.8209792212411693,-1.5838955910878494,-2.134096442513507,2.2957781463667093,-0.24191173300571922,-1.1769198921315842,0.14360391091495694,high,0
-1.8414962236786867,-0.49122441461711286,-2.4368025742908754,1.4412215831182047,-1.129536199251689,0.6745050331548218,0.7562815350934468,very_high,0
2.4903679961306198,0.4209727825314667,6.4544707957237675,3.10549296746799,4.490050602879294,-0.015949726976770034,1.8494105867474713,low,0
0.4395053582672507,-0.04462762306644215,-0.7005413971435637,3.6519001820651615,1.5318421048021955,-0.16557897256759446,2.134294588219449,very_high,0
3.2860425380965363,1.2910522327024336,7.413847104326093,0.25616803971151103,0.40291362026221156,1.9017657087015443,2.1457977085436317,low,0
-0.364379102523517,-0.4961139797833766,-3.8438814789102542,2.3953399396041153,-0.4588811104446229,0.08402176093309313,-2.0265106204335193,very_high,1
-0.6287538560689948,1.2284664904235425,0.17939548367134314,1.636294147212428,-1.4996266105550329,-1.4738408968097159,1.4379187797026185,medium,0
2.9294078575453195,-1.7772637986896467,9.066962263763452,0.7789262826697738,-3.000935464759716,0.4760108000656256,4.250362887147735,low,0
-1.3042809768084178,0.6538645046423779,-2.3756014619819457,2.467845440743041,1.5950630943211739,-1.3507974226106847,-1.2347635016770593,high,0
-0.1816984889308273,-1.1175860426233242,0.8972822394770156,0.06525206936585892,-1.533791626494862,1.547640773595271,-0.19396731194747385,low,0
2.632428665124384,-2.520438470619065,6.062217513789657,1.1859888269675258,1.5034925611067835,0.016707384737974892,0.755554242465312,low,0
1.4265181991463713,1.4571018262274051,2.808700100526877,-0.03811670052402438,-0.8433828604254867,-1.1239011249228845,1.3208545751115146,high,0
2.9751181435357594,-1.4473960920589406,7.9114787416750945,2.0520186664265916,4.319837095990483,-0.5420835550478789,1.9503570268790886,low,0
0.5448439911243996,1.3773665787811513,5.526980219554332,-0.47722989654115255,-1.190047932621337,0.37835396935272786,2.4553510305146444,low,1
2.6904166900012116,-0.6050636907219706,2.3741669992103236,0.4531304940128241,-0.9453638527027783,-0.5615986763768689,1.1062829447963063,high,0
0.26989390271339453,-0.6604473680075832,1.4058838710004982,-0.058437943596198805,1.6798001386171135,-0.7794562012522323,-0.9187046202459503,high,0
1.521253021811774,0.38827425492643364,2.574338745899418,2.633156157368512,1.8687017649955169,2.979854516737147,1.1259891904564465,medium,0
-2.334663863812679,0.3185008529981731,-4.688997021456195,2.665031925830445,-0.48641561697981184,1.5627487850530115,-0.21193258531091885,very_high,0
0.5731248742471645,1.853834157502221,4.624487267252331,0.9922841439156516,1.8880573979578856,-2.756462797090711,1.1407122934820046,low,0
-1.1455424051376917,0.17966603887158733,4.388753526814421,-2.1288226586219983,-3.1810581907466324,0.9528187772234549,3.556882616956675,low,0
-0.8207871883602902,0.07123139745901451,-1.2090143637924737,1.2808811589286757,0.825578263688399,-0.9041388431014801,-0.2945542405715271,high,0
-1.4606711844826346,-1.0870303280012752,-4.814262582176717,4.097696086524162,1.6149696583211222,0.21309057486897096,-1.773891888304022,very_high,0
1.2254927510057734,-0.8511147868343866,0.2726171926806164,1.7629046215422033,0.7779046331495173,-1.2222257195919537,0.7037182919442591,very_high,0
-2.088228985656584,1.227987809585601,-2.0417124571025216,0.02704061502717936,-0.5218428078885453,-1.362029682001001,0.5194426602566533,very_high,0
1.6114138250217922,0.474603923034761,5.572951867713454,0.9812703430525035,1.17125454510719,0.05171788481318731,0.791276747599218,low,0
2.6039002971911245,0.7239970324019037,5.735438710195723,-0.6364904377421847,0.8025325380171171,-0.2863014028941872,3.5047602355158753,very_high,0
-0.9049323537300342,0.7055485647959867,-1.9382082216861263,2.9544324002700897,-1.4674917880971148,0.15552503758365635,0.9545296686032481,high,0
1.623158675791069,-0.9655750062098389,3.0469788497507992,-0.49188251240683645,1.4574544968819145,-0.10712721717067626,1.4032910768583078,very_high,0
0.9637530955721314,-0.7906736399225947,2.88264865803993,-0.6029725715111904,-0.20407360968158983,0.3535661467404633,0.5193361227228924,medium,0
-1.5206284163568975,1.7097059006073305,-0.015316135710031934,-0.3416913858978401,2.415283612113502,0.7752307288377537,0.7473018697418681,very_high,1
-2.304125009973978,2.1719932094942913,-3.4946359830650557,2.2012761280128412,-1.1959621958647195,-0.35370504225558225,0.4854897486017935,very_high,0
-2.4394757975835657,1.7135297293402796,-4.308908728098323,2.393087197232606,-0.5978470919304375,-1.6199198031884334,-0.13541715296242618,very_high,0
-2.784061513884192,-1.7406794364873834,-4.477366503625486,0.6785551880134714,-1.8034541994297568,-0.5221301862257478,0.8786182883943985,very_high,0
-1.0882243866227996,0.05860393952571911,0.16415068076597372,1.1186904129411377,-0.08416494508935757,1.1289065958772229,0.5096505427188954,medium,0
-0.6639768020601292,-0.7656532852453778,-2.3929953963382053,2.8740644742107353,-0.18882584496210342,-0.2821595359874645,0.02957196824481323,high,0
-0.7511556451070627,-0.9227485635643696,2.4260569981730797,0.4500446221820241,-1.6731110492510624,-0.0023073453984748184,2.082497133368777,low,0
2.1910021356310727,-1.5449093695931155,3.374384125681319,2.853274468907407,3.2550105813487864,-2.259386257904186,2.3552679993813093,high,0
0.20711541432364422,0.7845272604756386,2.4438333903868563,0.8710557694706891,-1.1154323205994021,-0.567195151015101,1.6827752592380842,low,0
0.07675664931380499,-0.7922759541714712,2.2170077314877648,2.725516059004861,-1.1099991577772532,-0.41205226978492193,1.50095103432795,low,0
-3.3967789752434356,1.5366558287399776,-3.3375445609371637,0.7265924327304252,-0.6981611895337204,-0.5615120214444915,0.2511213718135322,very_high,0
-1.973375055905953,-0.25212315877207636,-4.550751863305396,2.5651768811532456,0.6113947366859771,0.02197329596321629,-0.9135793413649347,very_high,0
-0.132230237146703,-0.5900566735280575,5.815896098287862,-0.6881307361931501,-2.3277896666834934,-1.4798649055088138,3.20984237377633,low,0
-2.253948632525547,-0.9724037396106213,-1.7978018967590823,-0.410068235640197,-2.3345199014813103,2.133645604681897,1.8853184435743584,very_high,0
-1.824920090605757,0.2862782230818843,-2.448383192188817,2.4905212489126036,-0.9526220785169119,1.8044489719871246,0.5226023588076489,high,0
0.638091783964265,-0.14277495317069325,4.234966753376241,-0.03755242494220434,-0.8825724260341223,-1.3443404721448917,2.0245309486450482,low,0
0.07924481332680289,-1.2040869501711966,-0.028134351826159695,1.3508213563520388,-0.559399819462689,-1.0614729729236276,-0.459599423769939,medium,0
-0.20813647464552054,1.3691143676747508,3.1412261483226462,1.7838275779877777,2.1205966257090685,-0.39415809652607375,0.08697520603844433,low,0
2.07526195911437,1.9178480016066657,4.02714703717939,-0.3852151584059651,1.196054737015265,-0.12907998804685242,0.6676790223847434,high,0
0.020160253590282062,0.5042572444841515,-1.6970947133918117,1.8528740816369704,0.08611533186403131,-0.3151920599234445,0.16786653969815468,very_high,0
1.2833003908657246,0.5931053993577392,3.7573259358566995,-0.7053752289450668,-0.26894425136771605,-1.002109104633775,0.9948799026291616,medium,0
-0.750252207365876,0.8176863130545542,-1.3429738382166034,2.7912851971631474,0.46760064995622175,-0.23379136759971708,-0.24191652018984966,medium,0
-0.7684437835422089,0.10797981288504269,1.4120583011444319,-0.052751647460314244,-0.9044919924752206,0.4707532415477864,1.4776606975726394,medium,0
0.268899448474476,1.382137994846674,-1.6907593010267066,0.788470562096795,0.07695422141998476,1.1880618762510602,-0.9855063476888797,very_high,0
-3.068991437913766,-0.16252796467625671,-6.781530528369048,2.882542201934368,-0.8862380013674591,0.33521834621737173,-0.37973869123663406,very_high,0
-2.589747901905569,-0.3487752610068693,-0.7835782387661209,-0.26561991382202277,-2.706232091357399,-0.0718131428510346,2.188899496149733,high,0
1.34103255120156,-0.40266821123673147,0.941294761972711,0.4679772045945305,-0.46716166268821313,-0.5070282627910236,2.069232271396096,very_high,0
2.7733270879572087,-1.1467830986265493,5.624468305796616,1.5167993831543372,1.8790644997428925,-1.5309276325126464,1.6318300697902743,low,0
-0.38724045805343055,1.2285176064149128,0.6841561086481491,2.2636160629749016,-0.6269027006952035,-1.2396068113805223,0.9164689046492707,low,0
-1.893914477467567,-0.47995676908502455,-1.7686230631676556,0.6625652955232566,0.9312795284048023,-0.8601587792614019,-1.5196247689044484,high,1
-0.8209914421996214,-0.3707964337995265,3.2523968470263758,0.17624812020839054,-2.369473101826401,2.22815443334965,2.7244455929439892,low,0
-2.8169373779760774,1.6716594366486115,-3.3883169398034285,1.5411477097934756,-1.6529956234820853,1.070882292171469,0.8335188942649442,very_high,0
-1.5769919052265924,-0.9587037291435838,-0.7138434718320976,1.5790662998053127,-1.7552025268845384,1.8209672252662306,1.4101993266327761,medium,0
1.6464933245683855,-0.5142094443630262,4.322875206564161,-0.35485658895077177,-0.3728143719762378,0.999991005059611,2.083419660313318,medium,0
1.8079840672243064,-0.8337472407191158,5.315263733229515,-1.2321989350168192,0.299290345080359,-0.32497944426132624,2.232980725142438,high,0
-3.1684501804370404,-0.8282057056592972,-3.021855552057196,1.0108148044859342,-0.7172447459288511,0.31530962677059116,0.3087388241742288,high,0
0.12612855911507448,1.6629136549874428,2.231251217007557,2.234258836493961,3.0939778069346757,-0.8706427909666666,0.44516022755468654,medium,0
0.8619887524975212,-0.6651402992844123,2.356844186121681,-0.0950140953895835,0.9961735297423568,1.2939335231057139,0.2031471025175351,high,0
-2.472245544329905,-1.40721109950419,-1.9501870997315436,0.21737563551026873,-1.1872939541854348,-0.31856666806083256,0.9324339501335868,very_high,0
0.7152583320530366,0.2454097417713399,2.452552124480486,1.8763446612542123,1.9963960304062287,1.0553655467507066,0.8300781910214994,medium,0
-0.010162224680803522,1.6627772891794692,0.13775363144679484,4.104714408432878,3.8943855811650936,1.3010966934656216,-0.4761150711729334,medium,0
0.7268008048131536,-0.045642853333795405,-0.3113182971262355,1.0214324731750473,-0.13690225638587394,0.02084148213777202,1.7820278118257815,very_high,0
2.69898128581142,1.3427769644230034,3.39321428404397,3.5268147024096077,2.8392165272497065,-0.2705053040961747,2.184315230441958,high,1
-0.9483750400010444,0.17451566154579515,0.1691565182237813,1.7228690820039199,0.15277085524233147,-0.35230487334917043,0.2725041250261848,medium,0
0.08885518067064613,-0.8956885116957725,5.123836072923116,-0.20705635745812745,-2.342827051765827,0.7565529007024825,3.0976420017232424,low,0
-0.8195539609426544,-0.47740623159781603,-1.8565338033138823,2.4302644417077977,-0.11483879534632302,-1.3743992484741285,0.03523809867651395,high,0
2.0282052462084876,-0.14855541490058238,0.5765038890086862,1.1171614128452525,-0.4818018663054833,0.13015106198558457,1.1633134737247994,very_high,0
-1.353593166300827,-1.5730085426495004,-0.18321618812999133,-0.2746370293679574,-3.19695543779573,0.0630776754292401,2.7627000065514182,very_high,0
-0.13520538121647152,1.161211402411614,3.1351044853622176,-0.42352507068475,2.1214124973528325,1.608077135453547,0.35764045041701276,medium,0
0.3627133638933996,1.1121490628065982,3.3708080490953205,1.54980948300016,1.0225413741496097,0.8569052705051,1.6765594875338066,low,0
0.13977558142782587,-1.3578232070654421,1.7342584051214687,0.008554938474953033,1.3046151025487063,-0.36971668475929287,0.3668270674095463,high,0
-0.03266492879253713,0.38785754341559575,-1.7918864981158664,-0.047760995659210215,-1.9643056268805232,0.8205768116689474,0.38381524782628107,very_high,0
0.2585829363760219,0.7633194514331476,3.9671341991679,1.6222239911938574,-2.612314921645816,0.06842531120790343,2.8614227638709813,low,0
1.6730535020290145,-0.40294306860950446,7.930548604916291,-0.4463720714971766,-3.076339726643566,0.06672645623483983,4.141807439983082,low,0
-2.586232542677178,1.5383949844382783,-1.1264167348534944,-0.451506955818745,-1.0809282161775149,-0.12536698599750856,1.1266163853128242,high,0
2.24972584190891,-0.4338475233525722,5.3498308386649684,-0.3889968897687419,-0.006713268832409192,0.19564052831231576,2.762640948009586,high,0
5.3777009834509615,-0.38876875042958176,8.150128540448106,-3.922591710721308,1.8044626001222586,-1.2618774433584852,1.6325511186022337,very_high,1
-0.8249739062597381,0.5321161341863817,-1.5029885047453866,3.255201855191669,1.4347548856517411,1.2158735621989807,-1.2126181073574307,medium,0
1.572458482024854,0.28322495861071845,-1.6193568752260694,3.3007984301480127,0.4937709987181502,-0.9589282677146163,1.3964953341686959,very_high,0
0.016857169059987465,-1.0259433396994282,0.5328268309409168,2.3097467909193004,2.439424419731396,0.02464737821054295,1.3878699800265852,very_high,0
1.5457071514161334,-1.3599682136722742,6.371795023741686,-0.12018481825697647,2.712756498040573,0.40317016663438976,2.675849923040218,medium,0
0.2704958522366454,1.389775295320786,-1.0342294408474506,2.5536920486182213,-0.03644291246193476,-0.15824637244161582,-0.3591146771193553,high,1
-0.37499307340506804,0.4464467833047774,1.4873905554283684,1.5488541548582986,-0.020807635493026666,-0.10500150290412151,0.7405233501089454,low,0
-0.5093482187605227,-0.6141904181254927,-1.5882002962079207,0.8876753665326615,0.8735672474680385,-1.6529345623729599,0.9192629920235231,very_high,0
0.7570764823342989,-1.0308251267194486,-0.5084075881573064,-0.1133339459759728,-1.3296433173777864,-0.5648714942069116,1.904205274547706,very_high,0
-2.014960774220484,2.93032028549251,-0.37808448993496446,1.0656591285746382,-1.3646747748226704,1.8458013203719315,1.2405527285652171,medium,0
-0.29154623193308726,-1.5024245976435517,1.9885838626954915,0.6402999943745176,-0.2074704085730339,-0.06274852556915117,1.0295821462835377,medium,0
0.7966737054670046,-0.9830329867197537,6.438614374460834,-0.48224099568281464,-2.750724868046325,-1.0634418662617564,3.585952108434716,low,0
0.700688275519342,1.5976749967049828,-1.0860180601436555,4.623632203407155,1.6878435583691518,0.8573221919061772,1.1340145862238786,very_high,0
-1.8555296175209497,1.3616234583088176,-1.5491700755569586,0.37765825221535787,0.1242584928466759,-0.19377632021569816,0.20303751530055048,very_high,0
-1.305340901841913,0.8747546767096062,0.01431666211866935,1.7467925297938032,-1.4053889289676667,-0.3226077728016462,1.2658930065895542,medium,0
-0.07049520669930187,0.4992584855816643,3.4792001750044657,0.2899063521308035,-1.4813285045322444,-0.5218834137050445,2.1298608887760135,low,0
-0.9839283975100748,0.508267321463349,2.663518484259016,-0.8908915141408487,-3.6354941118792246,1.6627060160034965,3.555946465557035,medium,0
1.267046387839709,-0.5866157355597524,6.502352006453789,-0.19988498149218792,1.0853331229791272,-0.6484148089588124,2.154347969926952,low,0
1.3880395075187821,-0.5688285875565908,1.254713017116523,4.3503622700414475,2.1910763461882437,-0.9244085682299981,0.9913358423993065,medium,0
-0.5601639548765512,-0.7027270654272929,-0.4828054315116992,1.9048410406471916,-1.534821299554773,0.017641808735019672,1.3398971072146497,high,0
-0.34712049205270745,1.5857745680463387,-1.0381316758774408,3.4333388187495286,-0.3917635643510019,1.0557982384665718,0.2821922084059163,medium,0
-1.4257076209822495,-0.5342620226721879,-0.47391976424219506,0.46323163981788384,-0.3873600708196916,0.20015166480742466,0.7316920582519033,high,0
-1.6259107106918997,1.5246767428475672,0.06315027786866834,0.9748356632746582,2.30640093798152,-0.0052265974628201255,-1.1828719042509583,medium,1
-0.17221110659194383,0.04364363687958753,-0.7400098658959927,0.8111357829234878,-0.9631572989962562,0.13982527132605319,-1.7131777400604824,medium,0
-1.7761431340807037,1.112268293035107,-2.63166094636046,1.7276392604203479,-1.0816210642979267,-1.0595185846941766,0.6355600938200437,very_high,0
-1.2310126019265974,0.40239116902820543,0.16360037401617697,1.1116167933797005,-0.8732978851935355,-0.12051837437919372,1.0602898580260463,medium,0
-1.3835888916662904,0.877909797753002,-3.243988066332398,4.70568458441197,-0.971926034746651,-1.2321984663131047,0.09760201260930601,medium,0
1.934720011275457,0.7110461025453031,5.436237903701232,-0.6795033123430452,0.7558460430847289,-1.1710410396618163,2.710259538272325,high,0
0.32222531599909876,1.2283277105444614,3.2531765812941433,-1.4107500719045827,0.8548538032639807,-0.6370256098728607,1.0498145613524572,high,0
-0.5546212471898202,-1.0836658334280935,-2.7723492133975096,0.6588836386171246,-0.7780856354795667,0.06882365770464906,0.06239585194354991,very_high,0
-3.4718089341203546,-0.34026967795417,-4.89948704211422,0.9060637030904558,-0.17106333904146243,1.946698462365562,-0.38640652183748725,very_high,0
-1.6669072162868945,1.2363181797064053,-1.181128382180097,1.0002159284137948,2.4901598711825192,0.32820896842876396,-2.5292680397501934,medium,1
1.2630257367470106,0.8675794775062722,5.76797249023058,-0.26430094917682156,-2.9872103527873386,1.4301727436187794,3.75739504558703,low,0
0.8285145278170905,-0.4968990471525983,2.6868487512147055,1.7885125269774216,-1.0930363784460102,0.544929188178994,1.683321343960271,low,0
1.1762107110648292,1.0468009034913464,6.252111506791212,-0.321406350797135,-1.7457314675903097,0.14731885903139533,2.952350926101274,low,0
0.38868662416817645,0.2661778652041803,2.5715833006920326,0.0199805220028908,-0.6136049760059139,0.11169413010667499,0.9965999515907635,medium,0
-0.2580745531637969,-1.4006698548865477,-0.7740081074607948,1.8222440814866072,1.5967774578377956,-0.4851100193040616,-1.15671404235609,high,0
-1.5432495357096294,-0.516730437521854,1.5865882061488623,-0.5863615911851097,-1.9724873481611613,-0.23313593254505174,2.18180947997417,medium,0
-1.939016830988094,0.14796888063276262,0.40229296062382003,0.3037416124404715,-2.4271571077654484,-0.8790168861647499,2.2177990642594567,medium,0
2.446608188951901,0.2632654875753966,4.994610812681944,-1.95491976018117,-0.6182098407346155,-0.0029454113325951153,2.386014085218639,very_high,0
-2.562026159390056,-0.18859185110631663,-5.168241404514795,2.7712187571942923,1.1970280981176271,-0.07892667577455567,-1.4546480352578948,very_high,0
0.3610652057399033,-0.3877609228162241,4.610598911106021,-0.7085255819482865,-2.1432251015774586,-0.8777773064358103,2.968560977407149,low,0
1.0406200241696872,0.7899077468538932,-0.08939966885944846,0.13183057948631727,-0.3968744490285132,-0.30044280882755153,0.7394517567161973,very_high,0
-0.6719139914114988,-0.4861364668488323,2.775715641601893,0.5827318842441018,-0.010781771725142386,0.4280587476511656,1.090699562031083,low,0
2.3065966646581577,-0.7161945136133265,4.24129304538843,-0.23253141872670624,-1.0329641815885358,0.19136225411161115,1.5134108805667301,medium,0
0.5114061886708444,-1.1111652988999856,0.09011607745965633,1.8311082296413308,1.3860484170397653,-0.3443459049337084,0.998382915644349,very_high,0
1.0466454100653173,-0.383943622063459,1.131412329453849,2.2010883917968815,1.9396027616963032,-0.13513000707570208,0.8020461417689249,high,0
1.3567249704092126,1.1501286783936322,2.8714377102983057,-1.5677427397633574,1.1040661143435986,-1.460285906058812,1.6345946085730783,very_high,1
-2.4815553426795747,1.0869156177890007,-4.726627363079687,2.4208898209357312,0.35175143095066064,-0.9311578501566012,-0.7919421654969896,very_high,0
-2.4147013148717678,1.7893744490951577,-2.234397245480305,0.8053806518022117,2.1801152318263517,-0.3989961442222967,-3.063033620547317,medium,1
-3.5247210921187326,0.43917042443232585,-6.097669305488278,1.5046196715346287,0.8681358816140452,0.643913010296156,-1.3038857634706547,very_high,0
-2.534214613580039,0.2673913007974061,-1.1456164969201499,1.846306809317538,-1.9741915073514376,1.2867697563752534,1.3817625492747043,medium,0
-3.3093910746171478,-0.5230839966946594,-4.029360958898868,-1.7117628331135537,1.481505823536082,-0.7295610781475912,-3.5549718683604024,very_high,1
-3.1689253593117854,-0.3292045633289162,-2.739673240674026,1.3840630285745223,-2.557245620414659,-1.3082191978963706,1.5956028123839814,high,0
1.7569525480883956,-1.741716619866104,5.478887723640937,-1.979325481223711,0.7344207099560676,-0.8543096504143626,1.4248457805948116,medium,0
-0.23434797708349642,-0.7691452798066177,2.033983357713823,0.34831522012485616,1.6209054315527158,-0.9340055020627144,-0.08422048946133276,medium,0
-1.8925910755112865,1.4159106404926767,-0.8686530630851178,0.7263156314805288,-0.37200504169310966,1.0010648425707633,0.559388925517982,high,0
-0.952022234574252,-1.0644964211729528,0.9720179730691768,1.264531225936926,-1.4088579920232434,0.6590680288024853,1.567792918406234,low,1
2.696624868079467,-0.1923031842816272,5.700836509832587,2.9877808098339167,3.8544866071310784,0.5446125041840371,2.905436824413533,medium,0
-3.652028248360942,-0.8371063267469117,-4.905322753335229,1.7822275619960535,-1.5505798282988636,0.28347660401898234,0.34798796059712966,very_high,0
2.5976072370381633,0.6826525072925881,5.404133859775836,1.7459679275340414,1.1056267188333753,-0.8033787071662901,2.72829382356963,medium,0
0.6336601588077049,-0.8859625679998893,1.5354914415151928,1.570634923916078,0.7785620322260149,-1.7557678577580538,0.49076596163371544,medium,0
-1.005964650704121,1.3635459466396125,-2.55655423738127,1.2796982674019883,-1.7821572241576404,0.30193063500302136,1.0712421985022291,very_high,0
-1.3962452650944104,-0.3169070486057018,-1.0778135925516967,1.1584803663078707,0.3926703731434178,1.5676503597875036,0.02158435290221572,high,0
-1.1978632690011979,0.2797677077282163,-2.3537943471594196,2.581336418470358,-0.854930454299484,-0.9593207652189699,0.46813690144264686,high,0
-0.6152786237760197,-0.13613584886697372,-0.14490574491336156,3.3300463790741066,-0.906729170465723,1.9801543515313924,0.8214248163136953,low,0
1.4894708156553769,0.0021184210174724715,4.97916131650541,2.028732532236211,2.3812268609476326,-0.21469454738683721,2.150435005233511,low,0
0.013912601122192392,-0.7336079460866397,5.5705399075136235,-0.8562622393411046,-2.647996330539029,-0.7255183044419155,3.403457869103489,low,0
1.6186536286722335,1.1609526907425614,3.7338712474506766,0.8061231950022996,0.7419320469169701,-0.14522864583891965,3.6051897938814275,very_high,0
0.9854191097877361,0.9491660702381609,0.379839830438647,0.029411490904961424,-1.3993242856957961,-1.2117682074893643,1.528401051264276,very_high,0
1.8126253439146813,-1.0414312698645425,2.743057572353406,1.6854144609117137,0.9782007746273212,-0.8124698322923339,1.7569390115973462,high,0
-1.134381943289078,-0.08826023013504129,0.34448919186145993,0.05915654536352033,1.4619912329315103,-0.20375951349442029,-1.0430341688594529,medium,0
1.4838245177347325,-0.7234372231630879,5.616425567095905,1.1027360019951593,-1.5402537539501728,-3.1992646452121782,2.557045894324397,low,0
-0.03440902394326417,2.1272974137495684,5.252446095944581,-2.6472946246634184,-0.06261869451391777,-1.8454238848045357,-1.0919789433365,low,0
-1.1043219096114734,0.08186134108175565,-7.0678537238333625,0.3783316695492145,-1.9174566189656617,0.3259636053279932,-3.2395658471092474,very_high,1
2.704899044157,-0.42177686438763046,4.761528411273463,2.1760789058665306,0.6577607830896857,-0.1346440918247952,2.7324476645761964,medium,0
1.121001649866678,1.9757051012300741,2.0214115288743613,1.1324034452380984,1.8726082582585568,-0.07481842035058532,1.4411069841534654,very_high,0
1.7772828092901511,1.538847290469344,4.596322763238686,2.973750782461088,1.4533039591114707,0.9112622830378235,2.699591511738762,low,0
1.9474321825807206,1.7222673909870256,3.254921990802589,-0.20386221544726757,-0.9731113910131353,1.4861513251433442,2.1614901724175635,high,0
-2.5525950306724177,-0.1251749202948624,-2.446526645475222,2.520960857442949,-0.43898108925617907,2.0711713025331107,0.10126044792017175,medium,0
0.8969659873609663,1.1529341769747732,1.805222492635779,-0.9126116287018207,-1.5734085296701286,-0.6913348611627764,0.8439402685891684,high,0
1.818852831024023,0.8601507958725464,4.502400045864401,1.4079203520459724,3.5756557538228586,-0.6586320809550305,0.48737869231651865,medium,0
-4.204808195107247,-0.019476465301345502,-7.573255155274505,3.4918099307763546,-1.3856475571821203,-1.9294822626260821,-0.3670176144769708,very_high,0
2.0050679690437416,0.27747924133746593,3.369644649456797,3.048569712980308,2.6685050238259125,1.0374666695650432,1.0087121236191607,medium,0
2.4392465359915905,0.4425624290228071,4.339568746919413,0.25144000001847955,0.3154434945537773,0.8713536757310174,3.0812463061465296,very_high,0
-1.370708146711524,1.3772639038132337,-0.43260851006556333,1.6115244312019823,-1.7100735801153863,-1.2998744073684523,1.487126079823871,medium,0
0.18781921229941134,1.0681610348759842,2.5282603056086557,-0.4236680909949584,-1.1244273288925164,0.9613603598188132,0.4617851427774523,low,0
-2.0832606088730223,0.5954953007219735,-5.6861573611871945,1.742475875929797,0.8504886119716899,0.1862524599012663,-1.2239170296016229,very_high,0
0.795986616663604,0.46538407681917565,2.5295036375859294,2.5560378416871505,3.4517530027997854,0.04323168964489037,0.3045478244131865,medium,0
2.2921038918039316,-0.816023071946203,4.837409229475385,1.5927599891162258,1.4231549240970098,-0.849139646512992,3.372086782551585,high,0
1.410152825933088,-0.44271706953217543,2.9625793430854617,2.6809935399877443,1.490567648308805,0.23855807063954726,2.445879915336792,high,0
1.6033852707744083,0.17536524065533415,1.7896728315276176,0.5596891116723394,0.5930594416606576,0.24048764946776105,2.154068336642343,very_high,0
1.9152134776499619,0.12037312895556077,8.00119794776704,0.9318152936172635,4.141291376486795,0.21498453633275158,2.8019343725279406,low,0
-0.01818275129773439,0.6421077589986135,0.7225719823347533,2.195540411135009,3.8594528146868763,-1.2873785931353454,0.041459893179970564,high,0
-0.7618499001463437,-0.5888015666195007,-1.909259795510962,2.1721034985487937,-0.5335198144280131,1.4070992891611132,0.34866720400448303,high,0
1.6660536529814536,-0.33219771614193333,1.8374224632681782,-0.10557091484569248,-0.03577168236371708,1.4262342580797647,0.3243068796613908,high,1
2.136166467592891,1.5912152908822934,5.224972160930011,2.8410968186864882,3.760858217569938,0.5427746739125621,2.2498311359622325,medium,0
-1.6844266470636464,-1.6647890014327629,-4.9060447353984475,2.992931007583592,0.08626558590618094,1.3427953154217054,-0.6841100045453223,very_high,0
1.4003451787759709,-0.39199362478771504,5.307171907999982,0.76817197615319,-1.6511747387610385,-0.8250118984061866,2.658329591285325,low,0
1.6503434829712886,0.4546727409425804,1.7593948254623928,-0.10771181783632211,-0.9399528837243978,0.5513983427782422,0.04280252175876953,high,0
1.1833756564013258,1.4318890637745134,4.432298672685731,-1.8931045738695425,-0.7179592343430306,-0.4590044602229095,1.6748521126169271,medium,0
2.1576777999955024,0.5218912341350844,6.843865668502959,0.566437179024827,1.6471750227238675,-0.2786647714245878,2.171761118512762,low,0
0.5801506668558575,1.2100659331755932,0.12631712321678984,2.7848255549620577,1.6626416024122723,-0.30638136416235745,-0.8752999737969753,medium,0
1.4064807588070183,-0.6695523263758105,4.007288894208737,0.9135698860405972,1.4590997829592671,-1.5341809606872214,1.0207713250274795,low,0
-1.5132697043985401,-0.7256676028830206,1.6579552154877335,0.3452229343752963,-1.6974424548202007,-0.037217858663773945,1.934263674987986,low,0
-1.4510900582646045,-0.11039990409904346,-4.756081427769827,2.872068354876423,-0.32816643308779314,0.2223777489305565,-0.34069906190076793,very_high,0
1.5063839101604184,0.47334118338514336,1.5484578472044301,2.6647676437568606,1.7577811770983978,-0.21679203168792927,3.637761394969451,very_high,0
-1.2338252849144589,-0.8197313564388596,0.453826867692205,-0.6897522738507664,-2.049039336994049,0.6025353655868659,2.1744860517342293,high,0
-2.021512784365791,-0.13244471969957244,-1.2002803220841558,2.1948979759458336,-0.2605373520282399,1.0045978671244824,0.24119450626573324,medium,0
-1.174482025048836,-0.9365198458054912,-1.0919998306372278,2.3541259747985404,-2.0681537686476856,0.5795842217637382,1.5673708376577973,medium,0
-0.3580155556429153,-0.8419130408340553,4.335175109235154,-0.8898860713365544,-1.4870619907869471,-0.8080534290900372,2.4645992999981026,low,0
0.7707009167590061,0.8718445698740908,1.2829226037592407,0.8122844825218964,0.42065656636827997,0.0492974252171587,1.935428203035543,very_high,0
0.6678717956458298,0.7265149187347837,6.985034242940971,-0.24398625050046618,-1.2759072569557504,0.35706537446038417,2.7407117009413717,low,0
-0.2104872851698636,0.36058001588630156,2.29156391463487,-1.6169778419021363,2.3354417586231753,1.3969434562328211,2.067465939430192,very_high,1
1.8901249808637348,-0.5393129236109787,4.298271181691852,1.7885534741783842,1.2567196617154948,0.9365066060570079,3.4560272141856645,high,0
-0.28645577944025435,-0.8277313896965831,2.3980801784470107,-0.37682168484886747,-0.8080247528022269,-0.2429142310872777,1.599104261674975,medium,0
-2.078221338127189,-0.0596098453885342,-3.704802015061579,2.4984087582572823,-0.08571582272140299,1.9468219623461143,-0.2226946083154986,very_high,0
-3.6180305982722007,-0.3892111451967638,-2.3160260628394065,0.521256770931877,-1.3940278826024775,-0.08096142473677351,0.8956195302923782,high,0
0.23083901830601028,0.8719934654268633,-2.102035481678167,1.6199757550129084,0.006697242322799113,-0.6070771913756997,-1.0591063206131628,very_high,0
1.213906031248226,0.9733374496134207,4.658389977390856,2.673285525821142,3.709245448114207,-0.7559752913150118,1.1956647535772622,low,0
-3.040035843676995,0.6952675002522368,-4.241265625455351,1.348645407912653,-1.0495116452160511,1.1272811234320694,0.32759181017358907,very_high,0
2.2234191046009477,0.14411636277968193,5.776066766613624,-0.21120413745682565,-0.22633663252720893,0.7897321246320076,2.637079622946512,medium,0
1.8536925721322313,0.6768882044807154,3.207361819428357,-2.164199958828905,1.7377564612375145,-0.10931625723604081,0.9341938320836733,very_high,1
0.8306053566180625,-0.1558090821819066,4.303767861986436,0.8454390512548096,2.2043929842058967,-0.3233536694387154,1.4569517375190053,medium,0
-2.3552010157654637,-2.0919602950264222,-1.9892353915430185,1.1867946086456973,-1.4454604978636694,1.3701389048045567,0.9437993037195103,high,0
2.7837429717538136,-0.04662476521466915,3.5555480184704384,2.887249917026301,0.5518642251584995,0.27359457326167763,2.69222274648864,high,0
1.4293756420426456,-0.3516742428437714,3.9686287848484167,2.6547567126406113,1.9563369355367608,1.9473042288896751,1.4479502907829604,low,0
0.5838920641679624,-0.7531209504326618,-0.4678006228961188,3.6058402506446336,0.07210303487571101,-0.5680616143696008,0.08072562209589895,medium,0
-0.911108077427866,-0.501229007443454,3.205029009071566,-0.5698294532888775,-3.1050492240050875,-1.0207402102082985,3.269651560763914,low,0
2.662275912494149,0.02884889479318494,7.709305770976242,-1.4442572150781767,0.9145678522748739,-0.3049812998483304,3.0110569191335363,medium,0
1.5819560034721658,0.25846017431906904,6.117464366421199,-1.3511953273746886,-0.6439629553507896,-0.32648262377955634,2.377302562097639,low,0
-1.4735104325695276,-0.4948806581793196,-1.3267940920816585,2.284144016382516,-0.28966096813990927,-1.2843694083091741,0.2746792395630022,medium,0
-0.035124569837653,0.6940326109679394,2.305211119884231,-0.8356419921390514,-0.07717970363601667,-2.1060062013831335,-0.1436192042362383,medium,0
0.2774369012556551,0.2906664931130496,4.147450229923222,1.7348009693792914,2.741512785161239,0.32853475391394826,-0.8224275597089352,low,0
-1.7169976658801407,1.2821083914265121,-4.414903993823263,2.203609285424004,-1.9466657808121295,-0.5472878832053729,0.8873690648506465,very_high,0
0.3339918012991159,0.9239826791201501,5.644854679963516,-0.4847613214130442,1.4621650479741675,-0.5504882602676295,0.42221558708409246,low,0
0.23446518062508992,0.8372094867286812,2.9681862313679996,0.6465880669608998,-0.11104341338603807,0.7237994164444209,1.1500175215554909,low,0
2.941324621795662,-0.8097605415999324,2.4404603839316055,4.304731010705138,2.8146140675498943,-0.8054016700655807,2.530171287024309,very_high,0
0.3819801515935991,-0.7274657062336721,1.1687797298345253,1.8310817922445692,0.5441844242174037,-1.2204142108110847,-0.5333666337547966,low,0
-2.62444991697405,0.03522530634781082,-5.347321308713975,1.7802034257254875,1.3941149413115308,0.9163788273633305,-1.4513793904265209,very_high,0
-1.4228586033040518,-0.5834935934697638,-1.4266052921748684,-0.9921550011647591,1.4521754788959618,-1.183617663196396,-1.42755679712999,very_high,1
0.8032305614716628,-0.06921940794151801,4.544685311003201,-0.34912478099869393,-1.8160484294314783,-1.3264348273079964,2.727342751468404,low,0
1.7670167547693,-0.21796838496072934,5.041304345888675,3.9142650553629226,4.373868647439346,-0.644622131078473,2.6666956687808483,low,0
-2.2923582740131048,1.2040011300856512,-2.8047748856911476,1.1813738974167496,0.3038271779816448,-0.4569940385564593,-0.2672141251640012,very_high,0
1.4219750340422315,1.5107316515392135,4.0110041254062025,1.803044826477335,3.4152141550401085,0.264824242464778,2.5800283717531487,high,0
2.157523220469451,0.6913563810805253,2.3052713632047532,3.5641369619377388,3.7775423952246108,-0.5903616918053307,2.7494297835186954,very_high,0
-2.5782107871957125,-0.6773622287217693,-1.5292282415298415,1.2480549803842393,-1.5097337684902792,0.20935433018761473,1.0746884099541265,medium,0
1.7204729248174981,-0.39284389076720727,3.056412251230279,0.5970307475305993,-0.04991542617517819,1.1072729720038041,2.1965702719432034,high,0
1.048724218348081,-0.53972679815177,0.31317872809596004,3.2611069260416246,1.470841162839308,0.14240486662813231,1.0553059995309095,high,0
-2.1734385160714185,-0.26911080253030073,-2.8270513965334136,1.3461955874138358,-1.162464538886579,-1.0043183843830081,0.6554020564398488,very_high,0
-1.2837580537056608,0.26682617108038714,-4.087952587038078,2.953513525725497,0.04622092666676436,-0.6792903196276054,-0.436016259651153,very_high,0
-1.859373993753287,1.286050103863426,-1.9446809410043517,1.6371389219906223,-1.5301529231955473,0.5669802632671008,1.0226625248330314,high,0
-0.5297196139008964,-0.058422310519861353,1.6287564123057123,-0.012623179318812738,1.625189117243643,-1.8415656164845604,-0.49735734268654586,medium,0
-0.06923487422138885,-0.20315636633378117,0.07799444146766743,1.329717869787136,0.7450339118202354,0.310186516828704,-0.05187003452876926,high,0
-0.5206600552005095,0.12513299076967724,-0.9217318600904417,2.0841700409799495,-0.4656319093551484,-0.9191586584740024,0.5240861987241878,high,0
-1.0753078017259374,-1.1390566661397103,0.4555735519556017,0.9295164406630163,-2.193391976530412,-0.1952945797961987,1.9898176685547668,medium,0
0.07956691359263712,0.3663274835410772,0.5317640068892674,3.784371643114934,3.7746310778905396,0.5206777670800737,-0.7115573200341088,medium,0
-0.6223797431862376,-0.7068433463146004,0.35186129289395934,0.6438769291128006,-1.464767903641626,-0.8180789873059771,1.5532295269751555,high,0
-2.700361994770814,0.5944664815532273,-2.2125391048130276,2.029065026229303,-2.563296306026011,-1.2287267604455792,1.5885701863038595,medium,0
-0.8754983579098494,2.7859119139940556,-2.8809904921405654,1.7131025538180689,-0.18938946758700914,0.9818219444386037,0.10870406410745348,very_high,0
3.3947547193951086,0.7750894117456407,5.800466676248588,0.07730550032243833,1.2379440485060162,1.511322799203203,2.746917237570007,high,0
0.26300486322974337,1.2403834346054217,4.554701431717569,-1.5961562272249534,0.5482404832203728,-1.031997891365239,0.20633252939035207,low,0
-2.410473727993027,2.0365823566720804,-2.758824407387088,1.5118646906218585,-0.8794130078957207,-0.4127440942215489,0.4678462599986579,high,0
1.864116171091493,-0.9045912137130739,0.7122584926627334,2.7044947954232406,1.2653012722157249,0.9328287040921978,1.9944177859765544,very_high,0
-1.4073257612959218,-1.066363075384819,-0.27302015570626786,0.7322003239539383,1.1188638952717038,-0.06695889031524577,-0.39086157326491966,high,0
0.30717150395730286,-0.4286022369487101,4.777238680172712,-0.13865637753765103,1.1097195595240372,1.0687049801346178,1.0370758197109022,low,0
1.138811388134421,1.018624510033811,2.5206353924799894,2.0931666078025963,1.3030304280154874,0.8610979890066731,0.7670020669451786,medium,0
1.8192248641153144,0.48801348637600983,2.1175597116560567,0.5602059914547665,-1.3417437044413083,0.02080402377254423,2.575090601432186,very_high,0
2.236991576319396,1.4845207658486996,5.851819261227524,-1.1130828958490355,1.6321238331136387,2.8906429903991375,2.0040832048653727,high,0
2.7506342843939535,-0.803409459792437,4.577709681253156,2.097428900053186,1.7970748291301168,0.5036366361778611,1.9832242786483696,medium,0
-0.26919978076606244,0.3204616215115825,0.86570036324097,1.7351147517436774,-0.005025883374181861,-1.0735434435238893,0.5306972847840205,medium,0
-1.755604575027355,2.0602140726246807,-2.148592197635505,4.697686327134899,-0.7334469134841626,-0.44781500387176604,0.1313452097821881,low,0
-2.0103467548401013,2.09924951925509,-2.5916837602199765,0.6892069522227764,-1.7015083047183794,-0.7062233540680766,1.1570246817368455,very_high,0
0.8278749618100978,0.7034935227111718,3.53043777869617,3.2399629074459932,2.4495879841430126,0.9944102812176302,0.764141841819686,low,0
-2.1688331104475376,0.20092570656524597,-4.739170608481052,0.6414780758396136,-1.137481130124996,0.5116050903690205,-3.57773291667084,high,0
-1.6304865488682654,-0.6101497455801451,-0.07337295473045587,2.3158811881657986,-1.0989799426485334,-0.052611873356375655,0.9739227258098413,low,0
-0.6811415121332184,0.4406625568120475,1.40913727220992,-0.7310263531376424,-1.424190742023036,1.5006608494600309,1.8433317792696562,high,0
-0.6788803250488945,2.038641925048266,0.4938157707232471,0.590102636795297,-2.3243014070744685,1.2668036084433343,2.191819318329677,high,0
1.1698043885124079,-0.4865812463547379,4.393223167739778,1.5871799469022627,2.5431010009605624,-0.10059310537820755,0.9734617664425098,low,0
-1.6387788011354476,0.22884920809590747,-6.127255069771754,4.67409538792656,0.51474984311181,1.3519573053984584,-1.2959689737795055,very_high,0
-0.8947295373005446,-1.5881299259955441,3.252312221160369,3.869731509037055,3.0966231533423816,2.141982640147936,0.31477018843634275,low,1
-2.1195299809246535,0.5198829317679478,-2.561052672792683,1.3669948013817441,-0.5031320054414435,0.6031960730586848,0.306871605794769,very_high,0
3.981326588632358,-1.416990139680991,8.03705084505542,-0.986852130196817,1.1074021075364482,0.581373059338924,3.0151676006346086,medium,0
1.1906997107779815,-0.10833388324458919,-1.4737922801952947,1.7018842359931194,-0.5678420785438958,-0.5348543227867003,-0.39295221371087496,very_high,0
-0.7070247015299549,-1.3119615453661218,2.439677206487513,-1.82366865752255,-2.898381110658161,0.46646969093630625,3.1660764052972894,high,0
1.773463737284826,0.07857322096112584,5.338137987484702,-0.418239524846294,0.7516738205964744,-0.5772209563821133,1.5775171317968415,low,0
1.397973670578649,-0.8790162689504512,2.6202357726328076,2.2212964830000814,-0.2668479028639914,-0.1855485345928537,2.725512289167069,high,0
1.2267694904417632,-0.30659307467838237,4.094508282087831,-1.8719544807443576,-0.10185304450294419,0.586851538784868,0.5060296086963043,medium,0
0.444126435781254,0.12677060114211314,1.7852055299501581,1.1203373317053584,0.6573967089786233,0.7533311717782117,0.2550101401975159,medium,0
-0.35836638227845485,0.5512833327755875,-0.2317749994819301,-0.7752453702218034,-1.4939390220257398,-1.0001389212399567,0.8365921787685822,very_high,0
3.907381652358618,0.5878351218657896,6.623523872484695,3.250116907846409,2.6934718585867783,0.585070202458372,3.9048921191081707,medium,0
0.4754046322578489,-2.875773427628275,2.245942680985559,0.08141014107701916,0.5482631058813833,-0.11820844557094608,1.4842464085183142,high,0
1.421586074384579,0.2745139874932834,4.383389179141536,1.7265725359495292,0.9671320547379662,-0.18292329841259092,1.9936180608789225,low,0
0.3004631175363197,0.6568660633095018,5.002768978819274,-0.6745697431307338,-2.5727188561554595,-0.24761153644145104,3.2545797304282793,low,1
0.10216255914119232,-2.0678183764773013,3.7448473355313623,-1.3331349800977368,0.7830454338689308,-1.1529019436473826,-0.850747552388895,low,0
1.2608257448891593,-0.5747932272153171,5.57236905212015,-0.19530166982332986,1.0781701999390068,1.2796141191777477,2.1341856629849776,low,0
-0.8019370996264926,0.9675229949091757,-1.6961955786028802,1.3204651774048952,-1.0181168930698452,-0.30266104367554975,0.8366563434113103,very_high,0
-0.42947607145141753,0.5981746029905671,3.2719715459974648,-0.681681089089025,-0.7051621628237819,1.299181252629184,1.792691024414217,medium,0
-0.74948367008196,-1.7944435850889013,2.3406844414259504,-0.8130498738047562,1.4382627904008922,-1.1212795914817848,-0.8954599940372485,low,0
4.392571018492732,-0.49244411241221675,6.694370160719237,1.5779902786130704,2.274501965986201,0.4600453908835562,4.844212348431421,very_high,0
4.35597991012238,-1.5436305218736848,9.45718944546236,0.11157679705454537,2.253479920506856,0.9674294191540579,3.740246479026161,medium,0
-0.3430027464894376,0.12809888435898667,0.636903513376856,0.6307405697847471,0.8484691671904387,-0.8168615002149581,-0.8657725336751374,medium,0
-1.9131503428775405,0.748120032251875,-2.4439001242414693,2.7997098425532942,-1.7517141652173929,0.013655663837457525,0.9962546977482224,high,0
-0.9675922278950617,-0.4615131352549084,-0.5653576990544547,0.511629792833867,-1.3146858232798928,0.3847505337668032,1.3506886516011483,high,0
0.6127415037859796,0.3995468410157058,1.9448772405576946,-0.3280163295054397,0.2108667499424931,-0.14981071874579097,0.8720839906343776,high,0
1.4931623238668095,-0.39030414911169925,3.593875377620035,-0.34519203567864043,0.17903277830588538,1.0974226874227069,3.140901699948494,very_high,0
0.7864798481316464,0.34413370482806543,2.763112820409614,1.442736153905813,1.8672332692716789,0.6235995270520134,0.20497117754384686,low,0
-3.595259991742208,-1.465340383444967,-0.9989135298995536,-1.8161397258340999,-2.5202937729504855,0.6542973934742754,2.2019959565578935,very_high,0
-2.059824067617023,1.0394413922305916,0.2826031253630708,0.7955535712794906,-0.6935067721754332,0.29060469726179183,0.9220647877249328,low,0
4.890007872623026,-0.2925161935493418,9.00766910833641,0.19507314922982855,0.6849764321658508,0.6709926520889239,6.552936157964264,very_high,0
-1.6302079116705548,-2.3380087167915513,-2.7210985837719464,2.370527722377446,-1.5910846131359175,0.48107036951077237,0.8635508076087453,high,0
-1.954544486600036,-2.876032282046417,2.1282957120514725,-0.08532281903349181,-3.467221174086654,-0.7285288762214843,3.116751010310705,low,0
-0.748711694144746,-0.4398532631004059,-0.9291336043960358,2.8847101183596835,1.7622738527463198,1.7894387110773733,-0.6646366108753647,medium,0
0.8389359404895524,-2.8562754133411574,2.8839301016061363,1.8306844172030625,2.2466651588686197,-0.28949008043361957,0.8961663153663013,medium,0
-0.163126680698795,-0.6205408754456606,2.649635080853541,-0.4540172122964121,0.3514529878772271,-0.750038177643121,0.11743001576200562,low,0
0.1593547721942099,0.14623527902236097,0.6654647240308201,0.006991003224933623,0.5762753692298574,0.5912895892934729,0.8230556433392647,very_high,1
-0.5431711775155483,-1.3055124375829716,0.6056687648666595,0.38035912800478344,0.13408688262473123,-1.0627002755278991,0.580847949204476,high,0
-2.0999077130498383,0.42323480251812673,-1.222180293559123,2.121951556151731,-0.7477258389048933,-1.9675370853691225,0.5668073807901584,medium,0
-0.2388575675526119,2.022212562972086,2.0061488927375355,2.1111006035225985,3.3136364775389042,0.5265477791536803,0.03382494783679446,low,0
0.5240399342455762,0.7200135318362517,4.842239659982679,0.47505321459754846,1.5848732964161498,-0.4076605785659349,0.18392887511234512,low,0
-1.0129959804246516,0.4931175272160051,-1.2014419814270885,-0.240880861473743,-1.8235567999020075,0.95586060652498,-0.4730028743008108,high,0
0.5441404480837959,-0.40573650163225167,0.09769907626672988,2.4648544212064785,1.4450368070364799,0.49941460793906933,-0.042076014711696974,high,0
-0.7075318926084496,-1.275870999901924,-2.769038198293757,2.952726230798091,-0.7903534608609247,-0.03347481032690589,0.3571648006620819,very_high,0
-1.2230927397163496,1.1644646925122124,-0.4576875235752677,-1.0481089910886843,0.25573327000422363,-0.15818937982219936,0.48854811270745735,very_high,0
0.47405390953954885,0.08164470901825371,1.2696089345447605,2.7742685758004635,1.6250436271834636,0.39454403431667434,0.4147313550718801,medium,0
2.3017556553304637,1.3057765782875206,4.418143117201073,0.608516456540019,-0.13518696244372586,1.008991476931648,2.210595135658018,medium,0
-1.1065948383053377,0.25094319323665915,1.5733818066077225,0.2545372531799377,-1.432847951600855,0.36605591546079125,1.7648286356532634,medium,0
1.8094323735608553,3.071336701606002,2.839158831164542,1.6982449563771171,0.94220894468138,-2.1772360688967356,2.7554785955571877,very_high,0
-2.2993966439140574,0.0013533024656418782,1.6619049188430923,-0.834260907974808,-2.2243563071785344,-0.8284081072387681,2.3032513749291907,low,0
-2.897513705610952,0.0011609867208726128,-2.859917257805906,3.5609003550462326,-1.2091544385096011,0.6917051136079876,0.378517915877455,low,0
3.282726680872779,-0.6956454501201963,4.5140438439775386,2.2001078406976857,2.964321885409073,-0.9409359526428854,2.5305109634347427,very_high,0
0.5129613606607086,0.31312341719299164,2.74524145171038,0.6151365429447679,1.1120647022007581,0.6675849604766076,0.6516841581584951,medium,0
1.1700082660679747,0.8143398145678733,5.352513665617673,-0.6610623267294753,-1.0669840616238089,2.9971982917191387,2.414028551201447,low,0
2.892523410654992,0.05107630446507834,4.0994894223767515,2.893206404349578,2.2370059302054934,-0.8532181181418795,2.6873953717677397,high,0
-2.4740428558508087,-0.16596840779492483,-0.13200903894205607,1.5507732813822206,-1.4976216777326194,0.22014519035127497,1.3474175779531712,low,0
-1.0615716937225552,1.379111403168567,-4.485823223408144,1.3467031942435577,-1.5356394025047158,-2.3141639826724685,-1.803880725533595,very_high,1
-0.6437752219144417,0.849521986994124,-0.49843368767747864,2.8937770214039347,1.6312330001062092,-0.8667326706603131,-0.6907264695674986,medium,0
1.085479898000499,-0.2517790741426178,4.036275839912131,0.13779981805012098,-1.0292661797397566,0.47781184626938444,2.068058810519168,low,0
-0.2002438495763489,-0.7053283309426673,1.4866368835014363,1.081930186168395,-0.7026260794336716,1.9688588512048761,1.2391891100536594,medium,0
-2.6163614405445017,0.962591982845802,-4.80620805779322,1.6473874074458679,-0.624723705304181,0.5125995112727985,-0.008094721549470663,very_high,0
-3.628704355517364,-0.2345229260809859,0.2785997780582597,-0.6658492933654647,4.278458061552255,-1.1973976863003002,-2.5847582201422714,low,1
0.75249654819512,0.9710883383822022,0.10766512181804924,2.89426087550222,2.453331639506638,-1.4036983847452424,0.5214471946821976,very_high,0
-0.7081248815697706,-1.3412098118670472,0.7423259471531064,-1.3395020010900607,-1.1214972068601974,-0.2903718440159333,1.612619756193188,very_high,0
-2.0255689399459764,1.702147323502177,-4.235827782503533,2.6132108957966294,-0.6263693578019965,1.1602107681070948,-0.019543136014287255,very_high,0
-2.44451939655269,-0.7316332651872413,-4.644133040046465,1.4507270127193779,-0.5889139056470567,0.19392194648153552,0.0037695982989585097,very_high,0
-2.441070602217051,-0.041679778129414556,-1.9649729436188301,1.9900483619124463,-3.7858883714169203,-1.7547584182762586,2.4074171370068553,medium,0
-1.6619266056040538,0.8232949943553307,-2.774159378902921,0.356358858558636,0.5926384744115583,1.2609516854809275,-0.3588588132855699,very_high,0
-0.1385585553337434,0.352750225258872,3.583809339390972,1.3854455402354264,-2.449345564320699,0.429088403610932,2.681848282397201,low,0
0.6962692672705254,-1.7971436676291046,0.6635083724654967,2.5182407046466775,1.5920686696645132,1.7470591445535142,1.2805229044209039,very_high,0
-0.8023175363898681,0.21087235851051478,0.5179831609601648,0.10522974641695848,-0.8942366028202833,1.0458029156995154,1.216268030062377,high,0
1.3479196920264036,-0.9096321727447022,5.205449437073243,-0.24353322487396523,1.9375170198987712,1.3910424750559454,1.0145571204396224,low,0
2.014463354342881,-0.2154767161643399,3.2736123528225165,2.104798810520125,2.7261472937844964,0.562979181904856,0.26446130215013997,medium,0
-1.6970601944368413,0.05262213001726112,-0.5117225099398703,1.281468642984955,-1.1306880438500755,0.16014416491537442,1.0380454355011326,medium,0
3.070099130920415,0.35201159109086433,8.260761130125307,0.9689022176191028,3.251842852257832,-0.21367717058821567,3.3502755847852947,low,0
1.7484146764074797,-1.5941826797254006,5.901883664085122,-0.40119057634094246,2.29366098930152,0.030268671108619073,0.8856888059157113,low,0
-1.1253730153149328,-0.23781388214842067,-0.45787141765192574,1.578537952397573,-1.2585277319792367,-0.41085719913647445,1.1549944419065636,medium,0
-1.9396593663345199,-0.5711700164371942,-1.8914246744354897,1.334050696173316,-1.5235340401584465,-1.2826966226103667,1.086289748020335,high,0
-2.272719851751921,-0.6594268872163145,-3.751057816612697,1.6533017674676413,-1.689703410529845,0.004001260236595398,0.8572289437196107,very_high,0
2.60448819448842,1.330451671562317,5.029592818082592,3.9359119297630203,2.5362323588522413,-0.148882796020883,1.818910715968021,low,0
-0.9720410475962784,0.5552941900136158,2.0393729898280855,0.6079325079040445,-1.1943290777789866,1.3253089972677385,1.6448139037511422,low,0
0.5569734485663316,0.13268461913307683,3.7443220195518228,-1.8539818086366273,-1.4186725537992324,-0.550451872689212,1.3274159350966452,medium,0
1.1375605661347867,1.4120963746775894,3.9877328415158453,1.447773810482586,2.785121331569348,-0.4690706179438185,0.09397344294826349,low,0
-1.3411284817462408,-0.7282175248055448,-2.3505391384760266,1.6286533259112828,-1.1223551812177475,-1.0924035280447957,0.7923883925797225,very_high,0
-1.646590329142516,0.4790770554974521,-1.5250176518117826,2.7948925560791658,-1.1501656081530671,-1.1721730470264382,0.7366788014857697,medium,0
-1.4167893101427165,-0.4574308375083948,0.7154894989080214,-1.2155019396668758,-1.896902942497137,-1.3006337047484473,2.054210556481524,high,0
-1.9788026751032743,-0.38711727357980447,0.657122354047248,1.269940302174242,-1.602064105964829,-0.3363100454506446,1.618272094078684,low,0
0.8961201840982072,-0.2468578925108528,3.0429044222934345,0.12379869509409525,0.052726456718045434,-1.5604334678050311,1.3957489125378972,medium,0
-0.4254700735204412,-0.5249019628689985,-0.20158022372363948,2.188013228444539,-2.207191748168009,0.5716087108071156,1.8319793261119979,medium,0
-1.0625662988310771,-1.7249854341312671,-0.546078656390177,2.288191700328462,-0.8621839075081444,-2.424264870697286,0.7723209320442428,medium,0
0.5940667776542057,0.01877772338794696,2.846832280579955,1.2912673782899693,-1.302148642496895,0.2727933862859796,1.851855770675795,low,0
2.243629271837769,0.850004267969593,6.083236569437605,2.202557114148978,2.2180075314315264,0.6019362371032422,2.3693080475717436,low,0
1.9892070179820158,-0.0865461606806029,4.868139332209044,3.0814121688757545,4.6358735576127,1.090979027619465,2.3998819987719333,medium,0
0.6592767536723596,-0.12652604952864957,2.1295784422223223,2.179054270215186,0.16561720157589144,0.774914554913987,0.6729832788537528,low,0
1.4109262454634917,-2.016294310423165,4.509891696378929,0.06095876795523503,0.8721925372592805,0.31549680832349175,0.9904511214626048,low,0
2.545969242523861,-0.46524542916908107,2.521579575751226,3.4303558855341265,0.9076526290917587,-0.5613567375239471,1.6463308698224068,medium,0
-1.9490330758554586,-2.1530094386441214,-1.8488193418392806,0.8008581202111038,-2.1057400687284984,0.28710063740125935,1.5754744626712947,very_high,0
-1.044955063833375,-0.3494712379173766,2.175652085431859,0.19254857315852814,-1.6932663406840889,-1.0551859446311727,2.06141782161606,low,0
1.4751805954210506,0.5270711986781154,2.780204355402996,-0.17315075224801202,1.1816926802362269,-0.6375798578775357,1.0742406561866946,very_high,0
0.4445487214375644,-0.8823893030786208,1.8353833772091241,-0.9550469804299044,-0.04243736179058666,0.5496698134880496,0.23110887305277783,high,0
-0.5652916925462717,1.0031370033055655,0.1112929400563642,-0.17283802215081612,-2.195181752972254,0.2317927626259248,2.1700627226453477,very_high,0
-0.7513479665435476,-1.4056768077040018,-0.05414463954118361,1.6347798564032465,-1.6429091922674082,-1.5364597035461218,1.5118555451559978,medium,0
-0.4071690845997553,-0.20388346897985454,-1.0860502615426941,2.742231558715302,0.5339494114361957,0.7159171404855652,-0.0642837654068451,high,1
-1.7095248939407792,-0.26693968713962596,-1.542999529493755,3.096818541187898,-1.3544163731064403,1.6760214587599298,0.7956620166533559,medium,0
1.5537118982235696,-0.843596612531713,2.403250980698868,-0.20101007322945774,1.7983549094422837,-0.22256507077141327,0.2770552124464297,very_high,0
2.8580656577287593,1.1053139014932878,3.683102061096449,3.107192925983173,1.9773661173897845,0.04450208231923648,2.248944005509364,high,0
-0.16509914377004775,-0.3711919512615264,1.1624850212104023,0.5922630768560273,-0.16451780259928817,-0.9434698244081563,1.743611233998182,high,0
2.4898229240786858,-1.1353162812387732,4.378686599147411,1.4954234147205228,1.7343902969316827,-0.2617876736240963,3.2498085198636035,very_high,0
2.750815031877395,0.03211545543232061,4.638508412747725,1.1199568493079757,1.4059551266902208,1.0876069851989536,1.9013432130513988,high,0
-0.25945342194888077,-1.1970550048264106,3.4798947416141672,0.8240276788289067,-1.8713565870458972,2.706687940975501,2.3462041066041253,low,0
-1.0556570323717536,-0.1869715128172817,1.6651561378497801,0.5274536887082633,-0.6578945169996752,-1.4047652216670008,1.308628592497605,low,0
-0.43058421964694127,1.2572349606742776,-2.8203785903268597,2.9637624462344876,-0.4193371191444001,1.7428664700517604,0.13837859175483835,very_high,0
0.059739152234466575,-0.6973296584974588,3.044111791325831,2.1545219951160037,2.5075940698676433,-0.30083528695503226,1.7364107561366904,medium,0
-2.533743105495925,0.7984613389778825,-3.701603285928844,2.6665460284065263,-2.4831332247774256,0.1812711595140552,1.2821152074567055,high,0
-0.9709111340694346,1.3422535263036104,-1.6479891630413193,0.9971494996516798,-0.8560420869366177,-0.3301680625068308,0.7814607131035863,very_high,0
0.486342509694365,0.10321625976591761,3.0712356472919717,1.0653931044044873,-1.540745628080075,-0.7122010248506275,2.04812878063146,low,1
0.470214793716603,-0.4914104166895625,1.5427078697315746,2.3785765301211335,1.7354294839516404,1.34648059555603,1.067188632169598,medium,0
1.3392379371992527,-0.9032036088954514,5.945982104009211,0.7715729926069553,1.626823702828041,-1.7189099560288814,1.6488583395075869,low,0
-1.4394970880350635,1.1195661169810924,-3.086405177505241,2.4677893092803487,1.0972271273131862,-0.47823260785842847,-0.9724598478491517,very_high,0
0.854309046027049,1.2740596432667959,1.8251649072890295,2.3374952603519845,2.0229283546800962,-0.9500418802658166,1.1351347470066304,high,0
1.2157331471353003,-0.66843303064877,-0.5031690215135617,3.9888450883901765,1.6314672544980244,4.479084251025757,1.7922172046051321,very_high,0
-0.002909364698632455,0.45583767838814,0.932852301717204,4.129967092089401,2.3228586161588956,-0.5560525574794034,-0.44891227405138157,low,0
1.3977182176020009,0.7936392943301029,4.260022944197064,0.48192507452296107,0.875816421213321,-0.8725112766056362,1.7064339367654635,medium,0
1.5891670595175065,-2.6266847559986117,4.095485141467938,-0.8660083510606034,-1.0162164054979808,-0.16295631080584103,1.4525141071301724,medium,0
-2.1118959568999514,-1.0348051634453777,-1.9753053356955317,1.8566914498188662,-2.3813788613344986,-1.5886441685966566,1.591049346000087,high,0
-2.5685269496139265,0.7975103068781241,0.5530958771667877,-0.2425498666371928,-1.2497876219906665,-0.21855833833841642,1.4645406413754014,medium,0
-1.4697692114090606,-0.7203688548966539,-4.0967065965672775,2.2308157804321307,0.5697775614796485,-1.4428537540673354,-0.7742712303844799,very_high,0
1.1619104939871319,1.9249405131870565,3.118534482677347,-0.8480660618037363,-0.5477302042824417,-0.30825662975338647,2.6386603895743455,very_high,0
0.07466671929052326,0.07086499705513648,0.7778695083242624,0.020101652758639954,0.15080188980767195,1.9306582590562598,-0.4104014752113172,high,0
-1.3640882909922745,1.2186081743344965,-1.062355074302053,2.422452082282283,-1.0826176863671797,-0.3501910303540016,0.8655188483189952,medium,0
0.2905035819305686,-0.8302621507200517,1.7778515526846128,2.3080214830209287,-0.7400300861436113,-1.8575714451669172,1.2548232419759193,low,0
-1.2032064731513803,0.5196374682685905,-0.36603455679290264,1.8063252716587161,-0.4451252036223856,-0.14113682151636595,0.5689167741960504,medium,0
-1.943651029631706,1.0264193771346004,1.631681266555937,-1.1638139453558842,-1.845233512826531,2.3181022604638017,2.135509256968452,medium,0
-4.199707480141055,0.4427533213091045,-5.293350394824664,0.7950571669924291,-1.2820485479066666,0.04191804023862554,0.30904033700552413,very_high,0
-0.6318854695238025,0.7438296345821243,0.9025186706303614,0.8073116576962298,-2.2709037230865263,0.6803028920604759,2.124639263337213,medium,0
0.1306673865704675,0.8221564326571629,2.5236356515650917,2.167533323897472,-0.8865652456632487,0.2672106551450557,1.403036253114783,low,0
-0.9108353303091545,-0.298983997371841,0.26843945028185767,0.33653352839479134,0.5878101621544702,1.41484013645926,-1.1522209935721894,medium,0
0.9661493852054702,1.1164307487822072,2.7157480909558758,1.0590175431540327,1.693535287346219,0.9637378771731072,1.907519000396082,high,0
-1.4031350419831043,0.03650622238552014,-2.7083965339363054,1.9564476899711734,-1.2352672981575559,-1.9619668506783159,0.7911795260019716,very_high,0
-1.8819985136434423,0.8818182802006649,-1.0216698068922232,1.1178922221054362,-1.8715675776796201,0.026428906200492753,1.475662910525686,high,0
-1.7123843809702142,1.4605566355835455,-3.649848777760567,2.503301291719935,-1.6776205132025712,1.161908619628045,0.7538843522362796,very_high,0
-0.7296324489183614,-0.795436583732299,1.6206636575840234,-1.0649008331326397,-0.29957781969642305,0.14163812813565044,1.2161050055386573,high,0
-1.4037876383278818,-1.1814412615773098,-2.6242150701328106,1.7327584061410277,-1.161498140002819,-0.06602198594602875,0.7554089720721144,very_high,0
0.014364499190812285,-0.9653961591817005,-0.9457847994899427,1.7773859340168188,1.9656955337092776,-0.5895171324965108,-0.8066720151364202,very_high,0
-0.5834677087319264,-0.09138126042794319,0.1720893264751942,1.1025868805105066,-0.6241348427092874,0.8804813009141136,0.9362930212335432,high,0
3.0337957433952525,0.055479918765380484,3.872093465113165,1.8763834841934535,1.4129457073687672,0.24290254071125145,2.7845787891084743,very_high,0
1.081323534803887,-0.5444010195789126,4.420913966667259,1.2186803281218894,3.4741834653422075,1.0478490568897503,0.6310210022222734,low,0
-1.8109673994561186,0.4505983312791324,0.6332050956211503,-0.9874864907566565,-2.1654766433184154,0.26303518181790386,2.2497048381552673,high,0
-1.8630006043331133,0.6551002716225308,-1.0236952102890122,0.6463370794913127,-0.9004628535972885,-1.4031384080889997,0.9365400200964191,high,0
-1.2057659915809025,1.0851889161343613,-2.4977362623982695,3.1427701521558435,-1.4498822635323374,-0.38458244372021294,0.7967574347352195,high,0
2.903376867066679,0.8620575905465448,8.28655197928486,-1.008019037928651,1.0333224071722493,-0.11151889650579287,2.653762343343021,low,0
2.844744439018648,-0.0878083516348536,4.33449284747534,3.60703730023544,4.085935749093768,2.079156698466804,1.6341124047810238,medium,0
-2.4010287722500445,-1.0674169858886888,-4.362467968033726,2.059739692098502,0.08619370899389378,0.849381577377611,-0.5307664737173685,very_high,0
-0.06697856285301396,-0.8039383767271636,1.726299589013981,-0.7656449100563232,2.0153184039558822,0.7978518254783004,0.08537714276216057,high,1
-1.684211685763814,-0.8110052394638876,-2.910703687147875,3.298011021507058,-1.7163484388769112,0.7443146423626893,0.8173050107817387,high,0
-0.5152147866906057,-1.6117850634872015,0.5729681613294112,1.8068232379900213,-2.539194623388311,0.15696862704876002,2.138851196425969,medium,0
-0.08465894961797216,0.5438066538881178,2.1500044701788608,1.4149510527739069,0.8320609908647942,-0.89961865754579,0.9044630804226921,low,0
-0.7721767787748921,-1.521442092065485,-0.24488547111857104,1.906973417571412,-0.02625194060119962,1.7634040459185218,0.3855624222510138,medium,0
-1.6033193288656429,-0.15722671689112,-3.639339297200308,3.1697011821583256,-0.13393290056161322,0.9368143169226666,-0.26257329126688833,high,0
0.14317350155318254,0.7711919053297392,3.7403990043917577,1.1019731204828582,-0.07775888448000767,1.413372924685207,1.1728453175892104,low,0
0.204722068229666,-0.08155079508977878,1.6872333611320316,1.964747595184075,1.63563963573635,-1.2972115391662733,0.8491235348509842,medium,1
-1.9205101776141333,-0.31670793232591443,-2.0056703138364593,2.1837556473011097,0.6115625262888393,-1.6598678502577902,-0.4766148209577321,medium,0
0.9692605288155671,-0.5539346838422423,2.9697630557776282,1.5040275275696169,2.105348430176689,0.7293697951297508,1.0067799535134705,medium,0
3.757468908696622,-0.45731290655670426,7.744546492505355,0.8620894923701876,0.9247542790708805,0.15567538768838682,2.924841006459048,low,0
-0.8755109348137173,0.9846766948245461,-2.2205124455704923,2.1948501317416613,0.19819925978720132,1.3255225693540593,-1.6041715685697864,medium,1
-0.828464590437831,0.7332158376215936,-2.7316100513205246,2.1656352548283606,-1.3842383725230658,0.6365420380756676,0.8228615034450246,very_high,0
0.4173577486988225,0.9988621603282145,0.7744669154553953,2.6348819805937316,-1.77042885745092,-2.911549919320649,1.6950574958592115,medium,0
-1.999481719318545,-0.7821867440020989,-1.7695404437060087,1.6759671865496475,-0.9098278530690993,0.1563251439554436,0.6274480051424846,high,0
1.0252086049149631,-0.8562881236602804,1.2584667685047015,2.44428478355357,1.3264588078378965,-1.1669178013714432,2.723193150588383,very_high,0
1.0522243128346553,-1.2425640027997056,3.474572159694813,-0.08114162663326674,1.6645582340658696,0.5282699389151054,0.6354342646820939,medium,0
-2.1576696696611535,0.12991890441127968,-2.40999787937306,1.4148355611098016,-0.5881748097770999,0.1793980391804458,0.30891687939636214,high,0
0.04608632247198474,2.1279180747572566,-3.097580863326986,3.484137377850857,0.053615149238606996,-0.744872785276274,-0.278998393003308,very_high,0
2.6014743526372426,0.4622523292930485,4.234393275630896,-0.3430119400962437,0.048153900729502874,1.0468790323232877,0.9874509523426461,medium,0
-1.977376725509904,0.45740074279174425,0.2995332807723187,1.4222521218357793,-2.548561406595167,0.13897565236328388,2.0607650756409384,low,0
-0.8366549385734146,-0.2592759743787534,3.2927408935019247,0.7778630438413758,-0.8488408144528279,1.5640140182118132,1.5873791299178062,low,0
0.6075099060682723,-0.15994214829883396,3.494506009158102,-0.08750396602549415,0.07401854524104978,-0.5506808466567625,1.2775095981398952,medium,0
1.3777389583181225,-0.4769758599540591,3.881624691678749,1.6283226110855415,1.0709482517077995,0.6868469770637194,1.630124863560839,low,0
-2.599094478212156,-0.25128086132474453,-2.3316790784527504,1.5784981359030203,-1.8870250324220625,-0.7054337240572864,1.2126806538771842,high,0
0.6186098723678957,1.8331141483984492,3.9067450033770883,0.7240523109832824,1.5915726528106797,-1.479089288097522,0.8045293477538846,low,0
-1.3422867349321144,1.1619011299565059,0.6086243002480725,1.5460373409419546,-1.4058272766287765,1.0346996960872819,1.4599548903323512,low,0
0.8622680630736069,-1.1493045773901618,0.848669948082241,0.8456886854282591,-0.2576472087894863,1.0314159064340078,2.477857561124254,very_high,0
3.2959455196044756,-0.816184171876115,3.2057364548464427,-0.6342964183338666,0.260123144009076,0.15213371886411586,-0.20640768060535852,high,1
1.9764670784809202,0.17952330153746154,4.9792353665141675,-0.5167887878898958,-0.3944632798790102,1.8489386185618586,2.444589342070686,medium,0
-0.5936342338759388,-0.1889812445126243,-5.511019760660784,1.5258330032213363,-1.9758727694306664,0.1606928674649046,0.6234792509891557,very_high,0
-1.2993797066817914,0.6989037915017654,0.6071383931794839,-1.0766825106560975,0.18047195502820235,2.2448984141487265,0.6688851743103457,high,0
0.7011509373799891,-0.5348579055061975,1.352354414722389,1.5468057437177518,-0.2637845243297575,-1.6515397134301908,1.0146649452642653,medium,0
0.1747907115498084,0.3933783444697123,3.826118807225108,-0.351324749715193,0.637885804330357,-0.1805502908857391,0.5492752111882098,low,0
-3.885406600546167,1.0625720057333625,-4.927595845897126,0.49938588444055576,-0.37902564353221735,0.5893696072695719,-0.19254635355746408,very_high,0
1.3054795365382348,-0.8121571305340674,3.644031637317381,-1.706030516415266,-0.2510627412412396,0.2109261619639301,2.1391038574632515,very_high,0
2.659425435615382,1.9581316153017756,5.431239487956696,0.28829358447076603,0.24356357365494385,0.4898112547940131,2.178962637765208,medium,0
0.9287356884097637,-0.5352457039403952,3.1321556946120013,1.028623193235283,2.563670512033132,-0.21329657563207796,1.223604358466813,high,0
1.8322936306504394,-1.387753081001437,2.2855709900562426,2.3800820468897363,1.358029879619303,1.138698946694648,1.584500020761558,high,0
-4.111676776673891,-1.4829130411779132,-4.761216108787715,1.3558832323698888,-2.2783782168351583,-0.005587133968183114,0.9157550208403586,very_high,0
-0.926201363676636,0.047888782675214944,-1.6745085222448992,0.9653497460735212,-0.6196430031150993,-0.28168832078912964,0.630129089877777,very_high,0
1.1088822383027541,0.36752904756141197,1.0728870290705192,3.6434452539487605,2.3688478504053165,-1.324861303850239,0.06562769214448294,medium,0
-1.303811061445958,1.0355650677774098,-0.2926661727284465,0.808919655811531,-1.7041001096384607,0.34463050463451084,1.5772470335615583,high,0
2.000488747371561,-0.8181342216376747,5.349798294974651,-0.7729935704816331,-1.3520080576116984,-2.033299111040127,2.660280516669415,medium,0
0.9217132051531167,0.11316001139278317,1.9051749524025519,2.0726302360808857,1.3962978576905112,0.7946412035736589,1.100625910548997,high,0
-3.0696557096815678,1.0217252687600726,-3.244923229889594,1.3313104933922222,-1.4504569676733265,0.3375737334390134,0.7022502062472542,high,0
-1.4186114569329038,-0.7988988980931305,-3.0608290710972503,3.560360310331024,-0.5162134391547779,1.0284790091901104,-0.020833067018520612,high,0
-0.35321069065430755,1.081580728364782,1.2231889148157316,-0.6493157136923597,-0.37578566582177597,1.589446936104708,-0.725283989165302,medium,0
-0.3924136073929476,-1.198361546999097,0.02273481192553672,0.2039339210368083,-1.0238682295277253,1.0171476743793124,1.2062433225553328,very_high,0
-1.6104706207073898,1.3162472971612738,-1.012527299758542,-0.22462887566709266,-2.7734292231101563,1.6953634941799354,2.229557695327114,very_high,0
3.357943985457254,1.2530637269289127,7.499408928345401,0.7994550637436281,1.1047284769995576,-1.0374416964083255,4.10364938878333,medium,0
1.839842943952236,0.4645021652142125,7.052610705669149,1.3384738634057867,3.4857053680570695,-0.083332200624347,1.7580750055006678,low,1
1.325424480635536,-0.7482746547776955,3.29198626551075,-0.7140485856957912,0.026318329840561594,-0.4202640311588286,0.4159404370830596,medium,0
-2.9734439344784587,0.031214589669564773,-3.9968855792159186,1.657890599200052,-1.352547005732959,2.1173728164203425,0.5190026810661855,very_high,0
2.003683667387698,0.05573977332636784,3.3117123094366616,1.4667953506745135,0.24534930157272927,0.6647630897243626,3.2924493344100147,very_high,0
-0.45492118172880336,0.41015156771359396,1.8724370741117216,1.489666631349733,-2.3085745313345223,-1.0380485814246605,2.30438444282931,low,0
0.6999747984594782,-2.3669689575063617,1.8282653375566076,1.0644002698519195,0.5560851847788917,0.07619242144872226,0.5808406083208169,medium,0
1.9277571622293919,1.576849825589217,5.543740811183381,-0.24426492284735946,2.1223596653209618,-0.8379792146793185,1.6352800309858662,medium,0
-0.6394812291891014,-1.4886726837818571,2.205152568036593,-0.34376245395962224,-3.1603836620895756,-0.0004091858982701808,3.156554358358221,medium,0
1.2381251328573122,1.1030832782933673,-0.8742748328195544,2.892062068518131,0.7867339208176678,-0.15575530858321,1.3063135769539753,very_high,0
0.9559006323088602,-0.4868218725182975,1.980150129230695,-3.003542329962949,4.128322775428453,-0.6688964917292147,-0.2241556544610097,very_high,1
2.3298206918114204,-0.02264413013637428,5.5986184402563435,2.3708751525621725,4.6171386833177985,-0.19629361774576656,1.9853453389759061,medium,0
0.12583740274482857,1.3573414957162835,-0.26280592201211234,1.59580463866303,-1.535087507659375,-0.1698932016675959,1.4712076338821263,high,0
-0.7547301494187768,-0.6463172976974167,4.076952123022932,-0.8471647969548857,-2.79338297027007,-1.0719596368460775,3.215214420694646,low,0
-0.7486286388919248,-0.32224115383572083,0.580661192016832,0.5489725098335454,-1.7703248775884988,-1.3126082671526902,1.9145650915001615,high,0
-2.4870598709750396,-0.5160601765303474,-5.2772651078278425,2.37056005295928,-1.7772327915288413,-0.189751557259683,0.5224793838278645,very_high,0
0.36723117210346934,0.8033160427378291,5.316209522591951,-0.28029132990323746,-2.1810120404607978,-1.646241349106251,3.0595696486150414,low,0
1.29480857737588,0.3948200204121767,3.372952362339349,-0.8439391813887405,0.0829481858582628,-0.5261653710601875,1.1055624135988653,high,0
1.9551296326726852,0.08547725034829733,4.341191550792968,1.5653956065021946,1.1716993140062544,-0.1890579208523746,2.7791281170483355,high,0
-1.1904456452836512,2.465927331461365,2.3802409533369624,-0.03753001873232331,-0.8157269641499284,0.2532424223641424,1.4874456844609165,low,0
-0.5378956281382687,0.6565060831752271,0.31455015916675255,2.3206084987738405,1.8951380422977027,-1.313272287252248,-0.18911156691316822,medium,0
0.7206074263430189,0.003063637440674221,5.754727073425798,0.448721171209972,-3.7145916642563206,-1.0434994950947576,4.1030197299891125,low,0
-1.0007971259350448,-1.4820732754824262,2.4525876450848503,-0.30471965771311504,-1.5085326704169335,0.15703917019676786,1.9926851315042655,low,0
0.17669468999155136,0.6288138283327617,5.34990774822634,0.3371097970913247,-3.371324602590869,-0.04950464606506815,3.7389385248119718,low,0
-0.34827223474680913,0.684083978776116,-3.0707976703886004,0.6505385689856319,-0.8171526271243323,-0.7676701543048088,-1.1353937131457237,very_high,1
-0.8823131149885752,0.8530604560516108,-0.5481478053837472,1.4450090126752766,-0.679550743865045,1.1279249855168274,0.44592337211320277,medium,0
-1.104071458119595,-0.4700451851548686,2.190776025870178,0.648932475998669,-1.0661241515889508,0.3205064125986378,1.6036866954370632,low,0
-1.5252533073934003,0.2932713754434303,-5.987879254756895,3.421602059637709,-0.0005195780684199569,-1.7313068096727535,-0.8722475961871246,very_high,0
0.015914425930562803,0.41708049800864466,4.471738034359694,-1.260758537723692,0.7373119537087516,-2.0435383538962357,0.12282715026055158,low,0
1.4639730837736435,0.4867105303254986,5.3742612636794505,0.26827776502708045,-1.1217413993191327,-1.3170981967549784,2.348859498729117,low,0
-1.9223965364520286,1.9737334427358522,2.2178414880387125,-0.13264397204570222,-3.3532113631365936,-0.16327838522830335,3.200935271919632,low,0
-0.6602784573223108,-1.1613468707172474,-1.4698800693133676,2.7385869295455434,-0.07913472896372187,-0.9692799797387972,0.10442255880579343,high,0
1.9155709915648935,-0.9977562791069342,2.613185340107448,4.135354467541189,3.4281751240424843,0.5670218329032266,1.5253169991089757,medium,0
0.3678114193203491,0.6682481239413528,0.2820930717401646,0.44041140563354453,-0.05072771980260504,1.094166835615131,1.2877307757697947,very_high,0
1.170683672125403,1.3939245305410728,2.4866603902507745,4.795756730270542,4.574337210774656,-0.8184750861301682,-0.7515322985538113,low,0
-1.3062818824524873,1.744311252423273,-1.2817394755658282,3.2330135004206344,-1.8499444309996842,-0.02642552136706281,1.1799090686506877,medium,0
1.4314217713510227,-0.5142689715706409,3.619672947230349,1.9663373336414622,2.162756164336847,0.8998294961329573,1.734936620061708,medium,0
-0.41769654836351955,-0.6846297971775508,2.170807726037993,2.779118454539923,1.8465503310051041,-0.2620352218414382,0.65148072127526,low,1
3.2946482753115856,0.7560878806950055,9.620525911618085,-0.9205080903726957,0.2566362982763769,2.58727145584531,3.564104024846917,low,0
-1.0482486949515595,-1.318409450558049,1.726769327156624,-0.02731125187595529,-1.8118501385825732,0.8656341848196735,1.9953020490279407,medium,0
0.7734161427742283,-0.4472451047873071,1.3115419827687516,3.0567979692433793,2.1006310444413456,1.218665210788921,1.4599007113338927,high,0
0.033700301704595814,-1.1795174566405118,-0.30806406393691377,2.485504844767116,-0.8017768660017398,0.1323090206885346,0.8379180946661908,medium,0
-1.8283376796654611,-0.979565314634551,-0.687797463680077,1.9899924954893664,-0.4972149149029287,-0.8017891079510504,0.5250429400656187,medium,0
0.618044241555901,0.5356540513524742,-0.10605173810445588,0.4618508700215517,0.19821722667632313,-1.1020845647760653,-0.4952370624172924,very_high,0
-0.4416702389838961,-0.3165457032097422,-0.6963905508021916,2.952813877003753,0.49967058945211296,-0.20906398167250848,-0.19277735468874768,medium,0
-1.0004815304447392,-0.7651346671096204,1.317977325604842,0.17503250291498573,-1.4697323685267105,0.426367818973557,1.8085926474443896,medium,0
1.5261040350339146,0.8816964269577422,0.25311963219939365,2.543315373035367,-0.4385984850695177,0.5662707080586883,1.283644188173184,very_high,0
-1.3967969646713805,0.30369259392119685,2.021249091397956,-1.0486381428387477,-3.0743964340868173,1.5861972650791303,3.099142948444819,medium,0
-2.470888109835892,-0.5951689990751792,-1.9833396700672963,0.7258773334722879,-1.4849266723631982,-0.2914063613488932,1.0920234299513136,high,0
-1.2023372376681067,-0.38046853611733444,0.41395128480166327,1.7508443664614548,-1.733090822053523,0.1676501553866558,1.5381727268387855,low,0
2.6761849520490073,0.10760343622295077,5.830745400327437,0.9481378697557452,2.1621196847843716,-0.6085918055692785,2.391727126629762,medium,0
-3.1712274562084275,-1.6965825400425936,-1.1440244602765295,-1.1888119211864254,-1.9302618034552295,0.47787893609605137,1.6419007546356637,very_high,0
-2.712237974674301,-1.2372549828746278,-4.898307611050115,2.058759317647443,-0.8396510802872305,-0.15141606798642662,-0.038173126908520594,very_high,0
1.232019330938384,-0.3227445527233424,0.11950867993813895,1.4885177161833854,0.6133738010155342,0.7068962909185121,0.6167257650502248,very_high,0
-2.4483653847957663,2.331486092556837,-2.408016427126677,1.5730768639962487,-1.1611178411889258,1.725518556754471,0.7181270350715216,high,0
0.19590947149882054,-1.0607316239555338,2.2035373218877723,0.4690998682247207,0.31121932636458993,1.4744603266068357,0.7949351638329445,medium,0
-1.585303437909365,-1.201212818893263,-1.997964560874842,1.8790317099855982,-1.288641844477281,-0.8377416743488576,0.9281210888781695,high,0
2.0826784568597065,0.3073093537363383,3.9599735368128024,1.5338641258813526,1.509057382789805,1.8344313331400877,0.9497786746404733,medium,0
1.746556663980625,0.5161349660879432,4.22860338515792,0.5816909753175049,-1.7705147311828888,1.5298834884051506,2.603387212643648,low,0
1.9905795418086611,-1.4375457814444081,5.072217604126912,1.6675187686250688,-0.30782608401668543,-0.4805434256067757,1.636408248729115,low,0
-0.9399497359427824,0.5598117619307609,-3.696965965113435,1.9322951267196125,0.333917367326948,0.14262139266888282,-1.3784751753444622,very_high,0
0.37110412718538877,1.2460589249202312,3.4942565013453866,1.4828100737795542,0.13994990334185542,0.49979267547899797,0.901534790859491,low,0
1.2939096353414825,-0.01474771801684241,-2.0378474446045507,4.029590587189343,0.33975616296568933,-1.2855655937111106,1.0445500993744556,very_high,0
1.6019852615472974,-1.6865702430814355,5.547154417900568,-0.015578465334551872,0.049758097641468435,-0.7683234936966282,1.1029593410449476,low,0
2.6253855531547767,-0.22676079665014473,4.514016664462664,2.6389856954570394,1.7038198147044707,0.6726128910898425,2.041093994142601,medium,0
2.136628170950325,0.9011436305292249,4.952160997710823,3.284001840592313,3.9918494715141835,1.623861412322142,2.6637851050520283,medium,0
0.4717974404945279,-0.12614154987731818,0.7497417147683254,1.1310901808383549,1.1915712382141026,0.32667092154216776,0.14532613857071675,high,0
-1.8676194255660201,0.13292846482750106,-1.403194524021118,0.3847785076033159,-0.15247485078836687,0.4814953205671245,0.41933301044519755,very_high,0
-0.39530178855945364,-1.0260680827411577,-0.15955201011725847,-1.2372145366624279,-0.7150603844094445,-0.17973251401012086,1.2644690919093275,very_high,0
-1.7830209027033197,-0.5144167616565275,-3.146605322792133,2.1659197624693847,-1.1371428498520157,0.9104921319436958,0.5078946443792638,very_high,0
1.4935594080600705,-0.319512449919035,3.4381338752755206,2.879400423043127,3.076789369001547,0.51486117993516,0.4102080834432439,low,0
-0.6919971742065334,1.1048699546987093,1.7642657034038494,1.549855677328976,-1.562207299148342,-0.1888801367134558,1.76507245958953,low,0
-1.5951129700894593,-1.5948258549008207,-1.5044703432938908,0.5015277856298072,-1.7639464996900385,1.3127240692726614,1.391656964214659,very_high,0
-1.8892421794654863,0.5323720112967234,-0.7845683877677856,1.2193291093767749,-2.293034855871926,0.3209357543208677,1.8237090419042596,medium,0
-1.4494522933799585,-2.6005359274290236,1.7964087319462285,-0.7720704087289623,-1.9474344429791839,-1.2357060240221238,2.2518842165611535,medium,0
1.8192432888604222,-0.12148710544041103,3.4714284409766676,1.7093359864198732,1.2428909072925645,-0.8600024751223019,2.148486771055329,high,0
2.4005569710268597,-1.3803898467240674,7.482654583340144,-1.2546056118956932,0.8682797991050715,-0.8072777700103707,2.5027268208055977,low,0
-0.8518946911483861,-0.3677355832759664,-1.523259136037099,1.0692095814797156,-1.1140962986426117,0.3956975066080047,0.9909374849216501,very_high,0
2.4621365261094708,0.11502556634280714,3.375481740091477,1.8352454090640458,1.0139071431846727,1.0087625071331352,2.061402368568955,high,0
1.1815755829327368,-0.6180320739060579,2.7982936825520364,0.9233113597975311,1.3382665349821523,0.8452803046068483,-0.05005724927728017,medium,0
0.1951256124302625,-0.9008117410113639,0.04908559114834379,1.0012096499721252,2.1640826921450453,-0.31909603425102373,-0.0474181334017596,very_high,0
-1.1645254299957075,0.03701437749614225,-1.5937430747604446,2.179792798820028,-1.9332964049794614,-0.4271105487326319,1.3711784402903036,high,0
1.1885794031417944,-0.7601923217408988,2.509845241207827,1.0656164192168214,1.058047097982022,-0.8669252393444344,0.8201275320384502,medium,0
2.2554279568684326,1.4300303889213692,6.2313545819137985,0.20827161207980038,0.5368429161902069,0.20104766428169443,1.1941757011517236,low,0
0.871457777271299,-0.02816690844955293,2.040015641916406,2.9923857370157796,1.8563636878644183,-0.032185950944282664,2.4818541816064146,high,0
0.3742022848158937,1.3336385618598274,1.6167684027988038,-1.2254212325777785,-0.019461761774713704,1.141454578321271,1.6663784453721386,very_high,0
-0.5101759212685091,-1.7871385875844514,-1.3863784451628125,0.8581496836808531,-0.6379334080178856,-1.0085308082526463,-0.6310089720265561,high,0
-0.7448144124097168,-1.5234705093035474,-3.481670823332421,2.575408868559747,0.1337254925932636,0.4249025317863849,-0.3756958060322393,very_high,0
-3.1390831253020552,-1.8206594931993039,-4.607817776782652,2.9348920220700334,-0.5069263137278924,-0.22909010338315364,-0.2924104542629713,high,0
1.8832355068279967,1.7301167692088393,5.036638278113906,1.3372307665306953,1.4927613153330292,-1.6797453265189957,0.9293342164204003,low,0
1.2195792386329802,-1.2125219470836786,3.3377052977273314,1.0980319635433289,0.4199457316790848,0.4113602775697078,1.264389552368919,medium,0
-1.6246392699724077,0.39546944004558404,1.1222508068059467,1.282248562126797,-1.0312539679633912,1.2124909440819793,1.21265660246899,low,0
-1.5461050006143762,-0.9661265231290901,-1.5474386284130466,2.02180044302638,-0.09733850307063396,1.7459036321856196,0.2365571635062773,high,0
-0.5795103975538948,1.519378182951953,0.456170872315655,0.7528057376104882,-0.7906207803419345,0.7300800925375974,1.1047581574093908,high,0
1.6226458323142439,-0.8331331336803468,2.165003541039322,1.1869190683387325,0.15385694665275174,0.8166035703577127,0.43389233394489934,medium,0
-1.0488578882394937,0.7843671357705463,-3.981712371687427,3.1033570904241468,0.6147954427870603,0.7128048049548621,-0.7584620575896046,very_high,0
-0.9590885008819959,0.0074371388099146235,-5.067822154488748,2.9648526691078265,1.2082829577942957,0.20425494265702587,-1.3747808150894374,very_high,0
-1.867791464620593,-0.011767837823633949,-5.515946417345594,3.2125599164724195,-0.8814020970023384,-0.03656094262917065,-0.10634475292300771,very_high,0
2.271161855105003,-0.3038634294811303,6.121876479010306,2.450704726033087,3.9195994314974163,-0.21765512113811641,3.6559876000052354,medium,0
-0.03134044369460165,-0.18331684202330392,5.953707207126589,-1.0072846509053994,-3.2168565647830167,-1.0937684002255086,3.8476182997383015,low,0
2.9307449570988107,-0.05255416192019341,5.6077230877667,2.126240681862444,2.4932420903153085,1.153327763396889,3.8007382040219824,high,0
-0.662243345437118,-1.9140058280134873,0.7741974989440342,1.5712264694321911,-1.3414548755844244,-0.5801276426989396,1.4749058346624353,medium,0
2.100751204038832,-1.0979263630670464,3.830974920214895,1.4618137108989833,0.5342441504562414,0.26070616197127533,2.4192777955346783,high,0
-0.34412079658557915,1.5909413585541052,3.7021574833014723,0.46992438698974415,-0.5702457506673979,-0.6603312628001164,1.582685862231429,low,0
-1.4014807140972163,0.5746929937075994,-3.748109178027961,4.230681747375359,1.0632537298716043,-0.6709143776847711,-1.3100778662262382,high,0
0.1823259311029486,0.9359731592656175,0.33557719632321514,1.958005120119525,2.039513722909923,1.094934055641929,-0.3749808636766645,high,0
-3.0182825756669818,-0.22425879143948552,-1.4266795107318562,-0.13810396176251283,-3.0271676137058336,0.669252564126162,2.317983701810748,high,0
1.516174319109632,1.234456978764691,3.636736774956108,1.8795505246305277,1.5767726964226223,0.42783786053604395,1.512665945643301,medium,0
-1.473659307526469,-0.1875038837287729,0.19740121960537624,0.37363546396393954,-3.1011123072481386,0.9955185771629596,2.637525822317201,high,0
-1.6535487735184073,0.6891895986981486,-0.05368703951835269,0.03875822784167515,-0.41519226819476407,-0.1455676497428844,0.8292959113091753,high,0
-0.3413481515848502,1.330803915639862,0.9074361240708771,-0.8671780988190558,-0.8450267670364788,-0.3393358444160607,-0.860853941804266,medium,0
-0.016353020853769218,2.208348264339871,-0.15727654805443517,2.2886809228746916,-1.041157164427868,-1.910965935592205,1.02102131120137,medium,0
0.5025660337942339,-0.49548368109930824,4.0184754743262205,-0.25795113442936524,-2.4892962141946446,1.1653255992232814,3.041602418022726,low,0
-0.11651185467049996,-0.5093450963307086,0.00387744329541145,0.6311828689057739,1.5197745500108593,0.19477400562806724,-0.07494487045522247,very_high,0
2.22717579987589,0.9084142390861619,6.855832083859047,0.7004733562520331,1.5962697109860104,0.7107740251751941,2.228589351739628,low,0
-0.34545672209645906,0.5130478674102508,-1.770623340444606,0.4009653714396978,-1.2690904351704593,0.2472881256277393,-0.09060493081000853,very_high,0
