feature_0,feature_1,feature_2,feature_3,feature_4,feature_5,feature_6,feature_7,target
0.4070522871245351,0.9475264621228578,1.1241127199860135,-0.6267172245899651,0.8623934723827588,-0.7728776678236091,-0.971656734541286,low,56.640715473627935
-0.6124228909008682,0.02310434600073103,0.8687983383055493,0.8627545919526867,-0.8300704951292369,-0.9779388355526387,-1.9790186934897123,very_high,-137.55792507231516
-0.5833429328784879,0.2553281717450444,1.4513754610703817,-1.1074614086276906,1.2014170317870247,-0.8483665364230907,0.10296524246461053,medium,83.51802047790754
1.6850142787085094,-0.4853058353678683,-0.742484232538384,1.9870611116994412,-0.5309708978119645,1.230874513154735,0.5628808601743548,low,22.2797054482017
0.2034636358672231,-0.9555404406004258,-0.12791759148076653,-0.6465728842425266,-1.081548003614395,-1.6064463202575725,-0.7563507452843033,low,-219.74953444487085
1.0641707023410438,1.2090101989009971,0.5354587474096335,1.8951486121089698,-0.2631612720598266,-1.7798751082081674,2.505448905356894,medium,275.4116094547042
0.446872500802698,-0.9822940342546795,0.4535087125544674,-0.9627325652846123,-0.20661127969604665,0.058984221589597374,-0.34254920085776497,high,-86.0774290667479
-0.04151796926807157,-0.6088231624233649,-0.1503483662862672,0.6651060515214794,1.100799805422717,-1.1757344466669615,-0.4040694502524733,very_high,-119.01113529029246
0.5182189504454116,-0.9221889054316275,-1.001314654197967,0.8942327745009349,-0.7663225247814263,-0.9546181019500601,-0.5061890610853361,medium,-169.69868320889645
0.9701750825678591,0.3359681734405766,-2.252793394731339,-1.5065252580391153,-1.0042905634942532,-0.2728445463401307,-1.0984092179625526,medium,-147.84725682313967
0.009395354575849457,0.21740585272700344,1.2724283828165954,0.01342048538846011,-0.013283088959019524,0.8549039226364025,1.056288483746123,high,198.63786388594727
1.2187618516973167,0.5999287299962045,-1.2096947428411076,0.14866745720211155,-0.33708597111803934,1.5307508323436974,-0.213442870930208,very_high,36.93260799253146
0.8700602169074838,0.566607832835089,1.7813997166008577,0.4396697222730237,0.9038914006360014,0.6378983162599249,1.7097080286755186,very_high,318.21801132925077
-0.02469764308499223,-1.0513218142392298,0.3147625614551637,1.0531214525238028,-0.4944979738149775,-0.9222192771347147,0.34974781524798154,low,-82.06893329097983
-1.6453987469568918,2.2909425725907417,-2.499405714873573,1.3842728185105182,0.5639091200523596,-1.389572466763596,1.0225704320096403,very_high,73.12692161571498
-0.10619409003975315,0.13949779614745886,0.29746205311781654,0.5101243612500749,-0.6493648196138809,-0.28483693774220137,3.0982994340712575,medium,250.4867263861719
0.9639254230555709,0.19433346333823323,2.178562173991662,2.492183998600687,-0.27512142825504665,-0.14734022662150623,0.24945094593007222,high,142.71304053326503
1.0467127137757637,0.33658304545903495,-1.0756504835748875,-0.12666402734766338,-0.5511162400406288,-0.45768456167907784,0.7735577062068134,medium,42.028085583089094
0.7165893397596517,-1.4362538649281178,-0.4876334209549628,2.497415126419854,0.04600638673634095,0.6939232331912581,-1.730262730484345,very_high,-249.6593661725545
0.8093109039313008,-0.21083471865458023,-0.2242409555481863,-0.08496659688814741,-1.3321257652766474,2.2354274347569607,2.480650917512143,medium,235.76332224286656
0.9468614616461799,-0.03265590374030994,-0.14342321645892908,1.2366197421429752,-0.4626447418812982,0.06429487858758168,-0.7472173084867436,low,-34.03951588039415
0.7154930967694852,-0.35077820560155415,-2.2660520941492828,0.45096263477647686,1.0067300712270648,-0.22771961483575284,-1.3990784281844755,low,-243.76655306501672
0.3090474430326539,-1.029811848541845,-0.3187483152461331,-0.9394632419859826,1.119244917564096,-0.12334406404611045,-0.6556877194614437,medium,-157.4732455832934
0.3023229003482749,1.6056779580824545,-0.10737861841004537,2.035531456719595,1.9920944074974534,-0.14166263187224326,1.3755969643042085,medium,254.46009491783855
-0.3860025756494393,-1.5198927996189848,-0.5044226832971694,0.43594762971547235,-0.7619412381350837,0.9262574910843923,0.18209824581586204,low,-132.0805062877113
0.24309172766069878,-0.4829098394605177,-1.443604262169765,-0.1908722195531798,-0.19819567637971988,-0.0827150238964932,0.9513062442994834,high,-57.980688973997204
-1.4028661572078547,-0.7474556539582122,0.3973970234592343,0.6852900847109679,1.402009325919122,-0.2805020534116174,-0.10813899039141675,very_high,-94.43581940533306
0.03678283317423478,0.4506130494313883,1.959837254744675,0.13416641599584353,0.42834205066072495,0.08277290378542575,-2.3843067887857456,very_high,-49.47122371005062
0.8187659708488161,-1.980836470922634,-1.1574157902154336,-0.963396341198569,-1.9320651585199595,-0.038323835697372494,1.1067745186243287,high,-145.54524151831643
1.32579664754219,-0.4711246518178786,1.0826910538870733,-0.5835993263460049,1.0383788510193166,-0.09363618873917084,-1.28716356858425,low,-57.38222880793438
0.4091409227759939,0.6635978685607627,1.7443111147431112,-0.11184710408631295,-0.4526901485095334,0.20479787728191723,1.4148406628255548,low,297.4727919383792
-0.46572975357025687,0.5425600435859647,-0.4694743859349521,-1.7249178325130328,-0.5622875292409727,-0.46341769281246226,0.24196227156603412,low,21.404434010037757
-1.9158690263084484,-1.1239011249228845,1.4571018262274051,-0.438408888036707,-0.05248268231071405,-0.621159243445229,1.5102866512731454,medium,48.52664157083804
-0.5881531253205687,0.1381927477913204,-0.5448700708235121,0.2616252635807709,0.24611770637658364,0.29613358988560473,1.4507994663087393,low,74.45023544863959
1.187051150666382,0.15364912929661892,0.5040938319439419,0.04132683187700316,0.554967164998613,0.31912084186854134,1.2235796597592736,very_high,121.86577039661783
1.554962727725765,-0.48512994209987004,-1.2630353535770662,0.819973642346786,0.9462436716153141,-0.3300527352440008,0.9248262123767372,very_high,-33.53212917895453
0.24495709317200393,-0.11766730219285336,0.6353291952162062,1.1782528475480023,0.40813591277835637,-0.4554670562497405,0.47463348556679213,very_high,50.99901205326163
1.8188985322003248,-0.23823367505561752,0.29523257504060313,-2.304211935943967,-0.3610092232525697,-0.41051848272973,1.177184963184339,high,87.99737493721219
0.15464854323662508,0.2913744562385839,-0.19052518962003737,0.19737260543966004,0.11375768348027737,0.3270752180533076,0.4945224920487726,low,52.39802770090476
0.6368701583954032,0.4337476093485353,0.4575419340047812,-1.1044518278549962,0.4335416104725293,-1.7718966822464437,-0.6710148456624536,low,-32.70984478441131
0.5507975722736632,-0.43112556957509907,0.7828737349485725,0.1493634822711889,0.36414029605466136,0.4080528468367557,0.44477380783159476,low,42.92901200677314
0.612171618618584,-0.24584831744398336,1.1064571522946443,-0.24237545810511135,0.9622105785810979,-1.3376741860876842,0.5692893232700639,high,67.42595489031459
-0.4310011058329391,-2.094437526714903,-1.4872897932074287,-0.8594381867953109,1.4168340821388028,-0.13118015426484045,-0.6759376648038271,very_high,-346.2406531465097
0.5723903111756757,0.3614173172731029,-0.7296024698074095,-1.1617838439123638,-0.28313889674376713,-1.2931415437586478,0.45060341286253885,low,7.547365504724862
0.5193587456378881,-1.4042395662615887,-0.03989438375171192,-1.58242797402364,0.8168370114309812,-0.13418021067692457,1.6733639461525236,medium,-2.3087891471491533
0.6834146735600306,0.6899402768960868,0.757056001819417,0.8606854213686301,-0.8328632751545352,-0.2002166664916561,-2.273172202546832,high,-65.32886048831843
1.4846418618765076,-1.601181198811573,-1.0272518875051289,0.2839110587363809,-0.007062904550829715,0.6255913025065598,-1.0263536223898961,very_high,-242.41620114344045
-0.355546671190706,-0.2989373970198303,0.7370706706176718,-0.015865918453513532,-0.8878013803376538,1.3888001036195767,1.5095468626126316,high,178.5280829103581
0.06936980265806943,1.635797806135815,0.5648423586001226,-2.0993562644190256,0.683223014788808,-0.22104246353705057,0.19259691873130513,very_high,187.5230630801434
1.2788658133133932,0.42544486418417227,0.18517553682991406,-0.772659445270824,0.8301918118626102,0.22228985580085406,-0.952316380738797,medium,-3.310536316985564
0.09689787603431459,-1.5690990246932246,1.2937531558659603,-0.21795090624353872,-0.23390798544489444,-0.5300895860048698,-0.9081539486076704,medium,-153.9211259526979
0.3143386831314305,0.31412949645066596,-0.24897365528067522,1.2827949688389804,0.0780074184788575,-0.31608296112297335,0.43915013370041756,very_high,48.79954690662394
-1.7464667255790336,-0.16825913448754154,-1.2681368049753126,1.7110288091907877,0.5239605120767348,0.06837156596765875,0.33164766712576277,low,-77.35060947663403
0.47543068252662346,-1.7476365098282616,1.7120402840178925,1.2795186697601588,-2.2168188393540644,0.43477006455689116,-0.7955570679408823,high,-104.01543136917336
-1.3717431292635056,-0.7097889922335351,-0.6143231440962944,1.090861670603698,-0.4629395120252583,0.9788895585567792,1.6087808557343735,very_high,15.429247311882964
-0.5235759884065829,1.118549944255326,-0.20528401949625125,-0.7094311573284758,0.6445954324151765,-0.526531687096043,-0.7641867866378464,very_high,1.6718545554209676
0.28257995048829965,-0.5830774385689385,0.8604734883597454,0.49097495163825133,0.7348777860498175,-0.1671217137864115,-0.24869112618354708,very_high,-36.926822732225816
-0.24702570074599667,-0.06613261462582246,-0.4367197360405955,0.7441919714999368,-0.181224173218103,2.0997217891665154,-0.3583401520212222,medium,2.509585159186991
0.15201577783777934,0.581373059338924,-1.416990139680991,-0.39284389076720727,1.1072729720038041,-1.5733469496057397,-0.4472451047873071,very_high,-97.88094908919214
0.34696029688448116,-0.8652992751348513,0.44228163833030987,0.7639453637154662,-0.044919538154433135,-2.39198188955614,-0.15249967830991942,medium,-121.69095151561493
0.620672097550678,-0.24751863555150475,-0.7271371758248686,0.3801978510059632,0.6105857452838231,-0.07443342910004629,0.17770100093325383,low,-40.05810588149345
0.015682236471624342,0.19337945192415906,-0.6681430483277668,1.6435415091205292,0.3911278769327262,-1.3481770454274902,1.9002684243109647,very_high,67.3871013305313
-2.0843316213428005,2.1487062939370514,1.3779743339254138,-0.4214829971663628,1.2721985542500975,0.5212157911887249,-0.5582302623977843,high,198.93023047937143
0.24478461960349976,-0.7845669926025229,-1.0373261983013427,-2.9538234854006244,-0.5231043068844964,1.2083232859472328,0.6121568069555516,low,-22.319920791442364
0.4733366755549671,0.6467439354186445,1.315821840016223,-0.3360666965057405,0.2688049344392308,0.08286484186899613,-0.029803781851440635,high,126.945189949904
-0.2754823151790223,0.5990841852948223,0.25200376120192847,0.13863502853045098,0.4981119956445415,1.0370053243691586,0.1822802235378697,low,91.28576295588422
0.15946250680412918,-1.60027110450371,-1.388542553831211,0.03471374875256186,-1.9685042134380537,-1.2172826922204794,-0.8927875154918841,high,-322.7311519203849
0.6544310271056212,-0.8424326301263264,-0.10199471663593199,-0.5998220233198494,-1.5587869950238415,0.750872779401332,0.9720569657397219,medium,8.958621325707085
0.6322163140318503,-1.326262161949157,0.05389734703320638,0.6040516449216232,-0.4100294115389108,0.5574085568511856,0.6823387820596591,very_high,-46.833198936244216
-1.4679181776388008,0.48161384568809446,-0.5456141563287527,0.9392028516620472,-0.6712110751338888,0.16325562629216542,0.4591613159785581,low,47.841244560668784
0.4182150782661971,0.4594750589690091,2.0540955829236434,-0.12715602945673044,0.9764977027728893,-0.7465633522699111,0.5673304769866295,very_high,177.6355789459948
0.08452698378432454,-1.081914368713133,-0.0919684662030466,-1.209198711239606,0.05674168329681941,-0.40328779191093866,0.9102157836647453,medium,-60.2732264471169
-0.6251074206936527,-2.229676640729981,-1.4786735963102973,1.133688498098509,-1.3248330557026347,-0.7194723843379374,0.9431592010001667,high,-255.87047544355818
1.1961502215261264,-0.5218655165517466,-0.14753818810015182,0.49243733915416665,0.2898300418707116,-0.9346089125902313,1.4642012725235871,very_high,42.13743093985373
-0.8593992108172007,-0.35928530430641653,1.0896295229091613,-0.2717300398697084,-1.869731661954991,0.7172635437832151,-0.47025571626635737,very_high,-8.07695131057212
-0.1513974919414092,0.3160878221089338,0.8437900258815756,0.34961533102838527,0.13349941906137147,-0.6705431614166831,-2.153588112944552,high,-106.4673040635107
0.3520386129581204,-1.082158135827995,-0.8588442782989592,0.005085396128234085,1.5271323841551305,-1.1786911317962547,0.3091577195174642,low,-146.11234254406148
1.2161657767822542,0.9410665514519307,-1.3317474843981763,-0.15272994498015613,0.4827127605561378,-0.023617979418456322,0.4379522629797555,high,77.47596782958716
0.7640297815728595,-0.9478927172689863,1.897767016745977,0.5964411375817527,-0.6342858476894031,-0.8343230454915821,-1.542801515209646,medium,-114.7335468779171
0.3796396483859655,0.7105491022977853,1.3934545275244314,1.669069525826331,-0.9425580057918763,0.42934082280173436,-0.5561187467607805,medium,100.46773636180365
0.7020303236673265,0.10649398029009184,1.143566044928613,0.4283529137714487,0.3918287077161016,-0.8432983112849525,0.19767556695424515,low,64.54750288978317
-0.24825111386109355,0.3275927311429576,-1.6100216729089964,0.23045988062763317,0.6729702060319175,-0.7768620986213922,0.3092783851266944,medium,-56.74904978176015
-0.12174750838328353,-1.86653661707306,-0.7168223206028049,-1.024186824329205,1.8540925663341883,-0.08268068584269925,1.513449743242131,high,-83.8007910706191
-0.129297457035508,-0.0785907959688194,-0.05589646661359551,0.9416190135514908,0.0765180622437113,0.2066776285391162,-0.13362772972677125,low,-25.63013138499919
1.4363354057059785,-0.712220763649051,-0.8810683366612923,-0.9046143749937661,1.1727568452674448,1.186734620177331,-0.23811043631205406,high,-63.55771684012054
0.3970466698823999,0.6091355190535136,0.46425123812300356,-0.31267716965327597,-0.795988910008754,0.5724453061551018,0.9316659668680948,high,172.48127888970131
0.17866977521907204,0.9334229544758642,0.26201657435847575,0.7639029085756444,-0.39039446711714254,-0.3617169878172646,-3.3755791001776,medium,-145.828910763813
1.1433981071495527,-0.12492159532356542,0.05651064846555637,1.031380525277331,0.38818579565473343,-0.21519632356018042,0.1501356539562031,very_high,2.5972205632943854
-1.1780408673763807,0.4512253193185082,0.9003985883950636,0.7356219972457467,1.78179890877106,1.1834936668899279,1.667224111551137,very_high,221.82087723688912
-0.8725945264061531,-0.6517041482182336,0.721921252408372,-0.5016466787964576,-0.24421504017566917,-0.1341533269924053,-0.5483967878111827,high,-68.21752494664321
0.5510601242159328,-0.2863014028941872,0.7239970324019037,1.192606204977316,-1.1963398992102119,-1.4366517921792459,-1.2055823510237553,low,-97.48397795084456
0.38416017796747753,-0.871590471068428,-1.9873102297264285,-0.1045513885685264,-1.3942977502044178,-1.5207215296341199,0.0005393626288786419,high,-246.76144025963745
-0.2352739099724389,0.7344767450012178,-1.3537546747097586,-1.9819644857387133,-1.4991812019576982,-2.077119853773874,2.1458249250764885,low,77.79521814402865
0.5705986685931593,0.543360192379935,-1.6694052811213718,-1.6275424378831627,0.048084946661381994,-0.6626237589458467,-0.7632591565425169,low,-94.03787236576551
0.6166639764711183,-2.049474485669681,-1.485186162699932,-0.528998414203127,-1.0757366484416113,1.2608495199993097,0.08797354712916895,medium,-202.31440994878253
0.2674753888980612,0.0812914250424811,-0.26836879913738076,0.2651639227465874,-0.6489985204731576,0.48459137883927483,0.38082641834525377,very_high,16.453412939351924
0.47263034584340563,-0.031203488939083975,-0.863493604964934,-2.704391631602775,-0.6298845523638104,0.018016872044446585,-1.3668583632808264,high,-132.2178971228711
0.1258865305766578,-0.6597486412539658,-0.06327395989691587,-0.8935950137191204,-1.6413801156020968,0.9838523436061467,-0.4765514232192414,low,-64.34256272693949
-1.066234931899225,-0.6382827265284942,-0.8319549174944512,1.9203675021442612,-1.222895019555564,-0.8153756283161211,2.1247714030169615,very_high,-7.276620514002076
-1.3106457843043726,-2.0200564145232254,1.2359432022281034,0.6617366120969479,0.22818728896095541,0.5881379513426596,-0.0072556984656611655,medium,-124.96617624616141
0.7769367029315166,0.12428569485085071,0.36901643782516713,-0.6529501558320808,-0.5497893596380333,0.9360561679360162,0.03047641392062887,low,76.575779405861
0.8583512330053901,-0.8153111147881075,-2.335953618801436,0.9979543221425496,-0.4033147673217075,-0.4011731717473891,0.8756563632282364,low,-138.45596396397343
0.8569755369827861,0.9784578056665502,-1.9473424741408143,-0.1850976494212187,1.2121292042334861,-0.8105286298216263,-0.06844649266641564,high,-40.23880654046229
0.5705847001198596,0.40787905089749094,0.049591827661585874,-0.40451508464169533,-0.18487517719459123,-1.7577874239420725,-1.4572992875838315,very_high,-111.24844950094031
-1.911640550651757,-0.6981996746110497,0.6336610247740587,0.8595848723435562,0.0798014840587331,1.6786746733725662,1.3111674978026244,medium,114.66445482161734
-2.2199890875563764,-0.5869226054450949,0.7996645153475748,0.005457844281313952,-1.527580941355759,-0.3159639513526983,0.9465513614234737,very_high,6.198937245185024
0.6970509788397266,-0.9607795582448903,-0.8898447709411417,0.6506676287920862,0.4259109671014114,0.2541276870714354,0.39188126224558456,low,-88.85031199050027
-0.6378086928599359,0.05969188057973627,0.19340636718971696,0.11397066812777235,-0.7934597298834714,0.10618291944021628,-0.057836612377593744,very_high,0.3803092371539858
-1.3040031778366379,-0.6125509023540618,-0.33227270125008823,0.9780029759984087,1.2705292241471429,-0.4617450413461271,1.12643371674603,very_high,-28.787688831172208
-0.2871095048623429,0.7195994976248915,-0.7066691040731404,-0.34375651951011005,0.12146106419954589,-0.07022362057462567,0.43521152828960236,low,61.30025530330991
0.27902152577033923,1.5774532797634744,0.24938368371075526,-0.44643361455052827,0.19408999289830758,-0.0952955323869521,0.6078965097165392,high,197.02423330046395
0.8531102644497399,1.9473284869042828,-0.5803550028527311,1.6630422595961174,0.539723679738307,0.2676962543586619,-0.10552493877095412,medium,162.91259785780818
1.1322873748389386,0.04108086409475417,0.7884989473510197,1.2074257491566482,-0.35654242864278574,-1.7072259945705526,-2.0029484138651927,medium,-123.91052975747084
0.3237550672314934,-0.7647682898525335,-1.8615133606592003,0.8252244191816259,0.48190163204033865,0.2424629717227108,-1.4904928657368934,very_high,-260.8433063290617
0.1255485866511483,-0.7248610838000522,0.8100272385061165,-1.4072934434924025,-1.2981039036871578,0.054051662846000936,-0.9560585516833945,very_high,-111.2336347160812
-2.246889333984605,0.058022734808395225,-0.04282338131157488,1.2000789564268612,-0.49190244750620515,0.8484308822052846,-0.6067002947652967,high,-44.930548282855504
-0.037893081716830875,0.3569727592669261,0.4096361186839937,0.7228268949855121,0.11179915820338826,0.08127842205619876,2.3883719928704386,very_high,222.24629380832693
1.972524773046905,-0.8806064597816493,-1.1546369488847281,0.8546273105507028,-0.66316237580929,0.7641876161355642,1.3824333409054328,low,17.356943074534033
0.864584791751771,1.535121739812652,0.3803366503158828,0.7055133860602464,0.2559443770783465,1.3101948560543004,-2.1626790105145295,very_high,43.61298981408382
-1.0794739195745453,1.372278913446575,-0.16128543366114506,0.39464408335666606,0.35829981493276813,0.4963816465288452,-1.0149165707990837,medium,43.82013688581056
-1.2392583948534726,-2.0038623644067535,-0.26451484131061076,1.360658595838651,-1.308820399119112,0.6354180302092264,0.05993263026632825,high,-206.5413665566806
1.3906435959499572,-0.8034342741712571,-0.3171028325739657,-0.9864404990992466,0.5168252658244509,0.5712242102362395,0.47001366124666144,high,-6.434040093174472
1.0972201916064384,-0.27293332022551287,0.18007103769598148,0.5764513451224227,-1.5085559682128564,-0.8356890050200362,0.8671874128277388,medium,30.151709480092656
0.6140362639572081,1.5355307733718824,-0.622127480356389,-0.1752433629643115,-0.8087941184164312,1.2985413297690838,1.828974756254353,very_high,279.96326712118696
0.5072740311072977,1.1087035805829077,0.5906548306923093,1.3821589910375272,0.6487098875896427,0.820482181197364,1.066674689589154,very_high,254.96333162168807
-0.510016398854747,0.3336621052869483,0.47897982574639186,-0.4442932600761116,0.3773004930448522,1.0375399442578992,-0.26987493529337125,low,71.3576334554165
0.15352845725035097,1.9425771788306316,-0.8027217162249164,1.2354837695030692,0.6371190404112276,-0.4513752310813436,0.4513228247434116,low,153.4550216204521
0.3649610024662254,0.49568188797260465,0.8700677306887542,0.2010990467149675,1.050654396007612,0.15041890514357642,2.403415585238275,medium,283.09452035208136
-0.844324037183071,-1.132784951267745,-0.9005903525360617,-1.7811584144656334,-2.230468019124459,0.35037021638633825,0.10248464215820753,medium,-139.00740194048595
0.6292381802952409,1.1795382676077382,-0.8555326699056159,0.9118135935708017,-0.6687782387811225,0.5172754273613065,-0.5075313435257685,very_high,45.39735964472451
-0.9427752402304745,1.083261776294304,0.5553988606517399,0.5644982040474971,-1.1617513001764113,-0.6059900460849119,-0.3075773895637438,low,54.608874107829095
0.6769940973750542,0.21498281745454795,0.3149718715553322,0.4202685290565615,1.3049626887904189,1.1234272870957618,0.19286184315019064,very_high,99.70908959239239
-0.43077160868038405,-0.6390653328320162,0.12077046555136169,-0.3484661913619803,0.9940027883688467,0.9820109861215902,-1.3306490830206263,low,-128.3990801508121
0.24260281305494147,-0.7287901963773834,-0.8507827486281534,-0.8378230611677818,-0.8447029987029827,-0.48171705093552597,0.8656746511673697,very_high,-50.52494469458596
0.5484632735405707,-1.0414529517748186,-0.466227391717112,-0.16045004326563395,-0.2801110077500062,1.0033658927291456,0.8254145978230849,low,-24.4636024700987
0.15557946923063878,-0.5495543958595862,1.2032127822922853,0.5602808936789537,-1.9862906118704209,0.27820459602097986,-1.0707543763385026,very_high,-40.80850948079886
-0.33304762097552243,-0.3006743604436826,-1.7681569117532319,0.5665409870816561,-0.6484692000191374,0.46330151023423083,-0.2758957214401739,low,-123.34652317526356
-0.09605989972464987,0.12200981464536144,-0.5756378262377739,-0.0349884904969617,1.77080063563551,2.5600845382687947,1.1492733262856758,low,162.76571808904765
0.973101561015072,-1.5118834195632136,2.0931979322099448,-0.45763324933761523,0.18568858041873892,1.159381043300522,-0.7790927393767005,high,-35.39337326567427
2.076747983560841,-0.3492577043184288,-0.3486521344078592,1.0302834540318422,0.23878915902651351,-0.3216350512173826,0.38193545223155334,high,-11.553649823241582
0.7147317275176998,-0.5036502603755963,-0.03302526371956056,0.10172320847176979,1.4980117703044276,-0.17237495745366196,1.277856655030514,high,50.249511222996304
0.33078380653823597,0.7673073626024868,0.48721819463042715,0.312865651490911,0.06573766004728737,0.14425352228204003,0.08486545836110417,very_high,116.83588816102414
-1.8596630405497985,-1.249564911924005,0.5368074692249037,0.4123559690859481,1.5761725277413785,1.4336336088178778,-0.684812109738896,medium,-116.54618922086985
0.7604146561442974,-2.4238793266289567,-0.4523063192490767,-0.966976143129213,-0.047711356141979855,-1.5839028234857233,0.7858001586508322,high,-228.06364442749836
0.4453967721142857,-0.394090478980577,0.5488785155203335,0.2594788230864766,0.018796191985491827,1.1600484289064086,-0.9325593884467054,very_high,-17.670960775309055
0.6230110292977487,0.9901247868928167,0.41362637771433536,0.36752904756141197,-1.324861303850239,0.5921029832024916,0.5356540513524742,low,175.49616487042138
0.5212299906445413,-2.7404264220349313,0.896499670200166,-2.061405424022905,0.430362641506498,1.1874271516819999,1.316176081530022,medium,-57.199046981246184
-0.8422957167700686,-0.07002977680804456,-1.431114142771255,-1.8360052833568312,-0.4411766907937603,-0.34750029970591045,-0.07984915348779596,medium,-112.66702144592928
-0.6469367777055739,0.9246336829127688,1.3993554365860021,0.8951932200277323,0.6351718016819695,0.05963036992017413,0.6982233136135899,high,200.96459592905182
-1.4427147860027125,-0.4457574597968489,1.0103793132832635,1.2663302679562887,0.7099327481472374,-0.8819607642671741,0.4800636179041039,very_high,-16.167116278303627
-0.6163614080394775,0.23070090571868349,0.020886488295961788,1.2816437950037687,0.5576910607251245,-1.2601647651725802,-0.375196380323937,medium,-49.585738043967616
1.3890243629627617,0.12861745040496653,0.8139808601977412,-1.3927354721669964,-0.034550623953963515,-0.22565638071225164,0.6373246830230725,very_high,142.91721359926137
-0.6117678621927194,-0.29356683659088617,-2.679984485964469,0.1469922842885556,-1.3631030805815938,0.9011117810621716,2.143444818543648,medium,7.885828995403143
-1.2381611443354588,-0.14958531531737618,3.140422910102237,-0.060280749027981445,-1.0108814965896014,1.038727899914912,0.9963884256430094,very_high,232.59752782877365
0.7688396759688968,1.8904406851557827,-0.7316317389085281,0.3111099911431952,-1.889649292096153,0.04930833152022263,-0.6082265074447593,high,111.79134737965387
-0.9263811299815384,-1.1308884353259157,2.0565435648295414,-0.4173668136050844,-0.2950899142379063,0.47363207681145447,0.5555126463422483,low,20.016518103703202
0.47039274200915654,-0.35975501660563197,0.4644876055772338,0.6546884930081445,0.5652002170845991,-0.2913320061249465,1.1903614197520662,medium,97.22385534782008
1.8811570694405901,-0.0657502610729878,1.5655240292343404,0.4400144500533324,-0.5020542243526112,-0.5551995266931984,-1.448013900416244,low,-27.114965748959108
-0.2246331499970246,0.9407711879882159,-0.9896281365703375,0.1053755061459599,-1.3340254949182044,-0.9824873935383096,0.5500520990245519,low,22.66611477187943
-0.44672686572282877,0.5974729338967611,0.8638273441557671,1.370962760129293,-2.401946943950546,-1.0496741157567948,0.1568987411985134,low,80.49865707862527
-0.2846255042536789,2.4187777793134635,-2.2185699659510996,-1.4439255470737569,0.444853537557488,1.495458245242957,-1.972089026643818,high,-2.8722694063092327
0.12345755616914253,0.9361535941282105,-0.010556434880853316,0.10650540141918646,-0.5426968739026136,0.7005953972771274,-1.0895134082734554,low,15.082538369401313
-0.3386690538837576,0.7531899497325488,-1.6102631187918002,-1.532598234597762,0.26930618956233815,-1.0820177850419361,1.46644239118858,low,51.84359915501423
-1.2735855485965992,-1.128062554807694,-0.7661208306106709,0.5496831862902597,1.801430099266488,0.30989477938063453,-0.41462690057186313,low,-165.6664766205051
-0.5857927234486902,-1.1340201859349581,-0.9291363405097582,0.9588163064676725,1.127686294516429,-0.34677157676671216,-0.22159969438503932,low,-195.51151888516628
1.705362356513084,0.20207450616131267,0.09600926799704997,-1.5736290221169846,0.3720814786673863,-0.004201915391156093,-0.9907369187412842,medium,-21.86960483164231
-0.07159925185806683,0.849102110743144,0.6955377575657775,0.8903831635197862,0.5752050161065663,-0.29396694766418224,-1.5178737466808094,medium,-5.8648386653855695
0.8764556455029355,0.03003147916408217,-0.8617030702562581,-0.3301200939664503,-0.2116669819311769,-2.1523835446091804,-1.5614932224418594,very_high,-205.9335696688092
-1.1022697404558555,1.2906444609225471,2.01527511046064,0.3556689485632294,0.19157739619408962,-0.39719531614598763,0.347561613803552,high,231.11131681455475
0.3252594982295819,-0.8574424295472166,-1.4194331965450098,0.9330666057209853,0.06354190456093739,0.19821732772082012,0.1485479035926389,medium,-132.9823527599634
0.1351762413426691,-1.841919078931543,0.6069426083866378,-0.3449831619570674,0.2270288603889453,1.3048347633193296,-0.05195477090077795,high,-102.11222446825757
-1.212740614874805,-1.7695102363524722,-1.6282540477151743,0.16538476902386298,-0.7067431816423531,-0.06431045011924605,0.6485467476329978,high,-233.1534775526893
1.7963608229269636,-0.14896930976729691,-1.365824155415439,-1.0263692076658921,1.23000057271915,0.5027844268951942,0.7060789138151315,medium,1.481027982860807
0.5809995399616921,-1.574341717731963,1.1494873640103684,0.8766058798421794,-0.31178557325602474,0.4076897368371771,-2.0591604836923203,very_high,-208.40682261085863
0.5789098180691342,-1.2952586206671208,0.9714123576723597,1.0156278839944708,0.18745938208891083,-1.18755316677504,-0.06433764737916652,medium,-100.83217461584164
0.4731965832252261,0.2245994767082595,-0.030593064230755616,0.6710260113888488,0.33014994939193854,1.383424078555975,0.20082428967447366,low,96.46992174052252
1.3736585451629577,-1.830632896856457,-0.6540756831274238,1.6122782579886454,1.3149144535840473,0.5112025995249807,-0.13744851462769186,very_high,-184.30312206846406
-0.4076605785659349,-0.21952658244713985,-0.5167091094298853,-0.7691452798066177,-0.9340055020627144,0.7200135318362517,-0.8238613106230867,medium,-93.92756887550732
-0.20731609600824458,-0.3933511248228728,0.7152365838912327,-1.197957962340662,-0.42657125283057357,-1.587188069678454,0.6235257988258587,very_high,5.803351135572779
-0.05191835877606092,0.37638856188919934,0.2820005425545109,1.0214581040153765,0.8223422986875516,0.27194059094054035,1.5112831241107423,low,181.74642353819695
-0.7094410024275466,1.197246923645228,0.42548993324023027,1.7349365758368085,-0.8567720938267928,-1.371673697230466,-0.2885486958757048,low,67.92757441778326
1.0189232400898984,0.18583762890275304,0.11345604005655238,-1.0401987109554731,0.6988156702804763,0.9198715159544302,-0.5942108723816666,medium,35.747650284130984
-0.38309492115979377,-0.1271585968748843,1.1044777038374665,-0.07627815173958268,-1.661580989177992,0.6418790614777692,-0.9230723963155776,medium,-3.195749620133268
-0.3717790115234884,-0.22011373125482853,0.5907443355103258,1.8921917608330678,-0.8837191406910628,0.06364906149651771,-1.4776124069194447,high,-108.89462157974847
-1.6076413105231968,-0.4839843396005531,2.5031717909057107,0.4728150699278325,-2.722454140991939,0.6992124386719866,-0.2796127199046768,medium,74.17649460671018
-0.16563141031763223,0.07715649621771674,0.4283166923752375,0.4581681147886987,-0.9797212247168068,-0.5938114080687051,0.0785770297191498,low,13.935707277837746
0.6460832412118543,0.11523986697201831,-0.2434064747951195,-0.1538087778810355,0.3188270435795304,1.2979401935351325,0.701255639443369,very_high,98.83864608948217
0.44921872128503426,-0.38852077518300926,-1.8697416996954206,-2.4883273534129895,-0.6582484123338483,0.19042388992505774,-0.5098066931908826,high,-133.7904672393223
0.18485865406036467,-0.7704247991378789,1.6170449245216825,-2.2029133532057186,-0.22056594026731396,1.1433615302058282,0.2521948542342867,low,75.8877165291129
1.3079641925493437,-0.7474292532492047,-0.17444393428528215,0.7631423007096569,0.9224811702331092,-1.331913110391086,0.5546387081318072,low,-35.53755390914482
-2.59104229214491,0.7591551603026468,0.541462728204788,-1.4789115687741288,0.18335991977915564,-0.5765104007267194,-0.5462444482524828,high,-7.008312995073205
0.9567031863856584,-2.839078659485427,-1.1511537365528692,-0.02230028371805305,-0.6888855425754056,-0.809380821082754,0.5169465157483709,medium,-282.49175686432017
0.8312111031997558,0.10254143981752241,-1.1241218588607733,-1.1211340127579221,1.3801389388685148,-1.6872790796411685,0.8715559662881419,high,-40.106268689142
0.24941768768504166,-0.021244779276242128,-1.9673250642259945,1.5154448083522476,0.3817341689625093,0.2935375299686405,-0.326673247509044,high,-108.43888435374079
-0.7708188027286894,0.4527563520766945,0.18497057507315626,-1.33656850031492,1.336657357758983,1.7073298095592229,-1.2783526288023244,low,13.503636855148265
0.4966992232365217,1.9583474542205939,1.100959634998571,2.6443433470170348,-1.5029703283951532,-1.2295495944524168,-0.46531045678005334,medium,173.35999007320143
0.36150352520610163,0.2871241652018242,0.9531366339132451,-0.0332299906444608,-0.2081168572725397,-0.6124373746404379,-1.1437262073206618,high,-33.53482256117706
-0.3223204692113399,-0.9224101844985025,-0.3917581490438219,0.9983108981479604,-0.4316203127180484,1.6153756894694418,1.2171585208254965,very_high,33.10332056132168
1.5895230361038624,0.023385214658507663,1.0073043574732625,0.4583890099570684,-1.1047746736415167,-0.8644267053357196,-0.7504101277546562,low,-5.931157920423386
-0.4841184945848177,-0.1286594463520559,0.5773635251066616,-0.6083507646793376,0.5925303073177614,1.4069347458917507,0.9552692372072055,medium,102.81872920659882
-1.1978778925888485,-1.035242322419374,-0.10703035995455783,-0.6997255079925856,0.213979910734222,-0.553649305347182,1.9647251329163893,high,-0.796385818490621
0.16769153485956126,-0.7581638194999282,-0.6507936550684602,0.5080877144207865,-1.5908458568586958,-0.22878434391938154,-0.3162965363648446,very_high,-133.96918964590608
1.1078232824168008,-0.6545649415957304,0.42698368386209967,-1.2914555644869643,-1.170662530200189,0.11033543315937581,-0.9370069812461074,low,-71.02628489409369
0.8335289616089246,-1.5558956462036273,0.2337859117907477,1.2276689924732922,-1.2096410186912054,0.33088023221445706,-1.9937356425714554,high,-237.74871131874843
0.7090037575885123,1.3291525301324314,0.6427227598675439,-0.6763923020592697,1.8009404329108156,0.19652116970147013,-0.08973569428722672,very_high,158.13943253156344
-0.2526248688026368,1.5283315634862455,1.6000978468204783,-0.0018287588441003935,0.13998209632135372,0.7570320650539775,-3.2415138253291205,high,18.676935078133482
-0.6145387836910949,-0.6615414425152919,-0.7459421264756013,1.1186323341542117,0.013043374376952133,0.7534194635024307,-0.856348518281204,medium,-135.00401064023623
0.4060940188486671,-0.4966510521282467,0.4185145591570548,-1.4603024352092226,0.18794177643275645,0.9230448272267618,-0.8141532565976035,low,-39.81376777082041
0.020106466869098387,2.8243305910030463,-0.6411142602246448,0.35973897512678843,-0.4986338957884514,-1.3189684983025107,0.17962227263192343,very_high,203.05309322467227
0.9982176559717297,0.09112486725337687,-0.07083684791609023,2.206468979884672,0.07964958261392499,0.10769944910661848,0.6436687530224908,very_high,70.2409434368801
0.25318369569929894,1.8295625963212392,1.780638599477708,1.5533546990558944,0.03979945411601616,-0.5753373680430791,-1.4292668796711452,very_high,131.30205907535665
-0.8238368696411541,1.1273500893554853,0.9970593564536414,-2.219777947451851,-1.3996815047326863,-1.1298498572185598,1.1910906831461916,medium,196.08565307529295
0.7352693099749874,1.6370824079927424,-0.6304584541854775,1.030249693969567,-0.38003684628935364,-0.7801438813877718,-0.5591638350592083,medium,62.53138702520704
1.9192813001444593,1.901913148662501,-0.8095668020895723,-0.3412312210234211,-0.06374992167917787,-0.5220342898417564,-1.2433622606798904,low,77.48167330576312
0.504270748038384,-0.8140106692915557,0.33011379047094364,-0.08225369967145317,0.3064508629633407,-0.3656770825305199,0.521449399059529,very_high,-23.982147160752962
0.7215625051261435,-1.3810446031537749,-0.7859860326349823,-1.3386057997232488,0.6929186230316111,0.30381859560487573,-0.23086637384476896,very_high,-191.37464957550316
2.4015836610303523,-0.6799058967468314,-1.2270140772885358,2.004423303675171,-0.09731115070159116,0.18496258734208662,-0.863189712166828,very_high,-120.16659574354097
1.7473631979155582,1.52100622715938,0.46667098196608103,1.1356201471829441,-1.1062935124116342,-0.9489165208248372,0.9321915642603847,medium,240.5245140418238
0.8219025043752238,1.5646436558140062,-0.03582603910995154,0.0917607765355023,-1.9875689146008928,-2.6197451040897444,0.08704706823817122,medium,56.699334800360774
0.5517407999109204,-2.832155598110569,-1.5193460754768424,-0.41142660711600243,1.1539007342557472,-0.4511588584089988,1.2002617497388293,medium,-267.9618886934975
-0.6867323955673516,0.8596307868548461,-0.3248579264985461,1.1209365124062458,1.569628586939493,-0.9820194972109048,0.3849664160476343,very_high,42.014065488416826
0.07957954655656065,-0.25111783464244086,-1.7582088766554351,-0.8002227353999037,-0.552692953783497,-0.972162217943325,1.4341770365203266,low,-48.21410700532185
-0.1855485345928537,1.3229733083455433,1.0833921435833522,1.609343375609877,-1.6854923928685774,-0.8790162689504512,0.016620981362413703,very_high,153.17215831262567
0.6151639842785803,0.5198710181019115,2.710331644334893,-0.6312411362407006,0.599450686321704,0.21000830802258905,0.709410980586605,medium,277.24769282598146
-0.12184561131103523,0.4766135070198144,0.504154550950278,0.3147099423907597,0.8058977770010688,-1.383467312455986,0.26525702358040226,medium,53.2500634024665
-0.4118769661224674,0.2544208433012131,1.1677820616598074,0.39445214237829684,-0.42098448082026296,0.3376026620752022,-0.48760622407249354,medium,41.20670705935647
0.5156280884439565,-0.5014021468856367,-1.466785190615677,-1.1036698285303692,-0.33078922432755736,0.9753124584779789,0.9784221120280351,high,13.567762646166557
1.3119837385739466,0.9040175547613144,0.2243396567780826,-1.270061088712032,0.2869558543017087,-0.29748220087385013,0.3207857259326839,high,117.77872674720282
1.7533751987243156,0.6098125198747528,-1.3180920357955057,0.472953564713271,-0.31660344290307396,0.3777117601138336,1.3429563316312263,medium,121.30196889119992
-0.4469775528060408,-0.4697297964895977,-0.8037236608946853,-0.7228347951782497,-2.17554877698757,-0.30056939058524895,0.21930891313205408,high,-72.28606564436586
-1.866700586803942,1.0331898643631479,-1.0010095444828142,-0.4627366479963379,-0.30704834092510147,-0.6514425498636812,-0.4245981660221425,high,-24.406004758064586
0.7189533106650667,0.5366527525272862,-1.0469109826819396,-1.4218106667418438,1.5013336519554867,1.185704154662997,0.9960476858058164,low,108.45149432746454
-1.6615200622689599,-0.9043166251044086,0.25972250172148187,-0.6518361078021592,0.047398671316414016,0.6385924587773739,-0.06607979864731657,low,-75.7435637520081
-1.2864694935694123,0.7541879610324033,-0.09614428792448947,0.9173666494778481,-1.5170730369056327,0.6838611139319919,1.4729835776298295,low,180.16211329657227
-1.167779551267935,-1.5166425494207911,0.29562448874709507,-0.5888668267386961,-0.8372624310497003,1.4769344261182744,0.2167755637626291,low,-71.33130193737318
0.18111228888942987,-1.5172538605721053,0.01920342096554723,-1.7383975785217862,-0.35844618930667493,0.6673552844546782,1.0018704135410883,high,-43.675747969611336
-0.35667313417987123,-0.048088507330772585,0.8155010224442626,0.04522270899998256,0.05119790188108534,-0.18315047105329468,1.1806409124521446,medium,111.76554062654239
-0.006334140465255962,-1.087478168112368,1.2983344897754168,1.2207151954954414,-0.4333505550845262,-1.3859266659702465,-2.16116210357171,very_high,-219.0204356301915
-0.7991920066502536,1.3748764191481848,-0.18289644110484016,0.12267031599479553,1.6246784584695606,-0.6459641791245353,-0.4827435221820324,low,49.48074345908571
1.6744924333475373,0.7789365035121141,0.4395012306202264,-1.0917008761393143,-0.387099702474401,0.4577728661518858,-0.005596018829046555,high,114.68654404867621
-0.0044817963767913305,-1.0248948993808669,0.02915191232501268,-0.7734149266150159,0.64837277770979,-0.7175586392000529,1.234456978764691,high,-22.42929493358777
-0.5217666572990717,1.629318517441612,-0.47952499463178405,-1.1130641011871776,0.4330639467413191,-1.8481101123885366,-1.2084822042690762,high,-31.27341279353603
-1.46752526575244,1.5490201514951873,0.1018562952619867,0.1733416643704082,0.24395319790850026,-1.2391070756539009,0.16476084123651674,high,113.50384745714948
-1.0680471383662404,0.999991005059611,-0.5142094443630262,0.06658882690292169,0.061788270229648265,2.0603415438368318,0.29203572173090797,very_high,148.66126240509848
0.17001021898020968,-0.7892465948861971,0.08401019092435126,-0.037717949765591174,0.7567270028534282,0.4419089221642027,0.2876820436757222,very_high,-11.91567712887175
0.6897078052451944,1.3814540786904865,1.7495839042054206,0.2942241290134937,-0.234407800316322,-1.2922626951056186,-0.5029747705513431,high,137.53927658308845
-0.4182489152798312,0.8869526074731716,0.5452584830261195,0.24959247607438337,-0.14717164784843637,0.21112477684466674,-0.34969874535875045,high,103.73668934887164
-1.2243997732210297,0.199982199863687,-0.4396161530170061,-0.5142689715706409,0.8998294961329573,0.9574098452321899,-0.2812936526695694,medium,6.198979737981173
0.7163400805404107,0.6078403387350085,-1.2395880125250283,0.9573048225935312,-0.10609063534142033,1.1013301648895504,2.3246989143234176,medium,198.507212196102
0.4215866106144557,0.49774308909139425,0.23007075919140207,-0.5583017539460305,-1.100154232971695,0.6659242520544614,0.8389405004696122,medium,148.47582128374006
-0.6417271436521294,-0.015563088870293978,0.8634372801898786,0.12224300454706621,-0.41896344552123466,-2.954248941242031,-0.625916017684602,low,-108.08842320486946
1.1398785611290454,1.3175975356079597,0.1684609762696143,-2.1218548990085946,-0.6078219870944325,-1.0065425652796411,1.3171150673398653,medium,223.98374471062724
0.41905073475346005,-0.7621334485140979,-0.38418166570697554,-1.4213499453185472,1.7522919091220317,2.585975175683896,0.6132655446611438,very_high,37.45770290477249
0.22388402427913137,0.725766623898692,0.10939479460489289,1.8820244964750337,1.3454200461549777,0.4810092317367132,-0.7904744554453119,high,30.424445657552727
2.0084730109816995,-0.22652747238283805,0.5558260275751273,-0.574601858183391,-0.33577861774042206,-0.43042769880071585,-1.4723540615107777,very_high,-78.2776175085168
1.0383860371596327,1.1240958947016253,0.3901926106054028,0.7903490086922889,0.169597676394935,-1.0835965446725377,2.105856344363327,very_high,257.7446297872969
1.6776254421561345,2.6323862046774984,-0.5319315082920923,-0.6866045318482008,-0.8456893114465224,-0.4299001052078867,-1.2666319951066096,low,132.2500408857179
-0.6619821777966091,-1.3631740045928105,2.0243096232868525,-0.6414869090443096,0.487872284871074,0.18970616761039566,0.42588720619303577,high,17.372012795662492
0.26713629646173076,-0.47269227772357164,-1.671972471792552,0.759012970582189,-1.1121863012785584,-1.0701584635068604,0.3188374033804253,low,-126.95749358318251
-2.4825439859108385,-0.11820844557094608,-2.875773427628275,-0.8490234320820353,1.4653794274985183,-0.007171210981326812,1.9248383620798655,high,-37.12171231240379
-0.011589784318821215,-1.5444549090835542,1.1828949388779253,-0.8179372904264822,0.14050890428560542,0.5201764216002716,0.5660574588320672,medium,-31.11725130569248
0.36309843266103875,-1.537503218234725,1.1219504919152248,0.09882404501643172,-0.7877582576204393,-0.0555905231992714,-0.7621584630262199,low,-161.69576492750167
-0.7718903751859546,-0.9777544010420485,-1.051547558340161,-1.5050658569037048,-1.007962234913638,-0.05158125721557804,-0.8850286322627987,high,-228.69985635720263
-0.7465783465402389,-0.19646658342809717,-0.5164296438875717,-0.4911537471421047,-0.28487549336967083,-0.20585943088034037,-0.1767741631157821,low,-115.58532292409777
-0.9947717179316954,-1.2245569402250898,2.117730003008565,1.0275527136751572,-1.271284249114102,1.0248864327659304,-0.6189888028476827,very_high,-26.295538411025355
0.15226937580750002,-0.2134326970879245,-2.2832386346150395,-0.5638483318598599,-2.3254201541396804,0.4685312569051241,1.2322042374139113,high,-28.66640000729249
-0.7282722024066131,-0.9645377949101913,-0.2798103423770061,0.2125740306322149,1.0269862633197322,0.5059655534558652,2.1650560678066024,very_high,58.21062164938919
0.3853173797288368,-1.245738778711988,0.21409374413020396,0.058208718445999896,-1.142970297830623,0.173180925851182,-0.883857436201133,high,-161.2623847696557
0.7727283779193933,-1.8256151785646464,0.17319764270874738,-0.6829351063151862,-0.3610871633868695,0.45514638094951854,-0.07728523746629531,very_high,-118.70547372593438
1.195480650825479,-0.8246122504347609,0.3074035697196884,-0.5256309339853844,0.032407013340136216,0.2766007655111807,-0.5966290586117302,very_high,-85.87947500328984
0.028320263677764197,1.027959002257798,-0.23731223419521827,0.6232358966388174,1.6371217900017057,-0.3920477826671146,0.42136025430670854,low,109.55214660113408
-1.1286345143792071,0.8967973320332352,-0.19334094967962276,-1.744532888606054,-0.6902762332372047,0.42232479744987467,-0.0709053625273688,medium,63.95027647843079
-0.18186006579016192,-1.167209485614359,-0.8431023046628692,1.8142528277002747,-1.17038359810434,0.28158340508583424,2.1572158874477374,high,-5.976064801760618
1.0216229840730389,-0.38445687897709163,-0.7114621940837048,0.4308624190150374,-1.2756826599957316,-0.411024936503173,-0.3787598366030933,very_high,-80.15503510196334
-1.800770701922636,0.9902995470995242,0.8762125793216632,0.37421673480247836,0.3678195684438652,0.44570914013536694,-0.3411997326932956,very_high,101.74591716512415
1.0715431522348857,0.3113086734428849,0.19729226563120644,-1.0325239035275395,0.39792704994680894,1.6999573745763805,0.19063559126502433,very_high,135.31555619257585
0.18947982122108065,1.9114190871397234,-1.0708524186844388,0.1847104747810833,0.937915537510655,-1.2804555710024668,1.0074439731951985,low,147.6839365617191
0.08497296263582721,-0.7737805788906578,-0.9857330334274744,-0.7057555622271979,-0.2606083323339582,-1.008106506760428,-1.0878930121092583,low,-234.95225375298432
-1.2932729578711637,-0.19090379172729868,1.804348109786743,1.484116028535965,0.35561334878566,0.7197579421481819,-0.9564363768180087,high,7.219395262989089
-0.09482423128087224,-2.6307301368290634,-1.5189108250900678,-0.06040372919690829,1.1277802506338985,0.38837572923016833,-0.514782674914742,high,-353.5163786957472
-0.8664477699523984,-1.308684130989139,-0.8489046563704645,-0.069851868183643,-0.7974854973437886,-0.15350069556978385,0.9067842666754293,high,-119.5762448171427
1.395683810789956,0.7796605322693398,-0.30803428418574125,-1.6834381922209503,-0.8058700664961888,1.3103087461196083,-0.5621680265783021,medium,91.61644445521542
-1.176644943900053,0.10908297034983186,-1.151997547579143,-0.5781134587156433,-0.258008536197609,0.3859700925688759,0.9280906109910811,low,13.113333772896565
-0.2253481337130077,1.1181685483739747,-0.32252211910705675,0.10076282290159877,-0.18769393142176521,-1.1301166323689484,0.13775840517403723,medium,54.56028524873783
-0.547407522766873,-1.455054605090552,-0.816154989028044,-0.8021994080351792,-1.1471595110117114,0.3019609001717647,1.8686032191630024,high,-35.0253248022008
0.16561512509672222,0.18147788187905595,-1.399343047785875,-1.1714831299709862,-0.12698781320498045,-1.3283517915128675,1.3741358241501094,medium,2.788033754830408
2.1451491277733883,0.27899416222380197,-0.6734906242438685,0.6337768809320985,0.41379909745149823,-0.8353470532597573,-1.1875984190295128,high,-72.24423464712908
0.8461184692959337,-0.5209685512310958,0.4403539938779136,0.04189592115427648,2.6366691419455885,-1.0504376287559674,-0.10346278984692345,medium,-62.74395127683443
-0.35166018383421516,0.12466339340755687,1.862869121400177,1.0084159699429913,0.09406984119152385,1.0994637713956532,1.1850069835830157,very_high,221.8635174065886
1.5473109830876783,-1.2158439828253684,-0.23653325209612397,-1.6963162351162222,0.35874138810830297,-1.348427512780981,0.17103949263714724,high,-139.30362038906586
4.479084251025757,-0.8532181181418795,0.05107630446507834,-0.623180315308064,1.569584066281079,-0.66843303064877,1.018624510033811,very_high,39.44118647851336
0.1540318416835874,-0.7948936470016904,-0.61836502004413,0.3590550934803667,1.3342291941726905,-2.072355181695998,-0.08269774501839869,very_high,-163.99047818115355
0.9567023167945841,-0.1524698363805439,0.1335409047822823,-1.8362053731032966,0.5079913269125437,0.7081086766885905,-0.7859894605079495,low,-25.805149250174782
-0.06963345330010817,-0.43615544150748503,-1.3805987058996512,-0.2737292521667607,-0.014270352949388505,-0.25762048551099404,0.6891644570743356,low,-77.2239395450269
2.5581992856682523,1.262584103427182,-1.5256563145700948,1.5421099525678756,2.006092888159123,-0.5518581458924467,-0.5642475986573886,high,-1.6483792351425244
0.17958178193959795,-0.6777449705248515,-1.0003313246055747,0.6347214685617699,1.1096998419562232,0.513907849658915,0.3506300992735592,high,-63.46672711596374
0.1918895450216474,-0.6798885397361863,-0.8335982829664064,0.427962626552635,1.7230747176462498,-0.7959703738504983,-0.1605596095017974,medium,-144.7824109978831
-1.156996455664364,0.6509656787794414,0.5724714117797358,-0.48462856460008136,0.14341763068147614,-0.11798109460737784,-0.682074798023783,very_high,23.541745160813125
0.09798315347089544,0.4676931717654332,0.25373966149457344,0.26912694124510733,-0.3431922754974105,1.0857863249393471,0.3080505395041023,medium,110.21857754703498
-0.30971081180657256,0.6067621502064073,0.2252697220150467,0.5095135639296859,-0.18733030982130086,1.4106923204208948,-0.5744867054162757,very_high,57.884165322704874
1.0531528533329035,-1.2767485758203094,0.27157883719537346,0.028318376130461172,0.02975613949574519,-1.0810565404082624,-0.03955515385665504,very_high,-131.18289993772558
-1.0680243758911776,-1.2843719755091987,1.176225706758529,-0.04674945390270229,-0.7997428881105317,0.02002733980403,-0.050942279063403054,medium,-83.88152075273169
1.2692556718986205,-0.3755089806394995,0.6190831693880101,0.16333468067753845,1.4617170162571183,-0.6560972360056414,-0.49731714635766955,high,-12.188279139520986
0.12555852247357793,1.2287280552289201,0.8410815386064158,0.4586004538776307,0.908222524091729,1.0170655439701535,-0.6984737582131462,medium,146.1515764389868
-0.3256110521485036,-0.24066517453021302,0.25719897035592737,-0.9933586995819507,-1.0158788269899783,0.007880184694728152,-0.1643352058853912,high,-25.13041963079857
-0.20435572664564833,1.1665283362210033,0.6938234538591022,0.8157544866520694,0.6024734362823633,0.8913439016052467,-0.2904414820111494,high,128.15560039827952
1.1672907173837799,0.40608510987442903,0.34738984170855525,0.9343117376707711,-0.43240118727796156,-1.2665388289449717,-2.820168822240691,very_high,-173.3660821638025
0.21272612119178486,-0.7274539247231182,0.6184072157441348,0.5465897256886387,1.1575196058099577,0.6381840407282129,-0.5963246890919207,high,-50.46398952530866
1.8489386185618586,1.2939335231057139,-0.6651402992844123,1.0560416064585545,-1.5095516224699548,0.17952330153746154,0.4044081540714172,low,166.89181075324964
-2.4187754670694206,0.10132717686046831,0.47304527283800113,1.1629025725441393,-0.1471553052168605,0.6969306349627576,0.11108835130483316,low,7.611827934028771
-0.5883615643067782,-0.3220119706174046,0.5390414967527589,-0.7906239912729525,-0.28231204192492954,0.17205892236625886,0.012814304566494933,low,-5.310033559379051
-0.1840868670159194,0.5740419308840301,-0.6301428301423468,-0.3755000400755709,0.6994642468957021,-0.10986412310193568,-0.7721923878043793,very_high,-50.38747026218366
0.35339379745895677,0.9964626154129835,0.16601884787457225,-0.14996629117086105,-1.1154200035302062,0.8889400055930373,0.5996436407250353,very_high,166.89790095197012
-1.4123037013352915,0.3142473325952739,-1.0128311203344238,0.06752820468792384,-1.4247481862134568,-0.9080240755212109,1.465648768921554,medium,39.9867316094763
-0.14700200162848862,-0.12982069973342616,-0.1852876588777083,-0.5574917850078336,-1.3698029795790778,0.0438114719791096,0.9638791167949097,very_high,45.272163908259934
-1.0861262991814098,-0.28509425704201397,1.6043391083085963,1.1039335467019071,-0.25628082425157245,0.1386451837100845,-0.8682609615983323,high,-3.809708988260745
0.5068025945524742,1.8878589879586387,1.3303435074897187,-0.5754902130961214,-0.9334711584250414,0.3312227598598763,-2.133184427628144,very_high,114.00622931266558
-0.927553330811728,0.11410149222651991,-0.04626121726634254,1.3632289751322504,-0.303626072898001,0.06188335288713521,-0.19024084441321568,low,-10.57870721955279
1.118338136793128,0.549574316064444,-0.07792273567851586,0.736763345167897,0.6188603301446354,1.5089188942669034,-1.4193843557960406,high,26.10450532530526
-0.6485216295046535,-0.3513349354557117,0.8438287744856245,-0.9220243251771819,-0.7158259138747501,0.01775254617328601,1.6516389486858793,medium,120.41775494811101
-0.25155190018413637,-1.0958708107987174,-0.8358702556183059,0.6110709051105707,-0.7664664310197877,2.768373605625943,-1.9255673603328771,very_high,-191.5894300968952
0.4875602970867186,1.1717179147161596,-0.6701152004542329,-0.20252422706483003,-0.5282970466629792,-1.1761733365547806,1.1818910929599615,high,130.58320825224882
-1.1791082143628482,-1.9759632998916197,-0.38245239766929023,0.9259751007146168,-0.09107586035302723,-0.5703140677864661,0.03390272368233751,low,-240.2459137962557
-1.9140600705874673,-0.4194347526585506,1.4273053642892164,0.30734561670797006,-0.24775241823970925,0.7564883543160984,0.6594512411136115,low,79.30329684519205
-1.0147567306928669,-0.20358036010236177,-0.3791277409874871,0.03408346825922607,-0.7699732310586418,-0.5816809139486437,-0.6492775450660071,low,-134.34475907744525
-2.5782928501405302,0.40524002554914546,-1.1355972655255242,1.346673001401146,0.3731223970910093,-0.5196744782036353,0.44485822059832236,medium,-62.71481235964601
1.2129839285493706,0.5745617175367154,1.2559370400156968,-0.05171311130804584,-0.8727610707885383,1.124414149970889,-0.4142107809275326,low,134.27630812013447
-0.978372777615032,-0.7783047254023127,-0.5397596803093615,1.0291556373256436,0.472597482413043,0.19584525509768155,0.40825275571447184,low,-71.38945755372477
-0.7424867777695996,-0.2899813544366399,0.3343270545535034,-0.70128957079155,-0.8758148246462933,-0.8385006163839522,-0.2145376645179636,low,-53.51767457986328
-1.4400508825942944,0.015579047581467534,-0.1730718242838696,-0.9913923494563072,-2.153390113603715,-1.0962750868952018,1.5945050632249722,low,44.122032197892494
0.9452115346114836,-0.5509818035382495,-0.05310680169691065,0.7424589135926203,-0.6375875420759639,0.1680153405325285,0.5008315910042116,low,3.2494494774176284
0.26429021015325105,-1.1541633847795414,-1.5255717080610838,-0.8679754225283319,-0.21359324220504247,0.8552015077482625,1.3137821765718076,medium,-76.1845427703055
-3.033989362145269,0.6089844464924351,0.8730660663320997,0.6463201631358254,1.4744973675705146,0.4189116113727865,0.2997948741631638,low,84.04718802115357
-0.8938332206390901,-0.7064755007657966,0.5881572644358652,1.1747618002330382,2.116012056830995,0.032264810771252796,-0.1825848784124418,medium,-40.6091104404225
-1.7001208688282619,0.04687854330331131,1.283739433701408,0.4367677511104973,0.11423264450235611,-1.8162665001339957,0.7356807637597333,medium,49.30903826971979
-0.022030072516940464,0.8778260312391258,-0.14170872170182425,1.745858970273136,0.7226748248882985,0.7907593122325293,-1.7681310327067183,very_high,-4.043693215314686
-0.03644732025803771,1.0617847669583211,0.13376057405422923,0.510098731207273,-0.5725860481265272,0.8052398579044068,-0.5869709860204633,high,89.3853510012032
1.401500346552158,-0.38113769667341885,0.9886087934991747,-0.07567107265706344,1.5375513190343435,0.6037132405441962,-1.208858864620722,medium,-21.296403470507816
-0.9413814861392652,-0.07296943188127829,1.67817992212487,0.32548511232461763,1.0995844643276695,-0.18173353761590585,-1.894581150472303,medium,-80.74078127961614
-0.3777648875224771,1.15469376671672,-1.2703620463250862,0.014004967371380734,0.5637878750069146,2.3674143640271215,-1.290942219493224,medium,33.4051925632389
-1.4597866719179988,-1.902626236431442,0.8145354596953241,-0.2422880981783883,-0.5897592406671354,-0.82830253957689,-0.46262927659289066,high,-190.61506115443183
-1.4301413779606327,-1.2477831819648495,-0.2525681513931603,1.4412732890661155,-1.4358621511794394,1.6324113039316352,-0.44004448669698376,high,-133.74191278052103
0.39580353343740904,1.3800913541474515,1.4765403497258958,-0.5503051538454201,-0.6716233679380516,-0.6255627015095294,0.4940301862827388,high,233.38482330833574
-0.04166002338133474,-1.8789809447538273,1.1748140575856918,0.6104398198094931,-0.03540743904535086,-0.3277950558774631,0.01590865839963108,high,-109.19642680921315
-0.8508840890388987,-0.5650604735511925,-0.6362237126519298,0.09205513731199198,0.4762403533876659,1.871074482308114,2.441221722471914,high,157.41607268015002
1.5230298564080254,-0.13826430117118466,0.4967141530112327,1.5792128155073915,0.7674347291529088,0.6476885381006925,-0.23415337472333597,medium,55.38243615906667
1.1794244681404278,2.440923965456535,-0.43212104312941974,-0.8652090538522469,-0.76825532039177,-0.8386236735995307,0.8564598131487865,medium,241.8437507217649
0.4685401615460691,-0.4647672239117277,0.2172079375284009,-2.3789960407532242,0.6700496718155238,-1.1772264174512104,1.782905600065144,medium,62.216598833937745
1.6049345017539018,-1.1429425463832155,0.17118714374566293,0.1847686502490239,-0.24791602574300886,-1.184951941226075,1.0694473881241897,high,-28.741207234992707
0.17041541759311193,-2.133119217718111,0.3067899624614518,0.3689172029082467,0.011651707685245566,-1.026710491785266,0.13551800279179543,medium,-199.11295820435797
0.11333446390530184,-0.14114967234280568,3.287761187388739,1.2869472861164193,-0.12454847968642378,-0.32573889318261995,-0.24272858931102861,high,122.77975008460434
-0.8190526431188059,-1.222362807004254,0.36190783636098817,0.5985950914443922,0.7385660392020614,-1.8437529587926298,1.4381955852087482,high,-70.9318453344603
-0.8491048509902235,-0.5090938053115694,-0.12887737868875357,-0.897659385275054,-0.6374874348250117,0.4853599075531901,0.3056655686425959,low,-34.26792518319952
-0.24903603955637832,1.3668742674445247,-1.5151910621985523,3.0788808084552377,1.1195749114345768,1.6449677135012837,0.5765569630557664,high,131.89609564746988
0.4022623446643774,-0.5050172707451764,-0.9437054314300761,1.3351046172686238,0.9386110786254933,-0.16392597675551596,0.9492573018529092,medium,-6.2392201613726925
-0.2628908292082677,0.7846042878980238,2.412615421612916,-1.1808128153088449,1.114321694668872,-0.01926037973439464,0.02246589281204638,high,204.50672839680408
-1.1952937635992447,0.13106518621584873,0.4004813865063287,-1.6826586941226858,-1.0240285908863795,-0.07744346072599365,1.4509275482792119,very_high,122.57948523879838
1.5463986871898292,-0.515434864681385,0.4612282614987982,1.783114519992506,0.0744066719261473,1.7563779876279924,0.032835809101306665,very_high,56.71358390018253
0.2514736089405121,-1.2094769354188053,-0.30085974714082625,1.0487071264165635,1.6554071130882952,0.38897872935218375,-0.1942691319785193,low,-134.431691162931
-0.4397310582741749,-0.8946073022195039,1.2557561255735208,1.0318445394686349,-1.485560373036972,-0.18687164416135904,1.4469778843537329,high,52.89197390510502
0.22732590682319032,1.1378577759693718,-0.21583075543615446,0.21446326746755132,-0.0963846363148971,-0.3536525548815512,1.2972975339255457,medium,181.24203911494573
-0.15974849799158664,-1.2689825772544985,-1.756868699401502,-0.23227350279947281,0.0105457117410256,-0.8888596980356747,-1.0141642181269683,high,-322.9963487016039
-0.14436041192394247,-0.024125087110003277,0.013929291912946203,-0.03275327021599839,-0.543424771133765,0.19808476076785494,-0.5736620068802363,medium,-21.064309145322085
0.42192075423528475,0.3287624103034804,-0.06413834659299254,-0.24415663529064868,0.9640871682883573,0.32135721545027307,1.613711269058647,high,146.24800447429473
0.23173094203039254,0.47962531955157295,0.23782954075833587,-0.6342747168173137,1.1288474875493895,-0.4323011858095411,-0.9273730056959336,very_high,-15.24755284038033
1.1788434440256437,1.9262858548553932,0.06078537250130285,-1.3290076372234483,-0.7423280128765718,0.08127716759106869,-0.43507724157631605,medium,154.3648350086308
1.5668547072137862,-1.3076425810934404,1.8486630689665502,-0.9684836469618956,-1.381769188567704,0.2736601192125019,0.599089759263809,high,59.222580868770194
0.7963400197488324,1.050319552276355,-0.19308207400661265,0.24889396913325643,-0.39115637225284255,-0.6110011240896291,-0.0016217169633801235,medium,72.2274779258961
0.27051347546640014,0.05996285769570662,-0.6992440642290753,-1.1630028577834441,1.406807528732965,1.4198444873730531,-1.606602735358006,high,-121.50150813995756
0.014336422175760023,-0.0785883929143568,-0.06330322278133675,0.12079023250111028,-0.750022681565717,1.1983685693734596,-0.42158231144029273,very_high,21.92832789547954
1.5192839236417688,0.9022771737866472,0.015618333949603047,-0.6578345538521371,0.8545252270666157,-0.9077561801469204,0.5107920885275947,very_high,94.31270338540381
0.5140625524247758,0.544220352340347,1.2949855848169558,-1.3944950688592617,1.0538915522958832,0.8458028725629282,-0.4611697320346189,very_high,134.12811869416697
0.9403696886232976,-0.6299700318556897,-0.7697070992378554,1.1932422751414316,-0.28121246228828845,2.27409356914324,-1.5492024451478383,very_high,-118.52108633352557
-0.7627247785662142,0.9375701376265584,0.6592456684324051,0.8294748419317485,-0.19382613877280352,-1.6075598643689741,-0.7691423497872982,low,-2.4243375476153677
0.2595956466989539,-0.7176391376105407,-0.1349902279770614,0.574386351133876,-0.49736953314026283,-1.1037585626023165,0.7738771734428223,very_high,-76.26453149468878
1.3459350078383152,-1.4846047919196528,0.3137231828969071,-0.18969349345240752,0.8495845310466172,0.6082671663441893,-0.17464794568162792,very_high,-85.0252326880263
0.4523717962497339,1.4122205554154292,0.02421945667275807,-0.18714426500454878,0.985729995679863,-0.07964139124571515,-1.0623935281468797,high,75.86099874608144
0.2839278876047216,1.5949202080860148,-1.3708420448290057,-0.604029885474771,0.21920418763358843,-0.012276533502175885,-0.577004439727203,low,31.764272496591307
0.08036232596303014,-0.33338005560766565,0.0833453509750919,-0.12064303412983486,-0.3498853491230032,-0.33149938829951425,0.04052294231700992,very_high,-17.511479278889496
0.7368371241051792,-1.0105906031585947,-0.9831031471441493,0.26151859672583017,-0.330810519522272,-0.254374417026562,0.14805741389081464,medium,-113.52474044176554
-1.2640061679473638,0.26426827164563654,-0.11464083550639245,-2.0503574572842003,0.7391804947015679,-0.15011695125380659,0.4861847915619389,low,26.78380406682686
-1.0534155631736561,-1.0399059271255309,1.1081828167375165,-0.19068240076334658,0.21743287317972287,0.6127739050625697,-0.6237689606958051,very_high,-78.60719621209076
1.311693449272661,0.9374774925069249,-0.21596052035023222,-0.34516470544979644,0.4892545350763276,1.6350663945275195,-1.092141593428733,medium,87.2595349805949
-0.4036484632419967,1.0299608175811612,-0.643549832317462,2.062524919243145,-1.0675329142542729,-0.33477533210654087,-0.955122579349353,high,-48.79993476738535
1.0920554114388017,-0.5554003994423388,-0.7203883588004716,1.9757051012300741,-0.07481842035058532,-0.7099191329520645,-0.49244411241221675,high,-125.58176794116167
0.48253370982118504,0.16823054118369438,-1.0071949875269783,-0.3950468521695675,0.3090468350240348,-2.161303886302362,0.6603430545626816,very_high,-69.88455169490325
-2.0199273321561364,-0.8388926740257363,0.6863535550145331,0.05586393984449697,-0.30964971398806124,0.06783851391693768,1.44194500580189,medium,32.27364631683001
0.618289303310708,-1.4058596858654655,0.5953232878926642,0.19092373175510596,0.10714532973756831,-0.29789534474353074,0.41665906054859364,medium,-66.30590542357926
1.6826629146481138,0.3236324725129776,0.9026781426992484,-1.999986560310291,-2.0981874632712016,-0.021332381631087506,2.1482392019576406,medium,273.31000203383576
0.6979032725390276,-0.8610879101735704,0.4097627959594974,0.2965755451407618,0.4631847952675847,1.4033699701251907,-0.4430440211284823,medium,-30.55444471372384
-1.4509129285940126,0.043908301877156795,2.017775813175065,1.2740635835161493,-2.55254015202075,0.5772623672009194,-0.8249606865912409,low,40.36562125711866
-0.3262337044413596,-1.3394697749577562,-1.481580771551368,0.5053371476473485,0.5278393499155871,0.1351903409873859,-1.3453354874152414,medium,-311.42031406170395
-0.6478722896465213,-1.1718313004725252,1.0153923286752233,0.18217062771210168,0.8918776345702746,1.0270604268730175,0.3624498815945265,medium,-8.914863011856324
-0.4030759890650308,2.046862195719558,-0.22247489677826537,-0.5501152829365389,-0.14702542343084998,-0.6749340187905523,1.991553302204734,low,282.3207358690199
-1.404816943927507,0.5166444459359673,0.029430591677552183,0.6264346724539442,-0.0799084526625497,-0.9813259365174648,0.10720796204013365,medium,9.976721584407976
0.6273281202738094,-1.5050718742538034,0.030948088267830184,-0.7736398449381301,0.2235994544459053,1.0168308890128515,0.5569478823405032,low,-54.3931991960939
-0.5380477584901385,-1.1260539609110503,-0.8568518651277993,0.045491476330752,0.5583364232117055,-0.2563406783724922,0.7978437798957666,low,-104.931207555483
1.1033018820165215,0.39913611435207086,-0.5449190868089497,-0.36361221221385587,-0.056945623721067457,-0.037634702424848364,0.11422764866203965,high,30.616782810625384
-0.37962449667683384,1.2687138945765704,-2.19750100526203,-2.8019115694878916,0.43426364992207156,0.19022322184489376,0.8571583884232884,very_high,67.22121780735681
-1.2961166642498945,-0.3519213178165091,-0.48720292119492714,0.5950294658355647,-0.5574230531083212,-0.7699960661974573,-0.4561208274741882,high,-158.7107637908781
0.1949677059907586,0.07321945031246505,-1.1151262626634877,-1.177031631453071,1.5623545093732296,-0.6553275232007943,-0.552924016236234,low,-100.72191529912158
-0.937413788436313,-2.074959680895303,-0.41987416228435775,0.5648641321559589,-0.48879979835093157,1.9121780476629535,1.5861141314213119,high,-42.18515231427171
0.8600850677428203,-0.379907966540577,0.3339450479990393,-0.18140603471718997,0.9478207764124668,0.5553796561497687,0.3796100564144805,low,58.101331842077066
1.2106745525421971,-1.7378046158464995,-0.03658003987684579,0.8515910458931973,-0.9096804393124754,0.01804725246822428,-0.5996399948212037,high,-182.35067048873853
-0.39608396607926877,1.4242834142738574,-1.5843275778483972,0.5933365996313634,0.2618572072457253,0.1586833236187289,-0.3779897459852177,low,2.4715651507404246
-0.11040116390158848,-1.9517426090104495,-0.9740601569182217,0.83922514466879,-2.2082780198800926,0.45507557572037044,-0.7100250868151013,high,-279.2927222893494
-0.8158102849654383,-0.7537361643574896,-0.2453881160028705,0.27669079933001905,0.8271832490360238,-0.8895144296255233,-0.0771017094141042,high,-128.47642577361137
0.7929053718372018,1.1329561648061375,-1.464706681617567,-0.3583944830280237,-1.894834367582211,0.5100665931710657,1.2904253246168622,low,149.13228463688262
-0.05080078861953355,-1.1207676506962496,-0.0120435529599315,-1.0391111683677392,1.6875480552367936,-0.057397463786793744,0.16064994035311653,high,-82.55759993548192
0.03239621368357873,-1.1630426502846019,-0.24936962517248124,1.0725417995727589,1.4287601620367705,-0.41342377063644137,1.4622546040347288,medium,-19.075329552711878
-0.7140417437774549,-0.28554162530722377,1.198225393201287,1.2149441068549691,0.10577038352412323,1.2998712435306046,0.9308873827918375,very_high,133.80172204608084
-0.46285628571437976,0.5755619258303651,0.9954151904494745,1.3978443070314983,1.1911730449400957,-0.29505618980564213,0.31282223676684645,high,111.81667623950072
0.07225204823791581,0.06450597286257172,0.3576613666310894,-0.5151708990920177,-0.1265188969539503,0.9065441571099638,2.0578111770977623,low,210.910206395815
0.7791306255883522,0.09535027433277855,-0.8324766217233888,-1.6382456590945336,-0.25959672180927,-0.17963037272551532,-1.5772283709195007,low,-117.87528097134688
0.45322190228289727,-0.3270734308637865,1.2710300994311405,-0.6975419424751146,-1.6188225719864404,-0.297949364813223,1.4744820073782556,high,154.6292663476221
0.41732930166043963,-1.0851415431623328,-0.37305866766391554,0.46446746972355973,1.150136803679616,-0.15308373300965544,0.52423017995203,very_high,-75.7861755139503
-0.581443086342757,0.3624508686256106,0.13175010974729173,-0.9724506376870051,0.4660667482786038,-0.014925372442960091,-1.9633586432655206,medium,-102.534966895525
-0.6004235657387051,1.321304032273012,-0.649373038321426,-0.684629825760004,0.7906255991627686,1.4196030045136372,-1.8665399513606162,very_high,-14.057384852666495
0.26028050658288615,-1.3260476860820383,-0.35976864578908574,0.34378788154988543,-0.04865235157045115,-0.413465161123276,-0.9637589262106109,low,-225.78867795571676
1.1214992118499283,-1.0588001482478198,-0.8246120097650219,-0.45669761502324635,0.33899351380941967,-0.7155129854852287,-0.6610250546274942,medium,-189.58178700695612
0.8957962182359285,-0.34590728066682785,1.5741467860324088,0.6763570476749083,-0.0376871207422379,-0.8373807896824669,0.9252818927168314,high,75.79394569790128
1.3289333195354096,-1.3122191934314063,1.0817667276728287,2.012270445700765,1.0237095461069814,0.6220699903060487,0.38680852068920263,very_high,0.18297900236159137
0.4815076309913054,1.6787838073868548,0.3308635310669119,0.8329454428250415,0.5876949018678121,-1.3097319743676321,1.4812365916235948,very_high,215.24701599862797
-0.435901469090433,0.2569974455858305,0.6552336285137607,0.5686446160127705,0.38292171005726305,-1.323649570842179,0.8775475534514207,high,64.16160127145801
0.11314045705302281,-0.1449045790814313,-1.5375847964491753,-0.3883469383011584,-0.30561911106831297,-0.44594371386116016,-0.3631166611555665,low,-142.7501934127498
0.7319555025098458,-1.5978721344948377,-1.307369782230964,0.04435879751560705,-1.745707432859652,-0.6300249795338944,-0.19692180799688955,medium,-218.862097053132
-0.48754455640659267,0.4348929626773385,-0.6944984102480511,0.16679366453099267,1.9852265356713568,-2.160912602766722,1.7967534654264914,high,63.91806752468668
0.8232799156777053,-0.01109200394860206,0.32208231076698546,-0.97536602727825,1.3035079319347591,-0.8130143722601298,0.2257615231117544,high,8.061360026598797
0.01569779595775838,-1.853018482897569,-1.3015879828033312,-0.20063929882543183,0.3675104105406022,-0.1248868853500674,0.21865930675729772,medium,-212.91093403120212
-0.17870688456349573,0.195162047141818,0.9442148402518143,-0.09734596889273275,0.7787743079777822,1.6652522339446956,0.6248178230538752,very_high,190.41434711645005
-0.08341073474656137,-0.23307719205082192,-0.08755354645343943,0.5333250306143476,-0.3499700803512888,-0.4172653653223936,-1.1027763738203191,medium,-122.39562804381774
-0.8516621743343933,1.0821123129931407,-0.2573000006177896,-0.2724100166036872,1.233724278336193,-0.12903411512978377,-0.7589706989033448,low,10.58524565674144
1.041732852654597,-0.6809088291356947,-0.8386576375205848,1.635007165731419,0.44103583485076286,0.6819932992541455,0.5516802322559695,very_high,-22.08204484975991
1.653617268492285,-0.7284616216803428,-0.37185788227866556,-1.3902219251534627,0.15776143929376948,0.31952467078295543,0.13988723283912738,very_high,-42.20853881317278
0.7014947819247145,0.0340080962281468,-0.7908817916945654,0.00161903135694112,0.4147728907887909,-1.3650217954266353,0.518871180440122,high,-12.435288222113527
-0.7521564055905832,-1.4575514994649306,0.08243975293450329,-1.8751724696457446,0.11502607914741717,-0.30920907704986345,0.31917451041918043,very_high,-121.7118693645188
-0.08809124402907328,0.696167997159289,-0.48083378951197936,-1.8518427315746586,0.7835896647986067,-0.5176925728692147,2.169936588080543,low,172.27136456122625
0.45668801073039916,0.91041849968557,-0.6051562356059974,1.3227444668851356,-0.16912268564281638,1.5737342165551063,-1.4961588131646497,low,20.414160487767077
-0.9748065759228419,0.796701927070742,1.029413100955326,-2.3203155982304233,0.7826298263165181,0.015182942540433121,0.6455877121741934,high,145.15201839110279
-0.8866809222834573,-0.3078084711388841,0.4086073077017676,-0.6373077470287948,0.45838670355148425,-0.838585798447231,0.5348173363459102,very_high,-14.782279839109526
1.0507742904721133,-0.546407619463673,-0.9384671057410849,0.9530094982140498,-0.29987747449661223,-0.2822405919232288,-1.162938986852913,medium,-202.2193713126206
0.043900533123388444,0.5125436283994018,-0.5678078421841054,-0.5751864496435164,-0.011900823094228097,0.29008789963543236,0.9305333193245915,medium,85.2127568831232
0.6951660176182558,0.3490122686280793,-0.8665705544254966,-0.6298862375727151,0.3479160781208834,3.285723713681842,2.7359601593834886,high,298.8627265379752
-2.141430880319705,0.5568747223681456,-0.265920074195552,1.4548261741466506,-1.636403019206485,1.8640485304117584,-0.6996008087023639,medium,23.639244264301333
-0.2652375404702022,0.17615045188769213,-0.8147560028235481,-1.1148221873524142,1.1969109487613523,-1.2498203395893641,0.033719054901053244,high,-95.18870842589763
-0.8600024751223019,0.3654318428247091,0.5115555285220048,-0.4414758053129096,0.893347262608146,-0.12148710544041103,-0.08213666355404634,very_high,21.00400914156251
0.09743411029730303,1.1799885296897865,-1.8750073874719364,2.2887906608802893,-1.7632366989034851,1.0522111559570586,-0.22694246613792435,high,38.77685187203407
-0.35802937974698623,-0.6121669171548207,-0.4835614838465371,-1.9093560875072928,1.3183023248526693,0.4912076654119963,-0.13939720066323416,very_high,-63.02392253954788
0.233285041087872,-0.062088698214287405,0.34562034465144587,-0.0936090233663665,0.009226992995468902,1.0421905769830173,0.12147857932905783,high,61.264772383243354
0.880806853484222,-0.4872209416682221,-0.8842760363604175,-0.6616898709663194,-1.1405784894885544,0.2123800860234896,0.17942952129493323,very_high,-59.33229265133189
-1.7906509929567132,-0.047058540774386516,1.321880992159802,0.20783838336407062,-0.398592038913759,0.18324191045871852,-0.7531889127884663,medium,-16.599667181791087
-0.44321869242769574,1.1701923340705616,-0.13850102193995345,-0.7804046059286275,0.11751761915809661,-0.005040870223528701,-1.5256149300452442,high,6.912660879323042
-1.94249769096177,1.0734127024104452,0.7654021560133495,-0.20260577291807386,0.980004236133894,0.4986899121355445,-0.1554224325277597,low,111.2895548444021
1.664641821966275,-0.02518868352947947,1.0845005302909256,0.4672522151827898,-0.5442961463142919,0.6276804178744745,0.2637555848225758,medium,124.18349228881316
0.3367122954206112,-1.1084970907967833,-2.2912928068840652,-0.9844130461752121,-3.2325654325124336,-1.5703258142530165,-0.5181340566668573,medium,-291.88028302542307
-0.301579807791105,1.0185374276503947,-0.7982060763581541,0.7831556560131748,-0.568876975197369,-1.28950006972398,0.32864402580480856,medium,32.171708893863475
1.7665118003276337,0.037696573123922904,0.8986691603391742,-0.5109891701957271,-2.5535495960558983,0.6595314695891383,1.0386060692088166,high,168.12484364145962
0.7747733900743572,0.650489639988436,0.20792969196167435,-1.5941763252676036,0.5232190111769367,0.6645524143941822,-0.36833271003917634,medium,67.63718244012249
0.11088638282841785,-1.4069434005131694,0.31996519114516303,0.9760407193559466,1.399486426972343,-0.44184892724082386,1.704592093297377,low,-18.46363695731964
0.3420994815573816,-0.4583983632127938,-0.7967812326691753,-1.424971171815412,-0.9744525476102961,0.34936355348237974,0.5076118229432475,very_high,-48.309912645532876
2.0135542946486997,0.9944145282075845,0.5704860860796908,-1.5231724641738478,-0.531411401138425,1.2205506039312326,0.24409844350238658,high,201.88878019080414
0.7575077100473051,-0.22096959953322298,-0.11232804969082982,-0.275051697151644,-2.301921164735585,0.6141667000434252,-0.5305011476105275,medium,-15.299789724265992
0.7002219112822892,-0.5966236939834492,-0.4773448584438344,-0.20292395653422776,-0.05474639567621555,-2.3775698299271024,2.220321858004882,high,14.258003531071498
1.359718213000896,1.651914336867378,-1.5184219860092891,-1.2841982109111607,-0.5635531812487009,0.5251446587882714,0.8742401692332417,medium,177.3306433710284
0.13249714349564554,0.43841269949664524,-0.16195481694132746,0.3374820747263991,-0.26330780687791616,-0.8839988567464406,-0.38148941482409277,low,-45.68473640033507
1.7706418724626733,-1.8920849255849255,0.7168795348194515,2.2033098152577577,0.6321516296907728,-0.14158441929433813,-1.1339463359678041,high,-179.0114998666146
0.3296335328077915,-1.0563081304757531,-2.038446524882173,-0.6238402486872604,-0.27695909422716564,0.16387140173645573,-0.9117822876686418,high,-267.93994574252565
-1.2083035156593327,-0.056836852206949735,-2.1797886613902455,0.37120676347005876,0.01823099713711716,-1.6795027929134034,-0.18716554786386091,very_high,-199.06033355907857
-0.3444772087524527,0.2006986942888783,1.1062315588599687,-0.5450872299955903,1.8167556295751046,0.2572534211115017,-0.7494159869569733,high,38.82428646393732
1.5798069574015499,-0.43852450560498196,-0.045710754645827495,-0.8979419856402304,-0.01968075432826937,0.28194887380905115,0.238566126142076,very_high,37.686063851217426
-0.22847254380954055,-0.13954204292790354,0.46041564984282407,-0.36331200838854505,0.29657267669430815,0.25678325732472285,0.667065472728354,low,76.86481789787979
-1.3004502289219138,-1.0033018309754966,-0.2137702480623489,0.5292999339436693,1.3561067142103251,-0.3591316281088747,1.43388446819627,low,-29.054361582340807
1.3442845752345964,-0.45669914469351297,0.11198193262125772,-1.3412597272367377,0.5385031566390435,-0.2731522465199018,1.3845049626510342,high,62.41222496353292
-0.3588263709435495,0.8904080051868413,-0.3869848388781598,-0.11226376719129758,0.029562286872101294,2.5270104183286053,0.8016051597263709,low,196.5437564312271
1.5378549513264816,-0.12979082920469348,0.9221734565070863,0.32683220948352026,0.86535870905007,1.0237023365900986,0.8549446510561495,high,139.96551241390628
0.6082461916849685,-0.4159669279473586,-0.09662367001488972,-1.0022170189267248,-0.752435237353035,-0.9457460606967811,-1.317131919946585,very_high,-161.4837644698448
0.24140911637004694,-0.4225684190212185,-0.5946729871621688,0.7911400043558836,-0.28479555664743317,-1.3124886903363124,0.32525167585434406,very_high,-99.01328714924124
-0.8059917310594155,1.0306598082415594,-0.0115150880766451,0.4090649383340571,0.6666278834568907,1.0947985022273252,-0.526555133136702,low,56.98716866255091
-0.5610891309809973,-0.3806946237950925,2.1563496317292987,0.4050353858557128,-0.8455521763546138,-0.37598357935186616,-0.4894142344944204,low,21.41246719969766
-0.8669734564325522,-1.2463402936208738,-0.17471103792997442,-0.34798954959558315,-2.252533514783649,-0.8264913757102347,0.04302448501512677,very_high,-145.5552495043294
-0.8607568017018197,1.0628536930332164,-0.8953543736592,1.0409541737977894,-1.265258409085215,2.3378277453883,0.5342078623746747,low,148.49836574762796
-0.5338446438149185,-1.315438265887262,0.32005819149324455,-0.012365938242364536,-0.32832094269055984,0.9948686937879384,-0.14963594425179252,low,-96.70652310731138
-0.7171819007224715,-0.6308464029471887,0.2573731064173494,0.021092747850587245,-1.1310672355025877,0.43235271420033994,-2.0323537642983847,low,-195.9432620243358
1.22393634423789,-0.9823242722767759,0.5009173290858575,-2.28577724449495,-0.7825913625481332,1.6053559623618066,-1.5714199983383004,low,-90.91030328193823
1.6776840908998094,0.20415387199602714,-1.5793451620702603,0.3727941585292059,0.1676813334492398,-0.18271846181432752,0.9276455318033,medium,14.010827396061039
1.4816634024625988,-0.5057467042619367,1.9541574337502863,1.0114630354083562,1.341475915530881,-1.0589075870566005,1.9625871905307948,high,187.06220795425946
0.6860514599984393,1.3686315575323487,0.6453759495851475,-1.183258512665775,-2.0392321777601006,-0.9649234605801045,1.0584244868495878,low,198.24681510150782
-0.08912003951278841,-0.03269474809409311,0.3840654489393073,0.36659824609684827,-0.9398797863273552,-2.0674421000398766,-1.3044695005048532,high,-144.26792069836142
0.004229858994151577,0.3379575282321183,-0.05592044852221312,0.38130961226478466,0.3116528560047783,0.8913036868697555,0.6188862980231536,very_high,107.19714240864997
1.0634357218674595,0.6568058285094803,-0.8909854419534304,-0.3516742428437714,1.9473042288896751,1.3583571664306051,0.6061496997584691,low,134.43553370506146
0.2909134015923317,1.5163474657991973,0.6742483084247656,-0.9277142922843684,0.1927987925062688,0.7184902973171294,0.6665425319826307,high,230.60504624898854
-1.0025293646378088,-0.1599385299634271,0.8576596232020194,0.3227185603380895,-0.827230943552323,-0.01901620790268883,-0.01851313599238993,medium,-3.3454529832423585
-2.5317693162508137,0.8417807747840127,-0.4836171395554367,0.13556341641470915,0.7285186435145362,-1.0512200297825027,-0.22710600778092602,medium,-35.02147677011297
1.1126883749899252,-1.3526702858435344,-1.0293715081820716,-0.5358014630522978,-1.7073579575929467,-1.5223591862178911,-0.6292633936927887,very_high,-251.067979049231
0.48630999335022157,0.6230873478890951,1.6533096371785305,1.9913704184169045,0.3929135105482163,0.23985774584929662,-0.9984408528767182,very_high,73.48185004143916
0.6629937020525997,0.7577341142099038,0.9595080570233295,0.49260948681305256,0.45276258784806556,-1.290167414451457,0.3763259576465752,high,130.05102608723885
0.3616610612470166,1.0613709648731335,1.1008213984226052,-1.1818741254208012,0.44947391283230687,0.5320061988219431,1.7611881248673737,high,309.65916597404356
1.4395979274301354,-0.7746840576638448,0.23053366721133914,0.2445980696492174,0.8634140715616104,2.1427110344641864,-0.7418206417017582,medium,-26.50844842933526
0.6153674840130534,-0.2595466775839172,0.5131057981760827,-0.535963445114048,0.8080577982811451,0.738810480887503,-0.9354387020445953,very_high,-20.72179413222281
-1.8363597837703973,0.479827035366833,0.01282864354368512,-0.29737607924310644,-0.24638340251454802,-0.26864575330974255,-0.43277388358838864,very_high,-27.329045941007045
1.4794817618608729,1.4929526227538277,0.533695248006193,0.8174671266983724,-0.9134585796322228,-0.3910246668655764,-0.6590238266596705,very_high,106.9296257448442
0.30154734233361247,2.463242112485286,0.06023020994102644,1.1428228145150205,0.7519330326867741,-0.19236096478112252,-0.03471176970524331,low,221.88862467452125
1.9853803952602933,0.785345603010283,1.411356861745625,-0.08378309988906465,2.254038108921119,-0.3266137806612126,-1.5530352778398206,low,59.97354168039939
-1.5184156988286825,-1.9232162862097522,-1.431188333235752,1.494141897266825,0.20139455871528109,-0.2451724218513857,0.04621160367091715,very_high,-270.7543881402703
0.07814306296964744,-0.5639474880582432,1.105900424357309,-1.5769964821909972,-0.8028244439508423,-0.8162172445419648,0.861636124497944,high,23.529863821123772
1.3744380931708173,-0.6537663386488198,-0.9057323008626189,1.0560568090660518,0.22323891412915967,-0.5956612940434921,-2.1356742139786955,very_high,-249.39962699429708
0.5356402250166092,0.36539620823619295,-0.9599725191440409,-1.4317296965247415,2.8241670094027294,-1.1046683561021067,-1.1941586560913167,medium,-113.50375922598411
-0.5238431703133952,-0.13339032211162255,1.423264921065661,-1.008013223170678,-0.7691623186421507,-1.3864894206912433,-0.18398866010296422,high,8.911855511597597
0.10163005353342468,-1.8132934720171585,-0.15464970656083346,-0.6849871791437476,0.8011817639881827,-0.019318304271835673,1.167217733304373,very_high,-116.42379832888881
-0.9915270411046322,-0.28815603051111766,0.07904780215027922,-1.5030468593574806,0.995693754370362,0.18301292831148205,0.10527862390967795,high,-9.252045332203295
-1.06925449375508,0.13592456721834797,-0.9935895155940362,-0.017006074483830996,0.5050210882737669,0.08446678638994742,0.9562950020913461,very_high,35.93205580217526
-0.27110969264679446,-0.561660556925426,-0.6679416704595047,-0.09955068318496844,-0.6280978350797833,-0.01568796675693795,-1.4912278313904628,medium,-173.52508398291366
-0.05558467091045507,1.496044311489183,-1.7787202489042786,2.4457519796168263,0.1292211819752275,0.6543656563540577,0.2799686263198203,low,82.87933915800048
0.2837880278380801,-1.7737751322025186,0.7032538280959473,-0.30209704102460566,1.587400602415537,-3.9224002516183423,-1.4247656537214894,medium,-347.7865529456599
0.0867610754626467,0.924721805513421,1.2746531240383412,0.955388571179851,-1.1975323112651621,-0.6626914834880354,-0.532836268779924,low,91.77251093366947
-0.6315777291653314,-0.8043157596599924,0.6295295842218108,-0.03361256470371301,0.4547409121411344,0.8953554307625996,0.2531652380379812,very_high,-3.411870256808121
0.13395838058023532,0.3202165779488289,1.5486392950240366,-0.3103909913775655,-1.5478015563090313,1.221294945685148,-0.09511164770076601,medium,147.18330396495463
-1.2638715607337165,-0.9183161373284012,0.24618394429596727,0.03889451623624384,0.2113806546459647,-1.4899362046402225,0.32638100784556046,very_high,-108.03021956790026
-0.6715122069805457,-0.044361455511561634,1.0102745868360157,0.007362681423567135,-1.478546936998799,1.378467355453808,-0.0547783603388251,low,70.407730291828
-0.5479958187411378,-0.63093083373779,-1.1140813582330875,-0.32115903870570245,-1.5856257067695927,-0.9420601835742449,-0.21415031071118876,very_high,-169.19636452272502
0.1609754975871555,-0.9803137459505973,-0.5284509979003907,0.5902703110753222,-0.10226635021759252,-1.2675777045330776,1.507707699313365,medium,-51.06823981464971
0.05517063787146392,0.21411098228613354,0.291732725378309,1.5161161803550431,-1.5075529446334208,0.4891305566492876,-0.0006084823222894505,very_high,46.439357346602925
0.7597122954841684,0.1435879365051602,-1.9511018640386248,-0.8638829605897661,1.279464931657751,-1.8179792253871547,-0.09445871444200275,high,-135.69951546470796
-1.4560464933464334,-1.2325890641689152,-0.6295942318637977,-1.6612044051839225,1.5498186063283395,0.4288111804330056,0.6037330161902218,high,-121.44124703694922
-0.4516594761596227,-0.15083771156669531,-0.46580556911816284,-1.1306153349375263,0.6227112239002686,-0.0739475656083926,0.19502498402812674,low,-25.85967114681971
-1.3346106069102326,1.040061819902576,1.7481370691208353,0.240205843946223,1.2531328247682434,-0.7397711639729673,-0.3856726309778482,high,129.98651428032042
-0.5228600271532683,1.453384477117701,-0.4455025214007718,-1.344450511034277,-0.9186519464841982,1.5795721457307124,-0.42018681709585726,medium,138.07709298756603
-0.691054377393896,-2.388531462477686,0.5251693132621684,-0.03813456882464037,-0.21053494035299194,-0.8343381865826627,0.11835020112343628,low,-230.09437420440563
-1.7930763979123896,-1.0078679132221302,-0.6084939037312018,-0.26995189682516413,-1.543450943185747,0.25373729677483314,-0.28790607686792025,high,-161.72581476660037
0.7979945496122363,0.2412402484067293,-0.0626482221218215,0.868772500590771,-1.1863364271098544,0.08450514569286258,0.9235086160473687,low,97.91303125328842
0.6233423006748285,0.3044922016801448,0.53034290167058,-0.976620315863556,0.1602688574175767,-1.0575146702934315,-0.11657134645332866,high,41.27779296771013
-0.7491717266032418,-0.11000549870105147,-0.1792510253569118,-0.16041938197534772,2.5009004979342815,1.2920603343265227,1.315508290940104,high,115.547861352242
-0.1035878946470647,-0.25772456158629525,1.2373697935635992,-0.30466783375565604,0.6205008990991628,1.2833545772882056,-0.8594597234480168,high,28.41108770936897
0.029796165121424436,-0.5837221335626013,1.1765332537877653,-0.7348108975341908,-1.3992282592246312,-1.0857477107815494,-0.6401544568346118,very_high,-70.27980850348183
1.0654803750653512,0.889630795623437,0.26705026586925884,2.2988981236192503,-0.36283856043965906,0.08228398927542419,-0.5172884501003722,very_high,82.33129142318874
0.902091311588268,1.193611755172588,-0.06744655855518213,0.42350787402203743,-1.6047050097978122,-0.34230484344914897,0.20748879785218177,high,114.98354502603976
-1.5457297866907331,0.8347513263248821,-1.0921636327180897,1.3995946451457935,-1.342127748485115,0.9137716213855857,1.5898389781806839,high,152.26183855727777
-0.9439850153478883,0.5799721710336103,-0.052447699649119134,-0.11135440238551125,-0.21015560419087462,0.669868037904822,-0.9896592875112686,low,-26.794681619487257
2.1772934475490655,-0.8323894449694428,-0.611188502250286,-0.3759282454713564,0.26118454127962865,-0.4917666126562028,-0.39925664594596205,very_high,-129.37288369373553
-1.0766791274710135,-0.10726476581094174,-0.01987363536831157,-0.5955349351838592,0.9005330773315916,1.220282896417717,-0.7625192391465982,very_high,-24.243754176693205
-2.9667530687407306,-0.031471370203683895,0.367199798775388,1.1469628682551696,-0.06487144105336112,1.5095239926988544,0.509887247921195,very_high,34.14962931462221
0.8868426594885851,0.5634043604480524,1.6997427421986424,-2.143966831621994,0.1023821983476529,-0.7299966715800764,-0.45242426480904147,low,92.95218888498579
1.110499865647384,-0.46291637948632713,1.0175314239306263,-0.16833763423719086,0.23946698878043493,1.075390554416414,1.0825370086829098,medium,141.15741174798418
0.12417568474461345,0.9959736788464457,-1.181981996068219,-0.1683004231716427,0.5991033318635947,-0.6982618487513923,-0.3807634038618044,low,6.737687337356469
0.743264094022715,-1.7101683926566256,0.3078017688920592,0.01843393306539316,0.34758170536167105,-1.348185422105713,0.17086543812794186,medium,-139.73411757469376
2.632382064837391,1.0536417966078395,-0.9758732529773327,-0.8583577801812136,0.7003098794089914,-0.949398888831943,0.4933179008808892,high,99.44013624525941
0.0956075441125776,-1.015507438813321,1.5947619890438636,-0.21035760377691182,-0.32107942945924683,-0.22788428838190591,-0.9603530521421138,low,-77.23297695968999
-0.29983819627488056,-0.2739930818293042,1.5628887685081978,2.218780233448134,-0.1590452104000513,-0.24338397937501807,1.904136589573007,very_high,195.3924557980631
0.7775960617922721,1.1381503309676184,-0.6973642279161708,-1.98468794144591,-0.2671374859417547,-0.5289163791046552,-1.4587583925306935,high,-21.743488852988325
-0.41343880237651026,0.8233568294771726,0.6227691252275501,-1.196515048150933,-2.4301223757273562,-1.9795942758525282,0.9497003842778697,high,92.60663022497917
0.43374968596096225,-0.05247385606304944,-1.3646763259005417,-0.4409021886108555,-1.1164508551840475,-0.27633529504421733,0.21566877093361858,medium,-59.90251299454861
-1.5365306903820384,-0.08621709800745275,1.0781253957947718,-0.4638544295059457,-1.0981863837781498,-0.1296730520286007,-0.28478940951539505,low,14.109535766722342
-1.3892987302109903,0.9695690257529068,0.7899197221808523,-0.05152292852464606,0.5030903686237468,0.32685540061043733,-0.19569853114690144,very_high,116.8338542776207
0.9466183083304367,-0.27027036767460905,-0.4434294182350357,-1.1173270089312346,-0.041491104577379236,1.612868370707128,0.9346547073366236,high,82.57233559214266
-0.3017984933962528,0.2932844290048521,-0.01813424350808177,-0.23078615210272213,-0.7969866688138775,0.48473464796892385,2.5303696686416894,medium,217.69704947081752
-0.5019919601812046,0.5069157201363107,-0.9544386262909633,-0.422495895432434,1.0277187487795334,-0.04020473453637896,1.1064617708120716,low,74.63436404753301
-0.3468639879246106,-0.12296894663436952,1.25215903696611,0.2912836656902564,0.795234249257182,-0.36671766857603316,0.8583732319721272,high,106.96916543745436
-1.1840305582225594,-0.12372894627483615,-0.3828171896129687,-0.04489303012253698,0.1825010305992134,-0.39767969361460404,-0.3998990621311371,high,-79.78053489561823
-0.21048803053703335,-0.19860215535348436,-0.6880821265803181,1.3114808189602951,-1.1414157922272192,-0.9899153130235488,0.684104990934741,high,-46.925207765959
-0.3726755839519746,-1.5304614097433769,1.558789184496894,-0.4547947173776929,-1.0398065310268843,1.6296421311127987,-0.24269874782528175,low,-41.566734763479005
1.159329803364248,0.44426331148603976,0.7109599682034915,0.5931012579683838,-0.3095464393139903,-0.3609661658190799,-1.0810633275998973,high,-0.4088265832581275
0.5904220612514635,-1.2578681559088878,1.1927351654164144,1.0294574815983573,0.8723153800284503,0.7313802525749924,-0.1421465369405461,high,-31.639971463146036
0.7932624959550306,1.2101660953653188,0.9177721505515003,-0.6929570045312151,1.026087440960004,-0.6449284603222979,-0.7554608013928819,very_high,109.78507324690455
1.29963128530344,0.5066364549090028,0.12592382048545514,-0.39130310394045986,-0.9667345298767035,-0.40086533500970234,-0.3993300229002119,low,23.172949836986948
-1.962625691672579,-0.5388418561927383,0.26044226333355597,0.0953441994413082,-0.2634482160822491,-1.008554684076208,0.3496500472996937,low,-80.30284686621442
-1.796991647279401,0.06217922981228763,1.2224021616505023,-1.6176214586261501,0.4497126074965085,-1.8794669639461663,0.16208569264677555,very_high,1.4438992118050447
1.7097632516645733,0.5945090026314696,-0.8319711080785314,0.7156090679730908,-0.3932364091628454,-0.14798874752285357,1.1629895956773382,medium,115.93680051004742
0.18933403618016584,-0.9246440184480313,0.21453291888641599,-0.2899211530250153,-0.8798393061009868,0.4526240299801209,0.6209333956139913,very_high,-35.622062404885526
-0.3011036955892888,0.1713682811899705,0.7384665799954104,-0.4606387709597875,1.0571222262189157,-0.11564828238824053,-1.4785219903674274,low,-64.89875176133742
-0.4928849123837183,0.968498802624876,1.5401078237440315,-0.2523534819908905,0.5837114198239499,0.5207943056927528,0.7499383929448385,low,248.04739433385694
0.1940210045057993,-0.40359333698691013,-0.20313204632342813,-0.5508574703286617,2.6706753748630647,0.8566651198694065,2.2567524721687664,high,143.88083098514534
1.1659165202552229,0.8336032048373484,0.4928839718518698,0.13659739558875236,0.025385277972271716,-0.6011265526688468,-1.6667634067891977,low,-14.814152447446647
-1.3115491378986817,1.399417926653883,-0.7956551338258075,0.665334534508875,2.2096055760423776,-0.2365373833685352,0.18807335699177305,low,69.15074451400785
2.322609225262766,-1.258264629367288,0.9704884596133799,0.2183387504421607,0.9679319487649898,0.6365532068732643,1.0618166459897318,very_high,87.9349559056006
-0.7756066046023912,-2.241915934508913,-0.6673333812164803,1.7448614066234935,2.404837542253973,0.20545568703630285,-0.8003354061653037,medium,-307.69805397386057
-3.688365291428444,-0.048829835933703165,-0.3754074464839619,1.50506203860833,-1.0800026083821321,0.23545579511111434,-0.8076505577467649,medium,-116.02907712709649
0.5156606300833942,-0.6462423241465945,1.6857017540349715,-1.332449780998205,0.6314186062724064,-0.4785542667177183,1.6218737477850513,medium,122.66183053359157
0.5672179054338725,-0.19735515533466427,-2.3690243115812515,-0.5561645694219997,0.14876073333569612,0.9243573680260055,-0.49620587574150743,high,-137.62053648971914
0.7244281762354122,-1.9793197948526953,0.28722034517527945,0.16056211829741926,0.5638165593865041,0.6936979550131449,1.3592914243365102,low,-31.217996578572794
-0.5263908651106778,-0.975532935614632,0.5981721503347945,1.032974234914031,-1.3099765543749995,0.7679376635165371,0.07142083258109318,medium,-29.543891681538277
0.5010941699398452,0.23836898273478513,-0.9273531341905741,-2.703232292999237,0.6778753195309076,0.9751976297824297,0.1895816165987434,very_high,40.3956418434081
-1.742771973881041,0.3826535514774916,-0.7538621136909615,0.11339439196668935,0.45899400167429094,1.1249325453032408,0.4094385306422523,medium,40.69833481499177
0.012521864329786338,1.438169201145702,-0.1720413592654725,-1.2855991140527723,-1.615846470966832,0.1652400500649252,1.6372116447028533,low,259.62757020077305
0.561472629826133,-1.1251978277377233,0.24690606341661173,0.780201721186075,-1.1742022957201466,-1.0886934104763422,0.5628544804571306,medium,-70.997060625124
0.04607922163315134,0.20165290512925463,0.40023585552677515,-0.4806479414882414,2.5393816227828614,-1.0299722747769358,-1.0736886589177526,high,-63.77730452573189
0.8209671393129958,-2.2267615249572263,-0.13879640094553602,0.527568116112033,0.6040248469495526,-0.0378867010218419,-0.035757644373514225,medium,-203.78908028730308
0.1271739191942854,-0.07234747515067134,-0.37077059666050965,0.943193303477794,0.4459477771253033,0.05202065043961975,0.5582321068783032,medium,14.99882769225135
0.3842020720058965,0.6688401305462182,-1.2699985973938759,-1.183056184734389,-0.25276325509618536,0.6719446078144975,-0.9944285217997922,high,-60.44743817936858
0.4892118246643012,-0.3827784017095585,0.032863373980213176,1.0929591108966683,0.9704626369066661,-0.11648835263103476,0.44049449616333775,medium,11.048317192337697
0.1016557615660292,0.4862873047408947,-1.8559332871884366,-0.8043615017626171,0.2257880340855212,-1.1063441570771089,-0.5442744329245381,low,-150.24595182275456
0.7708022199879712,-0.8015275901045416,-0.5125341106465501,-1.7019022300183355,-0.5613379964422059,-0.34718649511226246,-1.0538354953643456,high,-197.10309993733486
-0.5348543227867003,0.7946412035736589,0.11316001139278317,1.6857441919739613,1.2327283420682844,-0.10833388324458919,0.4645021652142125,medium,109.24114923987091
1.359189494164025,-0.5595462852894689,0.7864062119958165,-0.6075687917795559,1.5681824295273261,-2.83303029014274,0.7605061195841426,low,-12.765865459561486
-0.5768918695231487,-0.38455554422982535,-0.8604133652839524,0.5298041779152828,1.4415686206579004,1.0062928092144405,0.8356921120651418,low,18.57845077057212
1.1484457091967548,-0.7517910500951843,0.29875290836568624,0.9192289345752035,-0.668144085538994,-0.4263575962055433,0.11327041053776446,low,-48.241538260593046
1.6764549619146627,0.20394385751599503,-1.5475697941363111,0.8226824265741438,0.33531725639730775,0.1929896417729295,-1.5649738934417794,medium,-150.262889198748
-1.251356182239287,1.3345061333378379,-1.1068702915340567,0.26841327369456214,0.250951020712043,-0.547191788882491,-0.430996200219813,medium,-12.651288273766626
1.0546206284873183,-0.35385896282010376,-0.4553424231453126,-0.9988208693340495,-1.2223646149872391,2.1655214522065567,1.024774112281728,very_high,117.3216731216014
-1.525185436662198,-0.8612881023859011,0.40848533814647026,0.29919976608889587,-0.6235968803326393,-0.3564271205250787,-0.1947896212832356,medium,-123.96285552666694
-0.9242684025950716,0.8865794927576496,0.2472714521087559,-0.6172857068788872,1.202249003361171,-1.4512262989011584,1.21317918839159,high,112.50284356224326
2.7596600389110777,0.5054701591666269,0.47635776935621926,-0.025574312191994436,-1.7690759048891183,1.0602099074988798,0.39241596717876703,medium,187.38388040713699
0.6045153263553668,-0.0007085945766459172,-0.31305803052315434,-0.4700421477595015,0.2658782296520485,-1.2504077339697175,0.8823330623234091,medium,11.694635140935532
-0.7966125696279787,2.9695095077456646,-0.8228676049979778,0.7836604742267077,0.4423362599761972,1.4673759883276782,0.020013805001610485,very_high,249.7590997835583
0.0811438318496202,0.36013095127756267,-0.6673840543601282,0.995954928226406,0.736227445165127,0.417459031363166,0.17871512433595294,medium,49.791007445601096
0.19358991136754436,0.8743891807127275,-0.47622087354465903,0.3904648499288896,-0.10322175293249623,0.26256132900192497,0.8508979621679722,medium,146.82196495385517
-1.2204142108110847,0.40105830769363265,-1.2592955518800382,-0.3723183535704842,1.5654546599591121,-0.7274657062336721,-0.4286022369487101,very_high,-88.94861681951062
-0.3578279334412669,1.006606541032628,-1.6942558959950778,-0.3863224754471755,-2.205294372755906,-0.5696989629257314,2.6378817522602,high,182.324957159132
-0.5482872964906009,1.2358116200069387,-1.1165244399486591,1.1173988159024608,1.4484992298929262,-0.15589817793666752,0.1600182258527877,high,78.93822056280698
-0.09184476433495513,-0.8449414385934964,1.0094717885959688,0.9495945713644882,-0.059415181272494094,-1.4990159604584012,-0.08743532877718108,high,-67.47304980475091
-0.24251644952602194,-0.20735676869400466,1.4591609941886914,0.3017919306528727,-0.512493390880902,0.12944664254744423,-2.313859495606875,high,-103.43361256854465
-0.048965030858450255,0.5667717261841796,-0.11480224875906367,0.8080361894020714,-0.8480655980305086,-0.6573725539947244,0.7114105794654951,very_high,78.57959624931415
-0.35807944617931886,1.1818900425588936,0.9972655676588726,0.4385792909210054,-1.3700266273644293,-0.06644897530945597,1.2272738220812627,low,222.43416937498847
0.8438395096417373,0.09782717470792267,0.14959795751878804,-1.5822231667464777,0.05022769916568044,0.4360057752225798,0.392634115650968,high,83.20373698132242
0.016036663013478343,-0.6237160349163927,1.3435465066220513,-0.2308641111979353,-1.50860945437971,-0.31841685371830375,0.8995987379794065,very_high,71.76396204780713
0.17847666388538974,-0.18150316213566714,-0.9951484818533795,-0.5859276733177553,0.32910677871012955,-2.1770650464428547,1.4288577078135674,low,-26.26145935828275
0.9459295852703784,-0.18324524320928193,-0.20233890687008754,-0.6292206728473624,-0.7067067683730057,-1.4419103561118092,0.9531762543293538,very_high,15.977828964322095
-0.7756063614376031,-1.3845180194249966,-0.397548696545778,-1.8829834466717266,-1.5235978106681667,0.9877285159245996,-0.7798066757376003,very_high,-172.6822079814687
-1.1804604852320821,-1.4000712344017388,2.3456241618964406,-1.443200793785794,0.6381869988485734,-0.10381248440296688,1.5920248985760834,medium,80.07040909374884
-0.25518717151428366,1.477720295302075,0.7654374943750158,0.8234231845623113,0.9456334275676297,0.2454986817943127,-1.7046219581771158,medium,45.68508690073475
-1.4472177792579584,0.09242114733923629,1.3413300695496801,-0.8291434854434051,0.02166541170356352,0.1352825085523179,-0.30924390763272963,medium,42.88317453966382
0.04668173416196121,-0.4138101186218971,-0.9891545179929867,-0.8560848720009113,0.11126851916748945,0.11263668182564038,1.2803520208371357,very_high,3.3607529771260927
-0.3103961364755137,0.45920418159952925,0.9878615824065092,0.3589175837406595,-1.0397932245282346,0.9177681977951373,-0.6568354686944304,low,67.32166959096668
-0.013973228476073308,-1.18023173420037,1.1402505526712048,0.8790141545570074,-0.9464907959884281,0.41870457829236835,-0.33348628096969524,very_high,-75.10773903892802
0.0779372965582097,-0.2867216948200629,-0.9906540774992385,1.1138623979822204,-2.799964302593586,1.9519290895174237,1.182900489387524,high,64.4366296644585
0.5445824007936281,-0.8859707338977769,-1.2060223714081189,-1.4162688593406074,-0.642776382899948,-2.8500301093171823,2.05419384125607,high,-83.6437814446575
0.4720022709192744,0.23940450053537707,-0.580053241370043,0.4822489526806572,-1.2376624223272978,0.49968511030293383,0.07595526791608741,very_high,9.042923274228059
1.5379319184125528,-1.1482632887526183,0.8113965544915921,1.0176614668435024,0.271495310825648,0.8187776437548606,-1.1225448062444139,low,-111.21112381153554
-0.10205639062884797,-0.16878473741594932,-1.4931898122089313,1.5193363510906441,0.11666175116950343,0.283130822319525,-2.476792066877087,high,-258.66349786354095
-1.577229636132122,0.1560907384568524,0.47868118065093707,-2.4604358220962053,-0.14017792982534394,0.6875507195924941,-0.8935809679780109,very_high,-47.75244816965967
1.143754043206929,0.7708651938869668,0.23561455810856594,0.6327818661062848,2.270692857804396,-1.4785862457798415,0.3384964074944141,medium,77.03501958908866
-1.4168235279491899,1.598110895751759,0.12437612230092951,-0.6032968487781549,0.573558836877425,0.21671964212288297,0.365169001048321,high,162.65341270149662
0.26125053123385605,-1.3659557112005343,0.6835693232004776,-1.77623523289832,0.40865281148067084,1.2119439853864005,-0.36927713924620315,high,-89.41101260189077
-1.2192844665221938,0.635967750711738,0.22749587573205374,-1.0642200068173489,-0.009844808650383004,-0.8220760118279274,-0.5694497744921104,medium,-2.1127010986913533
0.1794141710488413,-0.04785892765275731,0.31552294092025324,1.6165216545137489,-0.6593241347771676,0.25100354315014656,-1.5166625462859213,medium,-68.63522869819093
-0.7551243984485184,0.43504837164044435,0.05539691178333415,1.0033133128149014,1.2655229214185404,-0.8284032217482512,0.4888458898129879,very_high,48.24699095725517
-0.9594392367234797,0.5820977034686158,1.221033695525353,1.884586305934609,1.543243528272189,-0.22648409884983192,-0.372206776071053,very_high,63.30957617434507
-0.1581538443723203,-2.132595626154836,0.2810092502818063,-0.18144906924751675,-0.10633700253131496,1.0126374096440718,3.2430929695947333,very_high,95.99013656459348
0.09297924652940966,0.6197387847028687,0.587855888137735,1.3508523306990055,-0.6536791406374189,-1.911316891662504,-0.4684961133603157,low,-15.032293602300868
-0.4333895666861532,-0.9487486952680001,1.3140749815246042,-0.8404929855066914,0.6872384503952884,1.061256258512118,1.7531948020655854,medium,128.83609786078586
-0.7029114380395675,-0.6951493580768724,-1.7554378973107099,0.5206894964226687,-1.079532852166039,0.47314545326778695,-0.2378070374259397,high,-181.23646470786284
-0.8169356709872361,0.14671368643332283,-0.16711808031685435,0.028744822934817487,1.2784518626072987,1.2065089665083568,0.3686733088729012,medium,38.798582776352866
-0.6694369136334904,1.796665201675017,-1.0990392245318592,0.5529052285994815,-0.9365920062436421,-0.8534954800613416,-0.9783079498224979,very_high,7.6454576362775235
-0.22815134928823433,-1.0188424693746518,0.4543314331522287,-0.5850631713965995,1.1738420203667026,0.3600164652382253,0.28244976405560046,low,-19.19456853846677
0.9625028858001017,0.20335945999876773,-0.7871740699869963,0.7674793445541306,-0.0017141536690639572,0.6817434088151417,-1.2261793578126834,very_high,-76.4569101038348
0.8316167861804036,1.8205439079418155,-1.176962112769968,-0.0059547092127293835,0.784002779310748,-0.5663945912147232,0.2094700836477726,low,117.25601177011933
1.5783426774972855,2.0064086377129366,0.7947585224719341,1.9941237407344399,0.21655473837820582,1.2374645917335385,0.878654850180379,very_high,349.20260366133783
0.24347507713677022,0.1664931271151245,0.3726481864800551,0.1177074184609581,-1.671761273328167,1.542736367279776,-0.40415715947930275,high,67.7676710967921
-0.7664797729085693,1.6159816799179296,1.0823787113234427,-1.7962765667775356,-0.3406040777437667,0.30517263458050775,-1.6970961432894554,very_high,81.69286157400691
0.07843924608367009,-0.6566240707997048,-0.14713950481410695,-1.7176721483633963,0.23614240987910107,0.8739897510068825,0.1829944496452604,low,-8.27230088698574
0.18046814183120646,1.2075031949519206,-0.6270508454473506,1.2625774069641502,-0.05750296879491637,-0.8138136419289294,0.22654275093099605,very_high,59.899830552867975
0.23151877204646154,0.3330584350670474,0.8804864602241314,0.40265698164716096,-0.07046034046599581,-0.3152781874521438,1.3150480595242016,medium,160.40238800054252
-0.2596779635075291,-0.06695889031524577,-1.066363075384819,1.0028097519551404,1.6858701522215231,0.2775246844762952,0.38785754341559575,very_high,-41.13900852834203
-0.13331580651810626,0.4507704171862659,0.9230872924501295,-0.8879629366016216,1.0278838914334096,-0.41631525734402774,-0.3190629197847001,low,32.43543445271701
-0.6603211394734471,0.04977368718096008,0.5006657213812097,0.49201884799279927,-0.5260348426675804,0.007063158628176452,0.6988284202025348,high,76.21114644535471
0.6127907415832897,-0.7451677703173505,-0.39989999010931654,0.058370290817895645,-0.6038589312369547,-0.10496770756362395,-0.02549412858519966,medium,-97.93643096331694
-0.3725622805709149,0.1704009940620107,0.050913695535472696,0.5995786278137534,-0.8605073265053105,-1.8858646178642093,-0.68135160643521,medium,-118.88337915686546
0.8394685045184047,-0.15171443357722914,1.2753907379990148,0.8721970000729778,-0.3150867311941086,0.5333592447054494,1.218194711754256,very_high,162.21147897229815
0.1812511626020504,0.3933070500053236,-0.10434279298689192,-1.0196953197088567,0.2063617713254507,-0.7380570836613916,0.46027162498230384,high,51.41611887727823
1.4799441388900259,0.8816397569494505,1.6871416350725648,1.5231240772696573,0.5389100436846587,-0.007972641316617372,0.0773683076476183,low,175.3170017726107
-1.503080301759818,1.4015985929464294,0.4183982208886837,-0.3839712719523516,0.2502002062516945,0.6504500925361392,1.0519476177229186,low,210.94270139710426
-0.05111869301537766,0.2680504275897533,-0.31526633391625575,-0.51590531313234,-0.9253922576429561,0.7151743901280584,0.016124787900472438,high,22.183026871167044
-0.5432015003763371,-1.874865655501711,0.6785496546210517,-0.8516172401867081,0.9661253255303113,0.5220206351107666,-0.19280608730741247,low,-122.81894431806283
0.8514099367626543,0.8185946183432132,-0.8476272124968842,0.8229885920033214,0.04154184056389461,0.9219363780076167,-1.3157974082181412,medium,-8.05770642921628
-0.3362037366667643,0.42903956756754863,-2.3359306970550966,1.9292699966212825,-0.10276746148759967,-0.12173725378362549,0.21975808394014318,low,-80.24908128942563
1.8876876573401904,-0.8603850107795019,-1.907807557877391,0.486036289417637,-1.5473039889383655,-0.41360553342164424,0.5565531245337582,low,-108.62459318843229
-1.4509278911112242,0.638677139880301,-0.17262913429083468,-0.029216405853985244,0.775115121589086,-0.06357353918612146,0.07557637267003782,very_high,13.309944205272519
-1.366211590902226,1.385575233941481,-1.7951291966198684,0.16068549812565303,1.6147832542473273,1.3593852232307442,1.5092400198275007,high,167.9147891073339
1.0469545344282092,0.22693194380024787,-1.0296109710894006,-0.8343736122951215,-0.23457902961918758,-1.718930412953847,0.046637366565965746,medium,-67.82151112999367
-0.5426737997340217,0.5008444749444569,0.6380511014407572,-0.1681438185847896,-0.47209057769712737,-1.801057734152739,-0.7877837519082389,medium,-30.612757563810952
1.1464408704007276,-1.479444223139724,2.303638752104789,0.3361449630262288,-0.22747625995340778,1.259233239786799,-0.9733788380270346,very_high,-17.64956066794695
1.067997778058972,-0.10200628012726169,-0.541473006507169,-1.2540226524285165,-0.9989363762455913,0.67101780491777,0.9389694687047921,medium,72.95593944715199
-0.733391370914118,0.3243659742438005,0.7032182548567439,-0.32368275404118774,-0.2665473042807473,-1.1201988014411794,-0.8591042740501407,low,-42.84785979446994
-1.1171864617070024,0.14035986984804696,1.2005316584738726,-0.05658848889989584,1.2189707897936632,-1.9670697035871523,-0.1858457521927473,high,-11.635596512811956
-0.4177551249208164,0.7611923727015086,-0.5246687805653643,0.6420450918935612,0.5053933762204632,-1.5060829104020683,-1.7710568023371822,low,-148.58905037451353
1.1084446017228928,0.0018035063564141765,0.11430875305924776,-0.8065096290255822,-0.4592203979892406,-1.0893426377121063,0.295195368158836,high,2.7762254193270097
-2.296180953137238,0.6012067489291149,0.0005279588565972928,-0.5081401976473109,-0.14778031881747153,-1.4438548161335418,-0.5505368494915835,low,-67.81491368216449
0.3142674218011834,0.05461178291007045,0.4133720291303957,-1.0182539014177285,-1.0859631707417063,0.6573210951195391,1.0608000718059476,very_high,124.61137148784807
-0.2252626424913536,2.3654077719999735,1.0895365830766406,0.36539424192514075,-0.03916211544275943,-1.4387201010568695,-2.3784316598733284,high,31.506009904618914
-0.03757064497948127,-0.4114931445621802,0.07268052432934134,0.041325632270618466,0.4430021304473752,-0.08923415422144892,-1.7312013034449254,very_high,-172.24905103570762
-0.4402592043864004,-1.234511998422396,2.2770864980533045,-1.2361357960304624,1.2543383607573395,-1.0319662838471795,1.2880757248523775,high,66.64323759671099
1.533012542249183,-1.3945284378654765,-0.6683581639908888,0.8439514005189311,-0.28368622092717277,-0.04003720752109928,-0.3098449013640731,very_high,-173.93563860103583
-0.10128071870153288,-1.0797363212758484,-1.3585740152574743,-0.0681234251679531,0.3639706308527381,-2.0217986399619474,-0.5984375805810469,low,-275.12943600639977
-0.4937565831613125,-1.2829922241885696,0.07682189106025536,1.5007597906343109,0.8502217421134929,0.99626681944714,-1.556581898659751,medium,-202.62146954998977
0.7070323596107849,0.2984518139814398,0.15140304795173262,-0.3397590076475238,0.23160747416809183,-0.7825985974185891,2.084712921231016,low,173.5871392980504
0.3947573891079933,0.9761386900669211,-0.7012495444040763,0.18033869066388744,-1.3432093905839007,-1.5763089967712456,0.36254309109296134,very_high,35.911408447445396
-0.09884520123930605,0.5697603571986469,0.4914294527201998,0.6820694900626313,0.12617790366196718,0.19548173155329082,0.4359753895000459,low,103.01771656916989
-0.2537097350663985,1.075103453808939,-1.7420539417718304,-0.1795298339759204,2.344053778832626,-0.34130451466005923,-0.1592017115866396,very_high,-12.332025324916598
0.3916980160104727,-0.06611239395200703,-0.17117936979639942,-0.9395651672539582,-1.8082953284995145,-1.709226399202596,-0.08920329769166797,very_high,-85.26115059758928
-0.5385736732966242,0.42388948244398605,0.8193732681394064,-0.8176823966051338,-1.1338303568063541,-0.9657826328639593,-0.46675881195144053,low,10.60937590052895
-0.9811655311396816,-0.6775646523356551,-1.7258067287905967,0.7833905092825955,-0.2515388860444957,1.1941094030473725,-0.46440426230938764,high,-142.83909382578355
1.8578501512906649,0.6128840717631837,0.5567179766334188,-0.6490763335666391,-0.9311652607769599,-0.6153138820737076,0.04312543095304917,high,87.1171595255634
1.6350476706194583,-0.31257742539469074,1.0581361125674218,0.43800525851872685,0.5200043808008099,0.11003482393284925,-1.0427750567564191,high,-35.461828521305556
-0.3975577654917214,-1.422974925261673,1.036087651046256,-0.9680457585102453,-0.31030770538490365,-0.9701242603796436,1.2376537575119981,high,-5.5318453093273305
0.7662429750405095,-0.3033500674771342,0.21668311896428621,-1.8210860692944963,-0.5976676832548571,-0.2188662517356257,-1.040193719815898,very_high,-101.91036130876223
0.1941076309533577,-0.23052462518025083,-0.7179188907476018,-1.1022921498364233,0.681359510442948,1.1797252083607102,-0.5312142946075985,high,-49.64292729784961
0.8657551941701215,-0.11473644146689901,-0.7925207384327007,-0.4749453111609562,-0.6533292325737119,0.5049872789804571,-1.2002964070557762,medium,-91.94850289139077
0.8178896580250287,-1.0718572330401555,0.6704806172412126,-0.8696630812746944,1.1254347844147694,-1.5537587660160643,0.3764095260975166,low,-76.12463998249571
0.334456789987025,-0.38770155993598415,-0.6127886904843862,-0.1769472274940494,-0.7982972445384537,0.28586539072490497,0.6585442726728304,very_high,-15.857066811405293
1.1265650295477574,0.6962063648134184,-0.23093453020867796,2.5733598032498604,0.05921843401448826,1.8489560949453452,-0.26888869055483056,low,106.91995619056938
-0.8410484303982945,0.09004158386695832,-0.42098586801317606,0.7183315431942462,-0.10119762731753187,-0.037008094073233626,1.6828883889478314,low,84.43687865945964
-0.08606969279089306,-1.2284438312657626,-1.8311448783383502,-1.0425776946705763,-1.17223375343664,-2.0755880090785332,-0.15032046027187207,medium,-282.5148475672248
-0.3005359851787682,0.9859483833147212,0.2079200673839576,-2.124027075878851,-0.6900125998145852,1.49116640428018,0.2669757831275602,very_high,172.84694244270395
0.4539358884037746,0.3473634035161247,0.6362358284303241,-0.39275895241680914,-1.501836924629838,2.6478842135570875,-0.46524542916908107,medium,121.298734583938
-0.5401390394636103,-1.9483785067321513,-0.890831680130782,-0.7334251668172389,-0.011006321628407697,-0.7387152655423863,-0.3548507313518155,low,-298.68160471869214
-0.2290810309217097,1.4758791505039655,-1.2843870360725143,1.3025903967862316,0.1376619408680461,0.491445510894402,-1.1370328831474874,low,15.22054416193803
-0.1878594010087195,-0.4268041949352576,-0.8208789224096867,-0.17167365392478334,1.0984848760518187,-0.2589387965783906,1.1188945979306693,very_high,-15.893708788151093
2.720169166589619,1.4535340771573169,0.01300189187790702,-1.0708924980611123,0.4824724152431853,-0.2646568332379561,0.6256673477650062,low,208.4964967689698
-0.26764109089879357,-1.0211624575603002,0.9515497705740428,-0.099094300241269,-0.6028206557839616,0.47347189903522846,0.8467707752164937,low,34.634820017172345
0.9154029704849369,0.8109137726156964,-0.5668133178023392,1.1329263873010347,2.060422698444699,-0.6537420298069675,1.2227117928319309,low,105.18746561820073
-0.31093751635109385,-2.1200872151201744,-0.43145564455988483,0.794923113875559,1.3491351051134295,-0.7360636534685142,0.6098800471904189,medium,-185.54171831692915
1.1222033332933687,-0.6719173104649906,1.1346396998210568,0.1817812325871601,0.2944189776840481,-0.20331828541750677,1.3831356467781524,low,99.02200165861983
-0.6625171463067404,0.11268520016037374,-0.7689599126747924,0.10080387045977413,1.6546683158667064,-1.1955753282234454,-0.08214304557286504,very_high,-90.21678490365144
0.7469808401047098,-0.026260793269852138,-1.0455294856740531,1.087710426157866,0.6916185751213884,-0.6245104550885774,0.03149156226199577,very_high,-58.152786568793566
0.87278741446961,-1.1285906730970345,-1.532683970923734,-0.35840357551288854,-1.2249998886600506,0.9724439979180102,0.3630042848060769,low,-112.23454696177077
0.9592533764490382,-0.461975597971284,-0.5822670625087771,0.46426374323579306,0.5679945395242418,0.7060669498554304,-0.09803107127978798,medium,-17.263743760897192
-0.9900137139031393,0.03756685870725232,0.01783225452975753,0.0778857269806748,1.544092663524045,-1.202671507771992,-0.8250972999455244,high,-105.39418942691277
-0.5102911595630633,-0.9201522314576858,-0.8727849535276425,-0.5297677059230407,0.8048559381800797,-1.4771644163123816,1.1026920460743783,high,-104.85487024900587
2.0920985716179086,-0.5111052123287851,-0.8397974073487009,-1.124655688332994,-0.4956487528793405,-3.635200227540102,0.5505569328262319,low,-154.084814915185
-1.4453998367807581,-0.772973434166621,0.2774211112373432,0.05434029414187518,0.7629582567139714,1.0970753064126277,-0.3564769686295441,high,-82.49016617236478
0.3981472651225371,2.042177910534731,-2.1047495057190146,-0.18592448094877073,-1.5993947621943112,0.15532499919940146,-0.05790774987690872,low,85.19714122695733
0.0935234964386097,-0.040333910214043756,0.26425476360733907,0.07215323682176132,0.738237230816162,0.7453607240778758,-0.16270370156909178,low,28.557290849340035
0.1779083914116544,0.19366176451679923,1.1549975605416176,0.003582601832783283,-0.19466369502467995,0.002925966679437699,-1.070668371416597,medium,-0.6279088986850834
0.6761036382971497,2.317516231196855,-0.6525979093314883,0.79668416009162,0.7180620438372025,0.5834049157981909,1.1728942786314784,high,282.06415029884624
-1.502265252340281,1.0686422195900849,0.5667603811176578,-0.5439100535132576,0.8258526698277096,-1.0816510962640609,0.15709865064383013,high,82.06271845129913
-1.0565576427602528,-0.6085897232397004,-0.8245141615276735,0.35250496835687956,-0.5703513664136806,-0.5289777080640152,1.223083067095325,medium,-46.093664721506194
-0.5482002981667726,-2.0820987031889873,0.242882013150275,-1.6891830379672617,-0.47126374070251964,0.5531491563792091,1.9234457948249533,low,-37.84704255346055
-0.9096520258330384,0.2405807577265921,0.21229961766047659,-0.8841091410299213,-0.15378516514619175,-0.3039226476153726,1.2371509754787164,very_high,90.62008618914483
0.440474737960399,0.31978193414253697,-0.6013676439512137,0.22391413406466143,1.3641404299738442,-1.5929937335316693,-0.019637798926681216,high,-43.03116991577376
-0.488273724696688,-0.6002042245856282,-0.19200127026141986,-0.5603531560598431,-0.17535817439484103,-0.7808049515789934,-2.0527824331705253,low,-219.67565288419814
-0.8935150925192802,0.4060561224280809,1.25761905635936,0.6458904202758925,-1.0990447515548727,-0.23492427152097461,0.7978507013821389,low,134.90509522647795
-0.7962901889920904,-0.014944079421074246,0.3066969420298376,-1.4330404046178542,2.191638255054987,1.9725799044469323,0.14601060977572694,medium,86.72150823682925
-0.7553829323533225,-0.7257438131534656,0.517659020469123,-0.9232332461109043,-1.3516846056163336,0.18676676447707832,-0.6115178029919482,low,-93.52532562481834
-0.24788011907866303,-0.9116173021539026,0.7820273875741276,-1.1341711452777905,1.029180436127967,-0.019918396299731203,-0.4283182577977557,medium,-66.71651370209369
-0.8972543714858315,0.6283455092642799,0.6241198170521551,0.9751197334177512,-0.14705738150213865,-0.012246772846914623,0.07580455819372633,low,94.66828702288092
-1.4500163561675328,-2.707565693672108,0.38505516793783434,-0.6633383235123018,-1.375149392040303,0.26264198787169046,-0.9659709246115364,low,-304.2153491642733
0.9109444038394753,-0.32351494678445714,1.0621674475886602,-0.08317177193461948,1.3773350295283417,0.014287211883989065,1.6129781705930544,very_high,144.3552141071504
-1.1321491407160067,-0.4211988166129132,0.6844504776364279,-0.0885442145830127,-0.45389141615312834,0.9764313771980682,-1.0989162547281939,very_high,-58.23941309028425
-0.8082638250669247,2.002947084076286,-0.4278342157178725,-1.6521023316929349,-0.7626229164355202,-0.44032568467619043,-0.7625814294970479,very_high,72.10733899902472
0.8890371222798921,-0.09791524644290406,0.5222506360177785,-1.2883076174635377,0.2927154821418534,2.2724347204468818,0.5737444210044131,low,118.39486942094798
0.0022879361435040493,1.6562082520572956,-0.7352010347632466,-0.1108125602790875,-0.3882430535215389,-0.2430611988808665,1.0703651602299298,very_high,177.6605374164285
1.2638559390963884,-0.11359216170196468,-0.7532037815909708,-0.470755099124782,1.1211881425699046,-0.5434204297765169,0.2625028908518338,low,-16.39366230201046
-0.6886499086367672,0.8039864958905025,-0.6690967601377134,-0.8519712450499742,0.2962004433548381,1.9684512893602903,1.799738291727098,medium,227.78945945950025
-0.49757249830921385,1.4967104074459814,0.48074457976798396,1.2676515111879738,0.2887280030098363,-0.4949654803680731,1.149672018878747,high,225.39026814146854
0.4562033191517433,0.2106354452150584,0.906343235397152,1.4832588848565909,-2.6055767556885328,-0.8012203598128833,-0.4020493002747899,very_high,26.3920063921994
-0.3542063885087883,-0.9019926494431975,2.8652120230859626,-0.5820613340930124,0.3990441406465261,2.824220426395203,-0.5924654553805143,high,108.32930439677801
0.08198881382471937,0.1612995426626951,1.25228366195664,0.6723893376113824,0.166655817359844,0.6441237678501087,-1.7523770951409967,low,-25.50299066984007
-0.04831967873434432,-0.30814762945313745,0.8747396215802571,-0.9656679138472309,-0.16186476535773067,-1.7931535024541505,-1.537026001127929,very_high,-162.04882489213176
-0.44859687310912016,1.0925378336083031,1.465835978602963,1.5480082208186925,-0.6284426891553463,0.5224452109266943,-0.8818184989854194,medium,121.59837961173058
1.1918993344135729,-1.4769249275319014,-1.0973683189710666,-1.5327005598899308,-0.1962806513879368,-0.7393714074590363,0.9500158286696456,high,-132.3236650174377
-0.6007479306385678,-1.5341246934488515,-0.17613419771077837,-1.0188051975907135,-0.8146856532376702,-1.6880343251976782,0.52252076644239,medium,-192.21850162892812
0.16982667258368722,0.09643037952850442,-0.6298673491373752,0.5218912341350844,-0.2786647714245878,-2.2993576962370614,-2.431121163971628,very_high,-268.46452785374555
0.18847899108948643,0.23578706419803366,-2.429755297682545,-0.11038318064603528,0.048668043162752445,0.026341288747435226,0.5043190155645603,high,-54.849052834421684
0.0064222698109378164,-0.014452270878279104,-0.47383934707091613,-0.08836295920533532,-0.3700110298821277,0.5462842480036996,-0.4363858905265686,medium,-3.670683435194796
-0.3004659487207037,-0.966156723370417,0.8728243510056346,-0.5376457577798165,0.655403829850237,-0.07938842440570287,-1.0056013756894657,high,-130.03862568597245
-0.1247181582364859,0.40073725369161306,0.7636681497189952,-0.36702261472164177,-0.3904091864216333,-0.4265996362860371,-0.1482228888431208,high,50.77648226649593
-0.28002423292176953,-0.6961170513463018,-0.33477332470482757,0.027177167672463982,-0.6213317235219793,-1.1595355504504887,-0.8641720791739649,high,-184.23065922850765
0.515719619170136,-0.7243636318034608,0.22957264107425313,-0.48016228319304444,0.030140661315177376,3.377768241289362,-0.07833084893015722,medium,43.644910772728736
1.0716803738905898,0.6946691241185846,0.04729874312872792,-0.012024028913188147,-0.23955585893709952,-0.43651486326554356,0.29522475834524275,low,93.53437219778607
-0.45144539032493364,1.1364555743248452,1.2523463622980082,0.569758919704179,-0.32417686104064125,0.10311792571720485,-0.9728278925829571,medium,83.63916939423605
-1.9955317804517385,0.4935602043342916,-0.059826143529903696,-0.13213658890154725,-0.5237313027714218,0.2908970575900059,-1.1212437400943918,very_high,-65.42474036713493
-0.754866196571921,-0.993593003931448,2.5299277492519523,0.02233923931860801,1.693547133413672,-1.1204179189363892,0.032143146964560894,low,-10.972065714820628
-0.39568071175626385,0.20438903160297678,-0.5555467794868666,-0.09338685889994829,-0.5293321124483709,-1.2021495260760888,0.31745326125017514,medium,-32.97771147459887
-0.5571305725722312,-2.2494324542007638,2.571995317494969,-0.9087696708079733,1.6845248346034518,0.6087355891244169,-0.5864151488887734,medium,-114.29268691137159
-0.520209013454081,0.22517093222693582,2.0449387980310263,1.0286987158898995,-0.9217178364819151,-1.9837622094530445,0.09686603247587562,very_high,51.99393987066795
-0.7542981326071427,0.669085210267524,-0.49945119288521345,-0.15046814149498222,-0.6631645901261828,1.8690665036782608,-1.6651252963040444,low,-43.23640028638828
0.5065343913859176,0.7998872897059834,0.26086617472197593,-0.8483778038821382,0.01742895295810179,0.7076782440272429,-0.6584735952612559,high,86.95706788179773
-1.103589317215771,-0.09833962679474989,-1.6929568141953855,0.918316606002313,-1.570500603623177,-0.9885911071509175,0.17989415115347845,very_high,-117.96936147389907
0.32579631658216646,2.589563642018614,1.1873860515647512,0.33848384346169114,-0.29540141013902943,0.5796331732135757,0.19438430157733602,medium,329.4792032743176
-0.2666523292344148,1.5334337012963255,-2.211861911329507,-1.5981243518837476,0.46217266608194285,-1.423957152450145,-0.42924442029866183,high,-56.879337218658
1.3845320475939062,1.063940987560856,-1.7760117540484022,0.46654531145012695,1.3462257562027482,0.2525688459966235,0.4441983272906719,very_high,69.99681455232684
-0.015777688899670742,-0.09636128558822336,-0.16683966769392072,-0.32364904470916106,-0.22669326989871927,-0.8653895050452268,-0.5844934327943987,medium,-112.30497348180045
-0.5410068657828994,-0.6332313967149771,-0.601944441935177,-1.349773069381231,1.7681692930597834,-0.8506132529519478,0.7556658387443146,medium,-71.21154220383896
0.046980593764742055,-0.5993750229537729,-1.594427658794367,-1.0676204293825944,-0.1423794850212935,0.005243699718183166,-0.45006547147924364,high,-171.75752895152664
-0.30639542708651957,-0.07939638138549375,0.9454973046593947,-0.13560123990088283,0.7859928127031317,0.2850347420993615,0.898726774013644,medium,113.54539725179016
1.1267051368275833,-1.6624919880356743,1.3043402428781525,-1.1057046684859357,-0.21492103028873533,1.0325462043416573,-1.0909664302151982,medium,-100.32807938726178
1.7117084801423434,-0.8848027140269009,-0.4432822511915103,1.4711703274936085,-0.20932367715186612,-0.172946059923423,-1.3719011429313563,low,-163.56560321459477
-0.05706129143115594,-0.23875260206343432,-1.3200771877373016,1.1706616293176602,-1.655224712189433,1.2855822343616794,0.14159578673988282,high,-36.365064876421876
1.542806773769682,1.4901375220998412,-1.5976197291684564,-1.0656826978195666,-1.6837325676140487,2.05451488940476,-0.3357859389797497,low,145.3855663844064
-0.6355578414044034,-0.5495402745955349,0.9153902755601617,1.8325570434792018,0.8141517621182666,-0.11676591579524663,1.7388513518533313,medium,127.21760736641676
-0.6402304954680139,0.9878344213079936,0.4708688593753808,0.14147895293467364,-0.12579262765832977,0.4463742447585357,-1.135012098186069,high,26.29455971514051
-1.4839790594674176,1.2962567097480018,0.18609302087593527,1.2530582102439143,-0.09024288144032204,0.22352376254153686,1.451926632314722,low,211.1993577089854
-2.4928104993953535,1.086380711205838,0.5682733771527843,-0.807591340098296,-0.22347250523693915,0.3333698512608781,-0.49913895147036563,very_high,61.505890238441744
-0.4177830125136188,0.7043362098540789,0.9653266671611266,1.4355709931636234,-1.828405880841963,1.85204004481367,-1.0976109822757267,medium,91.85799887658374
-0.21138422981796898,0.12347980916459421,0.9079623136270489,2.2758254276476375,-0.8522246429973241,-0.12428577716243629,0.7466113646021572,high,111.4600833740947
-0.29548031802916036,1.598647170504717,-0.25879606266710237,1.1731246375866413,0.3696421921980939,0.5609194479412387,0.6969544045107356,medium,210.63799112333083
-0.0498801541281177,0.01934407081175429,1.592669998282884,0.29094736433948537,0.9578396311082676,-1.1889634195349619,-1.0461210850625042,high,-49.41666985651722
0.29335203632298334,-0.8098900990894081,0.38571084053145244,0.021888821164834777,0.31695200698411535,1.419035611367264,0.7298193622676307,very_high,59.75660328576479
0.7842847532637518,1.3065540677345007,-0.9062181261926946,-1.5445997269056233,1.1522506518727484,-1.6984505684002509,-1.2652120359981966,very_high,-55.41153441101139
-0.15932857750935098,-0.7753790296726064,1.3354738978506546,-1.3275074905374307,-0.5011771369530351,-0.6958096106261655,1.7845588888535862,medium,94.56756574567314
1.0064110400265547,-0.04091753519506904,-0.627092824772296,-0.578212098219754,0.2951409793374166,-0.14648067072816137,-1.0578366186102344,high,-88.05689207782693
1.0059245117964166,0.38343503140364416,0.49470565377503245,0.15449366559525113,-0.3365525898781734,-0.40930847409572124,-1.1274960989530387,very_high,-21.49247377461599
-1.185921599186856,-0.6650459180031121,1.1888062411931566,0.46215409605967733,-0.10919309450055267,-0.8557425799515072,0.18291456362025593,low,-64.28294475060957
0.03352470238858753,-0.6292121495294424,1.6505729632328479,-1.096875079383986,0.8220660780325274,-0.03204749416371351,-2.2175910793587708,low,-129.3905119220776
-2.8183042862021788,1.3854377816563823,1.5895633328625773,-0.24977261204038337,0.5285392018314015,-0.61959998010369,-0.21268973430511875,medium,133.05465175375085
0.5114152550218797,-2.093178022391159,-1.3830178087444738,0.737528063466538,0.27524868756836424,1.5080828501440207,0.6067300025201064,low,-162.1120745524806
1.3554428011054958,0.7211353625455816,0.8814075289235711,0.07959786237603639,0.5540577711159071,-0.9162741005637249,1.1701987091966037,high,166.45041878092348
0.26070616197127533,0.11169413010667499,0.2661778652041803,-1.0702554400144162,0.794926017673945,-1.0979263630670464,-0.1642137840414943,low,-16.42950233332955
-0.5436068960930526,-1.4811457246217157,-1.9645360381029247,-0.8679224627511536,0.5571376184034819,-0.0023689161328080566,1.992036635959309,very_high,-99.66182734685462
0.7258211480387973,0.3057011907497771,-1.2500256555876041,0.9940020395062782,0.06584849756591833,0.5514365381755453,0.3492927723542075,medium,26.90198726099479
-0.2795074632965335,-0.8744356483399182,1.3204140097838342,-0.8456731044941129,-0.014098965906671578,0.6276062975618311,-0.15830547800966377,medium,3.6447220462378365
0.07488758437155775,-0.30746090001514215,-1.5722305440781297,-0.7411626686348293,0.807739555984151,0.3899455993834367,-1.2465619661594265,low,-202.79953511941855
-1.8800100339077637,-0.6176416769336966,2.2816518365388427,-0.37231905293792283,0.4373131870389607,-1.5350402475323597,0.7127120288613313,low,48.92609206252876
0.2990857340211059,1.5361567728549452,-1.2692911052431042,0.8642483846986365,-2.7075438553811773,-0.11131884879780068,0.8331577666294346,medium,137.45087098770787
-0.3952835480161807,-0.44787764493195836,-0.0628938668998582,-0.8915434898545047,0.06970426942928022,0.6581430360025633,1.5929640960273812,very_high,101.40572423074035
-1.3409720359812798,0.8609101045414628,1.6491913233344617,-0.9550822881358275,-0.32551341299493647,-0.5076927701800915,-1.6820672836977855,very_high,3.0080384922627914
1.4588853886324693,2.0862641008080813,-0.4507844930934654,-1.5882270987078202,-0.8688314878897103,-1.2949318853402603,1.2150656055916387,very_high,227.7976626025569
0.9167064725890186,0.3990047592438523,-0.6619351799174277,1.4399540414286307,1.07562679401766,1.7075488893217605,0.5475265304356202,very_high,116.54459702303619
-1.4074637743765552,0.2320499373576363,-0.4710383056183228,0.3109075655980046,1.475356216949552,-1.4480843414973241,-0.718444221252436,medium,-120.43077238264958
1.0326575166220122,0.3772632593422264,1.9740786877450238,-0.7215690823400293,0.13885603243088018,-0.18722732150688023,1.4538402371218848,medium,266.08360632552996
-0.5967724763676152,1.2784852074516722,-0.19408013233309493,0.067470025257223,0.4300135238113549,-1.3838590189958457,-0.8500082547603859,medium,3.3124566299432256
-0.235164878251097,-0.25083367181123084,-0.561050852022268,-0.5491264809895774,-0.5944977224267224,1.645354952270745,-0.6892766231523877,low,-63.762821770417446
0.9662787392346717,0.06947811622107863,-1.6130168135769691,1.8129072206587489,-0.9396095170978495,-0.5687057065970534,-1.4473960920589406,medium,-188.0625448828709
2.3803877461644896,0.5435243325500279,-0.770226983110142,-0.6202642966676787,0.2937473516739988,0.6816606513974395,1.125679932123462,high,140.63914394276392
1.347678085512624,0.05563012376578855,-0.8906960852622773,0.6994500906065418,1.15875483450987,1.8167932366623727,0.9087634781243586,very_high,121.9663674493187
-1.4222296495062072,1.267960487103089,0.43945269045799057,-1.941858659379406,-0.0038041336707993834,-0.02439856723615665,0.8425138964550043,very_high,166.1282786497966
-1.027923765010739,0.3319184477078873,0.8117055716132655,-1.5679882655602675,-1.4924622700059929,2.935406206388468,-1.7106033544365142,medium,50.65829718034591
-1.5642416117110514,0.5844129804724842,0.10589445311523424,-0.8987840483231282,-1.3303136257389898,1.9764405845154855,1.617212574968624,high,211.0605075931387
0.7497666284891851,-0.16176728116566902,0.031063426398931438,0.32478159411011454,0.47993974114827864,0.33086702840635124,0.609238830889753,medium,40.45463390041036
0.8985117045515645,-0.2926854589752769,0.15140739062477757,1.9333597477143571,0.25675079866178757,-0.6181604486836274,-0.8258327732380476,very_high,-80.31522984681561
0.06751848141010895,0.11567463429285867,1.551151975522523,-0.2489641484790735,0.9715709509543554,1.1792971840638264,2.060747924881987,very_high,263.67148883302593
-0.4303093199546424,0.605606232631313,1.5091310134045506,1.2066081548639151,-1.5271678565896476,0.508608373233442,-1.4840566649243352,medium,32.47569141783915
-0.9198981704461536,0.5274386518599967,0.011736369721935848,-0.8155917712191499,-0.34986266307643743,-1.6110027678851675,-0.14817853349822913,low,-28.569495480190113
0.4608248654038653,0.28475459338556824,1.434309669352076,1.7445838700752485,0.8598335614674577,-1.9632891478389742,1.048399887813541,medium,133.26905940074053
0.023980019015592963,0.23773172790598612,-0.32461967439794126,0.0021835908370359453,-1.3750852331670849,0.10307822153084817,-0.7506268219767557,medium,-54.17210040858797
0.35303924841500095,2.8425937280104594,1.7413836552867057,-0.8320704677327967,-1.0849679874804772,-0.2785847237567147,0.09741734306431259,medium,361.5709112621426
-0.6431833420270304,-0.44360683020738595,0.6882053064528827,-0.11765493160216407,0.015027750287097009,-0.8538230875043771,0.6989530717174212,medium,15.38709007454344
0.7214793237573432,-0.5244481362626519,-1.6566232076777738,1.3705361439967134,0.6952029000839993,-0.7353034606819523,-1.0501407396021456,very_high,-223.36414391438706
1.4238989372468513,-0.16164379447861094,-1.1627104393277614,-1.2787358548192564,-1.2258922634399458,-0.4644017814099108,1.1711190647375707,high,9.148869522720743
0.1007910726448063,-1.5553737338412423,0.6095260452086012,0.3344385148485215,1.478071898356444,0.20084509311570958,0.04128745558743938,very_high,-114.16885373412586
1.1565816515942398,0.38767987903284645,-0.4625329663133788,1.3576196330501393,-0.1435815887121344,-1.2774366038453426,1.2696132625998429,low,86.91660522073352
-0.07595102364252276,0.4663583744463345,-0.23401985910698136,-0.835142901630023,2.0895387216947734,0.9873345165891019,-0.31984752325484395,high,42.049479105342904
1.5739867632900328,0.647195939702741,0.39922312260527926,0.22445181855997204,1.0470983026121545,-0.483186462299374,-1.2257656630023412,low,5.985134164224395
-0.6314370274831833,-0.5180690194750568,-2.2235741679371968,-0.3348029874445019,-1.793921113191963,-0.3009803123932219,1.243405797187162,very_high,-113.53260115100963
0.23425926445676556,-0.8963675478251808,-0.5789517573489231,-0.49419002306691273,0.28384456730273677,-0.4486956826194842,0.5989963416842641,very_high,-88.24573470086045
-0.39361158203300994,-0.7624179506029144,-0.39338229774465705,-0.39711533156785284,-0.04147177799914767,-0.7603636412161305,0.3824333156925354,low,-117.66062482141493
0.648280433843859,0.014688194729197093,-0.1340171666729177,-0.8874921778021001,-0.43745830032341043,-0.78489831308224,-0.12094814860778157,high,-21.649023757472776
1.5994709401137894,-0.6516751221564157,-0.12854629325195685,0.16540366029970424,-1.3820175686924376,-2.1943824698200243,0.7031425422200039,high,-59.501197698549504
2.394361900582451,0.5384349572164524,0.7310006267854814,1.6238849928111523,0.3831681897589003,0.7157342411708404,2.185094895036112,low,303.5691056960938
-1.0561115691870866,0.676507476439975,3.377382919082646,0.11494177175913174,1.4273286515947694,-0.4093405752186243,-1.8802884105687847,low,79.94147151590501
0.8092646982419858,-0.6646510975020625,-1.590141830680298,0.8800659629573423,-1.4338058239284144,-0.9028089269627998,0.11683017417218379,low,-160.429621180993
-1.08318844666605,2.9141092157683617,-0.6292337633874194,-0.8361948507041709,-0.2658283656469923,-1.2770845623311189,0.2335950812615763,very_high,203.68144615885802
0.8179815444538614,-0.8228559015184324,0.662536033398613,-0.8464978028689073,0.6079475670057539,-1.039220163990766,0.396366956467351,high,-31.45896319625073
-0.14842940106418565,-0.2308489679037105,-0.37051335659386964,0.571530696900742,1.3878459703459733,0.809846061119427,0.8247017407860974,high,41.523118175570445
-0.5100639500960824,0.09293565268297786,-0.06477225979787651,-0.5982793341978477,-0.8687675445729097,-0.5499248324643456,0.28727251402742693,very_high,-24.626134145957487
1.263539010796508,0.5475398201690533,0.09637712311403587,0.1936700183481687,0.6422782566710317,-1.1283513375107777,1.431588905214111,low,96.89426278128927
2.3930122947667867,-1.9314522890962216,-1.3191950527677994,-0.18166092718580473,-0.24739293994743575,-1.1289632651331654,0.722776773932773,high,-207.1473340756037
0.7011727423108983,-1.2276078151369925,1.1894704889246406,-0.15005558703252672,0.12557645347154225,0.597400069849858,-0.29756350335999193,very_high,-43.24371174885736
0.5533889830744267,0.28580328679473294,-1.194522939766035,0.42069963101847885,-0.5779207768327106,-0.8451539584261589,-0.03392522592790888,low,-75.4938315638968
-1.4396081307988273,-1.6819687839854107,-0.22257492722485295,0.8855770816950449,1.7816847864668515,0.47803781519228344,0.13982135851821087,high,-179.6088582534933
0.043040870850387644,-0.05250506853865217,0.13585942408165688,-0.5740825770872696,-0.2811254848880863,-0.14487856194788684,1.022841471550764,medium,60.73893758373265
2.0923872756854602,0.5951570254369136,0.09699596499271819,1.1581108735000678,0.7916626939629359,-0.8182206832334725,-1.006017381499702,low,-29.569902725597306
-0.4257556046515905,0.3980482165092625,0.8567374214704584,0.5559414516458422,-1.9049444540106388,0.39457998548421935,0.4504957237780347,medium,118.03607447904788
-1.3554475031122892,-1.6873443471107104,-1.153332403205745,-0.5258796758952039,0.17775010626803134,-1.7938924978678903,-0.7090209576304904,very_high,-348.02051965499936
0.09337237427665124,-0.9600462952794637,-1.6548874362282961,1.5163940552535728,0.6021183203924835,-0.12270893359572414,-1.1302037246739238,very_high,-240.3598887413907
1.5008430302803784,0.5096892312246561,-0.5505870670007066,-0.6286702470308604,-2.61813319869228,-0.8143981874463238,1.3528005348967251,medium,123.94056330361838
-1.4824765153636426,-1.785741281946263,-0.5179672992165097,0.7859740988654604,0.5888319515419477,-1.0034654257992905,1.3458750031777167,high,-138.45828317347292
0.4158027257204452,0.7401256641052443,-0.38163109541321133,0.7777976308777149,-0.7322995497370884,-0.1735444175613875,-0.6257730437317763,high,6.2366553626216366
0.5308671620671488,-0.263423635119504,-0.06828620776429063,-1.1231950508753776,2.045654547677154,-0.30226939208252646,-0.9358312297905655,low,-97.07116037348369
1.8998819348952156,-0.24125765461854246,0.40981865692851255,1.1070806692869728,-0.12038116395359824,0.6725737012027313,-0.13263374638257355,low,56.86481450267331
1.6367399618306397,-0.5001978170959958,-0.3733684250030844,-0.48231357093630295,1.0989833574419647,-0.16985235767773066,-0.1833007095261973,medium,-62.91888757714691
0.019616657693989903,0.7181857257079345,0.7153813154412441,-0.3540407109410238,-0.573601772896901,0.4384757388097273,0.6728612359668199,high,154.14615732992868
-1.92767257934561,0.3687331473175197,0.48206672733538614,-0.04889718347410554,-1.405189846803575,0.39379729821625153,-0.2788833941507565,very_high,26.478986576536972
-1.3980980146818753,-0.5133130890056609,0.3265959599163561,-0.287584147592097,-0.20675440342927123,0.7837313967528776,-0.24439983553751055,high,-40.33034206673783
-0.8447374087911762,-0.9604469539838816,-0.7828665102974913,-0.07790804633131841,0.9437016343998412,0.2862733367774424,-0.8106575556986726,low,-204.47482532817415
-0.032280611049470324,2.5115565515844236,0.3467099776049199,-0.1131280525157404,-1.2992163634458243,-1.8400777445057528,0.6405429350747734,high,236.08435622391352
0.586851538784868,2.463013688775024,-0.19368366004438056,1.1420545923522467,-0.5275973425790509,-0.30659307467838237,-1.9300868693234323,high,83.75181978824669
0.18146106348063867,-0.1439999777016611,0.19261914758693635,0.16344774661747724,0.1288496213559143,-0.09427271723096599,-1.3135277983539944,high,-91.35797655377657
-1.4823967869957688,-0.23927314715185138,0.20713943677856853,0.13111932467514684,0.8848425828011585,1.4781212260994843,-0.7513454696033703,very_high,-45.62092135278533
-0.6070771913756997,1.5329782475310847,0.13822523650184043,0.5512833327755875,-1.0001389212399567,0.8719934654268633,-0.5891790496976468,low,140.87752467101922
0.8717244241841364,-0.5054472096535272,1.2114275036324305,0.6847148540498922,-1.0769545408779464,-0.5106839381956507,1.0685495584552998,medium,84.97348447221562
-1.5137143926128271,-0.060660813814620775,1.9011906857530074,0.2671266510114834,0.5087250232299338,-0.7084067669104628,-1.803139676255945,low,-56.83785718481434
-1.0047048607067959,-0.7259180859937786,1.5065286363122667,-0.8709232698700103,-0.7447561567843887,2.150310793331211,1.0835485233278697,low,154.07370540013346
0.4918144010879626,-0.16451453179616995,-1.474778541238395,-0.7058040551156496,0.7566424651069377,-0.8571723738917058,0.7733998160676113,low,-53.76536933610423
-0.24989373581204613,0.38420922164946225,1.734041954422619,0.2921688282073261,0.114845090277753,0.10776005545254295,0.2921488421187989,high,136.40989506349254
-0.7519693317388191,0.6713400764504657,-0.1601327955666404,1.0760071385985983,0.02131164867194222,0.21319662823768915,-0.31905393566661816,low,25.083272231417737
-0.29786680495686124,1.0736219439075716,0.9458881565546393,-0.005106632027225022,0.39876376442481426,-0.6308455507908564,0.7690316554422755,medium,179.62431500746092
-0.35208774745388094,-0.8407718898986251,0.23817130613962828,1.209230647223938,-0.024286495670025846,0.22063080430716323,0.32475823953354177,high,-34.84886614613272
1.306072203871629,-0.007688995721369474,1.2334060763526695,-0.5168468831738285,0.6190329465885325,-0.38787578186246957,-0.49156193901893,low,23.489114135933505
0.4281862478105761,0.9134737320174066,-0.41222074502447015,0.5152943216244674,-0.8342818100346248,0.5376299029498797,-0.27999330187447974,low,72.24355866290175
-0.012298449308057612,-0.5974788580244034,0.7492825568794513,0.44231686816448523,-0.7507296070055988,-1.4955415364982039,-0.17284567481411092,medium,-89.0794212900423
-0.17802329006383844,-1.9227717720623363,1.639256516741752,0.11758862988720224,0.15140739607201872,0.5770721838351396,0.1551553428653563,medium,-46.543828732615715
0.9289320135322151,-0.9392415406820068,-0.2165231975361736,0.5374120028203807,0.642301235011176,1.3325514676651278,-0.6049067639281748,high,-79.16139466836975
-1.2960486928239283,-1.8331704516987275,-1.1933757685433153,-0.6149441025160431,-0.8251658997455379,1.0179570524293595,-0.17868088760798354,very_high,-205.7586526745913
-1.5223343182817441,-0.4138949422748569,0.7663884765723994,0.012169682282905197,-0.09287450139305273,0.46079724361596747,0.7979752545819053,medium,32.993395588647815
0.12540867947584441,1.511673414185431,-0.2552061344396246,-1.037795473018184,1.4767436707882908,2.208046047543548,0.9980841726036552,high,277.56989136835557
0.13931963072955983,1.4137696482912587,1.4239538455411669,-0.32307574267702455,1.3355704555367565,-0.029172699226560628,1.110911144734433,low,262.29444260152536
-0.1416485860101269,0.07569494000509344,-0.8063769291180498,-2.1782113197314303,-0.5294669635070083,0.6855897462984164,1.1663705456692521,high,79.79493674082934
0.014108356253124855,-1.4222345015068736,-2.191978656279881,0.5709456946038727,-0.8144028209931906,0.681634223668389,0.6055136511241652,high,-182.23254457541267
1.7303218148571686,1.2744402278489033,-1.236478286592349,1.9186063338762078,-0.3532641354381582,-0.09534109119668262,-2.245585897565163,high,-76.607080901467
0.40153863571920506,1.004829149483237,-1.5534561336632653,0.3496497571474736,0.20103350371657064,-1.5052791761614406,-0.35204965603229166,low,-45.74092281190008
0.021222650834258405,-0.21224430983993056,1.3914579669559421,1.3967601773984912,0.4449683153761758,0.03277363755578143,-0.9345938948984711,high,-25.618988264805104
0.8185487164399984,-2.1286491245185197,0.3583340711969214,1.270845621075548,0.32762621732841496,-1.8515868342905866,-0.5468384551947827,low,-258.3102214419864
0.23422041359956,1.988884638754853,-0.20025382681277568,-0.2858722549791206,0.16151349923840733,-0.5893365645851804,0.24527693221760752,low,166.37636502500584
0.15714578370253451,1.2218046849767015,-2.0648652776836416,-1.2590649114481933,-1.0053151259972355,-0.3997705114430575,-0.0022381164741810933,low,-38.16126549386319
0.8539759765522237,0.34233783448962146,-0.33513778117145177,0.04351466864346608,0.5581395145185063,1.5541604207147741,0.41486550036191044,high,111.6506183861938
0.6461296760241716,1.697623779709341,0.638543317267599,-0.6838489004995763,-0.009159038534655271,0.3320814614168105,-0.3207838618519991,low,197.88415754619143
0.15808922532318442,-2.1715714047604475,0.5457867135323555,0.4217800742508709,1.310191908080897,-0.00811320161175029,-0.2775442563155516,very_high,-194.34499824780502
-1.1941894010922893,1.0768481446576803,-0.8051717517428763,-1.58358838978758,0.41299891213779755,-2.169677417725702,-0.9587784561867748,low,-114.35165189055745
-1.8357687561770901,-0.3451040968191901,-1.3077765651476607,0.3813528345802849,1.3655264625262657,0.044062567406599355,1.388664520102482,high,-24.3038428345977
-1.438426718775404,0.21751349593878547,0.47729600880942324,-0.6132538146500716,-0.33890854567583373,-0.7893523659025773,-1.269923087327547,very_high,-109.5454666670222
-0.6506598273683837,-0.30561061415380336,2.7552177437199017,-0.2656045602861052,-0.39987823866837147,0.7309589763762161,-2.0903028988531567,medium,-20.217349461007643
0.9178619470547761,0.40498171096095553,1.7654542402810969,-1.5193699659540134,-0.48423407286625136,-1.2608839543350452,2.1221561970126332,very_high,260.45906039384784
-1.382799730964336,-0.1903386780836082,-1.0372461543264564,-1.3985675738191412,0.5629692366905709,-0.8756182533847572,0.9261775475316414,very_high,-30.6457830025916
0.184827033621654,-0.1471927507680115,-0.9880028180029409,0.23764265629995912,-1.2107426266291645,-0.19906255375986986,0.33276047863701036,high,-37.70114389297426
-1.1577129239412693,0.7458565180985776,0.9192610916812918,-0.758463922930865,-0.9794157382151545,-0.1846109944370498,0.5107355496072734,low,140.23808627096886
0.8507193944606469,-1.4089191026905246,1.031653774575175,-0.6570352370173239,0.9945582357416216,0.44489589500988425,0.8918630221607488,low,21.792028905289104
0.6037905202778941,-1.1200474224698722,-1.6885051880685,-1.027403551526011,-0.3732682459413141,0.6709112482768751,-0.3918767653868664,low,-192.69753500498064
0.3860246187085598,-0.4899440209739625,-0.2359800988669462,-0.7883092647749634,-0.8701631577799022,-2.5500262915163465,0.5436541282806068,very_high,-98.2923874663896
-1.3467856621154346,-0.24965553821891934,0.9792597442869628,-0.20068521837532977,-0.4046958568633263,0.2075422948887419,1.847866995702103,very_high,166.03812464739855
-1.6713322676347722,0.293008807258655,1.1407858004524745,-0.8463983057776877,1.7441031844659785,0.5855215328568677,0.37105373821536314,low,95.49915013521448
-0.8467193279265061,-1.312912976758239,-0.40446228792410366,-0.5012379575000783,0.20188719429148277,-1.694039281225405,0.19380900833111825,high,-196.95613986535403
1.4205042872710631,-0.38736196455281124,1.1395555360254692,1.2347519140447951,-1.031955242094435,-1.0986204251778122,-0.11348064588214118,high,-1.5825851827522137
-0.03633060804234174,-1.6846675772263868,-0.07587145068502332,3.0768603701805035,1.360115900180313,0.1909165241437107,0.14693529838668778,medium,-142.63011203422158
0.8146844372940691,0.7009723227039657,-0.3525930970644072,-2.207547565671355,-0.26284049946239324,1.0733401768635453,-0.31120828917368143,low,68.01683013284101
-3.1767038131960006,1.2024512479830722,-0.024232833869692147,-1.690671627606452,-0.9784995458666064,-1.0952705188428047,0.2790838583451852,high,46.25351618878893
-0.21713107494620248,-0.7469232850701676,0.0861108682589779,-0.6498268854974364,0.08416823018569615,0.990166238959289,0.5265366836723071,medium,-0.5494078001811324
0.17382352524484837,-0.540763354977222,-0.4121611450482139,-0.3181426326614269,-0.05169793937523165,-0.6367305591080572,2.307688227735451,low,66.76839715073865
1.2446795807367868,-0.8254105299789551,-1.085150526557798,0.4818660617184915,0.547264797377967,2.9490944253087252,-1.3510743662080213,low,-72.86443568880198
1.0599501697623763,-0.26813913924176325,0.5845240518374347,-1.9354299597138063,-0.5491589417637764,0.16663789531183854,-1.1941866514118442,low,-64.35674077576533
-1.9111593252604877,0.8582704301818718,0.3120621317267384,2.0221741000873785,1.8311771355658875,-1.2629629368673227,-0.5674472812283516,very_high,-30.835637355101543
0.05650767442926739,0.7051486589381767,-0.4150913367253287,-0.6903518661262891,-0.08586390079776185,0.2353171684846372,1.5583499601419777,high,188.15057300954737
-1.151014083619507,-0.29660745906979835,-2.529560077694303,1.75547569831549,1.5730197252148563,0.241321934916781,0.38632331781156,medium,-134.49154534321164
-1.3118362323501596,0.5578103063518622,1.3902075490173134,-0.6095122021592831,-0.186971302985446,0.010352619843380607,-1.0651136630753726,medium,20.619476681386097
0.9007751317905579,0.4307399339818508,-0.5996495114509319,0.7921373991454693,0.2522130033628634,0.349827912680088,-0.5791288370068761,medium,-10.382953162626887
0.4218272861608771,-0.28865816067923,0.2582027347011369,1.4785138785735428,-1.046619108093502,-0.29003040146619263,1.5262159587962787,very_high,115.59249065308201
0.37569801834567196,0.11092258970986608,-0.5443827245251827,-0.6017066122293969,1.8522781845089378,-1.1509935774223028,-0.600638689918805,medium,-107.92064330691416
0.631900339157813,-0.366602569838744,-0.08163436001124397,0.6496048651128858,-1.7073429536495999,0.1853966564677613,-0.9044005023308695,low,-82.73021421597221
-1.4337300248102285,-1.3048168904329494,-0.37563366071734017,-1.4239581121976068,0.17852916972047786,0.44166256418606065,-0.8374057253154913,low,-201.9128467455093
-1.1774165052492886,0.08387250176093364,-1.2931222504049704,-0.5379785288219551,0.4664445968402613,-1.0804073292785017,-0.42369071691067595,medium,-143.5414036800765
-1.5325182768296637,0.8715243860879341,0.14342656685749322,1.135947845943822,-0.1539976651978317,-1.2511991366336779,1.5794378916948595,medium,115.86062890066108
-0.2617876736240963,-1.5587622531381418,1.7497665058808303,-0.03193389005081067,1.4320786039045634,-1.1353162812387732,1.9249405131870565,medium,34.18645475019472
1.0701502383164274,0.7083038472010638,1.188913371474643,-0.16306696394376388,-0.7449026448064491,0.3514482075415829,-0.026521259249060063,low,171.60061273179772
-0.7596517608333779,0.4448749166771231,-1.4762304803093984,-0.9908607540167149,-0.6066639407505668,0.6421210038765839,-1.0237344452778183,very_high,-85.17041862803815
-0.9066485451542928,1.32099578954071,0.40226807720129804,-1.0260808441956244,0.38142561753434195,0.10801412097950092,0.957993941480019,high,203.9018651652868
0.8333339117803071,-0.5391227031489786,-0.6078752606758179,1.2179591523055584,-0.513196364513396,-0.5482687949250771,-1.10486279306252,high,-162.28081734976357
0.15047449877390098,0.7410169513364492,-0.6368452142703895,-0.024129110454973405,0.5106006904103135,-0.28815026242251623,0.15763455844094396,high,56.9430372957863
0.4675749124821571,2.277688926030931,-0.7372616763919609,-0.7875514406287065,-0.46995787317315146,1.8190771901958052,1.1389106114800476,low,322.6022467690904
-0.7037103993314333,-0.30601395435740886,-0.7615878650362199,-2.703348047107357,0.33935581275622034,0.1454272174057594,1.6923465724632047,high,51.42773559623592
-0.32602353216784113,2.075400798645439,0.2897748568964129,-2.038124535177854,-1.008086310917404,0.8711247034316923,1.2012139221639448,medium,328.45774218995444
0.7854825898295763,-0.186148218965649,-0.042267998434793036,1.4801830768818647,0.5087633310493045,-1.2486634247626274,-0.6519521540233857,medium,-102.99485255030174
1.1671207880032974,-0.7487997960200538,-0.061097508005868134,1.0829999385168685,-1.0763811874020583,0.4168015744831139,-0.023050556085466193,very_high,-72.7155809367085
0.2897844786582218,-1.1081746964847465,0.6460453434287315,-0.14124182106853178,-0.8565019571194227,0.6824892092606365,2.3330355621114673,high,123.65534100341605
-0.06418817710849775,0.7450053128772811,-0.7188323876087304,-0.11622904312195817,0.21471318317052634,-0.19469729611668168,0.09175248444837286,high,50.1955400614971
0.7271712595339491,0.9907108466240852,1.8480401917708498,-2.3910785652839595,-1.0198013336945937,-0.1210210310095643,-0.4037034339979068,very_high,166.33058010675663
0.2808911266011715,-0.27831025587657626,-1.115246536376814,1.435856464085898,0.28456679047452627,-0.3720643253313259,-0.5527909175451801,medium,-120.67377762898977
-0.35799043441333583,0.2875639051673281,-0.3672039342117483,-2.1098382406256415,1.3393265894799997,-1.1640506324058255,-0.8596135138784541,low,-100.64607762549691
0.02845758118315888,0.7510994545073101,-1.9754877712171375,1.643378155804534,0.36064789143579495,-2.0650830462563206,-2.077811819856197,medium,-255.17912737346305
1.3530691601664073,-0.6111771520193271,-0.6525282932166452,0.034271814200222225,-1.6808704592381203,-0.5279940217656136,-3.2210163559857135,high,-306.9358760342267
2.572752389244474,-0.8604384680668331,-0.13377937252123967,-0.36123019291437297,0.12249092537445466,0.6943263811492989,0.49982163597380935,low,25.16643050297682
0.03437530902646009,-1.6744694604532453,-0.5968947847319713,-0.23644883673585937,-0.11961962436877134,-0.1090234199634638,0.16058943317175978,very_high,-180.7812070212821
0.3820337057160107,-0.5881085989243096,0.7524833770742185,-0.40602915441271537,0.537179814541736,1.089272246931099,-2.342478337665347,high,-132.61544398053346
0.44807834101289173,-0.34319156868671197,-0.9906232233772576,1.8481091041055524,0.5400178017231407,0.7589816954601127,1.5323803825876219,high,79.1507630267298
-0.30356432526591504,0.5179947763914519,1.0071572005966691,0.21060083929764178,-0.4884760801103597,0.02620475277403566,-0.0809173376626882,low,106.2359928624209
-1.2971642963657217,-0.2662129504064916,0.4528743267948912,-1.6840040177961646,-0.7090289023149722,0.9259661298522298,2.3683345424004374,very_high,181.2408042098959
-1.479089288097522,1.8816212893577708,1.099415601792937,-0.943940643332437,0.3234523642603904,1.8331141483984492,-1.1098394892699073,low,174.96949185699353
0.39397522586440237,1.4950303097358375,0.16279661809991253,-0.8031108339533145,-0.7318573084158859,-1.3129685299472729,-0.8022718339345204,medium,47.11757865501393
0.1704162223754877,-0.30246968648812833,-0.6134026635409398,0.43693816974634986,1.1906462747863413,-0.38817681854122876,0.1605739810498646,high,-58.208417523286876
0.320187854921873,0.19200423696867674,-0.3095098859272293,3.157771283044298,0.9067872729323987,0.27751585888189023,-0.1383352820163779,medium,-6.1911702535330235
-0.796064137720634,0.40327456303717174,1.180989905305672,1.6734418856229851,0.44174673637755724,-0.9667018907026598,0.10291739052323721,low,72.72854281987921
0.12341913350096105,0.08919819661257138,-0.6713075913710861,-0.75311733062058,-1.1229146774475707,-0.2812035954027669,0.44459199507312896,high,23.268227412684535
-1.357517539841935,-0.5327254982169035,0.3243402100148682,1.0800560591393102,0.9427885141400756,0.8396638644311888,-0.9006713825124801,low,-107.00788559078048
0.4936548476431509,-1.433151814524712,-0.14994071907910936,-0.36550593698526584,-0.15129922023252232,-0.524662407066803,1.2960630617813962,low,-46.612023032344894
2.3596142591001037,-0.9723350038161881,1.3250046549456387,-1.2704882455818216,0.9632265338939392,-1.9425705714374064,2.2689916116594535,high,112.47970318419068
1.6588696944553298,-0.571902849809924,0.7917452740087223,0.787276293122914,0.4595754883110654,-0.6411116541527696,0.9845928948957969,very_high,50.45883370866979
-1.4068150094975382,-0.3220281544920584,1.6147787907098514,-1.4152671919241875,0.21853404241094568,1.3254321090950785,0.5859042011646491,low,138.8391597782634
-0.5460417988167212,0.22327083592026087,-0.6724855960063362,0.9944473755089074,0.6460061871145515,-1.7422216926352752,-1.0921212003485672,high,-143.0661972920098
-0.6810516574748808,-1.4307751021180481,-0.04015795064434341,-0.4461834332147797,-1.889540730945531,0.12810441491078928,0.8406435489887241,medium,-76.1824340754762
0.9686449905328892,0.5132674331133561,-0.5297602037670388,-0.39210815313215763,-1.4635149481321186,0.09707754934804039,-0.7020530938773524,medium,-0.8237531697822451
-2.2243841086088687,-1.1290644218323018,-0.17281335189340633,1.6756362938455622,-0.19399479256662508,-0.06660102702197371,0.336903263976616,high,-113.77016358647067
-0.6200229490767115,1.8321196075773012,-0.7185427067790403,1.3727496662488734,-1.2687510076012833,0.3447749725922945,-0.588691699469274,medium,86.54962120763999
0.14999508990773913,1.1320968808346892,0.16495687540902468,-0.66778239428829,-2.196446261643099,-0.1681396460491672,-0.09384561622336653,very_high,100.51848508886056
1.455434483915325,-2.0495145161883253,-0.6545335709983099,-1.5681443134200506,0.45721306369251385,0.3735336834117687,-0.591018455733432,high,-220.624888902291
0.727122481485493,-1.0828405288683434,0.007350674919699149,1.302928421945811,-0.6650318903039252,-1.9252622125874854,0.5790615726946706,high,-96.7875603593057
-0.17017253140078376,0.17306764857055348,-0.5394297937784186,-1.2212973846052253,0.8643914974066649,1.284080276542287,-0.9548690815840764,low,-51.50551503403402
-0.04460653218300141,-0.8414495141290085,-0.43578972962363594,0.023080658950420673,0.624903594654043,-0.47783985070379115,1.342180131244854,low,-28.8704802369979
-0.17798620795134507,0.46959648329440085,0.31138993769642714,1.4202710852674623,0.18706893797659985,0.4412398221702712,-1.9550861139181497,low,-63.087372820653954
1.432988276709578,-0.36143419635031226,0.03395688516516826,0.9230334372357293,0.5512559223347099,0.7664559598497087,0.7986482071911434,very_high,54.6013129223758
-0.09053328230416077,0.8474216771504216,-2.172669546014036,0.7094518171390395,-0.43548637056984335,-0.5353281859539227,0.33198033056901455,high,-9.245655178592312
0.9524619705361694,-0.35368575956700604,-1.0556394897985963,1.2239487531460047,-0.19762046779596562,-1.2324312391640002,1.689188933651679,very_high,19.960718599147256
-1.6363017850994594,-0.5347722560578038,-1.862863586451236,-0.5883400573076859,0.9079797578051338,-0.48495554487761494,1.494731007269304,low,-81.85143833499775
-0.20346114108030489,-0.27751361886023346,-0.6286543050745702,1.0901834710204468,-0.7480960646216471,-1.0363092473737703,-0.03658997434293117,high,-99.70036246302583
-0.3075714171157992,-0.3266475631886115,-0.650656621336195,-1.0006293724832407,-0.8550954744092049,2.002427467644797,0.36022603707742873,high,41.41562066202175
0.8773622905756714,-1.1583646891925428,-0.0036025390905684044,0.20838280794755248,-2.0417348684242906,1.5033983017671506,-0.22096417382966393,high,-72.8502006337559
0.14641429184260343,-1.1040256334723855,-0.8938164305816126,-1.5057478005641665,0.8399445397420275,-1.4902475232990466,1.161503048481976,medium,-104.84230008400547
-0.692420979873856,-0.03703679704841202,-0.6117690909052854,-1.5047203740310022,0.7600559636896026,-0.42930222451725997,-1.4063174636718339,medium,-143.77741363580185
-0.7057734830953651,-0.7135846699071758,0.08451847581532725,-0.11510969392323915,-0.3459193290471707,-1.8207602778020162,-1.3919583809517313,very_high,-228.70252369324288
-0.7764991404930003,2.0420696529278803,-2.3716593608588923,-0.6668487169515637,0.1979166673420755,0.2952799406208684,0.15712791899094083,high,67.39147001574347
-2.651828063044949,0.475751991831532,0.3097267791360022,0.6865677467531761,0.741073780682286,0.5896392313574,1.3663894118544384,low,130.53482422195958
0.2987977803217619,-2.085792438905004,-0.3432059268430377,0.08701648039238655,-1.0361435719751968,0.9737262308523678,-0.7734558440334302,very_high,-216.5589040084492
-1.2876052836530612,-1.0179114904771591,-0.4513028643436646,-0.9154770290902925,0.12645921906069005,-0.8221656066894069,-0.9004484613780268,very_high,-231.56350885226658
0.6339190223180112,-0.6516003476058171,0.045571839903813784,-0.661786464768388,0.852433334796224,2.1439440893253257,-2.025142586657607,high,-114.5908349831107
1.6291663649009451,-2.4932708203300775,0.5027448074908146,-0.19793772898468187,2.067906338163552,-0.965664803523208,-0.581782033392054,low,-250.5747678935738
-2.1305664798072006,0.38298898474092846,-0.38502181171286365,0.5082686396745896,3.9262377064363267,0.14125714008746323,0.7682072166317373,high,39.76981752465756
0.03935575499419535,-0.6792219372181003,1.5583840118807817,0.11083637869222239,-1.4264639114237452,0.09912579247616002,0.2638884943500218,low,40.600920096859014
0.6623068966479679,0.42076656251858635,0.8898569517854946,0.7229969346243232,1.2377381057492252,0.12060854761357863,-0.5461661042180197,low,91.16865309009697
-1.814883829481406,0.13259767202610107,0.20786050106708062,-0.42581799836655126,-1.6571435851323046,-1.6032168466140961,0.29593324034609525,high,-55.633887474327196
0.7947740384603357,-0.9780742626635524,0.5627198600820792,-0.02264413013637428,-0.19629361774576656,0.07237551561489243,-3.0942892490913896,medium,-253.32192183039749
0.7318707042882956,-0.3020454994898642,0.6791427754381955,0.46926758980852623,-1.5355721232071058,-0.3294477863470914,0.3350580290841175,high,35.79498187757691
-1.3177997521089737,0.07234521731918178,0.23167268419506085,0.8276575097351987,0.8435502912221203,-1.2732127739133976,-2.2142681858845514,very_high,-196.03792622887374
-1.173630392546798,-0.953157504755092,-0.4970306906659087,1.900649041722087,0.39329513816648076,0.3629957034326874,-0.9939209291753933,very_high,-175.05836203129942
-1.9516029128828867,1.0022361667029254,0.32099756368602317,-0.2768893557688036,-0.6717207892580773,1.5602555295309308,-1.3154413070498456,very_high,26.448512758447652
-0.18490213644298903,-1.251113576385303,0.326133022242118,-0.7043436905427592,-1.4084612963635597,0.924027019206901,-0.5227230205190395,very_high,-86.7845700491828
-1.2222257195919537,0.8792639051665606,-0.6936964924644041,-1.243673114188842,0.63695253999487,-0.8511147868343866,0.2745139874932834,medium,18.631819764431224
0.152354872033722,-0.409282438113104,-0.6947131310890582,0.00020706491819709385,-0.009300321138614417,-0.5240883979345925,-0.8224199323822006,very_high,-146.2871175842544
0.1430849370279944,-0.07158569289387905,-0.3657807453020064,-2.3559189249323222,-1.3142850978081202,-0.8839229498283454,0.5063867472328947,high,-8.311024772978868
0.13480142329020342,1.9529445539995067,-0.3399837223515192,-0.10861665493834241,-0.11607081012048345,-1.2255347222149022,-0.01833806663370996,medium,104.50081804992537
-0.5310591703786757,1.0982358035234265,-0.6873544343582936,-0.8208389588502913,0.44075675443876416,-2.370885373306438,0.818313736319962,medium,43.43026504373589
-1.0439209802489835,-0.812584514255267,2.240612120174282,1.0867589770265649,0.6712596660773543,-0.8274767512618296,0.5598117619307609,high,41.85411524821106
-0.7725086063921601,1.6173586974450547,-1.82816492792714,1.1176324416039574,0.5018520493598908,-0.342994225602232,0.7397592906972692,very_high,77.50089814947275
-0.9626510119189763,-1.0551076754804494,0.4802605014059249,0.8614365256328049,0.2513166482381024,0.8227827808340025,0.6927690318488605,very_high,3.7189721415588064
-1.9495901727260327,0.6097377233367051,0.6887127445547695,-1.3387237061355735,-0.885668184006416,1.419064413357521,0.6672189393045282,very_high,165.89165227111187
-1.3011092663913453,-0.4598592623151402,1.4465632912513675,1.299987372262134,0.960305168086668,-0.4296349785275087,-0.4289807173724197,very_high,-29.16901248877415
0.40251620973532143,-0.6886944334452347,0.010021151740569072,-1.9133403347228028,-0.9650455805761796,-0.3109714664860723,0.6694383715424684,medium,-4.581348536451586
1.3984839930693214,-0.6734142395598725,0.6174286309273244,0.14111449670559295,-1.5249849401440596,0.8878039355788485,0.7811753362875992,medium,52.79288795030174
-0.2597211710765324,-1.361675030463631,1.625330309075195,-0.7712694166774808,-0.5029096500380191,1.6923130191048756,0.03537141708863912,low,18.32541094941621
0.3673655068161781,-0.82688035403986,-0.877982586756561,1.4926885689595217,-0.2711236010425688,-0.22647889190152676,0.9135846262332494,low,-48.96750109018137
0.8981173241223475,1.0831452126607344,-1.7941918665494363,-1.332448347894566,1.1711676327061467,-1.8385186232720707,-0.3677845265710552,very_high,-67.05814904931835
0.8892634247589758,0.720639231357267,0.6427171526314838,-0.5225209294096369,-1.4511039864667385,0.0773637302840967,2.5460545359427917,very_high,300.42479443130094
0.803154742614022,0.14934191105988046,0.10285857793233408,-1.8927621775900518,0.31149085879778987,-1.4110568310660818,0.23962751823899794,very_high,-6.043464331737404
1.2496189052966666,-0.9878733409007492,0.2837510236615011,-0.41790954576589057,-2.025807873111377,-0.8468509661253646,0.7793490039053323,medium,-4.719136736501419
-0.08714839233542518,1.268807656316957,-1.0851736783357446,0.3997799176168511,-0.6807664465790269,-2.7829604323432204,1.1408959771502742,low,59.38527269973553
-0.13080059372695568,-0.23320849820639397,0.4131474759526224,-1.5693895953746837,-0.6368823889389575,-0.45121882694387655,0.29282884358668343,low,-2.019933868456249
-0.5326067566734964,1.0654247235975804,0.5161630229264693,0.200033787312328,-0.06701004172522106,-0.7748021781355291,1.8955073459913552,medium,233.99617875583598
-0.21761542271766712,-0.20375951349442029,-0.08826023013504129,1.306280475728203,-1.2269156762952407,-1.2582963852509055,-0.8038031800970857,high,-118.85264158725778
-0.817581586777691,-1.3550860657750061,-0.45662878572190524,2.485313924533686,0.1361246340758442,0.06900350073706138,-1.0550207553771844,low,-219.2134783637196
0.13192796677195706,-1.3367254388759306,0.17528677893392386,-0.09139955750911445,-0.08087849786546131,-0.4118233689636573,-0.4545477187434442,medium,-144.90616960875838
1.7547941819843647,0.6060099513456396,-1.5566291735239037,0.2110174672026184,-0.09671311187039239,-1.280429352496283,-2.081929407883722,very_high,-177.72771187731453
0.5825713188088052,0.8496119885162131,0.14304876987895235,-0.39305275706140097,1.00163182520856,0.6928575842374367,-0.7999405067019342,low,70.0772850628995
1.044160877069072,-0.5308687729203206,2.5269324258736217,0.5839281853259639,-0.35929209078705954,-0.48943944251822213,0.6818914896263114,very_high,135.44681123359481
-0.7143514180263678,0.23225369716100355,-0.6800247215784908,-1.1913034972026486,0.6565536086338297,0.29307247329868125,1.8657745111447566,high,118.39025404877827
1.466540859278603,0.3131321400131553,1.3764964500195378,-0.531454551359215,-1.5678594253654559,0.6870657958589163,-1.1115802495135512,medium,64.11489660826449
0.9205095750656788,0.1028142431550689,-1.0866361888852818,0.25051420375559713,-0.6630921738253879,0.6490933843875007,1.5622651106550693,very_high,103.46160639672527
1.1478027917597526,3.040686954159441,-0.5842290931920854,0.6543556905962175,1.1289567351829475,-0.9680129645892809,-0.5859507687138121,high,183.96172035427114
-0.5516751380466781,0.018790511307940762,1.575720450373765,1.7293008660447564,-1.4910799236114736,1.322926160335532,-1.8662459348495894,low,-7.454355629255614
0.26561699317253346,0.3794053976051097,-0.21406769772786138,-1.1869933883057446,1.0578141808207961,0.690472686121513,0.6577631761503737,medium,110.08350756599322
-0.22327158843330958,-0.05123583553219154,0.30703923725182186,-0.09872089445567296,0.8264223241917663,0.6255845936750005,-0.3072462256617315,very_high,0.5539841040019216
-0.3173504922425348,0.5032520647495048,-1.6610834155671725,1.9483426447898131,1.0251091525817735,-2.0634031524794545,0.9411818664199697,high,-38.02569122807621
0.8543693203494214,1.236204978259596,0.16633886595065583,0.7018822520592939,1.3385195085812722,2.0699477390696788,1.8627596863802822,medium,327.65988492963135
1.0363859085870253,0.009813740396404322,-1.6539595596163144,1.351088946337002,0.9133910908021826,1.1433042743300137,0.8513421221731372,medium,17.115234298004015
-2.0265777765994355,1.5301856237965608,-0.3146014474420489,0.034393795307583075,-0.6422324784439893,-0.6421271738316033,0.4021978249123513,high,83.15833932158986
1.40904596641209,-0.11036475929185985,0.31992786184477334,-0.42447591759177994,-0.5025865139056851,-0.19559323684922542,0.5491266755583651,medium,70.51964972439657
-1.385987942398998,-0.07566560432583026,-0.07397286359437803,2.271449745422796,-0.40439742318396127,1.9725421767898081,0.5055892418358746,very_high,58.862972534612624
-1.4018510627922809,-0.9093874547947389,0.7910319470430469,-0.9905363251306883,-0.5662977296027719,1.4027943109360992,0.5868570938002703,very_high,29.0971766760599
-0.987179527151184,-0.7191533192424201,-2.151815401329305,-0.22485598180807856,-0.6500025808234597,-0.21113023882769444,-0.13125696709230472,high,-202.09806759380535
-0.5902219663056348,-0.370036612568197,-1.1534825308886436,-0.26867787752495675,0.3476735422449994,-3.321114555589139,-0.08187417719083905,high,-200.38980015796312
-0.15575530858321,0.3671654050430446,1.9440176500004416,1.6627772891794692,1.3010966934656216,1.1030832782933673,-0.0865461606806029,very_high,199.4143224267961
-0.526482354794923,0.03080713499795014,1.130526619537311,-1.622974962003564,-1.213463360152923,1.5407523765167723,-0.43479469337221693,very_high,71.2774289857571
-0.7754826486844134,-0.5869582099762845,-0.862306936163681,-0.3139521869158607,-0.0461619439699719,1.2938176908147259,0.12486761019547897,low,-55.319730347510706
0.7335478135058658,-0.14152963733784743,-0.7342333219710379,0.07660907045165961,-0.5117635579423034,1.598321807641033,0.008783654898147817,medium,-1.689379537280903
-1.3326784410252037,-2.0474371857707503,1.4854773692725496,0.5446245744993387,0.4494335159472622,-0.22072875695836655,-1.6522426773534897,very_high,-243.8905097147088
-0.19539035117702397,0.5913492417584003,-1.3957892021924851,-0.0070449854805546995,-0.21560957856802238,-0.7239903317426091,-0.4519493719118777,low,-70.57698277747582
-0.26281682329705947,0.645296958431043,0.3116342988074249,1.0550545489425514,-0.33420699806644877,0.438023605328097,1.293989213291668,medium,204.37021254339146
-0.5554771191602547,-0.5309969550018176,-0.637739984251316,1.4205042479898549,-0.5707462937494763,-0.6231405264247644,-0.6373871273065177,very_high,-140.9678002467016
-0.3467498910082427,-0.336544921209111,2.1353211239759577,-0.5237042828895252,-1.3657959280509446,-0.30821592816082993,-0.6448958586443377,low,18.84198308587025
-0.15326055339930547,2.2409265562057925,-0.9885290078659005,-0.1453494223138852,0.347397486434762,0.4764301667171248,1.4152045267018234,very_high,264.9053191076527
0.05545333515769916,0.9559380601783107,1.585679173100759,-0.2870822031150092,-1.0418869324773683,1.9435840873775632,0.2879196212460003,medium,272.27287530532135
0.27509347694375413,-0.7546043823932729,0.7004970631581634,-0.6380301656523745,0.28235266397965253,0.5030892533366624,-0.05650612465920803,medium,-36.93947199442824
-1.2542894231692494,-0.5290526773462948,-1.5625458568865427,0.46642998243352635,-0.03564148229748357,0.7942646796218271,0.2935579321666293,low,-101.42956464790254
0.7756752996156893,0.7834656483247346,-0.7184839851611164,0.4261565596461849,-0.9803882514834749,0.7082662196573998,1.889282454250252,high,201.6457991442379
-1.2425008369193873,-0.7308131256087531,0.0873574252602637,-1.015663230879826,0.5382116054922572,0.2452917426369353,-0.944908722685067,high,-125.40771492967798
1.5844943751570586,0.7265116223360603,-1.4972323944841732,-0.28370672836473176,1.1904749851934822,0.6937061125361853,-0.790017096815208,very_high,-16.99211006658149
-0.8014839218310068,1.2368324661272665,-3.8366555484593694,0.6122698101053926,-1.5594357791262254,-0.5403763389870544,-0.3984452749893668,medium,-131.33930274103446
0.6072890151016929,0.7132662507965424,1.3142265757035791,2.598822900074582,-1.7240618108680354,-1.0259648174807778,1.4678504449973098,medium,208.47087143829737
-1.1811935394294981,-0.9469827656173482,-0.40615141657380355,-0.10069587281717701,-0.9463138227477964,0.45134754786463266,-0.07282243259034207,very_high,-118.72096474648109
0.6620518347584732,-1.3331283547778066,-1.1571166187132709,0.8431053323232401,1.1628385775349859,-1.551512249058929,1.188596823087008,very_high,-142.657644469735
2.1857306167225743,-0.47971889676613605,0.9210258397309934,0.006381540963314977,-1.8482585300784151,-0.43263751633352826,-0.24657105425957435,very_high,3.040226769550444
-0.14448784144442942,-0.8525725887464994,-0.4135312588093302,-0.11387660773574096,0.015033925541790552,0.6099091226546439,0.033567648069006084,very_high,-97.1023464218149
0.8324005385905596,0.24107607880329518,0.263819085679341,1.1464718774879026,0.7906862100258404,-0.18707426992272058,-0.22836079265763917,high,27.637123153368698
0.2103671135408869,0.14775590740012853,-0.11447237179886294,1.1718101432738448,1.4980976334877842,-0.7618246716588487,1.530334564354411,low,79.7871126702418
0.20173865479604391,0.14707682744597397,2.037210639718358,-0.034564239843803336,0.9057176004973654,0.5105353784512363,0.5303691889987993,medium,140.42756058677597
0.5925269492011831,1.2083662305931424,2.061503576636398,-0.8181988834223072,-0.0033744574109520514,1.0240625258114624,0.7783610761666377,medium,314.53574283045987
0.48937456122791806,-1.1290517712172292,0.7216720640432351,-0.24032539815813503,-0.3748208075495975,-0.5245202662797737,-1.2221278088919454,very_high,-163.4949688893922
0.08187413938632256,-0.23681860674000887,-0.7728252145375718,0.6862601903745135,-1.6127158711896517,-0.48536354782910346,2.3146585666735087,low,105.20789682718508
1.8674620041613508,-1.097143649628814,-0.5522612521126086,-0.3994654904728529,0.12918747333171046,2.291911266818686,-1.162065820256283,very_high,-101.46408713448581
0.9158237815976042,-1.1192502422206438,0.25597714641877106,-0.13642215027761603,-0.7783085530065034,1.2519474545131573,-0.36317555873281615,medium,-57.79623215344343
0.07748051851886253,-0.21220896990115168,0.07203686128374476,0.33417641724489744,-0.15525904882474875,-0.9519184600222356,0.2577525401427507,low,-21.49407086416136
0.0022316221624020006,0.5422030069090485,-0.21208966992042563,-0.6891117977217902,0.4676901038588855,-0.33787777547380676,-0.27464374936629743,medium,-12.999186966194209
-0.3493167961181975,1.8381836767951225,0.36728731340134063,0.7999419019420501,-1.616310608436588,-0.22346598237185214,-0.01941960588773261,medium,157.94611112966206
-1.40005653716338,0.22302030296216313,0.7184116977766297,0.5336264248164758,-1.4545614052447244,0.010487982673875443,1.6399566818286606,medium,149.7079343128542
0.7193276018294383,0.502574774371437,-0.4561683474800591,-0.7591835461675044,-0.8212863840728593,-0.32888949667080924,0.16969315797128373,high,20.853621311989798
0.9524781569528054,-0.09752538374562343,1.7159076311326944,-0.7404901063321585,0.8648244384910113,0.3278110735741233,-0.8108939362002497,high,56.257983327384196
2.0225902305694814,-0.7386974983295628,-0.4124790118879367,0.27242139665360987,0.417465089821295,-1.6270049208667487,1.2525407310292307,low,-15.559304222635427
-2.220421008935126,0.1158245872269461,1.3784696274615047,0.2867741123825862,-0.14720527868559727,0.3896045240919878,-1.1979664292172616,very_high,-33.25068970810212
0.3160678697299512,0.33237683351960967,-1.9899462698211248,-1.5072258203839384,-0.556717897857163,-0.3764225545881953,0.5838830222840011,very_high,-33.0076281569748
0.5532512199847837,0.8902475008365087,-1.091933900395313,0.5972282182533848,-0.9483480042242007,0.17183933979353122,-1.1755946056248516,low,-55.60185777660351
0.8840453963610497,-0.7472116791478234,-0.021367294348436157,0.06699071722487192,0.5159392177040995,-2.4242402602729416,0.7368438970924334,medium,-66.56141989693073
-0.3695269288333586,-0.17435425790283585,-0.02355215087423812,-0.43676423723821745,-1.6065771007386793,0.22530792204094158,-0.1314725956716678,very_high,-29.493983830809473
-2.914255989816941,0.8377642215465891,0.386382653848061,-2.0173387981224113,-2.832325924984141,-0.6792306531929551,0.5232231857370332,low,48.21276431807292
1.1373145423647293,-0.9455068799427312,1.676393027208203,0.216624975404619,-1.0257526836402773,-1.1533505105959594,0.33855287628591424,low,-6.659530390867129
-0.3539513876737683,-0.32497944426132624,-0.8337472407191158,1.3939245305410728,-0.8184750861301682,-0.3149604124547449,0.722495769442937,medium,-18.40519102646062
-0.2440804736742013,0.6124687940136023,0.756788679986982,0.33385996656853467,1.4313667818311835,-1.0166831285764972,-0.039307287627631186,medium,70.66471600955593
0.021626630593564705,0.7348113435104173,-1.289382089103393,-1.0581509924706867,0.3908699078019598,-1.0946920440273713,-0.34152041500530517,very_high,-66.29708896973688
1.7586204841951334,0.996858773465808,1.4641772387524374,-0.053120653017545344,1.2235688824186275,0.2806364044901364,0.3721054726068629,high,218.69485785626833
2.2314989110277486,-1.580603940809169,1.2270345970488723,0.0011099446872931465,-1.5444338482482443,1.2445651603552557,-1.3208783553773176,very_high,-104.98715466203676
0.7013898938094993,-0.72839031324171,0.06338339263771817,1.5153180943238018,-0.5417732360116019,-0.9125881981776266,0.8452732970420956,high,-19.618761983995405
-1.4951975873031556,0.6055439825855826,0.5237277654138535,-1.1216462365331947,-1.4512192162599356,-0.43473496812419127,0.00806675941113609,high,30.76633264813377
-1.1032083657216831,-1.9663565893760018,-1.0448091940210336,0.30740669780910074,0.8157372125392968,2.056207129940322,-0.221253623585772,medium,-219.6102610869959
-0.8395275580176573,-2.1357998487348056,1.5199520059142992,-0.6729053320094016,0.6628410930216325,0.7597872369530771,1.3722713166079914,high,-13.723857657105125
0.06807226924862103,-1.121751102855888,0.8891538247878059,0.2483251425158822,0.07811773523601635,-0.7668640380045524,1.0287689914234805,high,-26.212926767287836
-0.5924642591528942,1.6155828235482317,0.9648516330974576,-0.8096035199216461,0.4240610444640897,-1.234348871879922,-0.02640575695892703,high,141.7944639750605
-0.4952150980047351,-0.5412990949622398,0.5043650657184098,0.6185563569779244,1.9856764110148397,-1.9768215689475905,-0.3043448710539514,medium,-104.14370756047451
-1.5309276325126464,1.0678566772943998,0.9203961612544849,1.2148840301830344,-0.9247118804011716,-1.1467830986265493,-0.7268893832047121,very_high,6.311518331775105
-0.6270278518303946,-1.8249777469611168,2.1773203810422213,1.4939281436421976,-0.3306586623763318,-0.7387387253049276,2.5083062730565633,very_high,94.69154274548443
0.08922828687474911,-0.644622131078473,-0.21796838496072934,-1.2125219470836786,0.4113602775697078,0.20650562514583037,0.06301765889922856,high,-61.36651487059311
-0.203298244576805,-0.8072777700103707,-1.3803898467240674,-0.9676564282885214,-0.3032607776667061,1.3653287482758214,1.1875918180180127,medium,-21.822860375890947
0.491412756355527,-0.2580455156111615,1.0653762722596027,1.5512452664277294,0.8822864925992157,1.2685832356474693,-1.22322023006193,very_high,-2.8989354669387124
0.8946471875738723,-0.2841550979287972,-0.9858038086678267,-1.9782252493748103,0.04693490206036963,1.1947628618769377,-1.372859451481064,high,-118.63685015362506
-0.05171279056027103,-0.2128598827563673,-1.3600235763105946,0.8147307216216817,-0.3056320547856803,-0.9614718135105067,0.6877638485617686,very_high,-80.03436253258229
0.17146931759039094,0.5187930174517212,-0.9983067752910549,0.46795042213185173,-1.1702807063967748,0.8635282425215212,1.1526481032616924,low,120.57958968335916
-1.1794596645077804,0.5044832563830169,-0.6108576398050658,1.4532754760425446,-0.07823065905851781,-1.5630343065712535,1.4350873992222355,medium,53.225702911317605
0.638391925608383,1.6426729532559634,-1.1894118928673278,-0.5441140021141926,-0.1627929060722942,-0.9006207346478687,-0.3286184757489846,high,4.787681150394178
-2.9403886346642802,1.1337700968670645,-0.194908280352681,-0.018708756445897416,-0.38851845308888583,0.5935567222808619,0.655900776529761,high,113.82928001332365
0.6927757697082377,-0.630863510683409,-0.28212494313773495,-0.8136645751375527,-0.7696664090113885,-0.8644303136735378,-0.20470723352228773,medium,-119.55199779089892
-2.9911359709007233,-1.1476913898156673,0.32405702822156063,1.205994516546816,0.7774073527645112,0.08520944963390106,-0.18689615816198485,low,-166.63175560744617
-0.062191016999311004,0.5142547560178349,-1.5311075025557221,0.5646059258936003,-1.0196643386921156,0.5720574417141441,1.1243533598705027,medium,59.21180768235229
0.9553052085705107,-0.4532280493272752,-0.17018462252492844,-1.141689114133505,-0.19365945927971812,0.6963874474567153,0.08840688629184736,very_high,-26.55342479249328
-0.8082982853551515,0.18334200573835174,0.8723206367206782,-2.123895724309807,-0.525755021680761,2.1898029332176723,-0.8397218421807761,medium,63.07725595093964
1.6009079918889153,0.4334524416994807,0.9341414422336946,-3.0185567705677925,1.5789450927179753,-0.31983226412807936,1.5564160355717669,very_high,210.51201905198624
0.08534395552050993,0.8179920992573367,0.06820678260283634,-0.18770160587403686,-1.03873443416267,-1.7376861982453433,-0.07004644372796484,very_high,23.40710606072473
1.9116060670633217,0.7980910486615617,0.8314988669316621,-0.9026543599878197,2.6983288359370876,-1.4241676001875991,-0.6411649293968504,medium,62.370438950772446
-1.3755108895687427,2.105297429458312,-0.8125457701219858,0.851124098380238,1.2238559185425932,0.034887947089408566,1.368079350488601,high,264.9242902769614
1.0750212145109097,-1.133042347377462,-0.5060892911918885,1.4554013377261916,-0.588018519036967,-0.22467990162987012,-0.004262937643876164,very_high,-152.02686733534694
-0.6141435312471847,1.6666632592275232,-0.22535148504419977,1.6010743061643926,0.8918405795948128,-0.6783346293354934,1.524517181115903,medium,233.23729310700446
-0.8381764823315314,-0.3056324424067956,-1.372409737561307,0.003060116738572855,0.5846229524867408,1.048203967675276,-0.6003386590064871,high,-116.79620788784803
0.9189148546583293,1.193112945851028,-0.18826133508630655,-0.6135876053627944,0.19624094066672046,1.0215153927818639,-0.45965677227299695,low,114.58336307162519
0.5847253470359405,1.0828414339163912,-1.3449866686084093,-0.843596612531713,-0.22256507077141327,-0.3069940458834018,-1.0921199097223964,low,-39.400547041537536
1.1516655830474756,-0.1149509314918426,-0.18354032201646558,0.4006416383398367,-0.7880762539036712,-1.4822314236773086,-0.10210305889143893,high,-57.719263322288384
0.35116546762708406,-0.18667896231344497,1.1218615047942522,-1.2165808041357096,-1.1215301474250274,0.7290636450023644,0.34166023195262635,medium,81.06068160217818
0.3366014275621669,-1.7052076077760168,-0.08251351891139448,-0.07459267700807634,0.3435975351782162,-0.8348299105466731,-0.5430219463857897,low,-230.4160824602908
1.7470591445535142,0.03474123353902422,0.8873089624597463,0.2557842523263653,0.6250767970040728,-1.7971436676291046,-0.530010758779966,medium,-26.308699379975668
-0.6277549867574896,-0.5402855278956832,-0.32016950822072576,-0.6581752741371039,2.0988412303524395,-0.9329484701730206,-0.35067339365859646,medium,-139.34911207062703
-0.05154220860765155,0.8264033173305246,-0.05843011899748824,1.3491790488887052,0.02443184017803416,-1.0660321716276806,1.9120054690526975,very_high,176.466786226382
-0.48298392607284074,0.8091127907313788,-1.2077593925433523,0.03757485933586561,-0.31469082878809246,-0.8497209214776963,0.5306831230100478,medium,-6.712729405197734
0.7162624964685291,-0.9589282677146163,0.28322495861071845,-0.0001316862269378586,1.791782273613359,0.6741440051199892,-1.2551490672051577,low,-116.96902147165741
-0.9807880084135592,0.4705098473785568,1.0581700938241017,0.3421060396504182,1.917259148426123,0.011862679180784205,0.7399440513793163,very_high,115.19647701420607
-1.0422715880472484,-1.3559703448599638,1.3909723580014006,-0.5186667196212101,0.8532015450515544,-0.19578527096858134,0.5704211733607956,medium,-38.78970973195571
0.32982306086851004,1.6047350122948532,-2.9469042192840145,-0.5972789358462477,0.6165793523072711,0.49100394595775343,-0.0617760622705607,high,29.263805138330923
0.2305415868507293,0.9194084287536471,0.6867754890476648,1.0048216917579127,-0.42343658317927757,-0.0783866997293929,-2.161055997349271,medium,-2.1935104724367775
-0.3300901917014373,-0.45341410838385404,-0.42375968202270325,1.0484826510505925,0.4877748210843382,-1.795643172630015,0.732829081821745,low,-85.41049926832947
0.3485951198609804,1.0719298652117972,0.48730523704499484,-0.11522423255219759,-0.3849428884100812,-0.8792827824119881,-0.12517442838316423,very_high,81.84901004582072
1.5905820726178503,1.6284685547723217,-0.9647054257507148,-0.5193963718261266,-0.3409078773460798,-0.28438464960650933,0.6789312900592783,medium,156.2809287068821
0.4539052294413472,0.3323723332239848,-0.7865720915578501,-1.101286489839828,0.7321512260547355,-1.7555055887046276,-0.8857137997996899,medium,-121.5729593281084
1.1880618762510602,-0.550451872689212,0.13268461913307683,-0.9624988349193223,0.08202992938811553,1.382137994846674,1.1818282939420395,medium,123.25491293086253
-1.8255121089847097,-0.24581912671105752,-1.2159378179759015,1.195941907435307,0.8817464007600121,-0.6838602033464366,1.0570434191653657,low,-72.48308709659932
-0.205766993677172,-0.9391555697706817,0.23622364626423303,1.2058184207160432,-0.9367952349593828,-0.38438737659292116,1.605619832565118,low,4.294430442630187
1.568518985472554,0.7798286407550497,0.05245738688944395,1.4338328386598447,-1.3772954892720999,-0.3751089949435645,-0.788047623233008,high,33.46472221196685
0.7691357793100331,-0.8509750806815649,0.24207067028796736,-0.8252919608308644,-0.4929182749492523,0.8639235499624459,-0.1877270235798839,very_high,-47.287578818850285
0.43100969213007667,-0.9869427365015568,0.016374241931293703,-1.6191730565158649,0.6297395144087381,-2.2557913310947475,0.17394720841281136,medium,-147.0652245395906
0.5734474933553989,-0.367074646018183,0.45635597313269627,0.9229775651404308,-0.520630606562299,-0.8965855406471915,1.4916738588018077,very_high,74.95391958723607
-1.167757415899921,1.1464871587330383,1.515413815348209,0.5092953236420079,-0.6160712153363237,-1.1123274696705807,1.2746838496794863,low,195.98103320125
-1.4397052966180355,-0.6468363041676235,0.29457680054031987,-0.7920035740952445,-1.1933788124438198,-0.6291996069703238,-0.8539202975207183,very_high,-147.1565612821694
-0.3869294465999474,-0.3712573706703938,-2.1564453770050327,0.3387581622803661,-0.12839826591760886,0.981149715570353,1.7379849851235203,high,-7.681511717680767
-0.46812453379619046,-1.7357339369476272,0.11106747319563266,-0.8030845807190595,-0.9220530471774268,2.4417885853297707,0.7463732418253723,medium,-25.7943842315153
0.054934110999848726,0.9184544439424138,0.975816719344709,-0.21701705042437042,-0.3084827884558197,-1.2457173764463845,-0.7095798547491726,low,50.75108244130543
0.7130258504329489,1.1763440561714547,0.8160810441139388,1.1120468421032064,-0.5515157301029805,-1.2722376272319633,-1.9473398726619233,medium,-10.20757430408834
2.2369710770616296,-1.4108022850909592,0.20348200345228765,-2.52345736251247,-0.30093529297013316,0.3566676072498469,-1.3293590589340638,medium,-170.95230698081411
-0.33702637468137664,0.16179154060272016,0.6734288127536935,0.7047894424389869,0.8095418882529403,0.3467240162419504,0.4962485662454281,very_high,82.99601561413728
0.4753656106920102,1.3739143852114495,0.993782214530439,-0.7717719573928751,1.6095206657759729,-0.8523867660741036,0.6324542166423008,medium,216.04349248161435
1.775310892609512,0.42719436187168486,0.9694572005267368,1.0005823180429783,-0.6706202090766449,-0.646227309843803,-1.19363683175648,very_high,-6.635155938359951
-0.3239808507005772,-0.6353053696216646,-0.36663387866893304,-0.11335479410729969,0.13155164017749568,0.1367465026484631,0.5022347203519739,low,-53.275393221749255
-1.7392051521728,1.555198534147342,-0.5913947298380474,-0.20412976887271617,3.1176811292080475,-1.1145323150080617,1.1067104242873174,low,136.24431477456127
2.1216313073302033,0.6868579110122561,0.04303097332128144,0.15809389857678602,0.03344346797315094,-2.0653027750406103,-0.2831518848798757,low,16.798764456354288
0.3861664979983887,-1.2738373251342043,0.23873792529135657,0.09901444948725731,-0.5224147283775092,0.014694095544366792,-0.1546903311345547,very_high,-86.70828601897006
0.2668183962954019,0.7441857103150346,-0.23596998721097162,-0.12373268009975662,0.45780560992578473,0.42154608353656126,-0.33912227927003874,high,63.37939296895529
0.33649978882090087,0.8917005810695752,0.020121129580859987,1.9530596955398964,-0.9948563524675411,-0.6723935843265022,-1.5669593711673528,high,-49.57385136382688
0.04117951694893489,0.7429033054335988,-0.19992992311841679,0.07462800981684738,-0.6270365091498445,-2.070273544513395,0.5136752157933061,medium,31.15097206497247
-2.4878086565350794,-0.2880388739220764,-0.6277339060845056,-1.2070216478572156,-1.0753123930492379,1.4185313451480366,1.2769653860881878,high,39.194276958647265
0.1200313267182613,0.4363236696740321,1.7275431701007113,-0.2573765374233451,-1.6685840738775894,0.03800347816820029,0.6135179727304166,low,163.6961220347558
0.6357265264405499,0.49911050679894126,-1.4266492108103472,-0.4503681912566681,0.40684763513978306,0.12792720237457925,-0.4992476144946552,low,-64.39046231353547
0.12631251458699935,1.6478776057836733,-0.3559349170869707,0.7964303666421104,1.6639862798080995,0.06832212993981754,2.3059465859677397,low,312.4437265332061
-1.5031429531181062,1.669021525289393,-0.3357846992901282,-2.6968866429415717,-0.05429486651781221,-0.2595913513636048,-0.24574306408594432,medium,99.28558604500341
-0.659039274888645,0.7289411945704503,0.4795075480016086,1.0338810549242086,-0.4074601072916016,-0.6923507742337942,-0.5741006752835983,high,10.284957777546913
-1.9259778184451013,0.6734727961582307,-0.9331190886861417,1.4955717364824264,1.278434957965715,-0.24691832748945464,1.7872399646046684,medium,94.58370255063863
1.6348628511603471,1.02719478824286,0.0233851251561811,-0.1487295878173936,0.48061121524859435,-1.2077748224243965,0.9017646879402839,medium,159.50713860710783
-0.7932211972070344,-0.22572263161213502,-0.34034048288290325,-0.9888723476355838,-0.4908728948935657,0.45564691008859476,0.9156538042583441,very_high,28.97841764319835
0.5078357562896237,0.26859227886325693,0.0570131248970845,-0.3649527295428853,-0.8392096673390064,1.5284684264125317,0.538296079049633,very_high,142.91737022606446
-1.125587114031969,1.5889403284440828,-0.4888861190436912,0.4316316296375973,0.7396754681178337,-1.2422465335492292,-1.0962203248685651,medium,-14.88553366027785
-0.20265326282214938,1.2862520864548588,-1.4293264709740647,0.7670626894897021,0.5379836721509411,0.1211821519006783,0.4308460051697467,high,82.27918986657036
-0.9697437196346744,-1.0902084067994298,0.24365722370271442,0.49406391897551966,-2.854626662904391,-0.9855396007209299,0.11053531747394013,medium,-122.45077753369716
0.07128726054946169,-1.9783849165730842,-0.193155224849579,-0.4350526002358597,-1.4780022553041843,0.026185149185798437,0.6389568142127453,low,-126.3716754436503
0.8767141863861161,-1.2101609434141578,-0.1570248284447078,-1.7291828895034203,1.9529173824895107,1.5914003677628041,0.9641558841719786,medium,16.819547101079507
-1.4000707231830092,1.229990368438683,0.003147726906326633,0.0828325705180999,-0.7281719009698155,0.9826831427699412,0.5872624134641767,medium,155.6605671688853
-0.41192323438595313,-0.1353342339231097,-0.3351431387781925,-2.49116140815146,1.2167234924979469,-1.229495157708088,1.8115557731939131,high,37.52608745329975
0.4753349254274913,-0.2544760766453415,1.2371808002890092,-1.0559898119268434,-1.0500547898231862,-0.4580251830145565,-1.0633544998303186,very_high,-34.55326048869627
0.29497145570882155,-0.4068852445043747,-0.23591652931212392,-0.6654222981294605,0.7219034854381414,-0.5347566708443231,-1.4972576451786446,very_high,-184.42865442649259
0.6163942905303591,0.6513309519952039,1.3446851732306149,-0.9023171545945426,-0.3330397757389188,0.47321706581198303,-0.4000574338825259,medium,124.02449837890582
-0.18224182417853885,-0.180653382045721,-0.4649230143647206,1.520664172981186,-0.2629749140157042,-1.745969032474982,0.6884365198746686,high,-35.43075754175474
-0.9181269834165748,-1.2935076252040958,0.07125374991089249,1.0683793336940164,0.604120889588518,-0.695694877197064,1.2395840064415615,medium,-47.594315586748905
-0.23458713337514692,0.26105527217988933,0.29612027706457605,-0.3427145165267695,-0.8022772692216189,0.00511345664246089,-1.4153707420504142,medium,-74.90780196346181
-1.614749862291331,-0.40611035702340326,-0.44890838731300636,-0.7974381170700989,1.0745297902299311,0.09675491843880031,-1.4455181477453234,high,-175.46491798229474
-1.3581749214775936,0.11112937529651211,1.3920387515870913,-0.11455942747251965,0.08409438825019651,1.3181970672340253,-0.4432634648179029,medium,55.894155055977805
-0.5969935884209324,-0.19609321067693788,-0.23389780045359396,0.618360566259665,1.455600479257298,0.4096853437465497,1.4930031044432035,medium,79.3864588787899
1.41418728833109,0.30524312653135294,1.6637328321434735,-0.44854283652786137,0.23855495377373917,0.5873916998060122,0.4473939370689756,medium,186.30783470727638
0.7594421738225829,-0.5969870310455316,0.26629535644062347,0.27982159594427714,0.26528834478380814,-0.8257871252545068,-0.22393942431327402,medium,-68.12124215329257
0.02390304328495547,1.0450884740847535,0.24930859564172886,-0.8184286659420014,1.532367724678116,0.14488783309689118,-0.35141423571373254,very_high,103.01703563588421
-0.9242331442683044,-0.7584953347000695,0.03279699541158651,-1.8461878622380938,-0.92951086019241,-0.23040071420576733,0.8901984111247868,very_high,-34.58378568285519
1.8180619225578247,1.631856899089109,0.20232879642280202,0.23402445435314795,-0.24852861807444937,-0.7330329955239894,0.7751554940347831,high,210.6309566689393
0.5798572852951321,0.5835443030118876,1.0417246640588513,1.649480894323921,1.0706105599791862,-0.12951724686344077,-0.7068925679873489,very_high,77.56705525514161
-1.2983259396689026,1.1480908663974327,0.30515083587497266,-0.21392646635116538,-0.9769457393818821,0.3417539207135393,-2.5208470065727346,high,-70.6862836208521
0.6301079955837326,0.14663258764617476,-1.0300950764894898,0.4515474912395065,0.2665216499782007,0.592521009760872,-0.058607075782472,medium,-21.759932188300127
-0.4691756521047048,1.8314587658543537,-1.3202332070206422,-0.11453984525261789,1.2378163119734618,1.179440120721287,-1.7131345290908775,very_high,21.91962421485775
-1.2648888441027084,0.4972179804531937,1.6720417730423207,-2.968368430235852,1.3495463138337433,-1.839637872562303,0.05520800899233323,low,50.70249741503626
-0.8498443694647918,0.24822058630033608,0.18186625505849516,0.07156623721939247,-0.4776574467651167,-0.4593608995402441,0.8303358165442456,low,62.078955331736076
-0.0610756713523761,0.8761691671912328,0.54090851856099,0.200459631413729,0.6089053562546319,-0.6683451948468017,-1.0584406336416528,low,14.612291681610598
-0.21765512113811641,0.6228614849614956,-2.3164448569274905,-0.7527192419030679,1.4761148745657644,-0.3038634294811303,-0.3145003933502,high,-91.00880463437497
-2.936200943778115,0.9163289534385712,0.10413338802134002,0.17536524065533415,0.24048764946776105,0.4086847622754085,-1.312840273092726,low,-38.971108644159045
0.3464884758979927,-1.9982006845321076,0.07863519031609059,2.0883747047807275,-0.13958962815517376,0.9163276747024814,0.9980101098596522,low,-78.51995974752141
1.6414286277223145,-1.3239510842195628,-2.010216654566063,-0.16007448660830478,-0.24341030256790794,1.8076308056706858,0.06578864864896251,very_high,-135.86263648624092
-1.6548566718657693,-0.42688106994742003,-0.15800789857898942,-1.2899608997410539,-1.295078772063616,-1.0121043752601675,0.8231705839619146,high,-49.672507587509564
-0.38448912104151794,-1.0590371220120975,-0.9972282874387761,1.0835831031099956,-0.33346069318177196,1.1037200137225964,-0.06338985203481078,high,-123.28942258107922
1.1945922205137307,-0.7567639770159263,0.23278674294016363,0.22907468820570256,1.0743180127155614,-2.1899217049785533,0.9583858198420424,high,-43.552422469177536
1.7464906315946216,0.36660624701380495,-0.723168438829393,-0.11965890247315014,1.5142807357204837,-0.7957176635206115,1.027151035893151,very_high,65.78933123534918
-0.43403335432359996,-0.6638331028256903,-0.47548474118944284,0.5918011911450157,1.2592837114361684,-0.2410632224657809,0.553627409358232,high,-41.54088732963429
1.3701018536103708,-1.1966655922843958,0.012223548415169466,-0.08708472614314992,1.879874549421008,-0.26556051251854124,1.1992995729215856,medium,-9.750732522611617
-0.0022462017571209794,0.8219214824159002,-1.1182319393560314,-0.5505339682007013,-0.6167301099564017,1.68076571338819,-0.8180021847417462,high,4.033861648642446
1.6688080813007051,0.3100688238751504,-2.051052407853855,0.07540912892466581,0.48898953066004497,0.21856888887371573,-1.528587982263667,very_high,-173.74645190935703
0.5980991550474662,1.0256321138725824,0.07450959382677262,-0.3652808582038849,2.387967705524732,2.64201191049262,0.04932816579484362,very_high,214.87619783417543
-0.7477851043659819,-0.3710640289008525,1.0295669238227512,1.2082747406521392,-0.4753234176821889,-0.5082651460833204,-0.12528662276943792,medium,-17.453159406646886
0.5709409939421983,0.9397354817471042,1.9687573094339588,0.13734132456510456,1.1896426454852358,-0.7606006644251391,0.11835006565517724,high,178.11558915981712
-1.5145735090585566,-1.4621104551954147,-1.2977283756812326,-0.1026485734506316,1.3636072951996998,1.0095859678911938,0.27403884064930323,medium,-168.31545577581608
-1.3480471119401671,-0.15936223214590656,-0.45784838618248924,0.3216785413765001,0.16805980596682024,-0.37058276240078286,-0.7146806769904318,high,-135.98978439749263
-0.28275932762936834,-0.47606255777786693,1.6641920547838993,1.0525473107347487,-1.8429369062476757,-0.49061223402665266,-1.1208969737681593,low,-67.09096539537975
0.05821272708505647,-0.5054897554445111,-1.2858640172797149,0.4704829961291065,1.9723444790822,0.20885354253433172,-0.39343789627455045,low,-129.16589987266917
-0.8627757640431206,1.0971527117536957,-2.1533429198712444,1.0599363840466218,0.6170059495766975,-0.47883745600840416,0.6934789119139937,medium,-0.5264904419114202
0.7460239529828163,-0.12574629749577262,1.4086194934459193,0.36075575466383486,0.0722883471248695,0.6712701367053535,-0.6275400027440727,low,79.83699286577107
1.1127981956129065,-2.477506118629017,-1.2237448466562693,0.6555543582884528,1.805668878116265,-1.038540857035756,-0.402833428474804,medium,-341.37816268935165
0.9558027451124809,-0.5711839740841865,1.0899049590908303,-0.016568409822520076,0.6833245115160919,0.04382879946042826,-0.4842583519308302,medium,-19.774794876600915
-0.3670278390833223,0.6931056072631441,0.42881650033057295,-1.072139011985607,-2.9213504834946074,0.1764415552772252,-0.8275902206487197,high,34.97741940969418
-0.24672442411444054,0.03855516878431771,1.0852222636616315,1.3746112675765545,0.3596808476863211,-0.4836586374375685,-0.16841971202888115,high,21.987727608952326
0.13549137231676192,0.087204992037267,-1.4873744464039769,0.7777350472478546,0.07468584263688564,1.2473036506646777,1.5413211448013207,very_high,84.55774900023958
0.46210347426327075,0.010233061019587049,1.1631637521549596,0.06980208499001891,-0.3853135968617602,-0.9815086510479509,0.19905969557347003,medium,65.42770682331471
-0.17125630482493448,-1.3528658889640388,-0.9702713259082388,2.583573660166567,-1.330226255641338,0.1487806348073052,0.08739142892012171,medium,-173.10946492892728
0.37085189271099683,0.0803195726252119,-0.07589878507966075,-1.9323720874958086,-0.3297982570458398,2.524509276607495,-2.035902570104776,medium,-42.44679045187506
0.37034026732884573,-1.4582131138187504,0.12342918170364875,0.3959142209580454,-0.11717200497437547,1.6301299648744103,-0.5892537307950677,low,-113.67709868671295
1.677115870186871,0.8652897561352498,0.053059312932619035,0.6751370564069208,-1.716033248310689,-0.47687646064383565,-1.4605008994184878,very_high,-12.457309292430324
1.6772005099660963,-1.6755804496240945,1.3297943652050759,0.21907156253766866,-0.47539224221454224,-0.8065198324565613,-0.4351387479620344,low,-125.26916524944613
-1.237815498826849,0.6621306745210467,0.11351734525124804,-0.15178509503558332,0.5883172064845765,1.586016816145352,2.1330333746562666,low,241.02594653150138
-0.016801315977740417,1.671354084093128,1.1120606800331574,-0.780043158149952,-0.604675181631919,1.0271915600404138,0.6421077589986135,low,303.5302459687114
-0.8318222082304447,-0.6905410523162594,-0.7837656655863965,0.6820520657126199,1.4872461553359273,-0.9161919154812425,-0.06717829004935526,low,-154.2210237485605
-1.825657995664608,0.2956655514819996,0.21668909749767315,1.2782809474594865,-0.06084952000292773,0.40329960416682403,-0.30152629576934714,low,-14.723063227188693
0.9609321786082614,0.2112093992244567,1.0219627766781416,-1.327798673479431,-0.2885329006817962,-0.33953015666598657,0.6469045232565658,low,117.97541834771972
-0.5047154618351514,0.26960369406324414,-0.950175462069795,-0.5588162917367949,0.6689644817181823,2.262568808335318,-0.43351182120353343,high,-4.561961509809738
-0.7133109002802115,-0.07875288624464047,-0.12430093887849918,1.7347627931235772,-1.0704682430200712,1.3055827158105235,-0.2619450064243539,low,2.4686153574970247
-0.381771196674043,0.8290984400183357,1.917287968605754,-0.5773420157083338,-1.509993170579207,-0.7418431610084755,0.5884361802403073,high,204.61191981989617
-0.2724269009308716,-0.6938044179018226,2.0512469432694633,0.8810621873806654,0.5405895418122408,-0.09931433779203207,-1.9545930044832756,medium,-86.15868082817653
-0.5772287257105709,-0.5945036959490072,-0.6583827179404454,2.2143299425565965,-1.3477092303094034,0.4781405755558084,0.15252588289761657,low,-58.57278096649509
-0.4958781720101493,-2.4263920705352082,1.2840957939481172,-3.007632339693757,0.5711794062192087,-2.3869298701956727,1.0973001875437087,low,-166.8517394402789
-1.7684393655628516,-1.1196174332890112,-0.4888494217862741,-0.46603650186824225,-1.5947030672667954,0.14088624691120394,0.32316771418478146,medium,-144.00841264070183
0.10666965536704488,1.460680332129137,0.16696762333416318,3.096588896142549,0.028565762777586125,-0.6107626557317373,0.7470588278241231,low,154.2882967502016
1.3281660539573328,-0.622270222893996,1.4697842587874956,-1.765387587029974,1.7409414865969908,-1.8402663847955685,-0.5042980158126232,medium,-69.79867009855731
-0.5442882931554857,-2.3048571725962885,1.3001765268131393,1.5428881055391184,-1.2309784968052595,1.2368718935182248,-0.07810901011278953,medium,-121.69811581555005
0.04456961088927163,0.34222557942434556,0.2726335143194143,1.1049972018044145,-0.37753114855982517,-1.098679373434385,0.6312243569717831,low,75.88824181019413
-0.810252437014381,1.1647393544571714,-1.6151318159055095,-1.015821818978397,0.06167984984797165,-0.7345915767980492,0.20056919723094285,very_high,-3.98595724121283
-0.552750787066322,-0.5248594603244346,0.003197990615288397,-1.071194857868986,1.3332105613800442,-0.9499957035196952,-0.7721489637119425,high,-128.41109327686627
0.6731813512699584,0.38115838488277776,0.7533416211045325,-0.20902325728602528,-0.8505204542093001,1.2897527540827456,-0.13845598398377382,low,110.71088741293842
-1.335016245648024,0.08882296227878847,-1.6599055625051826,1.1041751565436755,-0.5133966807760615,2.4359851242292434,-0.08541883283306648,very_high,-30.322789123153157
-0.027402290866503937,-0.07718027611369632,0.3081283365365046,0.02884889479318494,-0.3049812998483304,0.54286372035822,-0.34001979062345705,medium,2.295955241529126
-0.34842795029159407,-0.4905957419034316,1.1671959833590948,1.2455568146836256,-0.5844097746882387,0.5769204106842927,1.9401566318350625,very_high,180.97168642575278
-0.7201539770215667,-1.8664481527634753,-0.836338536496288,1.512067949141453,-0.15389777398563528,1.589895594810694,0.24104327786211174,high,-132.73568270051555
-0.9157550411335605,0.23604306382437004,1.6264307346088593,-0.18428900183271194,-0.20583985992134396,-0.386022797870698,0.2496094582097118,low,83.7537565947663
-0.2549469704035893,-1.746895691345555,0.4755884359285824,-0.7717408145967823,-0.497961846817842,-0.5387608373460957,0.25617060569427813,very_high,-143.7138917115043
-1.0630362728537182,-0.7100154428915523,-0.7598021319877752,0.5343472134537843,-1.7684154256380724,0.12999822580159529,0.42124737869098017,very_high,-83.5332279036939
1.0570590113565772,-0.13419768928545298,-0.2368520491221783,0.29315722532296834,1.3534515614761184,-0.9203586163069253,-1.0622403173432842,medium,-114.96081341758422
-1.129667459310537,-0.5492386533125753,-0.9928687053786982,-0.125819351548333,-1.0730913283626153,-0.24707943680771946,-0.4908064664964202,low,-166.11578743005083
-0.3030927196917261,0.22271606260096463,-0.38841124098877516,0.5541429265127488,-0.614423524447842,1.4295196585259922,0.17044299872136284,very_high,41.293110232653184
-1.2845842656999693,-1.060605066396601,0.05225849049748321,1.1535903433169254,1.3863493972628433,-0.7170161491279362,0.9778155496862003,low,-93.43341158765239
-1.6019658118971685,0.7421274910718922,1.639964529371393,2.1709427174978138,-0.1758858124323366,0.0754336389015928,-0.24606248812994858,low,119.97667308708874
0.21030304022199536,-1.1983921249520453,0.22328091325537056,-0.5177574472222197,0.2178023397487261,1.0841982440435427,0.19839351717748668,medium,-56.67182967965614
-1.4055630538562867,0.6333268260712385,-0.48827384245154465,-0.07906734186455629,-0.5791241096357465,0.02263085267686914,-0.9849931258170151,high,-31.19747226850964
-0.2686216239380641,-0.47935394265608433,-0.18643641582155404,-0.4871671830291446,-2.2176090801520147,0.3886472460333105,-1.0886348430590387,very_high,-110.93072983101308
-1.1550084973999026,-0.031160364801477616,2.418355753572451,-3.250333476195706,2.1120893272529084,1.2463298110749446,-2.3981630952508977,low,-13.810110202028858
-0.05786615921434102,0.09468138947073004,1.2588862057428216,0.7903910765354696,0.5205124966282796,-0.8072156774844398,-0.8047518137191378,very_high,-20.65451393464977
0.743009694050077,-1.6600681494056964,1.961104291291467,0.9342740176365468,-1.3819627849870044,0.8259522089259458,-0.1371649108741167,very_high,-25.84675902314639
0.5666021483927255,-0.3283752594168024,-1.1678653072917102,0.5233237827285886,-0.8005903423481054,1.1077210959824486,0.6443105001082005,high,15.424137869554615
-0.15014783201743892,1.117933822727152,0.22623808866742148,0.034204684538075444,-0.8546246417550657,-1.1693152650864689,-1.7324945949673274,medium,-45.80655889168811
-0.5047749212282174,-0.022868062298882122,1.2969945465611092,-0.23893209916969432,-0.36682441181468756,-0.9993022322949108,0.840620026504553,high,76.37376999954184
0.2916589331890461,-1.265636445089811,-2.9733061712925575,0.6352455366039567,-1.0262423753029,-0.7480909828486626,0.2893389056429845,medium,-259.8358549025086
1.801045196539334,-1.2291710335183172,-1.7956132206423168,0.3010012339184757,0.5737677611445846,-2.2994555236698986,0.33234637147200347,high,-228.00323130186126
1.542276627661302,-0.8055266825105205,0.5327832093226242,-0.4998724304108518,0.5430322792896524,-0.2151138001704899,0.9943515198154235,very_high,55.55203138668367
0.000755507454595548,-0.5922408448128146,0.33795555414502526,0.4469817170098519,-0.6385858251450302,0.9757133776692501,0.685857818608419,low,49.819017732635785
0.36849758683903877,0.16585902679867273,0.3999965529436064,-1.1097501278882742,0.32324718753356224,0.8369911546336737,-0.45767699298843306,very_high,37.65185889657932
-1.391983286797076,-0.7511672196238788,-0.5866945887618727,0.10311758244563701,-0.2712965631476405,-0.9985703864824396,-0.8797173613845565,medium,-218.88346436299366
-0.4134487034717953,0.2690526930157071,1.2065357234543024,0.9389571782348514,-1.5297740801093362,-0.9001602278736629,0.28638674395539016,medium,63.16970079405243
0.7833587105240313,0.6989196850807888,-1.1997252650902135,-0.7758748231664838,0.07896404566808451,-0.40980124379353305,-1.4704895512312506,low,-95.31328936474289
-1.7959827345840234,1.2537347862197346,-1.2896760979610558,-1.1096093679030308,-1.681376891715264,-0.7648492283081031,0.23787515634886738,medium,-1.6380075418367888
-2.1060062013831335,0.900791174028302,0.7462775936104097,-0.4821242843214694,0.2366469126728498,0.6940326109679394,1.1941481480131266,very_high,175.59033318102948
-2.7391402061374728,-0.7239647304677874,1.167509822986446,-0.55317724534727,-0.2539517063972351,-0.6443402670219842,1.186145474042299,very_high,5.057188889248696
0.659849612104565,-0.3983270128816281,0.6868274954528385,0.6879020828923982,-0.3471614824184498,-2.4923896515830672,-1.1169408841023638,low,-171.7457346268871
0.2113965674706589,0.1579743122514517,0.827115428565768,1.3511140899867151,1.292745289518207,-1.2719190011127228,1.0626572907875265,medium,104.93007035403399
-0.347524942518858,-0.5775342640192128,-0.13111133868048266,1.21644738727708,0.15551160376356082,0.697238046390313,-1.1565552170673363,very_high,-102.2029612075504
-0.4709898102640032,-0.07618566995191904,2.7008664695495948,0.3644260771353479,1.6692469423765,0.9363373808293303,0.7906415838876719,very_high,221.35008932834816
1.2863821369955335,0.7267940464018038,0.24511428437261784,-0.9331060771871093,-0.9969316264021268,-0.6281493997556425,-0.2570524088130647,high,74.63518388744713
-2.0150084395070906,-0.7767739091870604,-1.7302221261454855,2.6253055802689116,-0.16877193943790955,-1.1668227695340663,-0.002915151414794514,low,-222.79281857270576
-1.014479726707414,0.23286808742689824,-1.2445425000847228,-0.6813802350695739,0.9678260240252041,-0.6080061429373236,-1.340072071123935,high,-160.95665286036885
1.1116314741410516,0.2316480716109227,-1.1363751667038573,-1.55102618198332,1.5051959988790395,-0.6560347582406549,1.6038660672678657,high,64.26511570519975
-1.018037671922815,-0.8356012406877456,-0.13778586119228045,-0.9486219012089668,0.0731042543807433,1.1739009315742082,0.3181593274098852,high,-31.738901602455805
-1.1896666590903613,0.6197114459661363,-1.876552706041874,-0.6047446645382127,-2.205566057099069,-0.6353623888256293,-0.6243453897132241,medium,-120.35992897051844
0.2422911858023184,0.560761268005573,1.6759187876093766,-0.7155127661227486,-0.044566899425482,0.4003682894625609,-0.4834781349943769,medium,114.91199598216319
-0.828497024780246,1.4898634386020821,-0.22320225463480511,-0.17585440443207118,1.6614701657280182,-1.6009039784765156,-0.10325476014904739,low,62.25609519280602
-0.9096834169818336,-0.5846177306571996,-2.0870270186020687,0.29219272832637316,-0.1873290184063747,-0.031058932870901952,-0.936506374789596,medium,-257.9958995984413
-1.8075896491814576,2.580291898690775,-0.24266646142712253,0.2536835542980969,-1.314748860310423,0.5432569649742733,-0.689655504900944,medium,168.20623108343568
-0.26030904127143756,0.1884757610181029,-0.8050951810305088,-0.19370537980496205,0.5402879440356954,-0.6566893456274132,-1.5100412119852522,medium,-153.11954693183412
-0.5915713888358299,0.117327383308782,-0.020901593964148132,-0.2176812032272203,1.09877685198719,1.277664895788425,0.5470973811700379,medium,75.21705905356572
1.6651423825437814,0.7271679888921005,1.2428268933268276,0.17557408492582183,-1.0247507500763902,0.06589160860223994,-0.26776551872484483,very_high,129.59963773491907
0.3216978061960136,-0.29027454418865134,0.9190764829877686,-0.17495975669540864,-0.7557451594928447,0.26739231407190295,-0.6680904536430488,very_high,-11.54406840827867
-0.36702241863162666,0.7762935907473221,-0.8859349254651107,-0.6438720111083527,1.1111452152044625,-1.0055559711837476,-3.0825621751432375,high,-223.685958917445
-0.13427916218630415,-0.5827586576115821,0.26536234939962844,0.9653974845911707,1.2361307218062179,-2.438817158276429,1.42274813609994,very_high,-24.505102364951732
-1.1709248938074537,0.539764512828342,-1.7941435111986004,0.03971382171963468,-1.4228769078115544,-0.3265358525345711,0.2023833705986952,low,-71.4806341109355
0.7786827457257895,0.4793542588185019,0.19807861703159935,-0.9024147207441254,-0.4818643154847231,-0.5456553943625845,0.46538407681917565,high,88.90476471389549
1.466782556898976,-0.3150819279089234,1.4488201083377155,-1.1909165059737268,0.678728069279419,-0.2414305647249931,0.5055578532150077,high,103.39952730018558
-1.0232532233755844,0.6959321009408497,-0.9509533830944716,-1.750975574405228,-0.17749188377428318,-0.5166141987601078,0.28004534269740444,low,-8.58869603705444
-0.03287448515243416,-0.2622335693828559,0.6858904564379201,0.5910905313252215,-0.1564092787928027,-0.4357108323847371,0.040307699330247825,very_high,4.249693304442788
-0.8281962729652346,-2.3161438629688766,-1.1996975283653082,0.7931756882186773,-0.12205713212127726,0.8580141953021454,-2.018487864388638,high,-399.5086337618004
-1.8825207514674638,0.7637997723632599,0.02250038824543957,-0.9621412281903847,0.00022394799578804667,-0.39167060950403243,0.49200405410295983,low,73.80062724974918
-1.1246420918378692,0.514438834058749,0.12029563171189886,0.33231401197959165,-0.7484865365565536,0.7116148780888898,-1.5341141707356223,very_high,-35.26298606451921
1.7945578635177877,-0.7309300399419191,-1.3793192280145272,-0.016422896072752075,1.188393273448084,-0.033126972873797095,-0.5176112990361714,high,-176.86335527433872
0.23071174907496259,-0.9282658386559959,-1.364470853617281,0.09262758794892355,1.2428625628583145,0.8096575301482413,0.1017883337073275,high,-110.2307489325654
0.8949105560268252,1.1622595975056669,0.1675701058009903,-1.8070413949318163,-0.27484530066979224,-0.5395912207371316,-1.6320148850264173,low,-8.651019741747586
0.421716933003097,0.05844948070564989,-1.2894805872096875,-0.8097248357672839,0.18780033804252202,0.9126203225404405,-0.0596543119921916,low,-44.9306357675129
-0.4555395260238707,0.9854496856152184,1.5781180575621845,0.8760467925297942,1.472670675750982,0.8691545924968965,-0.8892408282283243,very_high,133.03013523721535
-0.03914402696834188,1.368094236814898,-0.7749628240639848,1.075221541181916,1.0472764085594626,1.9669169625082537,1.2497104201843185,low,231.89960780430255
0.11137260184005242,-0.41521376790527154,-1.3495762115515322,0.6928557558178116,0.73463754545933,0.03402741107223205,-0.17909328501615626,high,-117.60425441773812
-0.3066882155205,1.3066170692950476,2.0515094640855813,0.49891440096441453,0.2744601776138416,1.1531696984548447,0.22964305556779677,low,264.2810356203164
-0.16048622032856263,1.350993905727516,0.7178462289962667,-0.2377233733471127,-0.4731074133605223,0.883624548970972,-1.1229011560768327,very_high,115.47104435201295
1.794524848392212,0.4583179391254417,-1.0736928461974642,1.3610067047697736,0.0647913501233811,-0.7148072589914705,1.5448414624182585,high,112.1662189400575
-0.019122179853707483,0.9435977762729458,-0.48667632288159673,1.4201849387819487,0.5921139002849184,0.7065054635472527,-0.5459619271149279,low,30.618599256041417
-0.9741674281722221,0.832092018373946,-1.1858523292388699,0.6538926102710242,-1.5271207953357557,0.8206074759086712,1.983373599422574,high,183.9349360945664
0.7670502184927098,1.0177959690359604,-0.148283137927403,-0.8039203442394212,1.216528232549537,-0.007928587453370405,-0.4338475233525722,high,58.91850908553391
0.45768658605355206,-2.120700152635066,-2.238231233324972,-0.5262478565174211,1.3883377782084478,-0.6068651778571754,-2.7475048427252347,medium,-505.14576501074714
-0.7001208149391732,-1.0265152994110602,1.073631749859772,-0.5589218472715883,0.37721187506452086,0.132969674146876,1.1950466289248425,low,44.189130825228986
0.5396547743450705,0.37822628543151016,1.8551185730353463,-0.3207463714788462,0.16681605951827747,0.4795105629413033,0.6126263773371126,medium,204.33756541218258
-0.8484286341908146,-0.9266983088473107,-0.41299782214343406,-0.3596296724524624,0.3011073391917421,-0.03143917037477642,0.5731278132412001,low,-86.86330758486541
0.5116050903690205,-0.5655527624024238,-0.9680497955496961,-0.5866157355597524,-0.6484148089588124,0.20092570656524597,-1.5901913232542981,medium,-212.38395494238878
0.867394492997976,1.2959278615737506,2.3330164182526882,-0.5902146122004895,-0.12049741389935952,0.012575769600314238,-1.6368018643107916,very_high,151.7780019794843
1.3698682233619108,0.18700772147472028,1.5571608896986593,0.2753962341432087,0.913711652342591,0.6259320959729026,-0.6414157900234342,very_high,80.69264594902678
0.641541644936012,0.3431585541974166,-1.0777207457916016,-0.5066348337879193,0.23987275228472507,0.6229440304133081,-0.787036278933299,low,-38.971776511773164
-1.232523314768509,-1.3671378064602457,0.46320629209912306,-0.6967718184295749,0.5820265670847269,0.8481742126666681,0.5522999376795232,high,-52.68035663992389
0.6295583660658357,0.1462147963775593,-1.5069222991380136,-2.0210023208762435,0.16994471105148284,-0.6047188666354781,-0.8853264322180604,low,-132.01856122757485
-0.27811986436633407,0.4414197598929505,0.05469486537462616,0.04371039699198385,1.2228079221334083,0.8530151882434975,-1.9037594056445934,medium,-58.912932478113675
0.4197056083572659,0.5199021395287525,-1.3734028889697492,-1.5708814571259122,1.355572935710348,1.8688178405438531,0.27658150559104877,high,86.91900576083864
-0.0034808485732018284,-1.125096327023029,-2.2484965344996555,0.4080960585699445,-0.9032931107791092,-0.5807410905564503,-0.14503369152842244,medium,-250.64620548667816
-1.1376856704248166,1.2748750412787222,0.8970661968871322,0.5987943895619102,0.6683404887180808,0.6515219913395057,-0.20149153394751798,high,169.89294183505112
0.5593554097154361,-0.48658566970065326,-0.42983282314785354,0.5259441806248001,0.9283886791361711,1.3801232895853999,0.8269460609427997,very_high,32.99636976122149
2.171802667396602,1.9824704501689276,1.029604361419693,-1.1889411180533487,0.44176064964947936,0.9537602558113537,-0.922351329061918,low,237.5660302760022
-1.2859997065164936,1.1633760551635501,-0.6865387531537689,1.7509259419271435,-0.03151851332810415,1.0687923213942923,-1.0884112356728457,very_high,22.124402742093253
-0.48401712362208477,0.6418941228586382,0.8931883472072516,0.7497454754383477,-2.0149012325066082,-1.0296962396330605,-0.004072837121435025,medium,70.32906202023895
-0.04779925038478981,-0.29969605666431426,-0.7617603706826457,0.33271932958518796,-1.333148008477209,1.5758758095019694,-0.726774137833843,low,-58.21538473318865
-0.31207193205273287,0.29551169159033874,-0.22549342333463607,1.2288565502005595,0.4610780322964351,-0.5587958188849573,-0.33781509419140304,medium,-35.7951916345369
0.23924686411114954,0.7479102561175338,-1.9792998103757877,-2.5302875227463297,-0.2860042218801108,-1.0727430257398065,2.0740826697499735,low,74.39427931139632
-0.22366657180344413,1.764825883791736,-1.369463774656058,0.14340596107130443,0.5753567245201257,-0.7742699224040547,0.3306132610904059,medium,68.87330302577931
0.4370176220734189,-0.3870842444749391,0.22032329169091802,-0.2925947499076102,-1.9890341961712958,1.5393565226006936,-0.6427215938827137,high,-13.666210182939253
1.3522026788671444,0.3076126681891964,-0.14037505890533644,-1.4359095238685275,-1.3158158164275071,-0.524567013767051,0.4240668615184512,high,51.180348142604146
0.14171691363990474,-0.3164084496948019,-1.092312764672579,0.1920491164900316,-0.3091164642025014,1.2130976999791834,2.319329539981694,high,128.72094109831286
-0.5700753391846538,-2.1570367252233504,-0.5551251558036121,0.3444449443505802,1.181221634220601,-0.8142046773853758,1.1906996175550046,high,-171.89934436435146
2.01780644879303,-1.1675008238807143,0.4637230575571145,0.4917396407562205,0.76339307958197,-0.14031622804715976,0.11122333484085803,medium,-42.163718073229525
-0.732968899123759,1.261519252535516,0.35625278870608357,-1.5449373466767586,-0.5393050144632704,-0.6671890847775054,1.0960699074773985,high,181.498117679648
0.07287409801551539,0.8201581867554845,-1.1430193120737286,1.191707497107065,-0.08371795984921201,-0.06468860503251848,0.0731969910016945,medium,22.727461442234286
0.2553837556743171,0.08568716140335904,-1.0138959522925377,-0.9958153947902291,0.651136241823657,-0.9254246260595873,-0.8953463223630241,medium,-123.73634455452435
-0.6518885825313808,1.2434691283459636,0.34292637732134257,0.13807840841754684,-1.8861287039510262,-0.779375325260117,-0.3089600145979074,low,85.35293721299303
0.2899111740376629,0.7958638123412264,-0.7178532143540355,-0.18705751647366262,0.09546204135829657,0.6543881340607632,1.3160074197184983,medium,149.22751793051805
-0.5479053042069351,-0.8186050266600786,1.1910858547734768,1.2907584241224281,2.5879089735306846,1.092106783982426,-1.3358624041686133,very_high,-93.46101690733178
0.7882041407971867,2.7922088679099613,1.7649138055507714,0.7762285047241061,-0.483933444951233,0.09116814666643917,-1.7806256729074892,very_high,231.73577111588588
0.3780462604278832,-0.38856822049120293,-0.532143890173102,-0.8642852619405358,1.135620585491476,-1.1238784051255941,2.45987198502938,very_high,75.57972348385073
-1.0802670597806927,-0.7163942937007461,-0.15914947153772793,-0.7706179501253388,1.5206400960170445,-0.6389850540666776,0.380067440573832,high,-90.27167278060283
0.6159670060468382,-2.380739105523497,0.1293680067038185,-0.24402835217113436,0.29471925290230155,-1.829681815208083,1.0371814056490503,low,-178.01799514929857
-0.2991817724274345,0.014149264965758293,1.4521176991825604,-0.7493576894227776,-0.22153659758373817,-0.5964114079688796,0.8089192693927194,medium,97.74655334498632
-0.6994952201676432,-0.5764195763348439,-0.23130094292969944,-0.7961368031864954,-0.9500634974661272,1.471034690817104,-1.0370660735699961,high,-98.90978231376369
-1.7961977553345514,-0.5297782520307184,1.3011298521785726,-0.7502588076917368,0.5882367945150587,-0.6903381233439047,0.5712830531642964,low,0.3628115635614506
1.7624731648696121,1.3071354231507137,-0.30445802114822945,-0.5031635190463567,-1.0136058423544687,-0.5717358227493337,1.4838901537677616,medium,209.6254952961675
0.4158368362860605,-1.0733280322228955,2.9356579023277782,1.8076085077692632,0.5061576554607123,-0.4288479256060734,0.6002129657442777,very_high,108.57229037074684
0.2939493879431622,-0.9243573336303755,0.4612720843178312,-1.5138305012448536,0.6308756035961556,-0.4509940170293094,-0.7725421118422359,medium,-114.62867759859886
1.135565640180599,3.852731490654721,0.5150476863060479,-0.3152692446403456,0.7589692204932674,0.570890510693167,0.9540017634932023,high,488.3051976676142
-0.2716551103260533,0.17682087213939798,-0.7217375533372533,-1.2995812369275976,0.8297324178791745,-0.5466800845872654,1.673452090298537,very_high,94.06783603855979
-0.2030453860429927,-0.7968952554704768,-2.4716445001272893,0.08658978747289992,-0.15567723539207948,0.57707212718054,0.37114587337130883,medium,-171.692274585644
0.49199348683649613,0.8444558720716657,2.721912147906493,1.0729296145073466,-0.8533994740391114,1.101737861786209,-1.606256788401958,high,143.52990074938845
0.2787998123854607,0.7588244161636093,0.07957353494216583,0.857898825291343,0.5535695310677933,0.6963228620803235,-0.20866837122046583,medium,87.51527043524123
0.33412624733823465,-0.7256174565632872,-0.17436283641253425,-0.6068253417863988,-0.2610034893516796,0.35747018584872403,0.48114589076518677,high,-43.67415235216879
-0.15627633670504304,0.6856563925137109,-0.8281805638735081,-0.5693514235811376,0.591668049693131,-0.6391935337501581,0.686774070503355,medium,30.39958138777383
0.9035206838035016,0.44841324947910954,-0.2673170231678089,-0.6893290680800719,-1.410467416412775,0.3543093815188606,-0.38749131490543404,very_high,41.77461194113131
-0.8877695115385407,1.4244958212469476,-0.8360621521000247,0.7595148874861078,-0.29175863225853715,-0.09170602414512598,0.9976320769202445,medium,139.7348756607747
-1.754284852822499,-0.6684549108531777,-1.464974746104889,2.666905222320009,0.09715578708624777,-0.9980946277690352,0.09452756758846836,very_high,-207.3769062089228
0.42214369219526265,1.094934055641929,0.9359731592656175,0.8498203653189064,1.638281183136422,1.8379420299922753,-0.24872342408253253,very_high,207.95476152510685
-2.0713771793381572,0.6604599523515503,-0.8766970856192929,-0.8544934627380543,-0.4030658680367221,-0.3854932409123582,1.167741925527779,low,63.27973775464932
-0.5831228313242981,-0.5416207633091875,-0.31830101410433403,0.7735476151070181,-1.0509411661889605,-0.08701522331813741,0.48674150215806,high,-50.85906562559248
0.3946715298229811,0.5885784044206096,-0.5805234498047227,1.196631486645651,-0.6097829043193822,1.6699045043514062,-1.1958830620351844,high,3.722722974090706
-0.4760177475989431,0.31571942229652405,-0.9834497634779713,-1.3356066666463606,-0.6603813705355391,1.1726975771850674,-0.9448144902417202,high,-57.16641349737522
-1.31246730344855,-0.13260407824049675,0.0689061331209721,-0.8383618800008077,-1.2126571326233138,1.1770006367903372,0.5363892188475762,low,48.37090491293211
1.0035328978920242,1.356240028570823,0.812525822394198,0.36139560550841393,1.5380365664659692,-0.07201012158033385,0.36163602504763415,medium,207.0983796592328
-1.5297489550040915,0.3465270183130004,0.6180684939300419,-2.4874567587061294,-0.45822302925650094,-1.0084330205311458,1.53739673068429,very_high,86.44855324429803
-0.5637245528039747,-0.32138584165299344,-0.8254971967925115,0.24496657110872277,-0.5069431753711298,0.41293145427562433,-0.8222203955664315,high,-147.32337748763015
-0.18455144218594516,1.3098651694335341,0.1934485749917961,-0.390408738280471,0.5161440395863797,-0.07434532975852426,0.5923295470133433,high,208.77207669537873
-0.18204043108565582,0.47474210483989104,0.6102350056939962,-0.9683358632535589,0.2483054757359842,0.3775547328379105,1.8307438248312617,high,210.40494451880494
-1.32484578093274,-0.032481035842094615,-0.32175270399020833,0.41709532442324604,-0.9846336870179554,1.9126881343567956,1.9837041354787512,very_high,148.2457236969873
-1.063258686531278,0.005205261894946381,-2.729404384923734,-0.04798579485058113,-1.3673264612849558,-0.4596052987574804,-0.5532410018397994,medium,-203.08341443268907
-0.42999140861483903,1.7305179518279585,0.8889877491836431,0.22084177029035232,-0.042824379075518997,0.5399509007551029,1.323340922489938,medium,303.4460929288419
0.5915710184530977,-1.124200096946978,-1.279647848349243,1.270088025254897,1.2950071499384181,-0.82932037436137,-0.3812372872728735,medium,-185.57280777637374
0.6658778237063901,-0.7347432134727092,-1.700627249651378,-1.0356040560453943,0.8810588920574334,-0.19449148486477605,0.18863108156798006,very_high,-138.018916496395
-0.04512289032405165,-0.44480683817049027,0.6909109573921928,-0.14365952989711814,-0.1650805650030461,0.1390286869531256,-0.9258899038911499,medium,-60.5571404954907
-0.9800623018406142,-0.9106450871824898,0.3603687159048611,-0.8174081344143398,0.321291470757388,1.2710653260070335,-1.6178006138153371,high,-155.9165041886739
0.03178390487063994,-0.9468000941813317,1.8224633429937909,0.959496076599441,-0.3650550328049707,1.7750370211274655,-1.8355704768708747,medium,-80.80745294249994
-1.0593406872748266,-0.28949008043361957,-2.8562754133411574,-3.3078999524973884,-0.15136290357574236,0.9191861536769533,0.7164302036574001,very_high,-115.11415430170003
-0.4894669953419908,1.2322838295108312,-1.5702366540818447,1.366746736694397,0.31314302313353215,0.038915828017330296,0.16700292169573833,very_high,46.598128978786804
-0.25731650058926747,-0.47318310630711363,-1.1193908797459098,0.13493953016324978,-2.617113117431211,1.7632988002995693,-2.8151236899058496,medium,-241.4993428724623
-0.9400159321237541,-1.0188699570667352,1.0400578907933893,0.10798392072522883,2.6068591631497697,-0.22777097912363464,-0.38611277608614164,very_high,-96.14115001360378
0.6329318177555108,0.4714155563864041,-0.8323555731042287,1.5475052013300616,1.7958776730955217,-0.5522230442809712,0.2029230208512997,low,41.530147897611876
0.4600423238604662,-0.8024300398648369,0.019599616577628293,-0.6856749175901302,0.8202983745089647,0.5789286485712348,1.5404412397766734,very_high,54.904910287811866
-0.1692744383326247,1.164990882563923,0.23386510100924698,2.052073311421935,-1.7059590948907353,0.625318334021503,1.3523625459261506,low,251.4984444926291
-0.18319661872038787,3.109918556005361,1.9956674897839644,-0.3206676255571917,1.7952113559123222,0.6067230591361827,0.5345056484805503,very_high,437.76895975671783
-0.36723700079928584,-0.8605654038138869,2.1112963340995843,0.9481429504720496,-0.3059544315315921,-0.3230423687730068,-0.4213568077704419,high,-17.205941748227435
-0.14663177404360228,0.7914974359729572,0.9606132325034853,-0.9218236563202137,0.0999881637655518,-0.171810463802674,2.3491085580250326,very_high,258.994369833836
-1.2308643164339552,-0.3220615162056756,-0.7832532923362371,-1.6074832345612275,0.1846338585323042,0.8135172173696698,0.22745993460412942,very_high,-41.91921296537684
-1.139061507616351,1.5061472407749465,0.7700501089175859,-0.11365684249904019,1.5991232408367342,-0.43884999047817147,-2.4581694305490185,low,-21.397510894948446
0.7158727446909595,-1.6728939013115742,-0.24907184465304072,0.5914421517518549,0.6802203604766911,0.4042128652773321,0.2270344788648889,medium,-119.94613814884764
0.809861984870875,-0.10140782972186395,0.3269108642391749,0.6550780176305259,0.32889153672704086,-0.09800096678333993,1.6712624603036346,high,138.55430953874952
-0.4901673153765603,-1.0326426981220578,1.2116396256491668,-0.04244852901175601,0.5068113976630492,-0.12331159906616056,1.0560303715657138,medium,26.95141044948381
-0.198669133822903,0.18606843247054689,-1.3070983443991324,-0.9658267708959641,0.23671712102639317,0.5615734705711045,0.37086779247102475,low,10.737431875194204
1.053802052034903,0.5607845263682344,0.3577873603482833,0.5150352672086598,0.5137859509122088,1.083051243175277,-1.377669367957091,low,19.38702782954926
0.7577547802081833,-0.12855103438512974,1.7123077283669226,-0.4042782442120789,-0.8167379318649001,-0.9750213849385142,-0.446454478255048,medium,6.1501208672286545
0.8640699821389469,1.178865937036939,-0.5028687536709558,-1.1918747041912499,1.9435288811221971,1.3111622966036165,0.30613455310275534,medium,138.88008419450404
-0.37061433208610595,1.1727290192593647,-0.025554070991445278,1.1487657003721035,-1.7397137787780996,0.5436001545944323,0.7716987106483447,low,185.3479190422126
0.7746340534293368,-0.7076694656187807,1.2669111491866227,-3.2412673400690726,-1.0243876413342898,0.44381942814622843,-0.926930471578083,medium,-24.09249359490428
0.9557039711138672,0.7704635956872266,0.42876125888076383,-0.5642898527190192,-0.5927028229571065,2.1934495502883857,-0.05678859588627712,low,163.21218038554431
-0.3743900332069141,-0.687784294825431,-1.5105460503694963,-1.5144140623981206,0.5487004763949003,-0.6770111767903435,-0.9265132547797481,medium,-240.54719328135815
0.2106684652031108,-0.05751775300546313,0.4929864585144592,0.23384802578959837,1.0354434164169448,1.0753434019568977,0.20953423026279433,low,72.68117251650857
0.7462535660272207,0.04643654815614881,0.19109906801990334,-0.30777823495300083,0.21915032766393897,-1.3598561409799192,0.6454841811410754,very_high,37.24699086107442
1.6075783063995104,-0.20487666386471723,0.7436517755401733,-1.1789234912983253,-0.21966945235096014,0.03139586553277644,-0.020560557350507186,high,55.16864880600985
0.7240750507443041,-0.0386517688273251,-2.510222141040413,-0.8562881236602804,-1.1669178013714432,0.017183850385528075,2.010903035413434,medium,15.26330055060474
1.3869598902732805,-0.9653962101329223,-0.14584443297218957,0.5463989516672716,-0.35854252756260974,0.02394638244926125,1.035916209432034,very_high,3.4639270994465683
-0.425924599317566,1.9222245602694528,0.5135213692547353,0.45303965657205897,1.073118026799375,0.40921257860654675,-1.428067176105445,low,114.69636617193498
0.4512260161360988,-1.5858456403858474,0.9853997114500495,1.0159372235635562,-0.4033797459686826,0.17648418366295282,-0.07310730200893852,low,-90.3237687065555
-0.25308684101411083,-0.6760543665488049,0.5698763759795229,-0.5911468299256105,0.32868234949648295,0.9937402628679574,-0.4198469958312289,high,-51.922686543269066
-0.9750988557869399,-0.48559011204500924,-0.8963333329719959,1.1967632249804385,0.4321202439837694,1.7379047618352501,-1.3411300326557107,very_high,-144.49485806922468
-0.824222439367453,-0.6565769633469216,0.140293425700544,-0.6445077018756719,0.7582823861179211,0.9076118110467684,0.7936392943301029,low,24.231683879144853
0.8102600443753338,-1.0175847772133757,-0.4588768450249969,1.5268126635772652,1.9025582052295598,0.8601826383951566,-1.1554517938176596,very_high,-175.47222703398845
0.9755451271223592,-0.3092123758512146,-0.8392175232226385,-1.1063349740060282,-1.1962066240806708,0.33126343140356396,-0.47917423784528995,medium,-62.656103204218766
-0.12107543239055386,-1.451834745168435,0.9068341463729263,0.45005467118514625,-0.5895789959361277,-0.664700905151014,1.3655603704321775,medium,-13.310685088568768
0.41135763115143903,-1.722256933957519,0.4458388752292466,-0.14486675514609437,0.40582408667381425,-0.7204550706750589,0.410383276786892,very_high,-116.01161904452564
2.4523699128687237,0.6488819259038391,-0.08308932774318312,0.3865862299051922,1.3592975993648058,-0.5844009765960311,1.9836336524360194,high,220.77286555617906
-0.5182702182736474,0.3571125715117464,-0.21967188783751193,0.9154021177020741,0.32875110965968446,1.477894044741516,-0.8084936028931876,medium,-2.0510963572948313
-0.6520888885930607,-0.21804589539237385,1.80930634973311,-0.370508098590029,-1.405567019178642,-0.8476339286190848,-1.0896330373423884,low,-46.195781115062715
-0.9575689550152119,0.0013256887344072295,0.8811467208133691,0.8567024802425557,1.6773770878054892,0.39542098538803816,-0.5893322314273619,medium,8.628159677452846
-0.7666565877833479,1.7193779062072967,-0.6058608207588934,-0.3871306497895146,-0.04541121793223822,1.9925153531681183,-0.5495571359085801,very_high,118.50114740805499
-1.036329196838163,-1.1497414553678929,0.16614061307833064,-1.0523294696031953,-0.47553444673535483,0.32434571119492384,-0.8554826959255813,medium,-153.91598030620443
0.40171172209894146,1.5327389130025777,0.5193465142411723,0.22409248181041677,0.01259240078179486,-0.1087601484568576,0.6901439917111125,medium,208.11823353751888
-0.4799681461487265,-1.7047859057901145,-0.4290372480926655,0.6586319527905097,0.2321945046423276,-0.24795420732788961,-0.5159809893490795,high,-229.31630337601203
2.212531039397242,-2.0864776583710847,0.007178466907941942,0.3733485597113982,0.3123782104665717,0.16048962397348007,-0.3600392687569827,low,-169.18698046602776
0.006799844559997769,0.18474057889572446,-1.6076610271180587,-0.18039168176240783,1.3728484746765302,2.0236062192296393,-0.19003903500149447,medium,-9.644076905630747
-0.3780078990182172,1.9412174364637491,0.6654168236917787,-0.21566763754763232,-0.8729610904537004,-0.8783230771797389,0.2314459225255723,high,201.1544600908639
0.4548758006638433,-1.5031550695996019,0.29401639930663104,1.6764234178440736,0.7260359992293337,-1.0446665306312433,-0.010939051960085844,high,-145.60947215542092
-0.19805976321890642,0.1358559015662905,1.9358610256806046,-1.0685207540824389,0.3454141816438536,-0.09600066173385824,-0.4362630321800288,very_high,90.59650883992654
0.06933716171534797,-0.8907488635522636,0.5024996961292902,0.8202323983059842,0.8173062037383262,-1.4268265767813424,0.8625434846151703,low,-47.538577928668644
0.9148677980978497,-0.007674063684503472,0.6776371019248881,0.7796961821794943,-0.06015449940512768,0.8519290707908426,0.06578468947474944,medium,91.47387198748967
1.5111549302473475,0.9216501119244593,-0.1891203907770335,-1.252393444413119,0.3636318826249679,-0.12754912037753421,-1.4511756900515589,medium,-11.89489145413277
0.2811914239693758,0.8534155587803077,0.594754341665286,-0.7539645888666763,-0.28067507686677406,0.7589285897867651,0.10420110395187607,medium,149.50445718046393
-0.912810919296513,-0.9355962987624259,-0.589112132781127,0.3483417392461269,-0.8978300664256293,-0.17791787580439816,-0.4174303819894322,high,-170.69555714278493
0.08298741881250997,0.9386400226789446,1.447796418457866,-0.8758424064951101,-0.8057996548842047,-0.17611243395986265,-0.1309258051261265,very_high,150.86032664739824
-1.1716543473175618,-0.37630072492499606,1.088769654216672,0.1566937282465246,1.0235306441853447,0.018819049740598424,1.6957228778108653,very_high,111.13340194021538
-1.015581379650545,0.5032323845324963,0.9338104260749966,0.15734656767307767,0.9765065890631646,2.305636837367189,0.8225729212004805,low,207.47102278140093
0.324359281721603,-0.024195606390916165,0.40373009033660945,-0.4646172972983931,0.2011596558728393,-0.9037018607301281,-1.1790397911598025,very_high,-88.55618362292478
0.4484854541964401,-0.8707277716437414,-0.773029709602703,0.0923767916399243,-1.5646221273358043,0.7245917787231225,-0.1585376924164567,low,-114.55031415576383
0.09109360625591317,-0.39732325255136186,-1.187765239917527,-1.531535315243643,1.150267395898296,0.5343648986363834,-0.8515399797793188,high,-119.43280371565426
0.9280720066606888,0.39412651043414787,1.0400267198626876,-0.20108793560036814,-1.2369532584428453,-0.12130867138958067,-0.959850302216295,medium,17.92530632395411
0.39530725264933086,-1.1797767493745086,0.4891783506377937,0.7740227740710525,-0.007480796740746615,-0.029351702115694548,0.03302330719303323,very_high,-74.42548725984429
-0.9073265593722656,1.3558053394315013,-0.3894035615253766,-1.2243872733579544,-0.8927733072761507,-0.03494150045863278,0.5586952829218191,medium,139.48904725032358
1.436368034243754,-3.044656539243162,0.4562494885285328,-0.45025338777827145,-0.7560040194566048,1.0216352138276081,-1.0501865373616694,low,-279.1705747630107
0.02100384163275905,0.8135096360006385,0.8254163489880298,0.3241663524884421,-0.13014305436768459,1.305478807154329,0.6819529712949639,medium,187.50214699176593
0.057754146667227856,1.3175408190173998,0.2606561547052026,0.753601109159814,-2.0239316109829444,0.5736569632767152,0.6397375066988947,high,200.61476584210243
-1.339489366528659,-0.05727041082210227,0.2722367253273881,1.8978872926587056,-0.11381253841375806,0.5480669247071704,-0.7423863704307346,medium,-50.336679320811726
1.8761708392158862,0.15039378647620763,-0.759132661553698,-0.898414671348358,0.4919191715065057,0.34175597577715944,0.9504238381860503,medium,80.72371463451702
-1.3962291302361909,-0.5095665028698317,-0.7787395153691529,1.5731360220429027,1.545226445884819,-2.8439436647717677,0.6252895125420684,high,-149.0607043300476
0.37574688171965837,-0.02473542080240107,1.1632821327942087,1.6779658369686972,0.1072858660965787,-2.22834243994978,-0.53716426238832,low,-52.61509340887645
-1.4326712897396527,-0.40436199269002276,-0.6074722876203072,0.5148835960763722,0.8199252526352343,-0.6862791357550845,0.1458364702153839,high,-91.72215191465106
-1.5125289652988756,0.023195978557374822,0.8422973270139027,-0.6994145401232875,0.1616985267047529,1.3510157524870003,-1.3307051313309262,low,-25.78708593000717
-1.0097307047099375,0.9039348410861953,0.4365598041576678,0.020793707675407894,-0.7280029412291344,-2.3629324355418384,0.6191542610051978,very_high,63.96255399067067
-1.9793296949964019,0.09390648166044979,-0.9229768983740939,-0.16291219337623528,-0.6337886457778004,0.300175049284521,-0.13721170304420047,high,-54.67532871809652
0.5817233649705059,-0.7687664100385205,-2.5089571784950757,-0.011997344627723866,-0.9780230235225682,-0.45903167317890037,0.21871826614148773,medium,-185.7888081539623
-0.17149560038823927,1.1422073928855578,-0.3433351758524492,1.1835491025816047,-1.1646633485123947,1.1572445477310251,-0.7346710936768595,very_high,75.52927503354691
-0.42389004232235256,0.019458255518883118,0.7093525144553172,-0.33524408186802673,-1.3410647133015687,-0.13851224460722475,-0.30518884548075176,very_high,-1.8471579547555521
0.000682818957482628,-0.7191094514491859,-0.8239354869719996,-0.7798529462216388,1.0819848092499422,2.049812095785926,0.7821300015314592,low,26.43844893993756
-0.6538970942319644,1.3910424750559454,-0.9096321727447022,1.5912152908822934,0.5427746739125621,-1.138782936976213,-1.2242250083555806,low,-67.1322009612984
0.20849197057558072,0.7095994793835665,-0.4012092065446777,1.2304600477599754,0.5274808330277304,0.9280156591516868,-2.354482922696602,high,-89.25590008167225
-1.5004765491630017,1.3924559414830675,-2.4036686011005304,-0.7373799034979586,-0.8341848487326238,0.6722934080404022,-1.4787771238462857,very_high,-112.81965374000403
-0.7180647836182643,0.08747375368073924,-1.1433389910838607,-1.133421018292623,0.34992371524939253,0.23304295152948393,-0.5878563049080002,high,-106.43755805564956
-0.21345677935043825,-1.5975991695954321,-0.9245641143780999,0.5114995753618614,1.9351540400602292,-0.3270173176097711,0.4961991873633163,medium,-146.84457845994768
-1.0777447779293061,1.088950596967366,-0.47193186578943347,-0.7303666317171367,0.21645858958197486,0.06428001909546277,-0.7153037092599682,very_high,-6.582478355451254
-0.06213606646930852,0.14561699682689125,-0.4112604304834833,-0.5630810770523736,-0.9465645185278149,-1.89203357248567,0.22848217771819174,medium,-33.9162592346128
0.9693693024080543,-2.4878220575623313,-0.18403239919900272,-0.7559507066919204,0.3604416762927729,-0.2217814037161355,-0.6314025555665582,high,-270.4063051792306
-0.8987998102438376,-0.4551989048161591,-1.349925637861273,-0.30082595603229867,-1.6273117279473155,-1.3472539175813492,0.5510170602262995,low,-127.38205795983703
0.924098128840789,0.7370228555563136,-0.45566249801366066,-0.39126771490754075,-0.8889248090597707,-0.2418179125289801,-1.571489187576273,low,-64.66381292413654
-0.863990769679816,-0.48712538376469605,-0.6506425691218269,0.2704568257798388,-0.05023810944913695,-0.5923939242388692,0.04852162794482699,low,-90.13276721840688
-1.0878375477136197,-2.0870692457095164,-0.6046808501274109,0.1045422455492162,-0.14468576074234318,-0.2941231803761696,0.07920292868964361,low,-246.12217356568675
-0.14945569316498877,0.9575371632797675,-0.6737901056594764,-0.29882008902920415,-0.35824437790750796,-2.712612563810438,-1.4308312016246718,medium,-134.15633121790498
-1.1118507066640289,-0.9234292057213925,0.00692472104371437,-0.10312806235137562,-0.5190257189181485,-2.2816620724205774,-0.39030414911169925,very_high,-206.16628866280186
0.5656329018867201,-0.0178621548877335,1.0772936730156928,1.2914688890653634,0.3070030600053617,-0.3346038545302957,0.2725179902295931,very_high,53.34432077617049
-1.356545052286539,-1.911642210919043,-0.6481324338877777,-0.4880128031720859,0.1825878042143362,-0.22056253440898946,0.20431988398831977,low,-222.17198389726929
0.49799829124544975,-0.7730097838554665,0.09767609854883172,2.1531824575115563,-0.7673475628880495,0.024510174258942714,1.4511436077950417,very_high,54.259906843582904
-0.06616593454643473,-0.3310243342080806,-1.2847277664174672,0.5948543733972447,-0.6132118924759965,0.4547043964167744,0.2588875157127058,low,-41.41969715920378
0.6675480803699957,0.33323053499002175,-0.24733596389641815,-0.29951503754747755,-1.235703022049409,1.2991498205476675,-0.7140651179821788,very_high,21.93260461223599
0.8658725885843434,-0.03134115266972247,2.4719337724318575,1.4094344240509098,0.01921885221727033,-0.2145209503359089,-0.35379073114231385,high,116.78556822965126
1.8476600029424488,0.7533311717782117,0.12677060114211314,-0.0971895438234364,0.019258967351125547,-1.3358268451505217,0.3086752940556164,high,85.52111944772376
0.7707502096187874,-0.5101608136502173,-0.3307748960230527,1.1598399663883443,-0.5059661989878553,0.14945608966330953,2.381713531732546,very_high,144.81724773320948
0.2263042077451344,0.5080122910545997,-0.6401465050936997,-0.4597413950630392,-0.33908829452682704,-0.7131923043661328,-0.10017276878675659,high,-24.641916292223996
-0.06100397185538355,-1.3724655478841008,-0.501784192811532,1.2208212988130478,-0.8767737812118448,0.32297450361766816,0.5002404694365699,medium,-114.94102717850518
0.20228040762121913,0.366746407892257,-1.7690503037393988,-0.045254301964336476,-1.2331013050148552,-0.3838747413307828,-0.017894977008350053,low,-65.91812395372185
0.23421473253652075,-0.7677975651041284,-1.0041407667520679,0.9843223984765838,-0.21398884422550896,-0.03468488738678118,1.5505004928140769,low,-0.30450048910482863
-0.12389236323520093,0.3927683630511244,1.6833145759275296,-1.3512904026984345,-0.3001287868282,-1.087748675353668,-1.1185234842116323,high,-7.706218044109134
-0.0350076100062359,-0.18256897437954112,-0.49693202511797824,0.25866114785538813,0.21273977585766032,-0.9899577925520139,-0.8110008636288448,low,-136.8356283343917
-0.04504411801092395,0.2688507864009919,-0.48021443413239945,-0.9261632634832083,-1.2094353289590587,0.20934885733468878,-0.4326595133965921,high,-12.142180187756804
0.7403334225564788,-1.248302801869318,0.5002383506982397,-0.9597323348329341,-1.663689978196383,0.09417646917364228,-0.21450256682421923,high,-89.60225381694808
-0.6113852473886282,0.570507208354516,2.184096733380456,1.1168337755299542,0.18641616974404632,-0.5806483025539511,-0.09294420661358828,medium,138.73231781924432
-1.611567359102828,0.22423474453529177,1.855503314794263,0.9603047962814704,0.46248362406685406,-0.3464265060068996,-0.26265952031616774,medium,58.09446493504694
-2.100026507651624,-1.3993061748019415,0.49986412374037137,-0.5923559556520536,0.12354769595558233,0.3676492929914216,0.6255080168310357,very_high,-79.61479911488395
0.4689780781484677,-1.671169772494065,-0.3652409774898465,-0.9727645167600009,0.40662203422267407,2.0358735351817927,-0.49195690486948307,very_high,-129.2040563907095
0.0321850870368397,1.4436703191662383,1.3465716626102961,-0.30906623673826017,0.40482340880826806,0.29137898481594593,0.8728170831783344,very_high,282.397863535928
0.6869566320986773,-0.027384320403744018,-0.27036669676116976,-0.7113032269494793,0.11712421614985134,1.953107198272574,1.5360611817095284,high,170.68512788680306
-0.23952431691106857,0.4153796225059898,0.3594859397738579,0.047672894622295944,-1.6465113866019412,-2.3831121810859233,-0.03789283179468944,very_high,-31.80101917451425
2.602479874874313,-0.748811671023577,-1.2814909728688244,-0.367114170072311,0.03158900615257829,0.6632733812644779,0.47758881955300486,low,-41.84408676026266
-0.3996964908359908,-1.950900466789381,1.623843744269257,0.7749361071084743,2.0191992527112643,0.09238145899896975,-2.9118039447172657,low,-317.4243615764844
-0.04504447845515359,0.8500363951895699,-0.9204887877395782,-0.6476527563780456,-0.3300068686248863,0.20785323813764608,-0.6567103997764666,low,-1.6685576004607725
-0.8903178480198718,0.1755362295785979,0.30170000890173554,-2.1961278210999464,-0.16212397547985843,-1.8437935834807457,-0.06407776414871663,high,-35.86973275508806
2.091094272732477,-0.5550167015441094,-1.2541609869956039,0.5880766751678318,0.9623451692665695,-1.4023692834238248,-0.02243605198057349,medium,-118.2062788851679
-0.1829015674239269,-1.1819955218978246,-0.9593549606481229,-1.325281371952441,1.3461034238624805,-0.5379439663331403,-1.165441526221057,very_high,-265.4765936435445
-0.8001752986641041,2.1050866393345022,-1.325157155197762,-1.104145456663919,-0.957927839495268,-2.0615231121122495,0.01670086726755042,medium,54.4580952175115
-0.8438538774248993,0.06502463118878012,0.13965167421589658,0.28123049221860413,1.489599409447649,0.813280406064593,-1.743672602396536,high,-80.04073491952428
-1.3045488995841095,-0.399424780986017,-0.29343140231331255,0.0220677009368635,-2.0443304762010746,-1.5132794691577722,1.2849167848750833,medium,-52.412316471612
-0.485678744575047,-0.12058718847346953,1.3304323443788164,0.3888189102637133,-1.1738733263060288,-1.3401248956547858,-1.487861703490623,low,-70.55289734499503
-1.1465501637074578,-1.5618785717244308,-0.25895883476751336,0.3587361439966162,1.7804527512924062,-0.4679237223332475,-0.6671595500663265,high,-207.97751566017914
-1.0858251288851855,0.0341524174880246,-0.6757080791616118,0.6663125009092119,0.4625912928539512,-1.0872459388628026,0.6793732829565033,low,-51.599072235433056
-0.009082794095686441,-0.3546803599307581,-0.7838417390846841,-1.757423370402755,0.31103906536807824,-0.13367591465481174,-0.8839898989220014,medium,-162.96245425828747
0.01840163078343813,0.32159321133923857,-1.514470309180767,-1.2693304965466992,1.7025146581296056,1.7549330716472415,0.22526411724754952,very_high,10.902068094948998
0.5850213322877983,0.28121168258406537,-0.1821605838579241,-1.5302791359297876,-0.12243598974739747,-0.2730067480225845,0.2811920179102754,very_high,25.394622467282296
0.645215585950057,0.28555407485765694,-0.05489400061628639,-0.1973384203073261,-0.1512732836535117,0.5211224283793383,0.5556044660034485,high,89.58541377517888
1.1350368571017395,2.244682255430256,-1.8642698372564723,-0.7001175918154133,-1.1917191336173432,-0.43968200891844966,-0.7412553675094832,very_high,61.30085217067263
-0.49094894973186637,-2.9937066026606227,-0.40231002275272265,-0.8331415233289663,1.065963719731826,-0.8312878954818901,1.384871093794044,high,-220.47876066041536
-0.39963618561460235,-0.372833152091767,0.7223813578277714,-1.4183657329330317,-1.7608088119807759,1.7269638512334051,0.22468472575188592,very_high,76.0432912362685
-0.20141990007697352,0.05237276872756848,0.7813581198065147,-0.09621226204057896,0.25893042822568985,1.0454602404822526,0.3812446551620988,medium,95.94945912282213
-0.6897277740641738,-1.9196731561976563,0.02538842054241018,-1.2565068942792563,0.8132051867479773,-0.01383774609423725,-0.493122822399772,very_high,-215.83718148672546
0.5562300094006599,-0.25083301645504735,-0.32267983884213575,-0.643518230380143,0.9278401280812372,1.328194141849058,0.45588777208160763,very_high,58.436971439229396
1.2292147842970504,-0.39352985596972884,-1.1195461283831687,2.4851899166788916,0.2647753109779796,0.1786947168104756,0.6030946849488336,low,-17.54951364438734
-0.21495483807895113,-0.9240628073410654,-0.7199895332219391,0.2408767572004076,-0.6656934648935469,-1.2535060123717616,0.3857499681816948,very_high,-160.73142966995172
0.39387321816474324,-0.3278064598765229,0.5207561203587112,0.2912027551380325,-0.3635732949150291,-1.426018117120452,0.8293237725828624,medium,12.156886917754484
0.44769626639501187,-0.24258303628979377,0.04596093604893383,-0.14027558555042832,-0.33551583203306606,-1.1992043250956432,0.5444598695274623,low,-20.07745548685015
1.5039929885826886,0.10643022769189683,-0.7128457826771644,1.246085192497629,-2.0733902324081495,-0.2549772174208553,-2.650969808393012,very_high,-191.11055238671946
-0.06418416128881928,-2.6031370878272986,-0.3021805869826214,1.5301951988633513,0.664927162301741,-0.3613105619672905,-1.0105982199289134,medium,-356.2693154916524
0.701823040543344,-0.031261414154246076,-0.21800563112112403,-0.5329937194259537,0.6399029571520845,0.1699745397492694,0.6369080790029854,medium,45.886010441198984
-0.49987103450503223,-1.2295262512173861,-1.2628647537281779,0.7331793174225577,1.378142680497613,0.10722928841915275,-0.3410929321416082,very_high,-201.9256855081455
-1.506534030190399,0.1165785120124638,-0.3177608940173958,-1.6339229590592872,-0.42483134752563845,1.0715159355810386,-1.9655558914765052,medium,-128.66177338556483
-0.2990690852300549,0.22525668198359955,-1.2039136489663802,-2.1146935990737354,-0.42390107233259605,0.629360633428892,0.6792938199823493,low,21.904601233383193
-1.2732554518068595,1.1400132864007855,-1.7417641123833023,-0.2615672232265353,-0.3447665798736565,0.9706336726114432,0.13631129556366767,low,52.63062341171168
-0.47490365662252443,-0.25890497370407733,0.28328787154614216,0.12637957954641182,1.9389289990582848,0.5866938014752747,0.8712972974572442,low,57.29581869854001
-0.27837296760789404,-0.071120290830336,1.1126343052033019,0.3350543519121714,0.5647891059076481,0.08559470394452544,0.7728478385437232,very_high,126.30276435341801
-0.47020333878531134,-0.5653929702854015,-0.9214510234289213,-1.381591718463581,-1.7982147394091075,0.2431346551384891,0.612332214002512,low,-61.649953274815296
1.3385921382956067,-0.010352289907736689,0.21282439866996872,0.01999548620641927,-0.3998267342865265,-0.17387382031458634,-0.7051105201659605,low,-41.70828093665962
1.3011020630240928,-1.498635497149212,0.6621687539474996,0.49576557301551033,0.6443884535381822,1.1942144830139918,-1.998344967144626,low,-185.40369952727445
-0.020921037383076883,1.3908335481766434,-0.3199072780029138,-1.1094555554462198,1.7127114112762727,0.3188083396282559,1.8961232762543467,low,263.49375736197663
-0.6038382974931866,1.7221550978081948,-0.4338734629791891,-2.208280776228252,-0.23058639852361285,-0.7670674554003005,-0.4479613384499751,low,75.4786474702055
-0.8784987909695048,-1.1491796022167802,0.7860172908142086,-0.9042951866515898,0.7906177188399772,0.5247925755013217,-1.2814149797780263,medium,-140.60507650584964
-0.5330904020158331,-0.9982122585114053,0.2731184342936442,-0.9799255747822445,-1.9573385891339898,-0.002786110666901238,-0.34406395670422657,medium,-106.45211665938957
-0.22272070077660705,0.33260751032419755,-0.5717460419560614,-0.9163209190734197,-0.8369207037962799,0.9331280723410693,1.0651719657143865,very_high,100.47074931217405
1.5391972001749075,-1.9465252863588642,0.22392687394660638,0.35533819559013685,-1.809267714588258,-1.1179276080367397,-0.9282199673480178,very_high,-243.24989541663902
-0.7160434362758403,0.35947579754712555,-0.47875857152168855,0.3957988487097471,0.26355081195478497,2.3490757867007575,-0.4166253056154625,medium,41.65260020258931
-0.05892635452305161,0.8381772195994377,-0.3542186159166406,0.8884469303585544,-0.08860610634860941,-0.15723639202855216,0.4857471474554596,very_high,110.51715359116918
0.29787619102384516,0.9911911129266663,-0.081894379572493,1.7754908492400483,-1.4791960183577666,0.7474449714270559,0.45015563394664765,medium,158.14943630959382
-0.4930009346588328,-0.6226995198205938,0.28099186773503265,0.35701548596504734,-0.6929095952606542,-0.20812225035727522,-0.5893647569442115,very_high,-97.81192305930321
0.07409478041977519,0.7175422557959623,-0.26940683444455776,-1.7033824393551547,-0.05554769889661878,1.502357052096028,1.6286155455712918,low,215.33914498320485
-0.23701197001262772,0.4486357645145273,1.4621959387176369,-0.950910729687232,0.31852100479887446,0.961987189071841,0.7499002394237105,high,197.65372524342646
0.23492812508811559,-1.527461356118704,-0.3628556273736071,-0.8505653895034339,1.4545384608877576,-0.21941232097207036,-0.38758089125557005,low,-187.32405794033028
-1.8689740758268767,1.1169794276401286,0.6983991213294012,-0.7318592098580639,-1.2424196738324118,-0.09259939526839296,-0.07229265971448583,low,93.67745672428217
-2.899513879868482,-0.3879649689074522,-0.8937460190837143,0.505735432472799,-0.08670113614820872,-0.1761335035509783,1.6713475754374763,low,-6.965619109216034
-1.2551353719733949,-0.41361566562964275,-0.38769991640856116,-2.929448690002268,2.052972024501663,-0.4776455826040052,-0.12765468151819012,medium,-103.17250762366852
1.6037018554669304,0.690700889348637,0.3805203053163029,0.1335654155359782,0.6756644532569765,0.14268841220163028,0.45963731807481595,very_high,135.27789387234958
1.1401490385212665,0.24650477843200488,-1.111457956937032,-0.8108575112103382,-1.2575778589146163,0.49822174849678513,1.5805406865683735,low,98.80388211862878
-0.062004009366031745,1.7041055162554912,-0.05240445057746945,-1.703871586826719,-0.9244659881295544,1.2468917155347194,0.9514492770580866,medium,255.81468200705112
-0.1493614956496412,-0.38762983266324635,0.6332253101150935,-0.9793002302826354,0.16336035491580048,-1.934964117240471,-2.367477653373278,high,-233.4402319662565
-0.08104596472174376,1.452755545126183,-0.294455757588034,-1.4720370730267915,-1.37383482489866,1.5287478505409084,-1.0084487325473497,low,86.5045286665784
-1.0496554989099411,1.4473056993918065,0.5062409893059261,3.152056734512085,-1.123494033239598,0.5681032051286461,1.362562852712452,very_high,267.08516192526156
-1.5377078085300024,-0.7656111570301878,-0.4238335382064832,-0.8796436755512407,-0.8203284611324674,0.7341063358072487,0.5647762643141505,very_high,-47.394245506756
-0.48016958420723416,0.3363229693212808,0.015123261584553639,-2.382762352073065,-1.1013266287697099,-0.3746228193260549,-0.5927992331786469,medium,2.3618002722259988
0.018118477625871335,0.10160771869001077,1.5208512320637795,-0.029507598619071266,1.4634356542609945,0.14403090197922622,1.7820241127014727,medium,225.45846871424274
-0.03850846950070721,-0.45888426286894,1.6839276914578687,0.6523228784134196,-1.5763921569842494,1.0786808334312956,-0.17262729994081963,very_high,41.179041694499745
1.0918053390746456,1.0815140862997412,-1.571152351117883,-0.15196738231603887,1.06014381867127,0.03754184148682145,-0.07022036151761657,low,9.132659183228462
-2.0343558678843627,0.9459409606394378,-0.3688032651888687,0.4489427181929976,1.7481355725242844,0.1980569258851502,-0.9764255397315984,very_high,-42.70531376130736
-1.106732987729451,-0.06541023359539401,0.7819425354519183,0.383455014854216,-0.9910911353316136,-0.013503244592976752,-0.2996934959328892,low,-9.086749233383692
0.26881235641215423,0.2290948316463794,1.121689142387919,-0.18919018127507997,-0.08633785824672688,-0.3231676657024847,-0.518637997484576,very_high,17.729283068395684
1.5280313593878327,0.1722543864110375,-1.1793691216326172,0.06008599461516361,0.3883120054234496,0.6715311717290534,0.8875039674140593,very_high,53.797487315150505
-0.2536404538925019,-1.6139014554789917,1.3212111260775763,-0.7225967814014777,0.4408197989057157,1.4922645094750588,-1.1485833152387388,medium,-111.36486713899288
1.3762319706355726,0.15524605205827927,0.31736263325536135,0.5339807974186639,-1.7782027275658474,0.3510912916767348,-0.22078914979205405,medium,38.06679191447149
0.7244910603817276,-0.47364545765119104,-1.3756340887863618,0.24180207155574857,0.3014070697811174,2.9430483352686214,2.369287300811497,very_high,136.58790236985692
-0.7687668285606931,-1.1221505614864147,1.4503402587590621,0.7515632254021709,0.7833847241542399,-0.7269948257170568,1.6180684811660395,very_high,78.76135343929633
0.9788580507817954,1.4223698616985077,-0.5975101946916416,-0.8304444065565653,0.5225141052657575,1.7388996637975789,0.08531814256502405,low,184.83720772287688
0.29815846599052565,-1.8579014513982872,0.22899639245934025,0.3676198402097109,0.1480894197982762,0.6032475005713938,0.6386601686431024,very_high,-59.30374115128718
-2.2012434734509183,1.6748596729140648,-0.32948930021798606,0.6137708557899086,0.3754558576272528,-0.274802304752688,-1.9988889068612499,high,-44.30657168161424
0.1447654911176404,0.792740176305772,0.48731316305331607,1.8657273559684568,-0.3225487102266215,2.342857008287408,-1.0441871788640233,very_high,124.31812441638053
-0.9501525300518722,-1.124165984761934,1.1780873685621747,-0.6594954368384278,0.17048468069691408,0.7002098475187654,0.10607257638683824,very_high,-10.256559561046052
0.9256767577138694,0.09030979920643496,-0.8814337052269955,0.9475119085755672,0.6746949778086199,1.1644117405352703,0.03433338856883548,medium,10.578423394204805
1.4224229552858216,1.3697811019623787,1.554282441611026,-0.6807755663251802,0.29226545615571214,0.7344258528096671,0.053384272479021756,high,247.45440918371668
0.5432980290363879,-0.429405541125253,0.12522450264790727,-0.7019916878067554,-0.6629009175509482,0.12229750303228377,0.04886007032570433,high,-5.1729064159126175
0.8070464166066873,-0.07492655611844788,-0.34815739681731317,-0.33931118713815905,-0.041337204809170254,-0.3686193657856996,1.1196877785533812,high,57.23993154628827
0.6351000115979253,-1.153706323630364,-0.815909535148553,-0.8668845848834666,-0.02968879028597843,0.49663461497989536,0.40016960520049744,low,-92.38507001558037
-0.3135296861723979,2.98525900260341,0.17521141890851205,0.4200944904518413,0.606850593215671,0.3674816654743044,0.9218015019772522,high,347.4245975757699
1.5576792718222423,0.45228999257091806,1.356728490712121,0.6331951786719153,-0.664267864958582,0.44858087925184725,1.1012195807277088,low,236.80913434972382
1.2959976706397898,0.7746256352751506,-0.5374063789038138,-1.7230460292912313,0.31126169966750483,0.30596002443783654,0.576228719595626,low,125.25072437808882
0.17969538110620695,0.3683520038409712,2.426178003841775,-0.20963999341916223,0.6084916486780788,0.9772633703031223,-0.04946657132325152,medium,175.5512748659292
3.529055187570484,-0.09676010318688932,-0.6332727047102726,-0.7075522852941063,-0.5387903045767108,1.0108397350203135,-1.2444864498888657,high,-40.21305187839812
-0.06863404608546861,0.2700573583914221,-1.8206033005485172,0.9113627221747217,0.10575379127148042,-1.9122549754197768,-1.3683150388328105,very_high,-240.5348053945776
0.9661396608610485,-1.4120756063156303,-0.09512487755346981,-1.560170825129944,2.1173241443709534,0.1654915641331403,-1.1283415702657829,very_high,-185.7459278099631
1.4419424019526008,-0.23066166663970813,2.7030275644050836,-2.4353123317828884,0.6841632086089545,1.1032175720536581,0.21896391585597508,low,192.97483153537627
-0.5831657172559563,0.305085404706753,0.6731336922329685,-2.102600691921022,-0.6735396478972429,-0.40011966130113097,1.4056475975079636,high,155.9783135468938
-0.39247110606087293,-0.22954865536034708,-0.6039806259692295,0.6404797952008238,-0.19050310599781134,-1.6394841625254342,0.9965705105794472,medium,-55.36540125744298
0.35647710466949206,-0.17239269980923128,-0.31062923983688057,1.038727059442183,0.20152960578250198,-1.5852460107298574,0.6476059825670705,high,-21.188984386647135
-0.3313522990878492,-1.3452096708086025,1.3897641339463556,-0.15783750984025996,0.308292063638821,-1.0034389034995035,1.4164117917002925,very_high,30.303681040827524
-0.7243025342076668,-0.9647897376296856,1.1870776787417554,0.7297729370341954,-0.9310017116324415,-0.4146305088140306,0.31444459087485255,medium,-25.39111557928977
1.2354317757568007,-0.2617807223427068,-0.9262391125885509,0.4137542029473876,0.24245018063581938,-0.599355705052997,0.09502788527207305,very_high,-67.29268859536006
-0.4622752887050425,-0.5160447282173739,0.9382838059759977,0.22213377163371284,-0.4787486216634773,0.09612077694098337,-0.4344962274323156,medium,-43.951976373899925
0.11650805247587083,-0.029766488336401747,0.115596738679908,0.058608917371792725,-1.227828566056992,0.32158454037275613,0.37969967741711247,medium,58.48708300187045
-0.8555276879406237,-1.67308401250574,0.9610934572320833,2.44125584526534,0.6095098962124401,-0.5815807632272181,-1.812727965073143,low,-272.3652647666286
-0.7019572982951219,-0.20493247424160788,-2.072135116096487,-0.1332787152291555,0.20548642756002017,-0.5632097340426203,0.3852126522593542,very_high,-106.19144568783365
-0.009118996644203544,-0.8984679817910373,0.5365098435704035,-0.025026958745143917,0.8177662992002871,0.028181157369128247,1.085895565831578,high,19.65856194935405
-0.3560920486190552,1.2184802148716865,0.954085102156628,0.0019768447558107757,1.5328733556363119,2.202013924659616,0.10957158007785811,medium,223.93213269499762
0.99006123071636,0.07427369019014479,-0.04285624766033802,0.36736034914748666,1.6028442471779696,-0.9115933765861459,-1.1561273671510321,low,-83.48461357852776
-1.326472128311083,0.3405892164004968,0.5514762752395233,-0.22939074406802776,-0.04347694981386243,0.39069592092814415,1.0473177066214483,very_high,135.0521615470547
-0.3825838427224335,1.27427225873437,-0.5918760663430924,0.1871071001250919,0.3884246136775064,-0.1135881136210503,-0.9249258157192739,high,11.527826669302467
0.7875433243268652,-0.4075893446596956,-0.3680582821436807,0.018999082259871004,-0.5212548068561296,-0.6115158020383546,-0.6465284794765146,very_high,-101.30133451183059
-0.16414941272177394,0.3240364427065333,0.872153105684055,0.05786404742675647,-0.2655926332624114,0.8241028968557058,1.2019316695395432,high,182.08620609375433
0.4345400972542903,0.911750123972265,0.7159104161288095,-0.9287363155327847,-0.7509003659558182,-0.9617624207732018,-0.6855545714835052,low,44.17173693361274
-2.191253851165281,-0.14325891536419263,-1.2905614219462187,-0.4597646158304763,0.5433908278718096,1.0965471182302537,1.534482101794515,very_high,29.793334255964037
0.9943787309920463,0.006131450435226853,0.7990680731422993,0.0490947313056715,-1.3517075320246466,-0.5581332596574506,0.5280360045479643,low,86.23052131157961
0.372842248655825,0.9373674142536799,0.9951676651586061,1.9235134876034545,-0.9530404633648498,0.8301613723463044,0.2201893142051328,very_high,161.47144031123514
1.0556942488831498,-1.40822676830745,-0.45699183382523145,0.5025462464541818,1.2120907193227362,0.07707861138149362,-1.0971438697704636,medium,-198.35934193920315
0.6440649229572226,-0.6362568349860365,-0.34463483700815617,1.295148544195343,0.404941353815343,-0.7785870468117115,0.22706305314414962,medium,-60.294215826026814
2.0750650393485417,1.0743330047702437,-0.4877053729487446,-1.387868550455802,0.7638603516334226,0.4964001177339411,1.1801281737415277,very_high,211.29322120297329
-0.9710620291077331,-0.7234866224198,0.5711412420380737,-0.9875229624269947,0.7413198169079143,1.2666612531984123,-0.11315849445608397,medium,-26.762167365225697
-1.4548921652893105,-1.0002705227767883,1.5083107487475504,-0.8263652852658686,-0.39222961134402384,-0.412420069849907,0.9719303434406339,high,39.37955128196272
-0.26003625018044474,0.10353815394917538,1.5941779562040121,-0.21578712632821961,-1.177761457991358,1.431152117761741,-0.8800119816907639,high,84.75001069090949
1.8908404200391653,-0.8330082558394399,0.49551652414489566,1.1706787887065002,-1.0510419502866937,-0.4002422829318855,-0.4055873567476789,low,-89.0374102941503
0.02447966985191076,-0.3422451301467918,1.6826475940132972,-2.256725105289419,1.607019008249281,2.5032378050694883,-0.9626685344090254,medium,66.9759581867517
-0.010867137034972144,-0.5292010098115129,0.5181017020299757,-0.18414581568320207,-1.1301787294846835,-0.8692869869886438,0.13735247940703602,very_high,-40.568517025183496
-0.6140381615494112,-1.7821150819848288,-0.1929813677606896,0.8678054595424457,0.2274050789916206,-2.343039101651841,-0.19807363014936016,very_high,-274.7977627545251
-0.7370293611526971,-1.471126405373518,-1.917348886010299,0.7191686663554372,1.8197717873125976,0.3362778892475625,1.0567249112804185,very_high,-178.21286994440206
-0.6274611664757017,-0.15619390009719572,-0.1891803351589201,-0.024830314126647098,0.4126413614429657,-0.22492023093552171,0.21743908072584237,high,-21.038664873717167
-1.3479957843671688,0.7595000375161222,-0.9096897884083344,-1.1809724836643856,-1.1516811090343435,-0.6167753615197077,-0.605679999935798,medium,-60.25230358814199
-0.5572813096145535,0.02050172936766847,0.7520463836188297,-0.7031564622558137,-1.5333920889187305,0.00031861146506831443,0.27008441134776406,very_high,46.82217218493375
1.027070300644139,-1.188384670740071,-0.16090493827659874,0.2733112495851642,-1.2043298271789604,0.193798713767092,-0.21556794341894983,high,-120.3273085708242
1.0098170893426341,-1.3230897934074983,-0.6389617476895022,0.9817654869915943,-0.32483138350862245,1.642015160136369,-0.6881503451777238,very_high,-134.19760051466102
-0.5321685631271895,0.2078025073533134,0.8407344821295493,0.4258436586298291,0.4182057558879721,-1.2926253471522626,-0.6073544332122114,medium,-29.646631220875864
0.4865016438262019,0.5296927543567308,0.056649924897107164,-0.9393353938187543,-0.14408755572161547,-0.07049877805909122,0.06447441481012024,low,40.438336615275304
0.9099625408605586,-0.5131272463642831,-1.0311060532942633,-0.6611371121909724,-0.20057118065576857,1.769913067655593,0.6400266183843293,high,27.17133317315139
0.05519924253008922,-0.853932908460056,-0.03509646678459442,-0.5567787728433663,0.03263883669087142,1.2904607413763498,2.0487082576988507,low,106.51766311999646
1.5986475935911102,1.044980495133194,1.0904721690569938,0.47900262409198874,-0.8535662847026064,-0.9379534088448924,-1.456857628248038,medium,50.064462871731905
-0.9111700600248446,-1.716497577143866,1.0868634897218359,0.8454065567820555,0.5358569424886379,-0.5218305414881482,1.2246387312151752,medium,-44.264370848792176
0.7882916566360036,-0.5789842199399048,-2.044629003801268,1.6158724901223136,-0.9648933001863843,1.056101251669989,0.9140771642240336,low,-53.48745799159924
-0.38508228041631654,-1.763040155362734,0.3436182895684614,1.030999522495951,0.9312801191161986,0.324083969394795,-0.6769220003059587,high,-196.55931665112175
-2.123947582700665,-1.1965579286166865,0.35834451107600324,2.92727009247333,-0.9943550656308734,-1.4935097782531435,0.7209969529056358,medium,-115.94645215537163
1.2450410082232566,-0.9561357029585392,0.18030505133750305,-0.115188328776479,-1.1830855152497652,-0.5908183480914292,-0.051509193753927957,high,-75.70602294526039
-0.07282891265687277,0.714000494092092,-0.2234627853258509,-0.4465149520670211,0.8563987943234723,0.47323762457354485,-0.846793718068405,low,12.453780331624275
0.3343747468732986,-0.11298112310661049,-0.10798368601261019,0.6611529286613466,0.5102522224050186,0.894458843105129,-1.1858149110149452,medium,-39.822845303865186
0.5374620867252017,-0.16557897256759446,-0.04462762306644215,0.5878351218657896,0.585070202458372,-0.7155444197585275,-1.5482616682308352,very_high,-141.07955629946176
1.5615111967268527,0.2992925804064919,0.742095372009307,0.4599721429391164,-0.6777153697521061,1.301741289398798,0.032004149065766624,low,128.13531326135598
-1.44964521969853,-0.6500239344068982,-1.496529255090079,0.20726732939894396,0.06934433703625043,-0.08343796979036086,-0.9218598131253132,low,-230.00536102754833
-1.157933699731306,0.25043028300104486,-0.2124587250342695,0.24733330168252382,-0.3008141303748423,0.6802871657177568,-0.06439754062470791,low,31.671264639902788
0.6979740301300975,-0.3559740843858328,0.452067838259671,0.4573242810867655,2.098221474546747,0.029190503935567446,-1.2325403112202802,low,-76.87208879564075
0.4335624601918793,0.28203621046222055,-0.2230256812664022,-1.7151799707034205,0.8259235830306532,-0.1528549918142255,1.762979652537399,medium,134.78432404784832
-0.9977577826593548,-0.3427177768781444,0.6495813316461732,-0.6579581276655113,-1.3109120070721598,1.0784261944729465,-1.2519222604734526,very_high,-64.69228552163352
1.232328605214664,-0.15195112347198586,0.1756035498043702,0.8201435941230599,-0.467738683858582,0.8092586281232986,-1.525662409286842,medium,-76.74965223483613
2.448586988174057,0.49127402072628285,0.9661470124092959,0.43128381688629847,-1.1741423724811146,-1.1275909512087632,-1.4036162110718102,very_high,-12.61888139792934
-1.1536922813398585,-0.40179502694163366,1.6994359830087096,0.4730382821602152,-0.645572072035395,0.6813623265753054,0.7547332980678092,high,107.94225200616923
-0.7725687487562407,-1.3327773974796497,1.2495049007061587,-0.5969742867210739,-2.390304367469438,-0.3494393272169559,0.3791531187261241,very_high,-40.01195838543194
0.056706648839265496,0.9758368916238178,-0.00836078727145676,-1.4297242430303712,-1.4208939852234432,0.5849534930864443,0.4788475732177351,medium,142.62365686989
-0.8341590467165808,-0.8038246482427452,0.4300891561717522,0.48292994517758675,0.6320232236170215,-1.2167856410814177,0.5425042296645155,very_high,-70.84164007810907
-1.5151149362494807,0.33847310531211144,-1.7367268177644393,2.6903150072886937,-0.5693611920908682,0.14888660395377015,0.4532740421331758,medium,-50.70728068110316
0.5001128296208667,0.8353334353648353,-0.08119318413546972,0.28815004154025464,0.3588480726789188,0.33607541250534645,0.49955890824920274,very_high,120.63157227359257
0.29724427338012405,-0.6328802748847919,-0.9916966634403105,0.5720062783004729,-0.7047284356108838,0.18932830729237413,-1.189232465077129,very_high,-167.55733382214598
-0.4286545269165333,-0.5912847888018945,0.5560220968422908,-0.8464343014589786,0.9256722095027217,-1.8465730478044171,1.0294405559270405,medium,-14.456177032232988
-0.5132135664715852,-1.0021874557814727,0.04091917539572113,-2.5623336587953105,-0.19102776260016902,0.7408243454201259,-0.22859991534001858,low,-86.33250488442825
-0.16036008104483077,-0.81240234893742,0.678946987762233,0.8794170411374032,-1.0773760769847582,-0.049029340838036735,0.33085130461557777,very_high,-13.650368812329928
-0.04991023304116202,0.36926377764990465,0.9752005416847661,-0.8093466847948803,-1.0257233949746074,-1.5058324053306205,-0.589915396249933,high,-24.768477106376835
0.9926281029794295,-0.8089638929258004,0.5424239695321018,-1.0469217501069061,0.6779699708965284,1.5579054323183568,-1.3449277870651724,low,-70.29268743987778
0.6832124040010689,1.1247767199858125,0.8983595683469856,-0.24633528117984818,-2.301471717669987,-0.5125887969785088,1.3902553275119895,very_high,252.7480868580016
0.3358472647200691,-1.3661983376689175,0.883606785994169,-0.38281748098675,-0.6060838322196587,-1.0814133807392872,0.5163966677865788,low,-77.87177283598872
-0.35984046078038784,0.9845698459571985,0.0893607385962395,-0.10613200761231605,-0.4761991603989872,0.6141058052896843,0.8958508801028059,high,166.07810258539482
-1.1300693390403578,0.7505791675217656,-1.5171736966716791,-0.5353350870162231,0.35845361820962024,-0.41619440488525394,-0.4500128579958137,very_high,-67.30733943991699
0.41644603810145264,-1.0147594931858521,2.0860470495371137,1.1218578562304709,2.3200407220172594,-0.36146276669398575,-0.05390484900573916,low,-13.914302046618381
0.9687698956813533,0.13965368956535082,-0.6003856928711058,-0.36234755754610226,0.7418222943901266,0.07333674477813668,0.9671781224389495,high,85.74795160729315
-0.16063111952549436,-0.7119732272589228,0.9863765059059371,-0.17537845589869072,0.49150564724678364,-1.5428032182428997,-0.484173951248737,low,-94.27841711546452
-1.3204566130842763,0.7818228717773104,0.25988279424842353,0.25049285034587654,0.3464482094969757,-1.236950710878082,0.5219415656168976,high,61.14282395712698
2.068226041505824,-0.2569451251217815,-1.0560307999666676,0.1799143695464168,0.8378305352294807,0.30783237251388496,-1.397805478424297,very_high,-123.6356188583417
-0.8852486861242225,-0.5505519317084877,0.46436986354657417,0.5861658003927833,-0.4124138182164804,0.31635832153614474,0.18106274277108234,very_high,-24.321113685626017
-1.407087194784017,-0.06374528550396617,2.7107942990405327,0.10264552853966442,-0.29779615622396016,-0.8774840221556317,-0.22001802765967404,medium,51.98297772778231
1.6764373122752827,-0.35151348404130867,-1.8707919210258557,0.8294055811834892,-2.211135309007885,0.0184183791895517,0.32692737376416264,medium,-96.90675763197655
-1.7863754653546866,1.7031726099180378,0.9955815140020298,0.4968735905075971,1.0697714549838502,-1.6380290574360168,-0.6220348055543814,high,81.57018323527456
1.695051040430753,0.5514853760404675,0.12320480678448567,-0.7424705856980482,-1.3200225112207058,0.043602446372453724,-0.622649361734452,high,42.113576866451375
0.09127189816757326,0.8671568891001863,-0.1244566297144221,1.9380948993931397,-0.9415339202677434,0.15939319777622218,-0.11358186823078863,low,62.118997065418284
0.755391225825756,-0.9075636620415979,-0.23894804686640975,0.09933230542922587,0.751387123371789,-0.5767713305683327,0.5009171876243808,low,-71.81138073082694
0.29964768783734813,0.7658782794806148,0.20475888240178416,0.7007006121205837,2.814654444472553,-1.6158867874104728,0.9324348709546673,medium,93.5069400851007
0.1294216768153004,-0.09326066554176463,1.1722749596080682,-0.6833810365201296,1.1086744199557241,-0.4050110714506975,-0.3531201800024466,high,25.443950759814395
1.2892030514068733,1.1711019716695594,1.3106059128134633,-0.906215332047211,0.14197991387400533,-1.2565653359454354,-0.31815850161792886,high,117.5389743957096
1.25451870238119,1.179942130038464,-1.372079187269614,0.5587238369444854,-0.15647737612315848,0.731898069234381,0.8007019475455768,very_high,129.40288235364318
-1.2512279153776757,0.8695725186534211,1.0733665824449723,0.6455980789595456,0.7039646767942336,-0.8097354673898115,-0.2841878821547786,very_high,43.042965023162424
-1.031025275147307,-0.8729889668893527,0.48058675842771265,0.5519642593318276,-0.34409802826233293,-0.20698458909836875,0.8223504708957536,low,-32.440696629117426
1.048794439671241,-0.20103877186663505,-1.450163167036702,1.1974885400381745,-0.4564956095040957,-0.23587146453367722,0.3093904424598202,very_high,-60.0156877105759
-1.6724045258123525,2.171192861062495,-0.18657325305536468,0.8264531108587624,-0.7449787674850553,1.4443434119799452,0.38714831606090655,high,241.05159138932868
0.321652659591586,-1.2672766883727302,-0.8420986897213886,-0.2793502470569215,-0.37093110360766823,0.8261456160405156,0.3987128017903442,medium,-109.32784253453679
2.549009708717722,0.4793609534294223,-0.561842099351699,1.1815677164191463,2.343654052812625,-2.624817056374112,0.53102609489421,high,3.9292295175631455
-0.7079109406740753,-0.05739536507403601,0.5070202721353568,-0.7390286580232329,0.6523303381766798,-1.395448504755072,-0.262746747686504,low,-60.20117653434822
-0.7742038183529005,0.8085710068901167,0.25062823210330204,-1.059211708372902,-0.5002610165866755,-0.2643558332034669,-0.6026243046145574,high,36.20497991780202
0.7678436946681114,1.1262381884363837,1.1568039489134727,-0.4735233815541974,-0.1816451389062335,-0.24039847568841113,-0.19458466303966782,high,153.9033812681117
-2.8722622132816493,-0.5327008396619114,0.5136001065697166,1.66125921454787,-0.45709625658627184,-1.169916835710288,-0.027514905050636255,very_high,-113.54857902579872
-0.5647740041709423,0.43295982536069616,2.4267164863455224,-1.5859833122379583,-1.879924385139045,-1.3776175007542373,1.0213832954293984,very_high,166.47329646868144
2.312044056359531,-0.6662633863607912,1.209369178334763,0.5620922620826175,0.39017219288008514,-0.4533534501005882,-0.7036364441092297,very_high,-32.971159166936005
-0.3079615296390403,-0.14451867071551783,-0.6751782749743815,0.0012054753622242368,-0.8170886310681906,-0.7924199209999613,-1.8936146669537857,high,-210.05038921365548
0.1243847669077142,-0.21673178915646166,0.12352920184109302,0.4508123363317998,0.20968606357448813,-0.2592218130040925,-0.828293760348399,high,-69.54073381453756
0.42737604547079716,-0.7136288932044673,-0.019530389467102203,-0.38850706711885274,0.8255570748695653,-0.5439834133726836,-1.3853605184444944,high,-149.4889754243331
0.224216404290793,0.15697296096843422,0.6102161695892225,1.1590740649558977,-0.336254738681072,-0.5865312695639355,0.714609790636618,low,90.63675815114924
0.4718699478766758,0.5721731310374635,-0.30462264835473557,-0.7283292684217407,0.7681941281058479,0.48923401355003554,-0.3834179419689318,medium,26.832395075868856
-0.020098751769651646,0.6558921377875826,-0.17759599475873897,-0.68604975703518,-0.6172122466479616,0.9639069340758625,-0.7712002995492906,low,14.864415743435867
-0.8474738905650646,1.2718995454239435,0.47139126276499077,1.0579607138387925,0.08184433452953882,0.27798244021892227,0.04455216557115131,low,117.85693492460975
0.753213446416157,-1.3099875117317676,-0.8385806594815023,1.1687227942312366,-0.24530748618780235,-0.38738174501471484,1.8266470793119378,high,-42.14036745150171
-0.2563556428531463,1.8619148781501726,0.6012367881516733,1.8182787037428214,0.1921922494586957,-0.21297865655021128,0.6104399993168492,medium,236.6340688487759
-1.3872865134308663,1.221165750004087,0.4438928390428866,0.8982445728562294,-0.1636336708574914,-0.12050105822332462,1.056730430775678,very_high,188.58151781034468
0.17676210325026384,0.12682468513496187,-1.0043378262939064,0.6268770635290218,-0.0487656518431153,-0.36634167713775767,0.02235055496636566,low,-42.871879266797954
0.0077278931756846435,0.08939527893161327,-2.0683757154310323,-1.8730058309306206,2.044481557199944,-0.44258929277415615,0.9453117712358652,medium,-33.27580642437373
0.2603218387712207,-0.2500465145989528,1.3924653000643288,0.793488720552213,-1.7485319732381808,0.28869362927985703,-0.1343087414705478,very_high,49.49809557296354
0.9343199112392737,-1.4848979684499035,0.9495541354413237,-1.1701130260593595,-1.8019804375800197,-2.553921134901955,-1.366878698415421,medium,-284.0872794738474
1.702214944635238,0.02127157673606165,1.2382830714336357,0.5655096456315442,-1.7607627591558177,0.3088330125989638,0.24075317948856828,very_high,119.58614546910908
0.4591800792284367,1.0807807255546218,0.5597904479310398,0.42961821913258585,0.20768768716311115,0.8339221545489041,-0.07016571145864703,low,164.3358482924999
2.445769569113684,0.532022432272786,-0.5001526812147293,-0.7728337308889638,-0.11399655283962636,-1.03008605490443,0.9363801346166222,medium,112.28313208339077
-0.2052925216285141,1.1370588600455223,0.14701083361286355,-0.1512990397697074,0.25668523089147866,-0.9112800569029585,1.4844340384402286,medium,186.48456270214396
0.14046697573485675,-0.8131240938463865,0.14358982547949217,-0.8494174697163055,0.15121622133754703,0.8221108472828129,-1.1245216796138953,high,-120.11640140270522
-0.8460396726276345,0.5477389787375606,0.6882597107724135,0.05990977407950356,0.12375464252427706,-0.705537947278461,0.6568987063196474,low,97.94366529553217
-0.31607285602704976,0.1973157074055956,0.08865759096143744,-0.13944627568099954,-0.4501892648514116,-0.6176518954343502,0.6157711497711416,very_high,33.08141040834241
0.6446898032842333,1.1328046971748071,-0.4047953794202932,0.07991526374003749,0.32093006192565754,1.5973972932216232,-0.6547697756239492,medium,110.26403800487893
0.16222321689883193,-0.6018971609326136,1.3451171736117884,-0.1498780335221683,1.1122924498917277,0.7091143896332839,-1.6352902700715526,low,-68.33586224794347
-1.0572514620201034,0.9089374968885997,1.024773800665011,-0.6578984885747409,1.0406424427996679,-0.9970603273632624,-0.4111733955533163,medium,73.18501677209656
-0.6129832712706895,-0.34514688113802716,0.10705745299229676,0.3418252139549665,-0.06003754168856451,0.6879329720514281,-0.05704116685294176,very_high,-30.337834893487898
0.858139070934016,0.8095944359718859,-0.7165734884241052,-0.44565030302999453,2.0538186900865956,0.5308943142159493,-0.1231364353522676,high,57.11941350447092
1.7106133725819253,-1.067802921579193,-1.053682419146354,0.07005216311318138,1.1618783026081905,0.9503075919735757,-0.1044492185374715,medium,-118.45181292818359
0.19759960469239965,-0.535235211560568,1.0495527153193351,1.7359638031652493,0.1979107834626478,1.3173940656343257,2.0752608726252655,low,211.48783423217733
0.5085353176271308,1.134768614866765,1.1760109851977065,0.11833021889820218,-1.116064176071895,0.4301429743153713,0.42262861719256595,low,193.4905921527944
-0.05305199192510611,0.027487633360812797,-0.8590773163652565,0.697182620792853,-1.1071832698817605,0.7504698619350948,-0.3908882671723887,high,-40.04339166276912
0.9017286971402739,-0.12826348048383082,-1.8996702808588812,-0.7660452024003999,-0.46126705049830724,-1.3833407769716104,0.7841464163534985,low,-83.81680187432828
0.19894814679649453,-0.42076179368105326,0.8868873900973003,1.235782191822154,-1.0710536796490489,-2.6042138566271342,0.4367385517335095,high,-32.10396052990579
0.17457781283183896,0.4040508568145384,-0.16128571166600914,-1.9187712152990415,-0.026513875449216878,1.8861859012105302,0.25755039072276437,medium,99.47946848536283
1.8838110311848022,-1.364033164839314,-0.3294411047248347,0.6957457924726428,0.19144204734460896,0.3582345940144528,-0.4769758599540591,very_high,-147.16375316370718
-0.7946591841458039,1.4717088983618904,-0.05008059885646664,1.298693290993424,0.28191802075105005,0.17769804579023982,-0.7113199105465682,high,88.0947371894078
0.2873289044030093,1.7246966497611085,-2.0841129394985884,-0.5698329282387588,0.32950873557300914,-0.28744751940035557,-0.04551224530124217,medium,19.9717019242834
0.7573042237747472,-0.16065328636607445,-0.20316852898467888,-1.3806521701101395,0.41207113706602394,0.8509826785067651,0.6051330157589494,medium,67.36803051792955
-0.7358535759123606,-0.5837206456894258,-1.4043164166961695,0.21630541124831631,0.11656565681533587,0.05047105368346139,0.8601507958725464,medium,-66.35891151873592
-1.4745026870482356,-1.125654967800585,-0.7202120210067899,0.42243497290143983,-0.4661886119462229,-0.04129136178466144,0.9468075665118705,high,-88.52419108846904
-0.057390703001542406,0.5843141664353099,0.370211889941741,1.3931812579349059,0.8393491142316022,-0.10047572057170515,0.41055008532761655,medium,105.06149703663782
-2.65508201787949,0.3132382490007116,0.4330463786039467,0.6160257087476715,0.2896698121381407,0.06593110857890049,-1.3945595133260753,high,-92.80137372358969
-0.12578692009964815,-0.5112156764311852,1.593186626639397,-1.6924646297148194,1.5295503194606137,-0.9896048202585809,0.055724912288694604,very_high,-6.22463069699652
-0.6270486146977409,0.18087111148243243,-1.4942635290662387,-0.05275510800076566,0.6534789819517407,-0.49154441380690456,-1.7680567191743972,high,-225.796407338901
1.8260097135469362,1.0399046873960764,-0.6690727386599166,2.1573082132655035,-0.6057149230033384,-0.6056155397368641,0.6779258713392691,medium,110.69361992627955
-0.3727757944647531,-0.8747762242543677,-0.4351933321977932,-1.3803529354131852,0.6251105462489474,1.277876521041972,-0.7249141537654967,very_high,-123.54978207721751
0.03162197391024777,-0.5076941283897106,-1.8582914882251074,0.12063476089345412,1.0440251294423797,-2.1268334877992654,0.27168358450003066,very_high,-191.18197029941933
-1.0040545968420103,2.6930336639804966,0.18383451632250436,-0.08059974929676088,-0.8330560570007587,0.34980002456790754,-0.09546424708907303,low,215.22346128491688
0.03807801939645913,1.2568780316749217,0.14198945057559273,-0.5564657778499762,0.5172102161589602,0.9149553330102238,0.130129438098042,low,146.19528424146736
-0.03722223650984159,-0.19634984908497827,-0.2590421458207031,0.7326400772155792,-0.08071658010858232,-0.07160125941406395,0.7276295436369798,high,13.224121262052343
0.39631968200786294,-0.9501045691456493,0.596081494132487,0.9713442845414815,1.3951019065022976,-1.218176066807319,-0.6302320736464391,low,-132.60772754596897
1.2204763910810745,0.5765611205089946,-0.692943230147068,-0.46610819954417965,-0.6056556335106323,0.9384114238732918,-0.7472218322204848,high,11.54070460734409
-1.12728552370693,1.6235292108918062,-0.8216808263050224,-0.6512874649831818,-0.9681285978523266,-0.5277014119206057,-0.4507402773027516,low,23.952685346883186
2.0994075205025093,-1.389780143192669,-0.27037139913579117,0.09131472861134962,-0.38045590416635117,1.352039365974326,-0.041248128979203026,very_high,-66.53441985640616
-2.3849055089505824,0.36575998609291555,-0.26454589870472217,2.0642201348524107,0.15809487586680993,-1.9415678006202213,0.3461173287977227,high,-43.52881828853043
-0.18901429768247416,-0.04427331984464883,0.1869902097246643,-1.4762625440017794,1.8055744326868153,-0.7289592500331622,0.1802948805034444,low,-5.687145467244215
0.017969915016470623,-0.8257690954681581,-0.7442433669555713,-2.358464142207465,1.278873764700375,1.371098813911922,0.56524712397473,very_high,-26.05874307014588
0.059905256796438384,-0.13698957769394238,-3.1385146662340397,-0.4149162781203273,1.5019529651885957,-1.1419418191613115,-1.6251212588825248,high,-318.3301856904913
0.3524229143843145,-0.6248112045358892,2.1103426520963775,0.5657385044539512,0.035843294858049234,1.4401101200691737,-0.6610218815427124,very_high,65.92171678950267
1.281016361735113,1.0800480657146485,1.8732977762175456,0.48473281729447476,-0.8463566549908735,-0.4473218956587512,0.0678555105274033,very_high,205.5733888386479
-1.1430049127304835,1.1870303055603801,1.1055259329579838,0.30263546523903323,-0.7542758500193579,0.6387302220291846,1.633431532301096,low,280.42737914361203
0.4794415180860639,-0.24149744587077882,-0.2561797524953801,-1.2032008553891445,-1.042044412243103,-0.061764199860128925,0.8745170741325226,medium,39.3306226947821
-0.10744488179424941,-0.5462640091774649,-0.8582160317716268,-0.6964610897866884,1.8641995258873496,0.5629106602850852,-0.07686540700366203,very_high,-95.8015618859968
1.868527188073091,-1.1719339292231947,1.0974849713531636,0.06908519272427115,-2.8106283166180837,-1.8190510153025476,-1.3938176478742055,high,-183.50535604350486
-0.9849461251170324,0.9905668274427895,-1.667665266190862,0.16392406359342962,-0.7426591657723782,-0.8781217036054526,-0.11382477230747688,high,-37.627713381260065
0.14679301198554937,0.8950383140761154,-1.5811907020321334,-0.2685306479058323,-0.8911922254152874,-0.4830610516834395,1.6122206282554243,very_high,110.31513897213006
0.18125394834505026,0.007560180394133265,0.5269813913637531,-0.09390356871304721,1.163000969705304,0.9429386198972337,-0.3524537316377418,very_high,30.695889690851228
-0.46913085421040895,1.2725701629285695,0.5101574689151834,0.6662696720435232,0.5779785236395572,0.1263141994832002,-0.9928660010855455,low,46.55140460883591
0.7551849738039433,0.432850402519974,-1.178179687334277,-0.4666189681756455,-0.736901352231799,1.110753172414642,1.0844775248572875,medium,93.94198294185715
-0.5640786307367284,0.7083564472993533,-1.0212328171307132,0.650201177958661,-0.09917586377938291,0.24380071377119883,-1.2803043986708944,very_high,-91.76704654407722
-1.5189697808133147,0.2587698052439216,0.6376058122312086,-1.2395622860802396,-1.5028706086823893,1.1955313880867093,0.5045818144773903,high,104.78860571328246
1.5886269280435958,-0.6141225650083162,0.1455211977682408,-0.1115088271429437,-0.8049664808525608,0.14098269961206,0.6954024745502987,low,42.63435310506779
-0.20820525798996595,-0.6005066354139633,0.27361458116570514,1.963552833543816,0.33516056653511783,1.0692837063951832,-0.7877224332655192,high,-47.63838277426189
-0.15201890563269788,0.6116015615496833,-0.4384273672152734,1.2891318354374448,0.6564065654899721,0.037563351381111706,2.2999691243864735,low,201.35429210320686
0.0637023597657709,0.3740620881310435,-1.7011404742672418,0.5019002337006719,-0.02881660158862331,0.2644816849513739,-0.21682705022214338,medium,-70.91649510599882
-1.7759822469618927,-0.39272623842581755,-1.1929733710191368,1.4336250198209464,0.19145071595735258,-0.37146202108768545,-0.9809467270133695,low,-208.83929041232471
-0.08145598777787942,1.6772395929744568,0.486842068967491,0.5065876716972757,1.1119533608604089,0.9955266916741141,0.6754908472654697,high,266.1181062029829
0.1998104337187135,-0.8463159774657358,1.2637066776546686,0.7324921027798023,0.28872366282502326,0.543479378670093,0.26402008133367,very_high,19.28571490455377
-0.6608342358101458,-0.10198665459367798,-0.7554988831339492,0.9942988266876233,0.25473113738020947,1.4469441463869799,-1.572989257072861,low,-132.0258869048746
0.4465365069407115,-0.8370901336150396,1.1400678464951604,0.4790031433927589,-0.861309579697108,-0.05872042710462872,0.1996104184027828,very_high,-3.2228756656561437
-0.01792796824979873,0.5501284812178794,-1.4363524570391606,-1.0236597461307144,-0.28568654809226357,-0.8002932816073767,-0.035420140691509526,medium,-57.03256266579497
0.09748893902369685,-0.589423411486891,1.3295342439705244,-0.45325952594704233,1.718439615602714,-0.8614434294642864,-0.22666220372399956,high,-21.903218193980884
-1.4289046065117268,-0.030786502413415195,-2.1529135157575157,-0.028217878937229775,1.3643262441708666,-0.5619301138579263,1.1892264612557852,high,-82.12733336576476
-2.9431415654717332,1.3744849814275593,-0.31667954593424946,0.15165727214501756,-1.0237559477078506,0.8066764021643629,-1.0040796329550274,very_high,20.56456042019129
0.2579759812211809,-0.9040682897360003,0.19613145902390733,-0.002403840918853844,-0.5892716517893062,-1.548960525053475,1.1038773433162576,high,-52.13397252835697
-1.563190808696657,-0.2523535021262876,0.3230792731160291,-0.18047991359062565,3.193107567844861,-0.2918112689155441,0.883109777147159,medium,32.046948545106694
-1.2208436499710222,-1.0577109289559004,-0.013497224737933921,-1.3281860488984305,0.19686123586912352,0.822544912103189,0.2088635950047554,low,-73.31159328015377
-0.5387262803464412,-0.753707644861746,0.10142296423965788,-1.6133682362049397,0.007673193321506307,0.842774030099027,-0.09759389015441426,low,-64.19380199983672
-0.4851100193040616,-0.26601669556034696,-0.31818071752668287,-1.5446211686074136,2.8740826980099135,-1.4006698548865477,0.42776894435061114,medium,-60.646562288518105
0.07673285939295683,1.3617609133402233,1.1600825123986132,0.014381996244265737,0.1902109593428422,-0.5867447607300117,0.1834542264722327,high,175.12621613049203
2.4929995174327906,-2.152890592952483,-1.1033666061738736,0.08182935854756501,-0.09888965319114267,0.3885786045309641,-0.006070911539893324,very_high,-196.36329124951075
2.2106897260157643,-1.9062366200893806,-0.6335895154938127,0.8823970897899802,1.0274793433526916,-0.08837328752639602,0.8049333907323256,very_high,-103.81830335474746
2.054092441435975,-0.38479202360407067,-0.8577331766050195,0.5308015836727296,-1.0731902740670494,0.5557421780428925,0.6054045047627467,high,18.313303987282374
-0.8073800562841116,0.7834681062089172,0.03986420749158606,-2.0678183764773013,-1.1529019436473826,-0.6133636006232359,1.5159451462942337,low,136.28040208198402
-0.5643029458106261,1.1382814448895793,-0.8539289145713574,-0.44447952987770456,-0.8459630326292517,0.3094161851420503,-0.858475891172642,medium,6.511850254801141
-0.3428788615575641,0.30698107268623775,-0.009288561567815747,-0.8463597198869729,-0.5849076534177698,1.813407698515423,0.2783486346446696,medium,104.65925442781781
0.11041804694611956,-0.3054994630536529,-0.6784947304872218,1.000820497768414,-0.7816720723468876,-0.5973810610451429,1.1971785314619128,low,3.618345007106861
-0.7039163254155445,-0.22580674907604184,0.9049620414941998,-0.08259257535129046,0.7699687313352226,1.4364295195588668,-1.05470445496592,medium,-22.262234488633602
-0.14152575336694828,0.94881309647162,0.8707466445884032,-0.6870140996994973,-1.3505559643429832,0.13069002446438233,-0.47579544400490115,low,106.57333424588396
0.35196107420805567,1.1522136630686686,0.5215951603525072,-0.6227305810037479,-1.0513290180232788,-1.4732066298752666,-1.1766981857709065,high,24.448194904594647
0.6952927266643856,-0.25908405908063087,-0.2811940121974293,-1.0588580088579944,-2.1811752376656774,1.1974231998049074,0.2632654875753966,high,43.03296427675461
2.031158713073231,-0.7146641168409925,-0.18080744508722618,-0.3874886632696904,-0.24717161224439949,-0.35991109356667156,-0.9126787606958671,medium,-112.9829016272437
0.43102295801089313,1.030919338366907,-0.3128364730515222,-0.3773865174622099,1.3448540311806945,-0.2880627983512786,-0.11356256479045149,medium,60.061086441915116
-0.8178918421385055,-0.36931877015818887,0.08244176663484246,-0.01622311759594124,1.1568337810369889,-1.5794362987175987,0.3912093272373939,high,-60.48724372522947
0.04092474872892285,-0.5691481986725339,1.5904035685736386,0.5377681903684838,0.30638948207341404,-0.7971135662249808,0.43494103836789866,medium,57.07693193550274
2.1775541886807726,0.8023327778844658,0.8277752143719177,0.41809142750660166,-0.6749378569134983,0.10073580812134493,-0.43782212286165223,low,138.58157201251268
-0.8022800271395435,-0.941022700666379,-0.3152966552861244,-0.5655763678739903,-0.4713157211511179,0.24608361531640882,1.481960768436536,medium,4.980729374036118
0.9379896002913398,0.9374062824694956,-0.8924649677156576,1.0759341227007992,0.14575863932765726,1.4824440287546365,0.9895993295904707,medium,167.9151878748789
1.8577023435377324,-1.0513099116393445,-1.8316822472060261,2.095843501809159,1.5944423917491968,1.4974316831796264,-0.10343122429028392,low,-119.77329468513526
0.20760335140062577,-0.1373109657888796,-0.6076463453734726,-0.8807540896027302,1.798725018351312,0.9577916144729056,0.30767665340111383,low,22.260193757101504
1.8507811424357334,-0.20891795737087174,-1.0456949708779122,0.24784628190182476,-1.0703205486518375,-0.4070158918067711,-1.165974185680461,high,-150.494332156221
0.7692152772290496,-0.4708498301222839,2.0565858207075958,0.24581922181638913,-1.417639757227406,0.6561162018602708,-0.13959512711575175,high,84.07938190877677
0.019290880373942807,-1.6037294750298954,0.4331840672715426,1.8752253884833885,0.10451403607582113,-1.4439289224922272,-0.02230853891243119,high,-177.0402579726168
-1.127263792554147,0.39946937260218507,1.137381097628914,-1.3641059938183584,-0.5318777502893286,0.31047275418075143,-1.1569413972294713,high,5.288750749998985
-0.006461594079039767,2.0725985407625185,-0.5668034520958176,-0.4507065591772589,-2.0092153440255616,1.9046798820816377,1.9553262161497902,very_high,352.34348834226375
-0.08081557316355767,0.9165676137777012,1.5803397708229694,-0.25876441187237875,-0.49705248683568226,1.0574272871141361,-1.742082457705964,medium,77.16924374850747
-0.0742521074930824,-0.0021116799848234138,0.2061353796226038,-0.7483831806910334,-1.276618200244661,-0.7480718043216674,-0.2799661328065292,high,-37.798617365410784
1.0200365069020898,-0.8610496721655755,-1.3450144839306688,0.34121584249203324,1.500274609000988,1.3771809365045613,-0.363131646817078,very_high,-103.77505300005814
0.925904176727718,1.9489631114476191,-0.7853179202632383,-1.771422551443844,-1.2298831152865406,0.7356551436413686,1.1772087874169148,very_high,265.5877780897348
2.411640191788569,-0.8773557351548937,-0.3469734531051173,1.4754541310422942,-1.4467571063284652,1.6860069497704442,0.14328667188202532,low,13.806490404967416
-1.1785727847701737,-0.8866391692045981,1.434001003730461,0.9496414986165338,-1.715093347182539,0.6727567871994219,1.4043162819949524,high,116.83394639659693
0.016025282295160426,-2.0746400375463683,0.2730107174943857,-0.5035696189077175,-0.150614014629933,-0.09195678260426586,0.7946003829452114,very_high,-124.79421062372558
1.5018791337963189,-2.767325422602398,0.8603325594167204,0.30297187358728317,-0.589160387988942,2.7148169394863215,-0.2610087241723136,high,-114.78174717534155
-0.1539052269746876,-0.32601249581684916,-0.16838492247285253,-0.9399678291500665,0.4766510408005575,0.3903661943953757,-0.32038505943679435,low,-30.77175427290689
0.09284490114111471,-1.881849045497639,-0.12853751143893075,1.2657078408647007,-0.8661748482145009,-0.5487249077409615,0.15985639199740037,low,-186.41836203378867
0.30047435961082836,1.4524675344707454,-0.4532484090230134,1.0391117874202687,-0.07576428653545988,0.32674476460232005,0.6222071440434019,low,172.86058124614715
1.355637858804951,-0.9221653241776254,0.7569886166453519,-0.773789199103573,-1.244654703311417,0.8696059201056602,0.41343490322370086,very_high,35.74627448917441
0.34005129456889044,-0.2797601684958344,-0.2789629303318085,-0.33130838318332273,-0.6122367345077503,0.7903718960517113,0.570612997219531,very_high,46.714959917927004
-0.029262813684978354,-0.36961033604363397,0.6215718898560508,-1.7730324682068814,1.2619215007139917,0.37710039390218647,1.1260502507721681,medium,75.62905717333216
0.5995775412453558,0.6590543439134197,-0.6410812665383554,-1.216896710340167,1.3633765135383398,1.0268946182579144,1.618787639660868,high,213.59378335279956
0.8055747028061735,-0.9414031690020248,0.4115657191642819,-1.4155240669137066,0.9778722722111376,1.1209670236143776,0.9758233372885634,high,56.03579707067133
-0.23372405785172545,-1.7776809623702012,0.7851850823103762,1.6079150611191575,1.3534536476212031,0.7147456498889451,0.707457710864381,very_high,-68.66540288671082
-0.6977189038982449,-0.5998213939170615,-0.5667051080550528,-0.6355410988155566,0.20832250862559215,-0.657134962278058,-0.6534628957248072,medium,-159.79218305259536
-1.2968319479558466,1.173473857485325,0.6628812686674127,-0.5286166817497568,0.5863640187550933,0.18102155870370695,0.3996879517526416,medium,132.87972921931146
1.8486088332964115,0.7579218499236196,-0.7309562757154733,0.09806753953894455,1.2958717818630143,0.6855077387902041,-0.1755639454992155,high,70.54992893988717
0.9078523849098702,0.903058166736933,-0.3494249506357074,-0.1664855842815459,-0.9711898691379917,0.21747348301422456,-0.31444379029762937,very_high,69.94340457479623
-0.13352573545248822,0.9385710670599392,0.9092873966936939,-1.5074989166017505,0.9918537005078577,0.7569527361278201,-0.5219555654758967,low,122.80987800271524
0.5310851309759498,1.6780556004525953,0.06609424629897591,0.2819343032051621,0.45649803525064586,2.3984492855880695,-0.9926590154515813,medium,149.60556202794913
0.4457598512171287,1.5745863577623422,-2.355703490127358,1.8876251206260046,-0.9652140767505479,1.0864801228903818,1.907490672553268,low,195.11327342048634
1.406232359262553,1.3879655839733676,-0.5913493797982777,-0.748009486600535,-1.7849385328721046,-0.6328075992221822,0.44230215613534063,low,135.07517820614527
1.0371714725320045,0.27924010122099974,-0.33123930887839503,-2.2690772729524014,-0.9770721461414011,-1.7101751013917943,0.6325827996421973,low,18.158260449313783
1.1584719964733277,-0.7087782027214982,-0.26789873415849874,0.5239989555843281,0.09274306577955228,-0.8193415927345735,1.2237936225131651,very_high,6.137189438902204
0.3278795241593574,-0.25495579355369785,0.5488838353173644,-0.22979963057519381,-0.8514064342603136,-0.12545426000290022,0.08589300629333041,low,23.443484093288518
-0.09216581082147648,1.3351126678040974,-0.6069634458726355,0.30955564676715147,0.543339596999048,-1.358256986122487,0.9669174010754679,low,128.83443939780423
-0.16424198503203188,-1.6233825299412434,0.2050753392346299,0.3080099022173409,-1.3028447635247453,1.8884369396142566,0.697586970339199,low,-18.630589386443617
-0.6116931217017983,0.3090544381042879,0.7145497614635058,2.4398744669855015,0.30124248009139015,0.13394188295201317,-0.49687612734152825,high,22.261994361079495
0.4201915428949916,0.8107986455917099,0.6549755842216898,-1.2644984069549656,-1.7931064525345768,-0.9938626748348534,-0.856498237409199,high,39.87393898360964
-1.129485577595404,1.1494770608285296,1.1574219459938258,-1.7944435850889013,-1.1212795914817848,0.6683332296061608,0.31312341719299164,high,200.3465635443651
-0.2338796033133684,1.7009715194164998,-1.1392861592102679,0.5508128351835049,-0.2019460687530188,1.804410826698425,-0.3706979152161819,high,131.77137785629708
-1.6312758154609455,-0.3748220566218061,-2.9069882193216414,1.3286408282482312,0.31318447386498,-1.0385438208439723,-1.2374266382225725,high,-328.2242616023565
0.6296288419236122,0.30729952087660933,0.8995998754332507,0.7472936051232618,0.6103702654334648,0.8128621188389601,-0.8289950109220723,medium,46.224603332410645
-1.803862792562365,-0.4817659710934752,1.8566474365619547,-0.005560293648070566,1.1785126897984228,0.32445860435251705,-2.391956204313024,very_high,-133.33137937238254
-0.9557543578226444,0.07999585524358216,-0.4291822902276543,1.1842994311567254,0.2567191727957405,0.12150300981893442,-0.3987017824831894,high,-48.707263264611925
0.3824097461840506,0.6748194921666038,-0.04946370965243295,0.2891686439078181,2.4553001399108942,-1.1227220215622986,0.1664522082130561,high,41.18755350922258
-0.39907053924309327,0.2201291874877759,-1.1815665791024124,0.586801850735655,-0.26904109188808245,-1.7407006063803354,0.4219688214334575,low,-68.00120677230765
0.2003947848763514,1.1490146960523997,2.0548098186386485,1.558628017070086,-2.1936479262588735,0.16968509085775127,1.444850287259808,high,337.45974972639704
-0.22598154534406228,-0.713712463865602,1.3339356398879483,-0.935082836427547,1.085671909183638,0.3285631151875155,-1.2883514192040415,low,-84.0987748337159
0.04782531978468294,-0.34182182024613555,-0.9511843703879561,1.2551457883749038,-0.4976725234290394,-1.0069273609451441,-0.5641961798604865,low,-145.0279662990996
0.808988609229009,1.366214785205788,0.3162737802597137,1.8701386928213053,-0.49920199827593026,0.28092849694782634,1.0945624546137955,very_high,239.276596282488
-0.33159377893154535,1.71511821817878,-0.04128077339237078,1.8680329249591099,-0.003912509295078522,0.08220292626279649,0.7540858050384984,medium,221.7812920104438
0.7435106703345966,-1.2969126132719826,-0.054254602864147856,0.37490768630077576,-1.2806121453611083,0.8708175518634642,-0.6755685285912163,very_high,-131.05928536286746
-0.2598001407675125,-0.31823752774262026,-0.6786430612941032,0.8622235118869771,-1.4162270557926455,-0.7811563781311142,1.5985381120963413,very_high,23.929126602815742
0.1846803058649084,0.13653533108273744,2.013387247526623,1.2004139079444254,-0.6568942789713957,-0.3653215513121087,-1.3471262895296965,low,3.6902325620032492
-0.2811002928859549,-0.6819842479977986,-0.24717738252059693,-0.5711789897827968,0.5725827813561586,-1.0016200098949155,1.7976865268495226,high,16.288998383532096
-1.333217053950996,0.9389088320395578,0.5106761378588074,-0.2670037617670316,0.8690312755308397,-0.6215940451706842,3.284118201287884,very_high,331.7077865808783
1.2727147339712648,0.07567354061338613,0.03175945658145075,2.779963624223556,-1.03799135498923,-0.43229517910733023,-1.1694806292030167,low,-68.09849954326694
1.3992279500711593,-0.6072614140860845,0.8900577324754597,-0.2821257769339113,1.2307029049844702,-0.20020125430036984,1.5391423458106503,very_high,105.43010090647503
-0.9730689408815555,0.5792914996010884,-0.015309849172995557,-0.02730453950993186,-0.933267959073196,0.11958036841415326,1.1965715016644913,medium,136.51583910294886
0.16648527257714707,1.1625736681878402,1.1535028497815438,-0.4805744132024745,-1.874892064047533,0.435546318992364,-2.3960822883304163,low,16.81051358456214
0.07227896538428889,-0.5898947564628909,0.5954908976392573,1.3510728924131392,0.8861911885847956,-0.13216935564437185,-1.500221861446936,low,-126.14532012314912
1.3707918338057774,-1.1784367129306756,-0.30031814256547273,0.7379349262621552,-0.6448089363934834,-0.4172348352383145,0.07086499705513648,very_high,-84.683460285672
-0.19572497908388292,0.669884490215741,0.7404212140477514,-0.8446772632932499,0.06173467646029673,0.2948306892096945,0.5379759698264889,low,135.27405143135366
-0.7193216868081737,0.46852360281883604,-0.5373625893133998,-0.4358573549814069,0.4643205608266651,1.2160065389114765,-0.1305754572951713,high,33.24226785129033
-2.2183477600510813,-1.9495617177543672,0.2620668090867255,1.2554036094598964,0.9458696436841456,-0.35084943007647457,1.3697011076541847,low,-115.20638589898196
-0.09830984745437601,0.18198988262279764,-0.4377373224043246,0.364561477355457,-0.6801734763479509,0.4394860480085117,-1.8037504840924963,high,-95.69991657898018
-0.24770719843449732,0.3408645992482214,1.9008318150657448,-0.7668695251179117,-1.7849439691918576,-0.35990553718324825,0.03990669451976115,low,127.91567642783443
-0.4581369898417196,-0.5334524457759005,1.257613112576651,-0.21600142157311336,0.33396514967619034,-1.026625482884179,-0.09514812307732015,medium,-49.11214777975251
-0.6045138605597951,-0.16624207232083046,0.8720901955337838,-1.654510394912746,0.4828487457481086,2.679628693900003,1.7444955493598882,medium,237.6684598165088
1.2221941801067953,1.7440102340757326,0.5570296224878031,-1.1315053013521625,0.015784773360650053,-0.9960449401698921,0.04342340881641101,low,164.1488877125581
-0.6929051977959073,1.7495767431869393,-1.4026052717996935,-0.2949496782920278,1.2477420726737338,-1.243863235391285,-0.7184072655691974,very_high,-20.751421509193253
-0.49757083838520716,-0.552920837367302,0.6647027453331099,-1.7710685530880912,0.47154238041820573,1.0018248536819372,-0.782003492511037,low,-23.43148346489231
0.8496447827066518,-0.6160275437179559,-0.2805717065985525,0.4838411250264615,-0.04233189566021276,-0.34610427178001524,-1.9128513533478293,very_high,-217.44145547490766
-1.0677225770385452,-0.19543484652276386,-2.215822425020668,-1.4766572235180533,1.0578010075419184,0.836484137964941,-0.7507203344928128,very_high,-175.5376881510782
-0.8246503402906875,-0.270267604363889,0.6419471294437011,-0.27595145169613816,-0.3617238360933866,0.2177182010871666,0.7034921482250248,medium,37.80103149832652
0.7307641190665245,0.8925973382993092,-1.9701038177118355,-0.4070363129267805,0.6863184569567008,-1.2111719292807812,0.014273067836434106,low,-49.58280560574263
-0.4883077867114918,-1.877039154630309,1.4919430591616407,-0.18526591493035816,-0.6082391480645393,-1.6064589010404138,0.19199378862226754,very_high,-140.19609526568328
0.8936976893891109,1.3305749040390402,-0.7801991291174627,-0.40968659262949736,0.7123221595801621,-1.1967886464263116,0.8929538701087693,very_high,116.63665497055499
-1.7599588821492502,-0.9009211185541528,1.6742707660711302,0.5259372802546505,0.24389094162045094,-1.0126855633684928,-0.44579531382681703,medium,-92.04660359200292
0.30179189981946597,0.46877425607502377,-0.6022120603617805,-0.10015407647995278,-0.20367375017696587,-0.9983854391882915,0.7660802783846903,very_high,40.48739442088907
0.41768075223940065,-1.1564158167438567,-0.5800163326536847,0.3231854824582059,1.2838168598535613,0.8500793324175533,0.10744437434089255,high,-98.33246099710408
0.8531653064131918,-1.074661039432863,-0.06727746491353453,0.8789639730706512,0.48060859334734735,-0.7823539225019935,0.24748054764010466,medium,-78.72335136017409
-0.015949726976770034,-0.7757859893125999,0.16937746994270692,-0.6543418710551034,0.5865151576180001,0.4209727825314667,-0.15506204469847845,very_high,-48.67415306447799
1.6391168054440675,2.5797093376543185,-0.08828204835125482,0.5689830791852754,1.628396623128538,-0.8036745679697308,1.6777008140764407,medium,335.453479127526
1.3226178412607723,0.7209891534309195,0.965264384380448,-0.8648961124284227,1.2752470129219724,-2.0182341114311964,0.09345849176635274,high,78.53546928086287
1.756101589693534,-1.1200851325255345,-1.5732129395617072,-1.1689809102124997,-1.8116398471183872,1.1891297814534663,-0.782179453952634,medium,-161.77379582386627
0.4276767710099296,0.5209768734917716,0.7202240169054077,-0.9205832258364774,1.5162884505560141,-0.6073230454709151,-0.7043603242208816,high,18.086395829021665
-0.8206823183517105,0.787084603742452,-0.9746816702273214,0.82206015999449,1.8967929826539474,1.158595579007404,0.9633761292443218,high,85.54675300289237
-1.406719432559558,-0.6920651986646917,-0.2981525261999003,-0.6110850624767177,-0.24072430398905076,-0.0682025303326691,-0.0762390173205976,very_high,-109.07064942940198
2.209855665748464,0.9080226625361912,1.6389605275998331,1.6529130512304218,2.0777775851984446,-0.7074395448121878,0.32699451327009765,low,187.9275226734535
1.0587285298838789,2.8684030556667683,0.012499321907250335,0.44130715169924584,-0.7331561971099966,-1.6685992588781953,-0.17280173739646437,very_high,189.44372160552882
0.3463127102248866,0.6041074554390441,-0.9085025115121911,-1.4464982035406873,-0.46507594620100606,-1.6171718900455445,-0.6300484313483411,low,-84.59393192036777
-1.0785127413645972,0.06233134961912296,-1.0258681059694763,0.36039339501808015,0.5042878533842724,0.10716991525959621,-0.17529452990401284,high,-56.900153229056144
-0.7121738641760436,0.47004418736820214,0.4322629506341555,0.8419836954521269,-0.36920720044744615,-0.7076258948220261,-0.11066536855732945,low,52.24668020875505
-0.5517378518322928,-0.07247771959403507,-0.860523867981239,1.0049302940678833,-0.39280101688114194,-0.15650383020921016,2.3016748520507746,low,97.31170383353822
0.9703162017882814,-0.10358685340578061,-0.18820243877282114,-1.2709517210922827,-0.3785797432131542,-0.2138751675546389,0.41875996012749656,high,17.800858474402222
-0.7925234471152126,0.12626773623406817,-1.055089368176695,-0.9741218462163683,0.7034279167873088,-0.9846547848472624,-0.4235985817281771,low,-140.522738317915
0.5161782871149584,0.513085420097293,0.9531250453760867,0.8004095252276823,0.7542913298135743,0.7250957868479971,-0.6414815952229522,high,71.66067788349562
-0.6085918055692785,0.27092134270744134,0.07807771389598944,0.11054911955213079,-1.477772107753317,0.10760343622295077,-0.04662476521466915,high,5.462281250442615
-1.489284264440218,0.6149612320467747,0.12390681652107108,0.5870575345945356,0.006548657804539276,1.20357805453346,-0.2459953383557008,high,48.920647607865334
-0.037914678132769594,-0.1271627962941314,0.6289391096964736,0.017972579368308247,2.6980404568174263,0.2872679291207924,0.09852602490538785,medium,52.058336787622764
0.5346290861224353,0.38961417737090387,1.8709651753717822,0.32782117284308526,0.9242701395378298,-0.8682927318763665,-2.6357477390168778,high,-83.91034192952746
-0.6946003691631446,0.4559041951707027,-0.6065033882157397,-0.3899237065594453,0.15805348992013185,-0.45909031021899177,-1.1543626682329844,low,-118.88848957897736
-1.1267674689098053,0.4477169258102776,-0.10730214400422888,1.732514999485092,2.2313001461926323,-1.5708761520684993,-1.1939250063990554,high,-118.584145666343
-0.9039076414647897,-1.4137144969049802,0.169360824036078,1.091310120594269,0.609138120907177,-0.11122606134870032,-0.7355299425897666,very_high,-171.2324225583903
-0.5552804969053294,0.6636463470328414,-0.7596730177525534,1.7279638353817652,-0.4693464664267112,1.0595655726233972,1.0380125273159622,very_high,127.28801340447481
-0.20298063739565708,-0.6256772874962124,1.0964692338108837,1.2374381346841392,-0.45730165508679,-1.3192471945987674,-0.8000385643976464,medium,-123.55210656740886
-0.17961972140563326,2.1245562298290137,-0.5161166418714347,0.7534174734210928,0.09982631509976791,-2.7738149399339167,1.7256937928147706,high,210.92353357168554
0.13814755636757506,-0.06945513785101935,-0.2243068279436459,-2.2295755741118772,0.7322180730909948,0.03580260003584014,-2.4153632620785297,high,-191.1457232769777
-0.6361984412021287,0.460197681230041,0.6984251343843719,1.0199286054277548,0.534703949636198,0.006984916255938689,0.40113826126422947,very_high,92.1069639069068
-0.6919080698812444,-1.0700847663261526,1.8466369960476658,-0.24123605785632987,0.3520553965142968,-1.5255251709247388,-0.045586016355497805,high,-78.8655474236258
0.6836183119363326,-0.40841985013131704,-0.7295729332203905,1.7679286668395335,0.9607400118240353,-0.7106919924670108,-0.7349518768353778,low,-133.16491347275172
-1.1152172279709192,-1.5285912962592862,-0.3317787717721222,-0.46039233265665513,-0.027969414486982293,0.310539637914204,-0.7931346636139368,low,-231.18724324249334
-1.7157083186381294,0.7230379395798638,-0.9878659101397719,-0.07285768884105508,1.889278795503996,0.08551332963959903,-0.9289264824607304,medium,-53.54237443840842
-0.44352159983711503,0.034143893340212214,-0.0004787180685054915,-1.422058497167931,0.215031942943456,-0.5129742439678118,0.07224913423620272,medium,-35.14229728027614
-0.05139492719252362,-0.5317757009616373,-0.20850643095375032,-0.6651073710188052,-0.5835605478960735,0.5962997854612124,0.6277023945519214,medium,3.0489003219180155
1.41093237974627,0.44194064956940904,0.16865467196672768,0.7082144232565571,0.23321613126350166,-1.090399077442846,-0.09858813228426173,high,20.413205425053278
-0.23450753514589096,-0.7843209703002557,-1.0706664061901783,-0.48663118818926915,-0.01020560039093268,0.6884959745615665,1.5891473016364572,high,20.919755652967137
0.3132416936936163,-0.5237592910266834,1.172967699164266,-0.3829992144834577,0.4340684871831768,1.959683981955883,-1.0429282618087377,high,32.31391026761161
0.841632255765075,-0.5112594578695273,-0.034572225485819015,-0.23186850662578992,-0.34201734580477505,-0.30234956633175064,0.18421722953009348,high,-43.4392818084355
0.2138087939410634,-1.9550487703182828,1.040430892644839,-0.635409880228737,-0.041292687007282836,-0.3689394390314622,-0.917976104610736,very_high,-211.30184927773547
-1.1534924259847839,0.9282456913443246,0.6445184916452914,-0.5182526388612024,1.3252760904370375,-0.49653173548196905,0.2678436378663333,low,96.00686255797031
1.1608267873785194,-1.1196698946261439,-0.36244094140313216,-0.04692057887918407,0.47704082722312147,-1.2946814757209058,-0.46770120131189136,high,-210.07376432625597
1.4215032852330935,1.8344313331400877,0.3073093537363383,-0.18998142349707814,0.0347544782918479,0.4153114772403338,0.9987265700830984,low,298.8453443604737
-0.21968704502383987,0.3862260641045818,-1.5404327171242964,0.7750894117456407,1.511322799203203,-0.36070450044957353,1.1529341769747732,low,36.41981462062617
0.9778475646543314,-0.7402322525487084,-0.7329260381085351,-1.8119893375620542,-0.9506906934152551,2.1209935658451093,-2.3851136986930364,medium,-166.14973234450093
-1.015995431168029,0.20199901075732124,-0.2336069609828654,-0.32390885321592183,0.21187917882888407,-0.4949645508907007,-1.7447603876053015,low,-151.71525791713194
0.7950214592691726,0.8760457766719285,0.8881573217434416,-0.6345213234339414,0.645183496480902,-1.5485830336213924,0.0953033991536178,very_high,78.57295967753659
0.31965182591897723,1.192507512477975,0.6802161054504494,0.34767648353833636,-0.4872285641135523,-1.7785875840065168,-0.5041798310076715,medium,73.29942475551903
0.08504586020018182,-0.6075209099207104,-0.3206244763068115,1.3493239278107392,1.5380162818616334,-0.7159672231839423,-0.23945509376558377,medium,-107.29861921460255
0.03793783544760203,0.8872908372667421,0.8691560643892732,1.0729780477660118,2.3638724946193608,-0.7632861041785816,0.6833289928110694,medium,143.57466277903205
-1.4485914146335441,-0.2346205699574138,0.8584511166566653,2.620793091029975,-1.1119670257741636,0.03823799496002834,-0.29967664800678706,medium,-16.042475410147276
-0.7778166875908753,-0.37144086599579146,-0.34268759408034877,0.9356783931474612,1.2715550949941588,-1.4075116947178212,-1.1105758454658288,very_high,-182.6789489141546
-0.05576907765770601,0.4190190093660452,1.6725723868377034,0.5387559924463692,-0.9206735930793662,-0.7050118557584089,0.5583269125217224,high,148.9324995187011
-1.8156489758788175,-0.27583995989645654,0.06323214651310118,1.2561974394136823,1.187713384138455,-1.1586032636594852,-0.5140888043678978,very_high,-121.1285593815209
-1.198951397993876,-0.5070086592700558,0.29096473013744295,-0.22485305579485193,-0.9287920814524587,-0.5139006266488432,1.784775039185095,high,48.91267675571291
0.865271157294546,0.36731938784919665,-1.6950177929753076,0.9075323007926969,1.0902442836580648,-0.6962935790523948,0.6961897158262457,very_high,-22.17191150927348
1.9422455947562995,0.5911361179239325,-0.13808233466148176,-1.625544033562061,-2.5065715705367166,-0.10697146985848006,-1.7472216669652556,high,-62.09928162622158
0.6802302084176292,0.223153054747697,-1.3569355696995753,-0.8782632528234666,0.09988695440921298,0.551885971822154,-1.936752702502465,low,-136.68428303338686
0.6266136372630708,-0.22938233185546722,-1.6167133749480143,0.7034401331388942,2.154928677383142,-0.24861585376667736,0.04556388114189831,high,-112.80492523993573
0.9551423205012383,-1.0592135218889516,-0.5138669173366935,-0.5302576183724408,-0.7928728322623442,-0.06267909727317188,-0.9857260463355437,high,-190.43214144483844
0.33952878740421627,-0.06309755295434644,1.2729102172474238,0.701131200712918,-0.912804486601195,0.06243170332744294,3.186574911811055,very_high,294.42644637369153
-1.419877164270929,-0.6368764742064333,-0.2818448493970999,0.8268386307091143,-0.104009227724695,1.542547211374117,0.11447605881877927,medium,-23.28075924122871
0.8153241668090142,-0.6760707152936095,-0.8396083720406722,-1.7890123905014412,1.007117823412373,-0.5719285461984328,-1.18120117314888,medium,-199.0658173990675
0.4241659464019164,-0.48388583405432156,-0.6514180036144483,-0.02435459226098284,2.1422703586118637,-0.32034730819432017,0.5228354880354996,medium,-26.68714921178477
-0.8671302157109003,0.15519068385897913,-0.32789471651291785,-1.345870923473215,-0.8192578597214978,0.8250982646676347,-0.6581164890752567,medium,-51.59531743133857
-0.9156322963584598,-2.9086607444805037,1.3163448375195195,0.29003780305390187,0.3939905721750079,-1.222750278738175,-0.8197150228673898,high,-326.3650023412728
0.3424508791769014,0.8983025496890353,1.1851630314393404,-0.07398478153626888,-0.4093202145866852,-0.6937666074967505,-1.277371133550618,very_high,38.19937830831538
-0.34214865112723886,0.2320946379285372,1.1166812750675223,-0.5784597288763313,-0.07749429989298792,0.49888319476821275,0.19507692542260213,high,90.4551235096388
-0.5624667758942676,1.8124485579969287,-0.6269670577877674,0.6218099622171964,-1.5702247198904564,0.7077519354554754,0.632407739055521,very_high,220.12510702903137
-0.2209317249396126,1.1655948951441282,0.9625025919532985,-0.19360951103550808,0.7445863984731299,-0.05883285413152221,0.19112423383639218,low,160.85045548550056
-1.1419860706926814,-0.04877626450061687,1.5591822904823514,-0.09665390961814083,1.6127802326970393,-1.2463934985391623,0.34809529178734483,medium,32.13023463278967
-1.3117366922451246,3.4289104780082136,1.044386051876579,-1.6048043108980627,0.16940307491206952,0.11515231444047566,-0.586285049552152,high,314.8711262189756
1.356583385827982,0.24312345851289308,-0.06263957732723487,1.146030144142065,-0.7773714848459066,-0.29424250563645765,-0.20035257779416388,high,16.43661282175456
-1.320892282506161,1.2888634252063023,0.21838898754417418,0.15875605093754283,1.156006669451127,-0.1330031639300636,2.14300705458491,medium,253.98362364457662
1.193586535476262,-0.4502018916658434,-0.9250846204786352,0.14431001943507885,-1.8337057676294346,0.07386343441088038,-1.3404886413664368,medium,-152.46661675126416
1.1172958315881276,1.4437646040732595,-1.251539424190444,0.5697672802322039,0.44770856001731496,-0.0821511783925688,0.34272534637770413,high,113.85399016824753
1.67286820189853,-0.906902874722061,-0.9489528277686782,-0.9103243419282839,0.6951652483301405,-2.350455852624361,-0.8639798490760783,medium,-239.64352358696783
-1.5821767633461272,0.02731337985143867,-0.6538983883255765,-2.0362205028559366,0.047493468251642953,-0.04737070254443595,-0.9403989164843533,medium,-123.49810622070831
0.21930233720043607,1.719040612841821,-1.0701915628943317,0.8524686434329506,-1.2291835978004162,-0.8963326585920618,0.7918593103880676,medium,141.18403698892848
0.6223791184731187,0.749698021444869,0.5136092944152219,2.001922459248361,0.04406463491293769,-0.7586652015427723,1.1263934497220656,medium,150.70385966474834
1.2389463529394373,0.18384954475369486,-3.0195121558208253,0.8071225966373103,-0.9735461997044687,1.8005111815108537,0.20965941527462578,medium,-29.973592174943327
-0.42002772729416255,0.820553502887897,-1.1031843812330935,-1.2276799644560572,-0.5912780093697056,0.18430906407810346,-1.9046746934654637,very_high,-123.59911024412915
2.1321464601437015,0.2439861879976468,1.446822840111534,-0.28207705687634865,-1.1354323090305687,0.19192200503611323,0.2463479529484988,low,149.53324501689275
1.4558223221467665,0.08199555641356042,-0.7341737987784958,0.08382662792936094,1.4104591452035038,0.4572804046152411,0.7045065398247231,very_high,27.153872585835032
-0.8838688951407293,1.783922595201769,-1.0448363139030712,0.6149446390313781,0.509683077242329,1.6814924574180155,0.147298000389084,low,161.91269492461802
0.2750022982918108,-0.4352481970051683,0.583837081539059,-0.16206210203682392,1.1951774115114164,-1.4089607467920393,-1.4921020171453638,very_high,-160.96292769451313
1.667256841749534,-0.19547264358597383,0.8197397172580948,2.135586730077366,0.2820342192093425,0.29722722158508635,-2.1239928181256356,high,-94.24743339330304
1.665351917623531,-0.15774698323148525,0.718417423471641,0.6523061516102304,-1.6313351104170732,-0.6416668201303823,-0.8561698406617501,high,-31.906704315161683
1.471585082569894,1.3460997945142577,-0.3028852437989931,1.4751123643098556,-0.1934276285812056,-0.19330422644796988,-0.02185674744212368,very_high,114.3652748958415
-0.8128235903365649,-1.6922708316433286,0.4990958161377494,-2.0744863510163114,-0.02203486400427045,-0.17038576538819597,0.8280588148933092,very_high,-90.97938932071469
-0.10581875749769788,-2.837506441397379,1.146027575013415,-0.8873294588557712,0.7717961772356612,-0.016610342325908987,-0.4536363875916828,very_high,-238.6526039230789
0.3989921575016956,-1.1530843317397823,-1.2715485208922839,0.14299063480921648,-1.7260106186667665,0.967794469003426,1.0500490415534267,high,-72.30487498643936
1.0143700650181304,0.9826909839455139,0.25602973431387566,-0.6248185776956788,0.026091050210833786,1.6654744444625766,-1.8408742313316453,low,25.513710971528177
0.6958638390937854,-0.5615577463306254,0.22668424849459717,-0.3405987069098615,0.5001430331138838,-0.5530898169141323,1.1734422766324448,medium,39.09337834804772
-1.8897034836215454,-0.26257565931562216,0.3736534056211483,0.45722481194934356,1.352759030614763,1.2813833981236349,-0.421130234801084,high,-11.072338281220752
-0.33257937984987496,-2.0276772716708487,0.6932176016587042,-0.22800572680971787,-1.4069774621039888,-0.8860402469783771,0.7031401972360493,very_high,-120.38136225939037
-1.9689231424160831,-0.4482246163001494,1.2528426344274837,0.2773584619646759,-0.022278979183713316,-0.6922503292658964,0.10343812930810638,very_high,-16.8539988226971
-0.9057972133711476,-0.0325038930576894,0.613460165671837,-0.766352609265016,-0.07878840008029991,0.830498133985952,-1.7794389254234309,medium,-75.57894335073158
0.09893378702888371,1.4120268785432495,0.5793467597567757,0.02041716721291813,-1.465673857342095,-0.6281437391691783,0.3383574419359596,low,187.39487883393062
0.06856297480602733,-0.5034756541161992,0.09965136508764122,-0.9194242342338032,1.5499344050175394,-1.5506634310661327,-1.0623037137261049,high,-174.22645659367555
-1.4068105446048718,-0.07618761129101755,-0.39506690612720935,1.2285720820619974,2.2022432733729134,-0.3287248129662911,-0.5465482962364754,medium,-87.11463608933747
0.6986888135170435,0.8920675997317206,-1.8418977729578574,0.16429476537056906,2.196223142152799,-0.5898923177556078,0.025210867540082116,low,2.4267431294462654
