feature_0,feature_1,feature_2,feature_3,feature_4,feature_5,feature_6,feature_7,feature_8,feature_9,target
-2.1062051534471227,-0.49419441177727147,1.2904607413763498,-1.598145635866536,-0.853932908460056,-0.5163156402112775,1.3643289243261372,-0.03509646678459442,2.2083132230781133,very_high,0
0.8445191468257793,-0.004202816859113869,0.663545618498435,-0.10449462638919316,0.957993941480019,-0.13335080268974825,-0.8304167861995904,-0.9066485451542928,-0.9221972658660481,medium,0
-0.13518860627176926,0.5246936075710064,0.7460239529828163,-0.2617530352712263,0.6712701367053535,-0.5446715500913005,-0.3288778650011513,-0.12574629749577262,-0.22076313188880092,medium,1
-0.29113946963170545,-1.6719593497798928,0.019545844798181757,-3.2498861100934513,-1.7680567191743972,-0.8829522202832676,-0.49931047046264954,-0.6270486146977409,0.61802813468737,very_high,0
3.5446063517845396,-1.6281114991636183,1.8068588841465116,-0.30253625993090527,2.5083062730565633,0.7080801485023224,-2.455820319736781,-0.6270278518303946,-2.8895488543283876,high,1
0.6496570470938465,0.881646226631663,0.006381540963314977,-0.006144407098218951,0.7351321130540912,-0.7015179961953336,-1.1238644728198575,-0.24657105425957435,-1.21720346438677,low,1
0.31542512415413027,-0.251897779514418,0.14431001943507885,1.998541211458659,-0.3198262778887562,1.4688247364701625,0.9415092033109888,-1.3404886413664368,0.23126813658218812,very_high,1
1.2107746131743364,0.6544297897022122,0.8985117045515645,0.8563568381912321,-0.6181604486836274,-0.015086164326219481,-1.0378804009977598,-0.2926854589752769,-1.5015998457355715,low,0
0.8089164962636646,-0.8032644706075543,0.03755307666056291,-1.3764957941366365,-0.10210305889143893,-0.3793725364753344,-1.012003433925611,1.1516655830474756,-0.6784929037012679,high,1
-1.6635708013400272,0.06769219247384113,0.7072313738042767,-1.4670424886100228,-0.02185674744212368,-0.8772124935562163,0.6948788111944619,1.471585082569894,1.4303388105701929,high,1
-0.7941792885741201,0.32727707076594176,0.41208346487146014,0.374687107235781,-1.2084822042690762,0.06994636198858818,0.7386442748986578,-0.5217666572990717,0.7340081169264561,high,1
0.26669377764301627,0.37115099425667786,0.1869902097246643,-0.14177666074057138,-1.6273117279473155,-0.3860004257851937,-0.5422250266333457,-0.30082595603229867,-0.5343613057565793,medium,0
1.0924352840473848,-0.7813712801766881,-0.9906540774992385,-0.01321889632180484,-0.957927839495268,0.47529259129991175,-0.5475930864220026,-1.104145456663919,-0.7083850675587791,very_high,1
0.6643114868593278,1.3783859962501457,0.5850213322877983,1.4590425552694253,-0.2730067480225845,-0.10594415420989219,-0.6389836581737328,0.28121168258406537,-1.2191571670626251,low,1
0.4068148120773669,-0.16841745626601737,-0.6547697756239492,0.18507681274774446,0.6446898032842333,0.21182741522563517,-0.17380861393701155,1.5973972932216232,-0.2964094855073292,high,1
1.7388263760392126,0.40368582884306425,-0.34815739681731317,-0.6135830359168029,0.33935581275622034,-0.8374654733859128,-2.170246185786669,-2.703348047107357,-2.2262686789950963,low,0
-1.2678864164988242,0.04741266536516834,-0.33303761905376167,-0.589139402047955,-0.09511164770076601,-0.318822741734224,0.8184451277102893,0.13395838058023532,1.2036199244455446,high,1
0.1378360101816788,-0.191626767428258,-1.1283415702657829,-0.8548191341135365,0.9661396608610485,-0.43109928593868724,-0.47573543444670074,0.1654915641331403,-0.21341009882052803,high,0
0.30287214095036474,-0.7693734977681067,1.6301299648744103,0.29408151262644455,-1.4582131138187504,0.731437148585157,0.33747014419188764,0.12342918170364875,0.1930213351321893,very_high,0
-0.7792615940661971,0.07909350434436355,0.5553988606517399,0.44199191743614014,0.4643205608266651,0.2944895230205581,0.9086844669373904,-0.4358573549814069,0.8789790417111618,very_high,1
-0.06694397169825805,1.0413153977225316,1.6651423825437814,0.6537472426563,0.06589160860223994,-0.3282259827256167,-0.20264592408238,0.7271679888921005,-0.4071302462047946,low,0
-1.3122403271008873,1.0222369454399471,1.056288483746123,-0.03402458929667812,0.009395354575849457,-0.6648490129097991,0.5811040814573305,0.8549039226364025,0.7909679343844467,medium,0
-1.0528312597577851,2.163225786589399,0.7958638123412264,1.7566277652600362,-0.7178532143540355,-0.34714360776895853,0.6347727309392279,0.9679319487649898,0.21464257352695507,low,0
-0.841600220375558,1.9995266525111925,0.8202983745089647,2.072464572317907,-0.6856749175901302,-0.03733426490039633,0.7087471886031039,1.255349780288475,0.1519563067362973,low,0
0.4991035420045554,0.6036914222278734,-0.05678859588627712,1.5030473814079381,0.9557039711138672,0.503142532995177,-0.003446743527710387,2.1934495502883857,-0.5751189927391802,high,1
0.8053863309340035,0.48369960464670536,0.19507692542260213,0.9529172251669313,-0.34214865112723886,0.20576053854947735,-0.5116021509025473,0.49888319476821275,-0.9470119774027947,medium,0
-3.1444834657259446,3.400948801048837,-1.2770845623311189,2.085266302586987,2.9141092157683617,-0.869301342553578,2.0007933522988006,-0.6292337633874194,1.787429539964862,low,0
-1.228471668659438,0.8130963318841788,0.18198988262279764,-0.016831952867246924,-0.4377373224043246,-0.5072618317538842,0.6375473232264924,0.3064508629633407,0.8287303693233692,medium,0
-0.5634376037357083,0.27983104541347736,0.9305333193245915,0.6138722731078998,0.043900533123388444,0.24286930153554062,0.6841808045938972,0.29008789963543236,0.5656188354429883,high,1
0.6357379683097949,1.1542827253947345,1.0835831031099956,0.6855358186709676,0.48279012406031796,-0.44659588021857194,-0.8984463308010789,-0.06338985203481078,-1.218408697863818,low,1
-0.2302664368766928,-0.12790467913822948,0.5615734705711045,0.3326533275137436,0.18606843247054689,0.33015291946294956,0.46768702015294505,-1.3070983443991324,0.3916123826662137,very_high,1
0.3572804708704308,-0.27274434045274887,0.14782073903652695,0.059872658933276535,2.05419384125607,0.21010409662762997,-0.13412847197947933,0.5445824007936281,-0.2080320463439411,high,1
1.7611363347054074,-1.768882187197349,-0.2459953383557008,-2.25501594758578,-1.489284264440218,-0.32508161330982027,-1.7897830406144062,1.20357805453346,-1.30962917818502,high,0
0.609299348407969,0.9858109243906339,-1.333148008477209,0.3383190134573458,0.33271932958518796,-0.5487410276470144,-0.9621130569598473,-0.8776173568629051,-1.1633763221488318,low,1
0.748423255307211,1.3208640995400267,0.43594762971547235,-1.6467188603920957,-1.0359619286066395,-2.1061402328755974,-2.36352476040472,0.18209824581586204,-1.9268854454565618,low,1
0.6569365626784753,1.2328727027628965,0.4096853437465497,3.2615184331613913,-0.19609321067693788,1.1824907859479974,0.42997457880429657,-0.23389780045359396,-0.7469035188968078,high,1
1.0499433048986364,2.9302089143158097,1.030249693969567,-0.6943399120368674,-0.4603067625743631,-2.6839929605672777,-3.0803896726169224,-0.5591638350592083,-3.0011777362230943,low,1
-1.1296033009831057,-0.36802637574532976,1.7279638353817652,-1.1767929655556788,0.7642132033388553,-0.4110612828406559,0.6197844081547671,1.0380125273159622,1.1781813070042073,very_high,0
0.20586031425990325,0.3465633203992982,-0.6302492950044363,0.33996150625636146,0.8331577666294346,-0.04737932415827151,-0.2109096824595574,0.2990857340211059,-0.3536830280419506,medium,0
-0.5170790129011922,1.0876970415192568,0.6844504776364279,1.2048471471711513,-0.2655926332624114,0.03523542688299424,0.4819671074635887,0.05786404742675647,0.16227529632978552,medium,1
0.6103360042770656,-1.3887880235315682,-1.8582914882251074,-2.3543292972859087,1.5761725277413785,-0.5757608644886913,-1.011268068418302,0.4123559690859481,-0.3251325373354931,high,0
-0.5879027864255026,1.2647599396836535,1.402009325919122,1.5891162543997728,0.6852900847109679,0.16320207460021796,0.6500037277901676,1.1121006192213385,0.2139071392186877,medium,0
0.17158655669523482,1.2098666266749138,1.0189232400898984,1.4304418026474153,0.9198715159544302,0.038279670125451346,-0.10149010586157955,0.18583762890275304,-0.5987869810073727,low,0
0.45483878932356514,0.3869956359508667,0.6792938199823493,-0.11138993170235523,-0.2990690852300549,-0.3928166805398749,-0.7081357639341707,0.629360633428892,-0.7384735027523402,medium,1
-0.7736260665041468,0.11179378765265345,0.9099625408605586,-0.8580318357208887,1.769913067655593,-0.5819352413767671,0.18030086214329896,-0.5131272463642831,0.5807642984128857,high,0
-0.5270121495279254,0.7585174348974156,-0.6368764742064333,-0.08531800897409186,-0.2818448493970999,-0.5686361389843778,-0.011962833097770279,-0.8300704951292369,0.09681025223456473,medium,0
-0.05124487952856044,-0.8667024932204386,-0.8460396726276345,-1.9454100722416667,-0.705537947278461,-0.6366152892814008,-0.49161977994692085,0.5477389787375606,0.15909680221277533,high,0
0.34349603919563376,0.19011579686340974,0.12428569485085071,-0.6646932343677583,0.36901643782516713,-0.6024109474099044,-0.7884590804255696,-0.6656934648935469,-0.6191338076131471,medium,0
0.5383723397393243,0.6059533582171287,0.9669566453448166,0.17527978676605216,-1.6522426773534897,-0.3718952914656133,-0.7597004753071838,-1.3326784410252037,-0.8971058870920557,low,1
0.0021904203471749817,1.1733882055420246,-0.41192323438595313,0.937607009640617,-1.229495157708088,-0.2444017115489873,-0.19092197947958087,-0.1353342339231097,-0.4995711829395781,low,1
0.5718097321989186,0.9620553851652504,-0.1720413592654725,0.7466127635174066,-1.235703022049409,-0.2607426168550538,-0.6925114993102116,-0.29951503754747755,-1.0235582587040029,low,1
-0.9842215621655439,1.7948292005493867,0.12224300454706621,2.5850037333048417,-0.9782549380604774,0.4598657696950457,1.2388319911963113,-0.625916017684602,0.5330547350017393,medium,0
1.1682850009202128,-0.21949013850993918,0.4375062034730363,1.585696296650268,0.5884361802403073,1.1059160063545173,-0.0852375511130842,-0.381771196674043,-0.7862154080314697,very_high,1
0.3738154824408277,-0.21680029819719437,0.6190831693880101,1.632867488822136,0.5405895418122408,1.1987776722461574,0.6690350331189207,0.8810621873806654,0.0713449308343272,very_high,1
1.1357808889886378,-0.9358505899695986,1.384871093794044,0.6993054363062929,-0.49094894973186637,1.0518509645713254,-0.11000484805015731,-0.8312878954818901,-0.5138058178022578,very_high,1
-1.3255511529059698,0.25615464901941104,-0.1088486250691617,-0.9800234392988378,0.07142083258109318,-0.7231368078136563,0.5359369385928001,-0.5263908651106778,1.0597588478265134,high,1
-2.124537071293583,2.011516040337022,1.2523463622980082,0.8081120667413906,-0.31178557325602474,-0.7715588552017574,1.1965147224630885,0.8766058798421794,1.2509019236086285,low,0
-0.22348836271006217,0.8406962873248603,1.1549975605416176,0.25051374237954793,-0.750022681565717,-0.4330910253390663,-0.15795399394895573,0.12079023250111028,-0.20576373535176315,low,0
-1.4535555160121327,0.0998291089706966,0.6666278834568907,-0.67699450981955,0.4090649383340571,-0.39982705425182774,0.9104497993232902,-1.3223474346832955,1.3526501204948203,high,0
0.18734688467555605,-1.279082067591079,-1.3512904026984345,-1.2007789955832326,0.6428554939629476,0.13402122206203418,-0.06304945107017487,-1.1185234842116323,0.30424390997506623,very_high,1
0.41130434776946967,0.5290342666368891,0.36539424192514075,0.5814579726942949,0.19265153264802468,-0.039169575391782854,-0.3773406547000529,-2.3784316598733284,-0.6305324728213718,medium,0
-1.5442829142785777,0.6740792683499992,-1.2444864498888657,0.0856788866880358,3.529055187570484,-0.3129305742760118,1.0658771814379255,1.0108397350203135,1.2700563126263906,high,0
0.3991437723045723,0.09537544918615923,0.3454141816438536,1.2201542355256207,-1.0685207540824389,0.6977826789582424,0.23701993203346164,1.0481167592691547,-0.22699055293004855,very_high,1
1.4412795899180098,-0.8416525743341667,-0.8323894449694428,2.5090274731012605,-0.611188502250286,2.1444336725333546,0.5329729502372221,0.30124248009139015,-0.5162589525219118,very_high,1
0.22730466499437785,-0.7220389950609682,1.1711019716695594,1.7546998568994503,1.3106059128134633,1.6601691602701898,1.1695740114972064,0.4676901038588855,0.5523581749965593,very_high,1
-0.43155179622340956,0.8653018739604637,0.5737671099019008,0.26014854296888856,0.31282223676684645,-0.4280453423349126,0.023923126601060458,-0.46285628571437976,0.004115272565365586,medium,0
-0.31278049239348893,-0.309575480864652,-0.28479555664743317,-0.12187645745351616,0.7911400043558836,0.17184528306640387,0.4053074982967651,1.1792631585792293,0.4918706035963553,very_high,1
-1.7324241164172804,2.0376682647069537,-0.6308455507908564,1.7840350798893059,1.0736219439075716,-0.18261996391597127,1.3488681502712618,0.9458881565546393,1.02111056009195,medium,0
-0.43577993523407377,-0.031115362202612573,0.9224811702331092,0.09914290876436932,0.7631423007096569,0.12280809711891517,0.47274190476687544,-1.6239178425699672,0.5050402169903931,high,1
-1.1714768871404435,1.2094116083062056,-0.7559507066919204,1.0674508953377861,0.05252636821531626,-0.09124505527697213,0.9369061576800174,-0.6314025555665582,0.7609697893761428,medium,1
1.1963514563229607,-0.13444843631479328,-0.33123930887839503,3.501585403388649,-0.24717161224439949,2.2971010201979745,0.8756860413862608,-0.3874886632696904,-0.46440836146877695,very_high,1
-2.402188939858721,0.7073569709233397,-1.05649707062526,-0.18419941846172816,1.2497104201843185,-0.4451463439666088,1.6886678853782167,-0.03914402696834188,2.1107932461571886,high,0
-2.6783099820816654,1.0651404627331122,1.2827949688389804,0.24157083222485776,0.8331794312701818,-0.40572295734040864,1.9606234622360823,0.43915013370041756,2.2836991428973294,high,0
0.433890046136869,0.24420845447607478,0.012521864329786338,-0.05093330251684036,0.1652400500649252,-0.24701006650296697,-0.5713932173970688,1.438169201145702,-0.6189383359650198,medium,1
0.3652703001582571,0.38036324580806397,1.9723444790822,-0.4301618059026433,0.4704829961291065,-0.5896812921100576,-0.7944345299388528,-1.909197458977243,-0.7057101434269136,low,0
0.8468611482376152,-0.4568346624577199,0.42737604547079716,0.21999796120191223,-0.5439834133726836,0.4103898824770467,-0.3882261603448424,-0.7136288932044673,-0.5888813151928263,very_high,1
0.5647288447113389,0.716958602649588,-0.6789803464631321,1.16810402839144,-2.3960822883304163,0.19544624548817574,-0.3123352883952171,0.16648527257714707,-0.7825607599984014,medium,1
1.292450697719229,0.8427609282185202,-0.3265358525345711,1.2081958076743993,0.539764512828342,0.07111065954219431,-1.0342776435556469,-1.7941435111986004,-1.626454453909953,low,0
0.510411141231379,-0.5162145950669632,0.894458843105129,0.12287316298293466,-0.11298112310661049,0.4172577394393466,-0.096271303322717,-0.10798368601261019,-0.21449550182919022,very_high,1
0.37790635850524923,-0.46860957248713675,0.47474210483989104,1.3714906745644546,0.6102350056939962,1.2114262520037078,0.6732420438279134,-1.0262423753029,0.16104982791563024,very_high,1
-1.3718445048086818,1.092653221219609,-0.6418214039443414,0.04814387576082779,0.686774070503355,-0.6577341245372075,0.638582200698078,-0.15627633670504304,0.830278998301729,medium,0
-0.7616858963158945,-0.6738869084114847,-1.0071949875269783,-2.3487949008456606,0.47993974114827864,-0.984951776168975,-0.17136410584570783,0.32478159411011454,0.7198194051038425,high,1
-1.3621750462618023,1.0251522695876572,0.33899351380941967,0.059856547921664394,-0.45669761502324635,-0.6014353783768707,0.676101458852559,-0.5149387064332724,0.8623253417089104,medium,1
0.5856373204861041,0.872681900344129,0.46079724361596747,0.28216408125401027,-0.4138949422748569,-0.5008488632003149,-0.9036106669647954,0.7663884765723994,-1.082956961611209,low,0
0.31676170325340125,-0.4288403241774896,2.721912147906493,0.37577625988184066,-0.7318573084158859,0.5346458500489698,0.16679517405308295,-0.8031108339533145,-0.00609243787262497,very_high,1
1.4228350436797825,-0.2339702721559571,2.4398744669855015,0.31566622720454285,0.07388693612455402,0.2636530206530585,-0.9981978495199261,-0.49687612734152825,-1.3163076533799734,high,1
0.5152848520787359,0.5789007125719289,0.1487806348073052,2.0779784576651625,-1.3528658889640388,0.8967954296646815,0.30764349773552263,-0.9702713259082388,-0.4570864635869552,high,1
0.2892317740980372,-0.16368258285153117,-0.2694937557039864,0.6157766929672897,-0.9230723963155776,0.5001037745444179,0.16463908865186305,-0.38309492115979377,-0.08312368091688863,very_high,1
-0.027481820691140357,-0.29212246058687774,1.6037018554669304,-0.7686932117728791,0.14268841220163028,-0.2878053651863454,-0.21748550418276053,0.690700889348637,0.04082256176779691,high,1
0.7261899113798647,-0.15324707296111853,-1.015663230879826,-0.6509921024244543,0.6457976416037114,-0.37293060378407683,-0.9290274216262274,-0.944908722685067,-0.8222538873377844,medium,0
1.6829355073827668,-0.6084323895018459,0.29967197733792633,0.6980071239121806,-2.342478337665347,0.767363354700925,-0.8080396150878784,0.3820337057160107,-1.2926167437801948,very_high,1
-0.34371145091137495,0.7822555378932552,-0.40697436637337114,0.36249054269050746,-1.290942219493224,-0.307259794370037,0.0478735705295069,-0.3777648875224771,-0.01918358546512496,medium,0
0.43961011024887386,0.10807735180590161,-0.5789517573489231,-1.1185589817593242,0.15140739607201872,-0.8475690440273661,-1.0738264225230956,0.11758862988720224,-0.7686101830306623,low,1
0.587298945024951,0.909817202512047,-2.141430880319705,-0.6917591063569621,1.8640485304117584,-1.1664722707628565,-1.4544329242271647,0.5568747223681456,-1.311104785381777,low,1
0.9382919137720598,-0.6677693194356943,-0.8554826959255813,-1.311999570275952,-1.036329196838163,-0.44667079628665596,-1.17644536819256,0.32434571119492384,-0.8833930126823788,high,0
-1.0449081728708745,-0.19978351489400062,0.4728150699278325,-1.515475496399751,-0.12719938398244293,-0.7629759646578457,0.25870879273918035,-0.2796127199046768,0.9170539479507106,high,0
-0.616411642656282,0.7099596367448046,1.086380711205838,-0.6102524997523251,0.5682733771527843,-0.8699511860523284,-0.18514094950071358,0.8598335614674577,0.11092075752581357,low,1
0.5646038837158562,0.8125696454407514,0.38571084053145244,1.8123144914094973,0.599450686321704,0.5477016899642312,-0.02021754094803814,-0.6312411362407006,-0.7037703178892024,high,0
-0.157684871820509,1.670614657577503,0.43383524008887653,1.5730895657554465,0.44459199507312896,-0.1789343923465127,0.004933545742246439,0.12341913350096105,-0.4893873487507518,low,0
-0.5117672473229263,0.7205613870845317,0.9558027451124809,0.2001197130700385,0.04382879946042826,-0.35500785691944187,0.15108012343247146,-0.5711839740841865,0.16287155232646794,medium,0
0.686231430469922,0.7993114282138186,1.4697842587874956,1.2230032071803205,-1.177761457991358,0.16138326282225848,-0.4431912782956787,-0.21578712632821961,-0.9496277164361949,medium,0
-1.3554335452175081,0.6119139659329613,-0.918019061638965,-0.5144527577338225,-0.1585376924164567,-0.6759562895781845,0.6042808876017041,0.4484854541964401,0.9789976380288379,medium,0
-0.3670181053565024,0.3082333343511803,0.03047641392062887,0.8010343433684457,0.7769367029315166,0.32894822776820987,0.5880829458612968,0.9360561679360162,0.3781383061126291,high,0
-0.7758191594133594,1.1911582499505138,-0.7783085530065034,0.353924301619263,-0.13642215027761603,-0.5773643262903513,0.19774330450855876,-0.2164187116383712,0.19907093987656763,low,0
0.24862250361315102,-0.3774271874263554,0.23987275228472507,0.9545329196439915,-0.5066348337879193,0.8818202512699846,0.512236714672968,-0.97826564926624,0.15780599034651732,very_high,1
-0.32281301705781196,-0.026644331708865834,1.0216352138276081,-0.3576701446828454,-3.044656539243162,-0.1889488411011362,0.11893635490425121,0.4562494885285328,0.28576323676136406,high,1
0.012641744393294907,-0.3523231405928268,1.67817992212487,-0.4567588446234375,-0.39222961134402384,-0.04253296543914647,-0.04976432340447892,-0.8263652852658686,0.09900772378420736,high,1
0.3225954584190815,-0.012851838990596273,0.40848533814647026,1.3209034809651317,-0.19399479256662508,0.849177696891635,0.4261726241534636,1.6756362938455622,-0.06000627834237981,very_high,1
0.37431073567082707,-0.14217775729375431,-0.10069587281717701,0.40438766319116004,0.8380140545363104,0.3389760433346884,-0.04077581235079804,-0.07282243259034207,-0.23115486744597755,high,1
0.07439603439546183,0.24715147496766562,-0.5054897554445111,0.4152474101647713,-1.2858640172797149,0.08529333101474056,0.00970788324050195,-0.4693464664267112,-0.1385544027806386,high,1
-0.16189701322205108,1.4171494125071176,-0.35928530430641653,1.1950770054646145,1.0896295229091613,-0.24084939207471923,-0.045386773478414646,1.2167234924979469,-0.41430703610102904,low,0
-1.801985896015362,0.9760652802970672,-0.863189712166828,-0.5196266942882624,2.4015836610303523,-0.9099244316593251,0.7958291812641847,0.18496258734208662,1.2398735674903045,medium,0
2.0612607466027386,-1.34400427344558,1.1119533608604089,-0.6158957395107509,0.5065876716972757,0.4141145827011172,-1.4305084089952773,0.5775169546072118,-1.5377282128743734,very_high,1
0.5718684281255227,0.9891106525632496,-0.07567107265706344,0.95134167937707,-0.5659371308924055,-0.14636753878801895,-0.5977910006717072,-1.208858864620722,-0.9966545716751057,low,1
-0.5495439210882006,-0.02377093143064359,0.3143386831314305,0.6826548773827356,-0.31608296112297335,0.5090209848973827,0.8888576399689078,0.31412949645066596,0.744772454484755,very_high,0
0.5631102308924494,0.4746184587851528,-0.06727746491353453,0.4533792475847672,-1.1310672355025877,-0.09550154492279599,-0.5539290181939286,0.021092747850587245,-0.787502217099936,medium,0
-0.26618438321598553,1.5818357791746442,-0.06327395989691587,0.8312473686373052,0.12918747333171046,-0.5914393760363814,-0.24423920505923793,-0.3994654904728529,-0.4765952481913268,low,0
0.31192954908520376,-0.33507453658598685,0.44049449616333775,0.3404466319013897,0.4892118246643012,0.44325757378460856,0.09645334902714174,-0.11648835263103476,-0.06380103939486934,very_high,1
0.30735331380466646,0.38712966015379513,-0.08225369967145317,0.11408981005369301,1.3369690735559603,-0.2332695724513617,-0.4505685256183221,0.521449399059529,-0.5335738583679156,medium,0
-0.13751713287586442,1.3653780467390746,-1.1192502422206438,1.0699661686255044,0.25597714641877106,-0.2869202569028264,-0.10479916899230016,-0.33551583203306606,-0.4360054963945298,low,0
0.5815219574101562,0.9320420060733542,-0.897659385275054,0.5952437867678747,-0.7312545688129569,-0.3387665964512541,-0.7655708122087129,0.3056655686425959,-1.0479577831205436,low,1
0.2859166122274076,-0.6702078864822589,0.38505516793783434,-0.5449778536894148,1.544092663524045,0.1103052018178154,-0.16004676088468525,0.0778857269806748,-0.023608934886680963,very_high,1
0.8839444521215296,-0.5937443103100674,1.110753172414642,1.3711831166452657,0.432850402519974,1.2620935797900572,0.28216727276646647,-1.178179687334277,-0.305933401040276,very_high,1
-0.6039033650409367,0.1854543678645712,-0.336544921209111,0.7932392370917354,2.1353211239759577,0.4327513637599891,0.8745036422037855,-0.9803882514834749,0.7023407483425128,very_high,1
0.5408899339080021,0.8026940244240856,0.22525668198359955,-1.4073878725868378,-1.2039136489663802,-1.5533668328487833,-1.7356036690772796,-1.1646633485123947,-1.348332888052078,low,0
0.2223153741417958,-0.6697510382268408,0.5125436283994018,0.7089551043877498,-0.5678078421841054,0.9369193483570785,0.5769894463614532,1.2228079221334083,0.3072836971460574,very_high,1
0.5803974208111722,0.8836282821812209,0.9429386198972337,0.44765836513972396,0.007560180394133265,-0.39997284932306115,-0.8156978331201383,0.5269813913637531,-1.0490961043066416,low,1
0.41622152678610946,0.13031910789518358,0.4385792909210054,-0.98892267905784,-1.210160502980885,-0.7770008761936376,-0.9953471592999017,1.2272738220812627,-0.7295559084183851,low,0
2.0242620682911827,-1.2963146493650122,1.4744820073782556,0.368090219601106,0.45322190228289727,1.0270974334003706,-0.8921045663953179,-0.297949364813223,-1.3198655078004806,very_high,1
0.7738753057995351,-1.548218820189394,-0.35254624273661994,-2.5794836978636386,0.21566877093361858,-0.6198059816215911,-1.1888615819590584,0.43374968596096225,-0.4529066207932411,high,0
1.0581611099211001,-0.4948779804883012,-0.4213568077704419,-1.2465676455694445,-0.36723700079928584,-0.5399591797204705,-1.3538395905882397,-0.3230423687730068,-1.1000534714999524,medium,0
-1.4436946962393176,0.87802029075557,-1.3581749214775936,0.3595111314343664,1.3181970672340253,-0.29080506369868264,1.0005984236535252,0.11112937529651211,1.0993807616402196,high,0
0.7608557978082159,1.7508073958348396,-0.2846255042536789,1.398507991063071,1.495458245242957,-0.4259396704326961,-0.9815674627287302,2.4187777793134635,-1.555336871778995,low,1
0.20522454755590536,-0.3314347188957303,0.6754908472654697,1.498972644762349,-0.08145598777787942,1.208479897220534,0.8195738363973138,0.9955266916741141,0.2912608466145784,very_high,1
1.8420570360704216,-0.9911607056334061,-1.03873443416267,2.525573421761125,-0.18770160587403686,2.232452432473409,0.262252691781101,0.7254188271577661,-0.8527702736489767,very_high,1
0.5258743380670982,0.4357668405785569,0.9435977762729458,-0.4989842304138019,-0.48667632288159673,-0.6882548752457228,-1.0122178563039672,-0.6060838322196587,-0.9246020253685171,low,1
1.814593340937005,-0.3790932016378671,-0.019530389467102203,1.6367734961727387,0.01823099713711716,1.2042019269279198,-0.55698074901861,0.37120676347005876,-1.3719696252446225,very_high,0
1.198427593685234,-1.0141026197588126,-1.4603024352092226,-1.3837213797054644,-1.1652019999652885,-0.26114339539704096,-1.2488317689292083,-0.8141532565976035,-0.9716757961797607,high,0
0.1044505709062743,-0.5815047682708363,-0.47025571626635737,-1.4955551979002366,-0.8593992108172007,-0.5630244360405294,-0.5604961146470084,0.7172635437832151,-0.08160239444111374,high,0
0.5398902715114124,0.6255359489219513,-0.790017096815208,2.16416651832092,1.5844943751570586,0.9171742143566726,0.30400227759093595,0.6937061125361853,-0.49288231411101313,high,1
-2.4200576501761515,0.5881461261351089,-0.0682025303326691,-1.0712496145380492,-0.6920651986646917,-0.9378408368369204,1.2956336110634277,-0.2981525261999003,2.0142282759347925,high,0
-1.6624350068269427,0.17811944305554098,0.34992371524939253,-0.8099778596034877,-1.133421018292623,-0.527476953867301,0.9840018262976834,0.23061084876621443,1.501716170757672,high,0
0.6849113375062033,-0.6149494030317656,0.1822802235378697,-1.1008874929584,-0.2754823151790223,-0.3265789945273018,-0.8605834241888131,1.0370053243691586,-0.5994736541763336,high,0
-0.23147593357375396,0.4098085310261393,2.116012056830995,1.0289834664985595,1.1747618002330382,0.39310552721374065,0.5265946711043313,-0.5545932404325518,0.22101418169960962,high,1
0.1388627077368041,-0.6156077569036221,0.46215409605967733,0.10646127483574258,-1.8537322412191233,0.5091321431052332,0.29539503283593227,0.18291456362025593,0.23801528856711626,very_high,1
0.5890051493926672,0.939911420729777,-0.048829835933703165,-0.7863436334042007,-0.3754074464839619,-1.2506247988193064,-1.5250698651076946,-0.6374874348250117,-1.3505796885896157,low,0
0.512079336025177,0.23584624805415497,0.8406067127833832,0.03958636982170427,-0.1877270235798839,-0.18785357409359824,-0.58930210479853,0.7691357793100331,-0.6785748045946555,medium,1
0.7458016160833509,-0.009110973763684674,0.8967973320332352,-0.529943185169742,-0.19334094967962276,-0.4006575096086464,-0.9670800503641037,-0.06084952000292773,-0.9030631817652246,medium,0
-1.8378613727582125,0.8927047466782737,-0.3950468521695675,-0.5804962102813764,0.7475461257864594,-0.8859255343250056,0.8453367164473835,0.6603430545626816,1.3147520910227593,medium,0
0.311923290090365,-0.13961235092986488,1.6047350122948532,-0.13295740622055818,-2.9469042192840145,-0.010060196083257396,-0.2758497237840836,-0.042824379075518997,-0.2787611828269325,high,1
-0.7683810926229606,0.1899305710635064,-1.0751030481167556,-0.8768088984408399,-1.3449277870651724,-0.6518476215208708,0.11893354822174251,0.9926281029794295,0.5250017466429269,medium,0
0.35422450594079025,0.5821261941791459,1.3006254010559588,0.10998685289280863,-0.19807363014936016,-0.38243629254066375,-0.6116231015082986,-0.6140381615494112,-0.6998712562087129,low,0
-1.059287796373105,1.5585096771966667,-0.9096897884083344,1.3225660899848168,-1.0500547898231862,-0.18855224476133656,0.7646678894593819,-1.0559898119268434,0.48811014771012884,medium,0
-1.8135564300391624,2.027153555988999,-0.8927733072761507,1.3133365519152664,-1.2243872733579544,-0.47689524269894784,1.1748703182814577,-0.40463852004094636,1.0152658441409523,low,1
0.5755242891059376,-0.4462968390067545,-1.7890123905014412,1.1238176501429025,-0.6226138999593189,1.0168729922545119,0.34425082245864,-1.18120117314888,-0.11537343259619143,very_high,0
1.8768406751658588,-0.6805423766904516,-0.6411116541527696,0.2779999498034484,-0.571902849809924,0.5292630371591528,-1.170866750119382,0.7917452740087223,-1.5453933099475,high,1
0.40387667832173196,-0.19403977347029577,0.19495509241218734,-1.2744670339902286,0.15763455844094396,-0.7257746087453828,-0.9460508321727733,0.15047449877390098,-0.5844439078246549,medium,1
1.4737651732570622,-0.5481451697477008,-0.21224430983993056,-0.8152944955746912,1.3914579669559421,-0.25175289446340354,-1.470795703474102,-0.18733030982130086,-1.4222935155235326,medium,0
0.31605498454064984,0.4784919672875037,0.8117055716132655,0.2820212789906258,0.509683077242329,-0.1907696545041336,-0.42188564155885927,0.6149446390313781,-0.5616673801596564,medium,0
0.8242522837457917,0.8953363339464908,0.0019768447558107757,1.645129404213704,-0.41643843324802554,0.356667401584564,-0.39854210545430413,0.10957158007785811,-1.065364665781192,medium,0
0.48193373811693474,-0.2564954823730207,1.4336336088178778,-1.0752129269860653,-1.249564911924005,-0.5557546010764518,-0.8728638641371534,0.5368074692249037,-0.589123511562081,medium,0
0.3698438949505406,0.08545042725426631,0.02235055496636566,-0.7215247393776334,0.17676210325026384,-0.5651795103747322,-0.7813194213516991,-0.36634167713775767,-0.5973206206909231,medium,1
0.05973669721074493,-1.3670777830051177,0.6037814695529586,-2.5178351371066023,0.8452732970420956,-0.6545166258363978,-0.6065222974416806,0.7013898938094993,0.21627503308909524,very_high,0
0.42311243055422343,1.0365002668482508,-0.4030658680367221,1.3863010155079762,-0.8544934627380543,0.1159917215997089,-0.253699992508457,-0.7750449630162398,-0.7743810271765624,medium,0
-1.1180426685264393,0.034169720922095845,-1.3453354874152414,-1.5672043074671547,-0.3262337044413596,-0.9622127253891749,0.15906478130361082,0.1351903409873859,0.8459998817530769,medium,0
-1.412606594676459,1.52768605205739,-0.7334820666782794,0.41774736065983065,0.5510170602262995,-0.7305913576329368,0.6179186662978232,-0.8987998102438376,0.6941187232125016,low,0
0.19178970730107564,-0.8856822102199173,-0.8055266825105205,0.8198838012034806,0.5327832093226242,1.1701059125553688,0.793276615501195,-0.8758148246462933,0.49091118208889933,very_high,1
0.6912956469640392,-1.5270134152162433,-0.7148072589914705,-2.5010790341910125,0.4583179391254417,-0.5772949087321129,-1.0830897972488087,-1.0736928461974642,-0.3607193986500147,high,1
-1.6903892006688968,0.17938162367567476,-1.1719339292231947,-1.3060925396070402,1.0974849713531636,-0.8513070121219692,0.7403688820618902,-1.213463360152923,1.4267265746264077,high,0
-1.8574256127306978,1.1386720107464328,-0.5844009765960311,0.37631071610899747,0.6488819259038391,-0.4372666470868635,1.2353060396604967,-0.08308932774318312,1.391000049510262,medium,0
-1.7276543069920438,2.3759544161478847,0.2690526930157071,1.5455460607515028,1.2065357234543024,-0.5868826322529506,1.0145728622173371,1.202249003361171,0.7658740794420306,low,0
-1.6566684967853653,0.9539707257122555,-0.9395651672539582,-0.39050368776065647,1.610292980482871,-0.8208176284797325,0.7452613246722654,-0.08920329769166797,1.124704528426544,medium,0
-1.692224448868134,1.525824402383734,-1.5679882655602675,0.7705096519384143,-0.3930902007014615,-0.4755324409994645,1.0670427108239238,-1.7106033544365142,1.0681562263936626,medium,0
-0.4755729623326955,0.7775275140753415,-1.765387587029974,0.8217764897720489,-0.6078238926156243,0.007826011148539775,0.4205396523202459,-0.5042980158126232,0.22096185024500212,high,0
0.8284096800496448,0.9293265593454527,-0.7603636412161305,1.16826788473016,-0.7624179506029144,0.018920793629553345,-0.6806979285993046,-0.39338229774465705,-1.189996607413002,low,0
-0.5015877745167735,0.2662243571952302,-1.28950006972398,-0.5780905432498105,1.0185374276503947,-0.5333648866071495,-0.00989117599651964,-0.7982060763581541,0.25738233987865383,medium,0
1.6843972639665639,-0.7758964076436026,0.10269051674858726,1.3642239182315494,-1.165974185680461,1.32644388578033,-0.3493108102120938,1.8507811424357334,-1.0553046889556916,very_high,1
-0.7477577369374535,-0.48178229899959535,2.322609225262766,-2.00469937302464,0.6365532068732643,-0.9011413857125989,-0.11191461453882819,-1.258264629367288,0.6635271140114345,high,0
0.6727502798360709,-1.0327945527575983,-0.682074798023783,-1.926922956024917,-1.156996455664364,-0.561189894489058,-1.04856968676801,-0.11798109460737784,-0.5127030364865465,high,0
0.6739621439787944,-1.1586821200924016,-0.45822302925650094,-2.028192252841386,-2.4874567587061294,-0.5355296539016234,-1.0297834344084338,1.4141103906067818,-0.4607951348221253,high,0
0.8015716975368061,0.8322644088201127,-0.03151851332810415,1.2360643388674468,1.7509259419271435,0.1365481790022913,-0.5617094945954284,2.560502959355684,-1.0896702738961137,medium,0
0.5411941258772855,0.8108930224954704,0.7352693099749874,0.06901205078751493,-0.7801438813877718,-0.5917542438528237,-0.941472650015266,1.6370824079927424,-1.0436399023333434,low,1
0.51468939633612,-0.31219892546308703,-0.01833806663370996,0.13949714978830924,0.13480142329020342,0.2785014809742444,-0.21230411052491194,-1.2255347222149022,-0.33624733030989146,high,1
0.5661709380184031,0.0018592843367226694,-0.33338005560766565,1.1751258366940742,0.0833453509750919,0.7232729712773027,0.11460917856287442,-0.6235968803326393,-0.35967410049636483,very_high,1
0.3959551188779813,-1.1395713219025494,-0.19308207400661265,-2.2902660704247113,-0.531411401138425,-0.6989145111335102,-0.9274423257426796,-1.5231724641738478,-0.2299260594615118,high,0
0.23111869961790799,-0.6086195223790658,-0.8491048509902235,-1.2310573311722492,0.4853599075531901,-0.3800181881470841,-0.517652583937763,-0.5090938053115694,-0.14545442755148283,high,1
0.33287819777554795,-0.866061082127533,-0.09731115070159116,-1.8725259979439168,2.004423303675171,-0.6202184431711789,-0.8056562333805327,2.040133885996919,-0.23659532696632704,high,0
-0.3767119764022893,0.8557787083687869,0.39537368118566585,0.4938770980705745,0.9316659668680948,-0.27230119472637826,0.10569671006256974,0.3970466698823999,0.00018171712100265578,medium,0
-1.3601478220392593,1.1001285203721893,1.2237936225131651,0.05712173094077311,1.1584719964733277,-0.6582617387138924,0.6282529332599907,-0.8193415927345735,0.8152387058256763,medium,0
0.18458206385059672,-0.42425896574679245,0.807739555984151,0.08427242790466943,-0.7411626686348293,0.3508741102319103,0.1277733899175757,-1.631067625194979,0.07131077750364888,very_high,1
0.42608533552067474,-1.2613639714341294,-0.28478940951539505,-2.4553044693907755,-1.5365306903820384,-0.7203720354312037,-0.9721931428352795,-0.1296730520286007,-0.22473641307630074,high,1
0.7451954606931943,1.7169545980948757,0.1501356539562031,1.9686181957972702,1.1433981071495527,-0.02625274134248147,-0.6384369383900941,-0.21519632356018042,-1.39891902411311,low,1
0.7423303053723787,-0.4730718856043116,0.509887247921195,-0.33021959400630063,-2.9667530687407306,0.07006793281626914,-0.5803668002734427,1.5095239926988544,-0.5830189319130868,high,1
-0.48346915446173244,0.15616678711034684,0.6700496718155238,-0.46344165814638316,-2.3789960407532242,-0.37913635192476114,0.1008482759014119,-0.24734038702515676,0.32717187142319953,high,0
-0.08878405432181058,-0.03564477011424312,1.2354317757568007,0.35753596593917214,-0.599355705052997,0.2675592146562779,0.2963335197358336,-0.2617807223427068,0.19102839760512164,high,1
0.569430555948117,0.8292545410803935,0.7673073626024868,0.17237948619970733,0.48721819463042715,-0.5397162196096883,-0.9223686489735261,-0.02968879028597843,-1.062988674061049,low,1
-1.3786102937358848,2.0799531620944824,0.6865677467531761,1.6157405260576432,-0.7377367046848409,-0.35233056111967753,0.9074086704280071,1.3663894118544384,0.5825683619701364,low,0
1.0390214402347273,-0.3943822551281126,-0.09676010318688932,-1.4459986505029558,-0.6332727047102726,-0.7426742851527067,-1.503863127560626,1.8055744326868153,-1.1808901892683643,medium,1
2.492947712750824,-1.0016995066743017,-0.12107543239055386,1.2462680314599281,-0.664700905151014,1.349340838745263,-1.0224126285973525,-1.451834745168435,-1.810810082755011,very_high,1
0.3808242893394955,0.6034624793758977,-0.9116173021539026,1.030450275874049,0.7820273875741276,0.20308377505429678,-0.1504297573603714,-1.7632366989034851,-0.5477374779934622,medium,0
0.61248003368731,1.0689065683720897,-0.9157550411335605,0.5587104791070046,-0.386022797870698,-0.4653645946143446,-0.8950477427974309,0.23604306382437004,-1.1696684154920507,low,1
0.5165811330119657,0.6080770270461556,1.031653774575175,0.4832729081404581,1.455600479257298,-0.16983668891586903,-0.5741910513435758,0.618360566259665,-0.8104264210626863,medium,1
1.4494847549407353,-2.1536239217031636,-0.5866945887618727,-2.9983837839204024,0.009226992995468902,-0.5056447590416147,-1.6773524013794463,-0.0936090233663665,-0.9049462282271026,very_high,0
-1.1526957677852145,1.944236531131547,0.9959736788464457,1.7230976514531835,-1.181981996068219,-0.20081957233227565,0.8384107034590585,-1.0042905634942532,0.4438797093053315,low,0
0.7405699459356296,1.2265616357619513,-1.4289046065117268,-2.054867794318228,-0.5619301138579263,-2.3039959956660945,-2.521288631323029,-0.030786502413415195,-1.9483767514922181,low,1
0.33678918997437124,-0.2551589000126235,-1.0141642181269683,0.32689327145492414,-0.15974849799158664,0.37388900912544176,0.01882691483999169,-0.8888596980356747,-0.14048652968252365,very_high,1
0.5678413816053115,0.7196180137910508,-0.5041286736516637,0.581094149465231,-0.9289264824607304,-0.1914786620865456,-0.6345641814641427,-1.7157083186381294,-0.9106627856199611,low,1
-0.8168599500227314,-0.10937452524876416,1.3071354231507137,-1.5584800471896911,-0.30445802114822945,-0.8756726876578184,-0.02787547204673486,-2.799964302593586,0.610781658000815,medium,1
2.2460389008527133,0.8041637727798843,0.491445510894402,1.7264123912265479,1.4758791505039655,0.3622836643088106,-1.6074259147511425,-1.2843870360725143,-2.514203566293585,low,0
-0.1584720733909909,0.01469827762339687,-1.372079187269614,0.10371587507104757,-0.9367952349593828,0.06996776986057966,0.1931026346665368,1.2058184207160432,0.18247373528693148,high,0
-0.6206580748288792,1.9169853223483082,-1.4247656537214894,1.7473327340635194,0.2837880278380801,-0.2077939522611102,0.37862018510486234,-3.9224002516183423,-0.10363929987739405,low,0
0.7076946182572791,1.6038370753612643,-1.1285906730970345,2.450335056166881,-1.532683970923734,0.37526729064049225,-0.27603255354786765,-0.21359324220504247,-1.1908246167675693,low,1
1.0620676877612236,-0.5495588984973193,-0.2996934959328892,-0.8992382474763712,-1.106732987729451,-0.27261474908829647,-1.136939853193207,-0.013503244592976752,-0.9989900401499461,high,1
-0.4002809603243095,0.8441966680735891,0.9328953551938086,2.5571164908890798,1.5564160355717669,1.0903251292555898,1.2512120632858152,1.6009079918889153,0.46525992126250976,very_high,1
-1.1992249122882508,0.21234887302047029,-0.370036612568197,-0.6424002188244864,-1.1534825308886436,-0.479961242261357,0.6285900286847114,-0.34201734580477505,1.0214919769125643,high,1
-2.920177503462989,2.0212263283175234,-0.45768456167907784,0.44900674344392166,0.33658304545903495,-0.9500158437933034,1.7277509104502395,-1.0756504835748875,2.02029206516585,low,1
0.03730464892109153,0.7034730054227283,-1.407087194784017,-0.0993123181903639,-0.8774840221556317,-0.5829227210182477,-0.5056252835498352,-0.06374528550396617,-0.4767985747587381,low,1
0.4707569815014417,0.23063678480199148,-0.30226939208252646,-0.4267963573349237,-0.263423635119504,-0.4863855307771902,-0.8007086944850499,-0.06828620776429063,-0.7292065667565499,medium,1
1.146056382922348,-0.7033466933858344,-1.2896760979610558,0.24199491314760496,1.718439615602714,0.5811450575219747,-0.5050343211820247,-0.45325952594704233,-0.7582877458997664,very_high,1
-0.5258675302493347,0.5619459949371342,-0.5638483318598599,2.451662373933644,0.43737267417966835,1.2378766823124192,1.477108844218425,1.2322042374139113,0.7443140571513903,very_high,0
-0.16215518146981123,-0.13959466879543497,1.3558053394315013,-1.0436661575285777,-0.3894035615253766,-0.5688156918916445,-0.33308363600374735,-0.42657125283057357,0.03685618869633539,high,0
-1.0920979321345012,2.208081137200205,0.5156606300833942,1.6399058479107307,-0.4785542667177183,-0.45331167558219465,0.5810545207829262,-0.6462423241465945,0.20558890676342392,low,0
0.4713201008034103,0.49412250194059826,0.410383276786892,0.23707157420272812,0.41135763115143903,-0.24415982161120187,-0.5982286030107042,-0.7204550706750589,-0.7463175102116709,medium,1
0.2853315761893782,-0.5429964559129418,0.396366956467351,0.7386442454937685,0.8179815444538614,0.8585436502117223,0.45989431066054076,-1.039220163990766,0.17118289422712282,very_high,0
0.2657583337485511,0.0007301483815106546,-0.9413814861392652,-0.11006674159846785,-0.18173353761590585,-0.09405238033891858,-0.30432387230440483,-0.07296943188127829,-0.3076160166925892,high,1
0.08275018753997865,0.3104762902223305,-2.102600691921022,-0.1725964146741374,0.20073854075838948,-0.3469973965216329,-0.35380072306477517,1.4056475975079636,-0.3083158145671429,medium,0
0.6842972696777572,1.242366674971256,-0.3559349170869707,0.8811061635908435,-1.1742022957201466,-0.3867886017924898,-0.8894945771401634,0.780201721186075,-1.2813682863300186,low,1
0.7582320249787682,1.5442940522352315,-0.2631612720598266,0.5385097725012479,1.8951486121089698,-0.8382388962268114,-1.3221498185826113,-0.4516410891769469,-1.6108841320831473,low,1
0.5832923428712318,0.8808666574764509,-0.9282658386559959,1.1344540161207206,-1.364470853617281,0.05194349860490288,-0.44490980477966463,-0.20583985992134396,-0.9064122297640067,medium,1
0.48131082161090244,0.2897737097016396,2.159121154603292,-0.6321252703617204,-0.041248128979203026,-0.6650867897478159,-0.9566717748502841,2.0994075205025093,-0.8185599407597224,low,1
-1.264934921374472,2.895113695391928,1.3345061333378379,2.541127052883466,-1.1068702915340567,-0.35154392769467757,0.8200229288393959,-1.2223646149872391,0.17313835345696826,low,0
0.3971462123025028,0.3398408588105969,1.2307029049844702,0.4919090055340412,-0.2821257769339113,0.041738658436724474,-0.30050310440980005,1.5723982102703271,-0.5222918554164824,medium,0
0.5617259737830409,-0.6446353816446192,-0.7946591841458039,-0.11594048680365476,0.17769804579023982,0.35059415167327895,-0.19650182408073888,1.4717088983618904,-0.2435149163602944,very_high,1
1.539180474651374,-0.8451365885451595,-0.35991109356667156,1.0416622632983485,-0.7146641168409925,1.1773913637340838,-0.3493426792050995,-0.18080744508722618,-0.9268211238860558,very_high,1
1.0622122898762285,-0.2813370636462572,-2.0843316213428005,1.1309903150128875,0.5212157911887249,0.8616958558883779,-0.1971807621634491,2.1487062939370514,-0.7316823930671833,very_high,1
0.174027739008222,-0.742691471830339,-0.265920074195552,1.3934447693734684,0.6297395144087381,1.4428018052380644,1.0352364337931892,-1.6191730565158649,0.5457034990078656,very_high,1
0.22391398327840067,-0.6700418895091108,1.3831945153293432,0.5764645099444032,0.4800636179041039,0.8501688216153149,0.5039662115996625,-1.4427147860027125,0.2779396938651875,very_high,1
-0.129406974206146,-0.6085273224706016,0.6564065654899721,0.5896718344665084,1.2891318354374448,0.8422301407112809,0.7993998688552562,-1.4413417457153697,0.6220117634267708,very_high,1
0.19555195258424019,0.582582057865767,-0.07686540700366203,0.21802305979155123,-0.10744488179424941,-0.29919761961802327,-0.40754326308909267,0.5629106602850852,-0.5078526096308735,medium,0
0.4953255389465518,0.27232388053636203,-0.5525693461188524,-0.6588663767414455,0.9453117712358652,-0.6709699261440334,-0.9736740264020731,0.0077278931756846435,-0.8288325384902049,low,1
1.00974560000386,-0.4897426419384213,0.809861984870875,1.6714624475711817,-0.09800096678333993,1.372664194935781,0.26735067135155544,-0.10140782972186395,-0.43889929091191976,very_high,1
0.7671268699926084,1.4971837809623043,0.21668909749767315,-0.45005822398586026,-0.007480796740746615,-1.4523879077576498,-1.8375431095441581,0.7740227740710525,-1.8000094922105394,low,1
0.9015781340589928,-0.005282160901558079,-0.4289807173724197,-0.24778846287691192,-1.3011092663913453,-0.2310664732946618,-0.9598036050746452,-0.4296349785275087,-1.0126268598370862,medium,1
0.2391418035122615,-0.7684224100588414,1.9740786877450238,0.750566565568964,1.0274793433526916,1.0350499538957934,0.6426179393061359,0.8823970897899802,0.35639087985611195,very_high,1
-1.5662742340528821,1.4847003029756545,-0.061097508005868134,1.596827370964847,1.9529173824895107,0.08600281545089176,1.423013820313627,-1.7291828895034203,1.1312726436626444,high,1
1.1053374671078333,1.9586565886294915,1.9333597477143571,3.1124294579844825,1.846395920599248,0.517544045153886,-0.4937501044361045,-0.8258327732380476,-1.686788070441302,low,0
-0.984482668604956,-0.2218187683699368,-0.8144028209931906,-1.6381468580121472,0.5709456946038727,-0.8321099870011169,0.14983061878433346,0.06440752243194205,0.8397485943059366,high,0
0.7911091591857173,-0.27386986384209183,-0.23186850662578992,1.6568047349301014,0.6099513873319773,1.2226614615367706,0.3322636196582352,0.18421722953009348,-0.3359441310371888,very_high,0
-0.563119069225082,0.639795113013443,-0.3313522990878492,0.4424994056553683,-1.0034389034995035,-0.13291195446921442,0.3774444767434675,-1.3452096708086025,0.31640525700898064,high,0
-0.7073043585487476,1.3675215500527476,0.8234231845623113,1.0345842422696476,-0.08313352572149399,-0.26583974899244056,0.398562249160912,-1.7046219581771158,0.16437676935172582,low,1
0.6288625270073027,1.1865504890792604,-0.6798885397361863,2.6515089991258702,-0.8335982829664064,0.818847685244539,0.1530378431739029,-1.8337057676294346,-0.8175249114367076,medium,1
-0.020500365116273123,-0.02236952890744089,1.530334564354411,-1.0900372251665018,0.2103671135408869,-0.6963938219869096,-0.5579890752185209,-0.7618246716588487,-0.1936328819952764,medium,0
-0.4629921495286885,0.04845088588938693,-1.525185436662198,0.35372265560798555,-0.3564271205250787,0.23361967816120538,0.5883499682718196,-0.8612881023859011,0.540499678680599,very_high,1
-0.5041424019709659,-0.2480341992427086,1.3697811019623787,0.5140125513623798,1.554282441611026,0.558965310528222,0.8889418372672993,0.5385031566390435,0.7934889255544579,very_high,1
0.03024882210949431,-0.6648281383060086,0.9704626369066661,-0.9577036038498965,1.0929591108966683,-0.1435656215134504,-0.15164928098224942,-0.07502700039680087,0.1598830359753939,high,1
0.9706603602099539,-1.2325881947582753,-0.034572225485819015,-1.6828364650247862,-0.6422324784439893,-0.2789636430760825,-1.0716951194113784,0.034393795307583075,-0.6617556100395026,high,1
0.6151469537950045,0.9198482544419613,-0.7956551338258075,0.27123048176990927,0.5106006904103135,-0.5449071716913619,-0.9646541194777759,-0.024129110454973405,-1.1446932674346946,low,1
-0.5553728981589107,0.5926078667984148,-1.0198013336945937,-0.2685748981921728,-2.3910785652839595,-0.5650419298072684,0.013379351239040271,0.829149035059542,0.18679381843097162,medium,0
0.40432699585089726,-0.2610798567376462,1.3523625459261506,0.47133507343664016,-0.1692744383326247,0.4674565314770645,0.03845232156718944,0.625318334021503,-0.17886376152122613,very_high,1
0.7454867370470832,1.7257158040123015,0.03433338856883548,2.2571505922430877,0.9256767577138694,0.1564170928722419,-0.48770263095959004,1.1644117405352703,-1.3438549865816056,low,1
-0.2645343855611574,1.3716238240030005,1.2434691283459636,0.45838839360574385,0.34292637732134257,-0.6821029294432223,-0.3228327157233803,-0.15647737612315848,-0.4322823526289598,low,0
1.7684971678176962,-0.7909180952963948,-0.588018519036967,-0.0692066092472089,1.4554013377261916,0.3911965209686535,-1.1937198836459804,0.8594142547594531,-1.4371679240768802,high,0
-0.033846763689920234,-0.1549111092641463,0.6352455366039567,0.9553903647169419,-0.17022379197117923,0.7422596183803126,0.6402853784023396,0.2893389056429845,0.32832253893544844,very_high,1
0.8035414455805382,1.6749188323416506,-1.0804073292785017,0.6761221029157275,0.08387250176093364,-0.8472892659558044,-1.3668386209468946,-1.2931222504049704,-1.7076953132815436,low,1
-0.5236500351072044,0.6938713744942586,-1.227828566056992,-0.014219124474178169,0.058608917371792725,-0.474997386062874,0.06180983721329372,-0.31146719489920155,0.1463742998748594,medium,0
-0.23644092747838297,0.1954555569426468,-0.09759389015441426,0.2378961952557927,-0.5387262803464412,0.03189649555737701,0.23012424209881283,0.842774030099027,0.1870694895121492,high,1
1.3501325490346403,-0.16607531212270887,-0.2252626424913536,0.2103662922017624,-1.4387201010568695,0.15079944400158893,-1.028671848335897,2.3654077719999735,-1.300849795449295,high,0
0.7759736786526402,1.6217841488748284,1.1655948951441282,0.12329337662452067,0.9625025919532985,-1.1685110082675798,-1.609241134765921,0.28384456730273677,-1.7628274474873191,low,0
0.28175899055447495,0.33958834658907855,-0.3498853491230032,-0.6841870406388417,-0.12064303412983486,-0.7196110666602195,-0.8309833306281496,0.7611740390516385,-0.645638555647546,low,1
-0.8873097198922738,1.2934179640972936,0.3019609001717647,1.0908831360216091,-1.455054605090552,-0.16022785554790864,0.6385007246197627,-0.816154989028044,0.4124396628539959,medium,0
0.4607243351686692,0.47115541542203676,-0.40415715947930275,0.7903608774583327,0.24347507713677022,0.13612855969277401,-0.2753216481247853,1.542736367279776,-0.605282323371178,medium,1
-0.4468302076993091,-0.40816809637189316,-1.5669593711673528,-1.5491518643976485,0.33649978882090087,-0.6806573178815691,-0.18562488569594326,-0.6723935843265022,0.3939200773337397,high,0
-2.3257585015885733,1.4991565272656557,-0.45144539032493364,0.33123247672069045,0.10311792571720485,-0.6929524649778737,1.4274501125724823,1.1364555743248452,1.668951999686011,medium,0
0.48406564143129516,0.5728840151572171,1.411356861745625,1.9890756760420907,1.5019529651885957,0.8454430744036779,0.2917845552781191,-0.4149162781203273,-0.43881488851057193,high,0
-2.5463521924244645,0.6968449016667372,0.7020303236673265,-0.9177788502866708,-0.8432983112849525,-0.9066458191540637,1.4302953340681994,0.10649398029009184,2.1171505359633396,high,0
0.7729151888112502,-0.2712693424986079,2.426178003841775,1.307479731789162,-0.3306586623763318,0.9932731948493148,0.15833138693450477,1.4939281436421976,-0.3913502398486005,very_high,1
1.1162137799648222,-0.1759855874236076,0.7636681497189952,-0.35455858938598395,-0.1564092787928027,-0.19338297853508404,-1.1135876611814377,0.5910905313252215,-1.163506670323133,medium,0
-0.9004189332004666,0.4785488231713378,-0.9221889054316275,0.8941678648419817,-1.001314654197967,0.30825541481970964,1.0277461838843336,-1.4924622700059929,0.8671306637747888,high,0
0.7139869811338635,1.010323729913112,-0.4362630321800288,-0.7357568077148555,-0.19805976321890642,-1.2790554264190153,-1.6543711440593927,-0.09600066173385824,-1.5152085080006585,low,1
0.2629334597902012,-0.6270847683637875,1.6264307346088593,0.1307977361557927,0.38292171005726305,0.5235003824084924,0.20132801809057274,0.5686446160127705,0.11728539587700265,very_high,1
0.6027454210740322,-0.025628911164884253,0.07128726054946169,0.12593905258896143,0.026185149185798437,0.05280712844856582,-0.470693597831126,-1.9783849165730842,-0.6027161302541097,high,1
0.5023897058074107,-0.6312415365366214,-0.5831657172559563,-1.3238194045065677,-0.40011966130113097,-0.4460823954937857,-0.8038144981372001,0.305085404706753,-0.4415193932252719,high,0
0.5225417101929354,-0.07430772909262076,0.14342893703732443,2.1894385223209865,0.9719303434406339,1.4473091256784654,0.7490450827212457,-1.4548921652893105,-0.055102098121232075,very_high,1
-0.48381863376757295,1.211893183982558,0.295195368158836,0.4359497141206853,1.1084446017228928,-0.5622703853785481,-0.0385859054086849,-1.0893426377121063,-0.10811244332925354,low,0
0.668044014756859,1.3519505421420914,0.7831598877770107,-0.12667735061659025,0.7728478385437232,-1.1261839462745502,-1.4851831849748502,-0.27837296760789404,-1.5403231707116993,low,0
0.4040703313144517,0.21239256064524156,1.1904749851934822,1.2203858976348978,-0.28370672836473176,0.6118999902117768,0.1631574748380099,0.6928152103009226,-0.3014194304164877,high,1
-0.7102249513887549,-0.08559524305331673,0.22629226724343637,0.9455604047276396,-0.7877224332655192,0.7395024344168817,1.2155935633835109,-0.20820525798996595,1.0082785096282365,very_high,1
-0.006511820406743751,-0.42285882051106893,-0.5319315082920923,-1.3579767177183402,-0.4908728948935657,-0.5800322281134968,-0.4781800238432099,-0.9888723476355838,-0.027946851872788028,high,0
0.6910856970399146,-0.47153171062717064,0.26930618956233815,-0.8524699323634778,-1.532598234597762,-0.26922128766485154,-0.8169036112942103,-1.4092157980245135,-0.6387619464347226,high,0
-1.9973965272155518,0.9620498977641668,1.5579054323183568,-0.417488155273785,-0.8089638929258004,-0.8170048947234713,1.0390782702276935,0.5424239695321018,1.4784849050027307,medium,0
-0.9300709243075471,0.2897076241489164,1.2373697935635992,1.0663822043883728,-0.0963846363148971,0.5617128935177921,1.2603282972658216,0.21446326746755132,1.0466641874233258,very_high,1
0.4275713697915703,0.3780451642037489,-1.5302791359297876,0.3705820568046615,1.8325612403560125,-0.06818665768169166,-0.41683203395623936,0.2811920179102754,-0.602875509283748,medium,1
-0.5362420330542075,1.9496900372435533,1.2120907193227362,1.4968740614573186,0.5025462464541818,-0.4026712905080088,0.14601555421784873,-0.6226717665523829,-0.26578612695848414,low,0
-0.629577732835255,1.3939056475128604,-0.1121264436113449,0.8551318145491371,0.6694383715424684,-0.40901550086174926,0.21429938495584605,0.40251620973532143,0.028021851400584826,low,0
-0.7423083302602971,-0.3666947625453718,-1.715093347182539,0.054542666982075105,0.9496414986165338,0.3638282903987071,0.9295724075268839,0.24523584789423636,1.0218267339143514,very_high,1
1.244878565886069,-1.420686315223823,-0.541473006507169,-1.9469866716455664,1.1911730449400957,-0.336490729189882,-1.3551272301092028,1.3978443070314983,-0.8990691059390727,high,0
0.6292298896486044,-0.1056003059731154,-1.2237448466562693,-1.0180606163479777,-0.4093202145866852,-0.6405781909682985,-1.0668967133260905,-0.07398478153626888,-0.823829933741656,medium,1
0.8120667549923395,1.7115002018888188,1.352039365974326,0.2306609424043179,-1.389780143192669,-1.1667036781287357,-1.6375486017531997,-0.27037139913579117,-1.8319385925275729,low,1
-1.0675832269022751,0.08278986096475809,-0.5918760663430924,-1.5366915350095045,0.2270288603889453,-0.9818562718197983,0.10033764326945994,-0.3449831619570674,0.7697081305198483,medium,0
-1.816804029845659,0.5545620925670539,1.4968802738508562,-0.9055652875643416,-0.0762390173205976,-0.8532035039491147,0.8507117100134564,-1.406719432559558,1.424015819134735,medium,0
-1.6208930512363589,0.758749883145311,0.5076118229432475,0.5643926905288355,0.3420994815573816,-0.05498238055489937,1.345204705504642,0.34936355348237974,1.4023421823324513,high,1
0.6747646817438596,1.334187205852806,-0.7424867777695996,0.42938811985013503,-0.8385006163839522,-0.7492774700134356,-1.1797806227758885,-0.2899813544366399,-1.4202936048715777,low,1
0.962726151734085,-0.9286779689598872,0.4522743776485788,-0.4360475574259033,0.336903263976616,0.31640961579805105,-0.569823421741929,-2.2243841086088687,-0.5713491418933844,very_high,1
-1.3426499124724833,0.7664396996157102,-1.8861287039510262,-0.7695528447626812,0.13807840841754684,-0.9572667839947686,0.36270254356146586,-2.1045827987653323,0.8203958147119308,medium,0
-1.4712637375413387,2.2553540185391934,0.6055136511241652,1.3703115330438564,0.014108356253124855,-0.6340976291813404,0.7556000678296056,0.681634223668389,0.526356790898861,low,0
0.45341313439510345,0.35121292883232585,-0.8819607642671741,-0.9934030981087203,-0.4457574597968489,-0.9445890310927509,-1.1630800424244492,1.0103793132832635,-0.900902777225293,low,1
-2.67260968125481,0.7879644299672237,-0.5913947298380474,-0.4755319267721442,0.5637878750069146,-0.6733236690095264,1.73169219949412,0.014004967371380734,2.291039138049801,high,0
0.38873885519569934,-0.019461413179327917,-1.0857477107815494,-0.4883416425104561,-0.5837221335626013,-0.33709158046681714,-0.6101772697519117,1.1765332537877653,-0.5065264474289266,medium,0
-0.7541762688761398,0.04887902229244411,0.2739110868471789,-1.0511749983571648,0.24409844350238658,-0.6640428790164504,0.09520444118030766,2.0135542946486997,0.5566481120305644,high,0
1.2444711727479305,-0.7474970634374858,-1.2672766883727302,0.10133210801548004,-0.8420986897213886,0.5133479930846124,-0.645447834198946,-2.2176090801520147,-0.8668976693852074,very_high,1
2.487012140326873,-1.0767147756730555,1.0994637713956532,0.9965196164836709,0.12466339340755687,1.2410318221159546,-1.107634754634705,1.862869121400177,-1.8125138333630142,very_high,0
-0.3016233552756127,-0.25914829871940004,-0.30746090001514215,0.6894309360394526,-1.5722305440781297,0.665776488109066,0.8043353189776996,0.21655473837820582,0.6203959550975537,very_high,1
-0.6028297958634253,2.2533775604890294,-0.1332787152291555,2.0374026229562894,1.1206857064225952,-0.2653018357353124,0.31959032653933733,0.3852126522593542,-0.26078029092233074,low,1
0.6600756469037659,1.2504274678371436,0.11494177175913174,0.2483876677380467,-1.025219085737433,-0.8054250565052283,-1.2145473798666748,-1.8802884105687847,-1.3930394287703665,low,1
-2.1908851241635485,2.79443045695161,0.05990977407950356,1.8685006518009528,-0.7223474046150294,-0.6442096653680359,1.3668457673005516,0.6568987063196474,1.0813152529707888,low,0
-1.7865587900075925,1.1637237110465413,1.6165216545137489,-0.2645359032767156,-0.3492618853479615,-0.8813147254662381,0.8083554774685195,-1.5166625462859213,1.1659283616402918,medium,0
-0.3457634932455762,1.0776491742821745,-0.6431833420270304,1.1708381538777806,-0.8538230875043771,0.0065171699580961594,0.31203464099223716,-0.44360683020738595,-0.022047914011011246,medium,0
-0.23892859650006892,-0.19707169807700461,1.1138623979822204,1.778632352725798,0.5069763458281417,1.3291686805161633,1.299514533572727,1.182900489387524,0.7452643278197038,very_high,1
0.6637900810782844,1.2609121847393165,-0.10346278984692345,-0.191193296049175,0.8461184692959337,-1.1014998797608893,-1.4621610543291579,-1.0504376287559674,-1.4954707754051524,low,1
1.4108450755209803,-0.9484228314070032,1.3831356467781524,0.41508957572586325,1.1222033332933687,0.8526472904079868,-0.5092662453619353,-0.20331828541750677,-0.8600519972460555,very_high,1
0.37370367502106283,-0.06139949318046264,0.8187659708488161,-1.690246053306982,-0.038323835697372494,-1.092922084330643,-1.22213627025169,-1.980836470922634,-0.7179060340369607,low,0
0.8794490850964456,0.49001821494740594,-0.38438737659292116,-0.13934913255636538,-0.9391555697706817,-0.5206969672467056,-1.1747557813299232,0.23622364626423303,-1.2591642466206248,low,0
0.7993864052206782,1.8483002809003741,0.8596307868548461,0.9253938718498511,-0.3248579264985461,-0.8104694944588529,-1.3309867464137586,1.6639862798080995,-1.7534851147112915,low,0
0.6209869869607024,0.8632935659946207,0.29522475834524275,-0.040624256127640535,1.0716803738905898,-0.7083784638197764,-1.105281492387485,-0.43651486326554356,-1.1829382404173732,low,0
0.2808441771429737,-0.5037198734125157,0.836484137964941,1.9939215323423292,-0.19543484652276386,1.6528732807705122,1.1202740795754642,-2.215822425020668,0.4162073119507903,very_high,1
-0.3541741736225772,0.26222940991591975,-0.5492386533125753,0.05251862351748671,-0.9928687053786982,-0.12899709107702087,0.19835957566283685,-2.17554877698757,0.23451948490243152,high,0
0.6426936918645905,0.9160828878418608,0.5817233649705059,-0.28588026615825235,-0.45903167317890037,-0.9094998586077019,-1.289344558219572,-0.7687664100385205,-1.2888390578878113,low,0
1.7915629499531693,-0.8949453155543032,0.6097377233367051,0.1311240461550887,0.6887127445547695,0.5967699104043321,-1.0447222367794287,0.28191802075105005,-1.358250471932718,very_high,1
-2.868442984379255,1.183737527804976,-0.5505870670007066,0.7768465982792705,0.1376619408680461,-0.126399940491969,2.3547920149269514,1.3025903967862316,2.529140704680327,high,0
0.44339780645717214,0.15623212246082174,-1.1586032636594852,0.16778188843939112,-0.27583995989645654,-0.0400434001766464,-0.4095067519377308,0.06323214651310118,-0.5311629324850272,high,1
0.9688776637238685,-0.15655491370288824,1.5051959988790395,1.596549028849496,-1.55102618198332,1.083012266244813,0.06658991647972945,0.6793813730119062,-0.6080042890311163,very_high,1
-0.24281426832330427,0.06502629030457015,1.000820497768414,-0.8951586158346068,-0.7710421571412046,-0.6147449050389472,-0.2999976677336468,1.1971785314619128,0.03322020869461026,medium,1
2.927744625434648,-1.7206712115002556,2.001922459248361,-1.313155359938782,-0.09860839900467729,0.16308194860551034,-2.380934115343123,1.1263934497220656,-2.387515998367018,high,1
0.5436603249799691,0.6498358885427868,-0.09931433779203207,1.482201203608069,-0.6938044179018226,0.45212482542645227,-0.083082385136983,2.0512469432694633,-0.6544160502830333,high,0
0.10894815938618252,-1.3710995984579073,1.193586535476262,0.8891651784825638,0.07386343441088038,1.57742710350425,1.1950713069082122,-0.4502018916658434,0.8811119488571196,very_high,1
1.5676711609035432,0.474577455796611,-1.4308312016246718,1.3487081013882376,-0.14945569316498877,0.4105143507051419,-0.9926642062164035,-2.712612563810438,-1.6733948116406694,medium,0
1.371585312859921,-0.9034816662147812,0.7639029085756444,-0.2876045209894845,-0.4496501938428139,0.36236773981201265,-0.8802690235709136,-3.3755791001776,-0.992147939791798,very_high,1
-0.575695039045353,0.6658149930436682,-1.5285912962592862,1.370621810334225,-0.3317787717721222,0.45735181689604104,0.8760171730132293,0.10577038352412323,0.5092533934576332,high,1
-1.449406705767532,0.9764023142504673,-0.25155190018413637,-0.2864234575348031,2.768373605625943,-0.7856934493659731,0.597762610433981,-1.0958708107987174,0.911728280014585,medium,0
-0.04979459889082222,0.5022948222869063,2.2887906608802893,1.472415530112413,0.4000000056135664,0.6014308837540945,0.5447428532029095,-0.22694246613792435,0.06517085210611946,high,0
-0.12501734284784316,-0.9525020741818485,-0.7748021781355291,-2.030245442474464,1.0654247235975804,-0.6234899286956685,-0.4188012773687002,0.5161630229264693,0.27089808149626965,high,0
1.749499059719001,-1.0192187359343838,0.7489361138059267,-0.30558316402650365,0.04621160367091715,0.40488319804729545,-1.168707744722835,-1.5184156988286825,-1.3314393856880333,very_high,1
-2.66769024031378,2.0234510018871363,-0.11599707232153356,1.0530402945691237,-0.7423863704307346,-0.5760706241304765,1.8213315080356678,-1.339489366528659,1.8758539759740145,medium,0
0.4841317849604783,-0.7689161741126851,-0.2451724218513857,0.5533972571445898,-1.9232162862097522,0.8864767595488408,0.3109576402659401,-1.431188333235752,0.053418033993198284,very_high,1
0.5816286954599172,0.05275759213565628,-0.1825848784124418,0.11142627695454355,-0.8938332206390901,-0.012372414710109362,-0.5056670609124253,0.032264810771252796,-0.6295519605752216,high,1
0.2176701192297224,-0.41546995823320954,2.2999691243864735,-1.7652831184272135,-0.15201890563269788,-0.870424841653089,-0.9091528249179082,0.037563351381111706,-0.3574428247106449,medium,1
-2.551562495384241,1.0131446177130738,0.36191427073052657,-0.7152154004692597,-1.4455181477453234,-1.004947713806542,1.356997391192638,-1.614749862291331,1.9781547962630748,medium,0
0.33422167346637,0.2967970950837963,0.33011379047094364,0.3062143437177598,-1.4338058239284144,-0.04340275632710311,-0.3176378918042603,0.8800659629573423,-0.4685433650295503,medium,0
0.410030908014501,0.186444546865209,-0.8014839218310068,1.5538803929596154,-0.5403763389870544,0.8489837551852947,0.3536239610570118,1.2368324661272665,-0.22244974074779714,very_high,0
1.4922572164749317,-0.8233554254423471,0.03537141708863912,0.08718458049557382,-0.2597211710765324,0.5396580196340295,-0.8358611904073608,1.6923130191048756,-1.0898713375290487,very_high,1
0.49620700792630545,0.5074206727218614,-0.1605596095017974,-0.8431335730502088,0.1918895450216474,-0.9638641805191556,-1.213789701218216,-0.7959703738504983,-1.0074998216666975,low,1
1.3307696213831686,-1.3788745488153111,-0.14503369152842244,-0.9340741688159029,-0.0034808485732018284,0.2898660245303061,-0.9105433446376046,-0.5807410905564503,-0.8030221608408418,very_high,1
0.6407563095563313,1.3544745985975082,0.351662354974059,1.4692969055148586,0.8775475534514207,-0.07982903963902165,-0.5975853646902869,-0.435901469090433,-1.177682894236739,low,1
0.4587198162654299,0.19784606169767147,0.2521948542342867,-0.9824333727754049,0.18485865406036467,-0.8255858425848903,-1.0709841202857844,1.1433615302058282,-0.8135622871824102,low,1
0.6373491603965262,1.325904789815003,1.7379849851235203,0.26161443056404954,-0.3869294465999474,-0.8501654455139108,-1.2312968742187593,0.981149715570353,-1.4106118396508462,low,1
1.0627209732848308,0.6028377465197348,-0.3884799067714809,0.7084090371999965,-0.09514812307732015,-0.062383632961574884,-0.951249462681941,-0.4581369898417196,-1.343873988637086,low,0
0.16222142994288036,0.044862875697246826,-1.4409816345249187,-0.3907312407270861,-0.22159969438503932,-0.3019696595661427,-0.38728489720350806,-0.5857927234486902,-0.28194874150437393,medium,0
0.3189474928988609,-0.1580013214335451,-0.6969414601380967,0.7267452441015545,-0.5430219463857897,0.5662845494257387,0.19402498212378494,0.3366014275621669,-0.09495852059335051,very_high,1
0.7949868560749249,0.3334738677273945,0.1794141710488413,0.12437484140763821,0.25100354315014656,-0.22649058895017765,-0.8614185209005826,-0.04785892765275731,-1.0209374176279524,medium,1
0.7580639731227381,-0.6013096504104429,0.3987128017903442,0.3259018896085718,0.321652659591586,0.5926763371191416,-0.16350695352445194,0.8261456160405156,-0.38628255410806467,very_high,0
-0.48530966026387956,0.6419179751134325,-0.8197150228673898,1.8774859977356357,-0.9156322963584598,0.7997697830786107,1.081514028248496,-1.222750278738175,0.5331507265440515,very_high,1
-0.7975885676644504,0.4296014577075217,-0.31207193205273287,-0.9457251392674195,-0.5587958188849573,-0.870067377704924,-0.03378989500463126,0.29551169159033874,0.40000265586962525,medium,0
1.2624869346949386,-1.4571269104204967,1.764825883791736,-2.0080198990149833,-1.369463774656058,-0.35123987657077377,-1.3827251745006206,0.5382116054922572,-0.9091480709702221,high,0
0.250730494811985,-0.518692889305509,0.7927110177336647,-0.6785380942240684,-0.7507203344928128,-0.08528517921781385,-0.28994290042133575,-1.0677225770385452,-0.10364374483571781,high,1
0.0949725492573219,0.8909111117779244,1.0153923286752233,0.41947502370829615,0.40684763513978306,-0.3847223889923603,-0.38904172703330236,-0.4503681912566681,-0.5404221478138156,low,0
0.2728919841782016,-1.4469179708085347,0.6040974263555673,-2.8326873926971428,1.5448414624182585,-0.8195894104803164,-0.9255293687387602,1.794524848392212,-0.030436924406294075,high,0
-0.9064828289983635,0.5927154410088771,-0.5527909175451801,1.945253198677176,0.2808911266011715,0.9140760159306608,1.534578711886585,-0.3720643253313259,1.0266897246642868,very_high,0
-0.7702638781821254,1.0559460861053953,0.47463348556679213,0.039396169686163385,0.24495709317200393,-0.6849999178443722,0.10261991729952989,-0.4554670562497405,0.2070922093246292,low,1
0.42117308650232776,0.2728368187393256,-0.7215690823400293,1.601146362344554,-0.47996464271220896,0.8158400527341426,0.3176888905896217,1.4538402371218848,-0.2755377974881885,very_high,1
0.2077806664831341,-0.9070747430591769,0.14707682744597397,0.42865231706501383,2.037210639718358,0.9280610198560482,0.5794741172233611,1.3801389388685148,0.40435861278541113,very_high,1
-0.4218656108374065,-0.914478593155626,-0.5416207633091875,-2.224611064621934,-0.31830101410433403,-0.7548239743379539,-0.27371103727902124,-0.6593241347771676,0.5249320558992366,high,1
-0.4199557328134266,0.8980561790879477,-0.8866391692045981,1.5367581751907766,1.434001003730461,0.38374496959601123,0.6849380156212934,1.4545384608877576,0.24028214289869623,high,1
0.2237352396453589,-0.7105067006051686,-0.46507594620100606,0.04252666261226967,-1.4464982035406873,0.5298524519759511,0.23909213867834017,-0.7341618661210141,0.19000103997620987,very_high,1
0.4726005646744883,0.49091982801946576,-1.0259648174807778,0.8637289119638745,0.7132662507965424,0.16879433489600448,-0.25825168256154457,1.3142265757035791,-0.6142688500662087,medium,1
0.7769091461964528,-0.3023570400817313,-1.812727965073143,1.485555697571812,-0.8555276879406237,1.132414791306094,0.2695177400655641,-0.5815807632272181,-0.3398577137914621,very_high,1
1.2749959608583639,0.037429328839038115,-0.3270734308637865,0.2485819653585385,1.2710300994311405,0.03295726373600333,-1.0597085429626376,1.007117823412373,-1.3328769217680605,medium,1
-0.7710875059020474,0.12912665271835494,-1.0136058423544687,1.1930089061280285,-0.5031635190463567,0.749434548740874,1.278049039368287,-0.4691307161274624,0.998272409759945,very_high,1
0.15476946344645148,-1.1402096812237306,-0.3072462256617315,0.0686906621191688,-0.22327158843330958,0.867023867222329,0.5717178609503764,0.6255845936750005,0.5233667710626936,very_high,1
-1.0318296304563666,1.2916301428399188,-0.8497209214776963,0.1435193918401103,0.8091127907313788,-0.7681983728139675,0.25954126018534046,-1.2077593925433523,0.3691489795153526,low,0
0.8418975207902049,2.0599201797026376,0.6569290663420881,1.140014862995752,-0.788047623233008,-0.8280987431669778,-1.3794901281777179,1.568518985472554,-1.8790479993637523,low,1
-0.4142450624908947,0.504327669326665,2.7922088679099613,0.7103778679024955,1.7649138055507714,0.12982069939787197,0.4660209588015732,0.6308756035961556,0.29361224967814087,high,0
0.5905202750188012,0.8906517378426355,1.401500346552158,1.1107257501921017,0.6037132405441962,0.028649290783241625,-0.4702082089447528,-0.38113769667341885,-0.9249061617192708,medium,1
-0.8565144703600324,1.1561560122785763,0.3629957034326874,0.42401173949663773,-0.953157504755092,-0.4993207993273334,0.3306439146632747,-0.4970306906659087,0.32074297259457857,low,0
-0.054673476532158705,1.2985273603906415,2.3378277453883,0.6970519490839164,1.0628536930332164,-0.48906992292440327,-0.34315790328418616,-0.8953543736592,-0.5632892587461265,low,0
0.7343952217901397,-0.3258556899576818,0.15140739062477757,-0.5590353013478562,1.693547133413672,-0.18699946104798765,-0.7843306951857211,0.02233923931860801,-0.7096335145193325,high,0
0.6100992818209332,-0.2321502675592457,0.6879020828923982,1.929731540200708,-1.047774946139099,1.3855684074943753,0.6216508515248127,-1.1169408841023638,-0.10984655442234721,very_high,1
1.017652805800557,1.2769130293514641,-0.38787578186246957,1.91105462371918,-0.007688995721369474,0.23614251911666972,-0.6588620793751072,1.2334060763526695,-1.4419766275129844,low,0
1.1132262074017572,-1.111727758507662,-1.6188225719864404,0.5718376431531813,-0.6975419424751146,1.0988371643798425,-0.05388094158789427,0.40861074756391724,-0.41242416177146546,very_high,1
0.3677621592121314,-0.10005029206665884,-0.8228559015184324,0.09139955848703418,0.662536033398613,0.1035387164504075,-0.2292040409811086,1.3643262441708666,-0.3147616604513409,high,1
1.9095325768062352,-0.8851415558333516,-1.2465619661594265,0.17520292391583653,0.07488758437155775,0.6089940338975223,-1.1351245758816233,0.3899455993834367,-1.4809017760133094,very_high,1
-1.1560960749167797,1.366978158688415,0.9693693024080543,1.497513287754088,-0.2217814037161355,0.07406788746785119,1.0620611851897792,-2.4878220575623313,0.741595416063393,medium,0
-0.9481736259398597,1.3035614408503902,0.3916980160104727,0.6135380966144144,-1.709226399202596,-0.47560840145301886,0.43001024363182827,-0.06611239395200703,0.3713154461598428,low,0
0.07195282355264443,-0.4821884228064529,-0.6448958586443377,-0.7730293732729363,-0.3467498910082427,-0.15954819373447424,-0.19842089884695702,-0.30821592816082993,0.04603837016520979,high,1
1.0291881275626662,-1.2283386436039514,-1.6556393601700825,-0.21998694603819313,0.2997948741631638,0.6719743300399831,-0.3360787589453189,-3.033989362145269,-0.4198089342689394,very_high,1
0.9247075532623341,-0.5459455359134989,-1.1741423724811146,0.08748822887185154,0.43128381688629847,0.3824951111308167,-0.4786302851745247,0.949263174282309,-0.6472009680136348,very_high,1
-0.8256633839643134,2.053920884096144,-0.3150819279089234,1.9882788165752519,1.4488201083377155,-0.13360004078978366,0.6162340201741558,0.6988156702804763,0.08507947173750201,low,1
0.6615071521251439,1.4272412767152791,2.190417001188423,-0.06094945593975476,0.8049333907323256,-1.1376807997349643,-1.4882820695804375,2.2106897260157643,-1.5640722133335974,low,1
-1.101621726963187,0.5742985037006754,-0.532836268779924,-0.2965097748174056,0.0867610754626467,-0.5260059417209285,0.5112746399026443,-0.6626914834880354,0.7756747272303082,medium,1
-0.7355387140822611,0.29997549260882156,-1.0078679132221302,-0.22242482165238786,-0.6084939037312018,-0.30613987366550294,0.377685418563175,1.156006669451127,0.5621497808073641,high,0
0.27275908850482766,-0.5326347502381573,0.6443105001082005,-1.2388351087040026,0.5666021483927255,-0.4440746293701002,-0.6052450548519085,1.1077210959824486,-0.23654061575861657,high,1
-1.2912121123498443,0.652016666153833,0.5280360045479643,-0.6276678106023426,0.9943787309920463,-0.7846732363934705,0.4601487285986496,-0.5581332596574506,0.8628670369649385,medium,0
-1.3710514572995698,0.6367769663768826,-0.7474556539582122,-0.2465352235154339,0.3973970234592343,-0.5173016211671259,0.74892208218337,1.1568337810369889,1.0372175924301643,high,0
0.01922514547622295,-1.9430090400517934,0.7043362098540789,0.17966895272104044,0.9653266671611266,1.5381870838049347,1.2329256974909646,-0.8533994740391114,1.166375259055402,very_high,1
0.18809219086911805,-1.0291300726946528,-0.8915434898545047,-1.2881537838754926,1.465210503481381,-0.10623015039524696,-0.25940314522793856,1.5929640960273812,0.13727170971719715,very_high,1
-1.0905733580273171,1.6663202728427575,0.5529052285994815,0.6481017215085224,1.7984800871381175,-0.7069820209510971,0.364299325345234,-0.9783079498224979,0.31623011243561067,low,0
-1.7551624692694743,1.7275615189258924,0.8226824265741438,0.8663337578922854,-0.6008871758538126,-0.5553056701702278,1.0570288332030555,-1.5649738934417794,1.0362257095580931,low,0
0.7846260099161171,0.9471962154785003,0.8531653064131918,0.7025495280803915,-0.7823539225019935,-0.2958680209375027,-0.9031815411588431,-1.074661039432863,-1.251508333509978,low,0
1.0464525112312169,-0.7881603628989282,0.8844424373817379,1.0588749699847755,0.49955890824920274,1.1866142925338645,0.07910595056522335,0.5001128296208667,-0.4302045381886618,very_high,1
0.01943401134734135,0.09782689129116703,-0.1035878946470647,1.0540533721192384,1.2833545772882056,0.6176727084100355,0.494698802146349,-0.25772456158629525,0.14259025333690634,very_high,1
0.39429303143159433,0.11724940385879772,-1.0561115691870866,-0.171739935551659,-0.4093405752186243,-0.2300874817251125,-0.5250334774040228,0.676507476439975,-0.5268744044618279,medium,1
-0.7212380225365473,1.4584880233279007,-0.5551092279283498,1.4550175470030204,0.7979752545819053,-0.05573861236126003,0.5849847939027599,-1.5223343182817441,0.2137086998662141,medium,0
1.12704546170351,-0.7847250766428382,1.2101660953653188,-0.3639494606727742,0.9177721505515003,0.24509271675465188,-0.767293164092344,-0.3471614824184498,-0.8170095987783658,high,1
1.5159441447086095,-0.3319162132173449,0.04371039699198385,0.541107348217555,-0.4828777192911349,0.47559845501231496,-0.9036046360486625,-1.9037594056445934,-1.3105899031878203,high,0
-0.5590696510527273,-0.6144151490642514,1.6742707660711302,-1.9839472365791713,-0.5417732360116019,-0.8056536211245998,-0.19540716570377922,1.5153180943238018,0.5446311552583961,high,0
0.6608846369485866,1.1490232499426263,-1.162938986852913,2.11408903365777,1.0507742904721133,0.4915087642400806,-0.14506631216213492,-0.2822405919232288,-0.9423530725920194,medium,1
-0.8876966059887466,2.2043489068148707,-0.24237545810511135,1.6495139885248293,0.07166855388024412,-0.4607268841065152,0.40057139226079314,0.5692893232700639,-0.008682568618811242,low,0
0.676748914322876,1.2161433818894796,0.16333468067753845,1.1314286719759674,0.2940820387932141,-0.20292779742999942,-0.7314730816709067,-0.49731714635766955,-1.2052515373268344,low,1
0.3858216951626049,-0.18123712351606705,-0.5945036959490072,0.005491202113917071,-0.6583827179404454,0.10519726247082169,-0.24412288114591002,1.5375513190343435,-0.3040779847181222,high,1
0.15882631669952452,1.3125750271959282,-1.5249849401440596,1.170619190100319,0.14111449670559295,-0.206148845039935,-0.2913856178618188,-0.2153882888600766,-0.7004267476070837,low,0
-0.7213865955937009,1.1867830304405123,0.13965368956535082,1.8771808190524835,-0.6003856928711058,0.4198060296500123,0.9749462434952478,0.308292063638821,0.46317467739578944,high,0
-0.46273796758810193,0.1079114273742123,0.5734474933553989,-0.9368010015452843,-0.8965855406471915,-0.6557300841033554,-0.14582802407776607,-0.367074646018183,0.23420353854973702,medium,1
0.4830898131965386,0.2878820081370328,-0.1821605838579241,-0.03613307964161716,-0.9464907959884281,-0.2732302052729776,-0.6345324687569345,0.8790141545570074,-0.6942555909455864,medium,1
0.16169494101779913,0.7129827737293644,0.8627545919526867,0.4718848492426798,2.0268171160423925,-0.2255248879981725,-0.3163898453976599,-1.9790186934897123,-0.49550753670017433,medium,0
0.06200041252780353,0.17680168245298136,1.0972201916064384,0.15212052488748207,-0.8356890050200362,-0.03467867464959643,-0.07958773720909072,-0.27293332022551287,-0.13891999551773299,high,0
-0.6624267034325723,0.41361482919974296,0.549574316064444,-0.613430612976039,-0.07792273567851586,-0.6514543265512095,0.03134318506494057,-0.20057118065576857,0.3347185419916266,medium,1
1.3658173556527822,-1.4128082017654477,0.5212299906445413,-1.9572219596030251,1.1874271516819999,-0.3586938854487836,-1.4765200223323334,-2.7404264220349313,-1.035154843691025,high,0
0.4501598054824796,0.2723508054910077,-0.7841638583598328,1.3285888013733693,0.2625028908518338,0.6352286579446341,0.14377648676374796,1.2638559390963884,-0.36344031026094137,high,1
-0.5562964733991442,-0.8382654025554415,-0.7737805788906578,-2.3015118464517075,-0.9857330334274744,-0.8501863244103864,-0.23700309423416888,0.9622105785810979,0.6074151749832312,high,1
-1.1804180408595035,1.7360641603668363,-1.12728552370693,1.057492367615704,-0.5277014119206057,-0.4824797293288968,0.6271237613854578,1.6235292108918062,0.45694211703105125,low,0
0.4952436886483883,0.01524329263874201,0.3417539207135393,-0.9423070197981456,1.1480908663974327,-0.6685885876401617,-0.974446882364952,0.30515083587497266,-0.7361801739341415,medium,1
0.8922804027253892,-0.574652685950421,-0.7418431610084755,2.2949994811336323,0.8290984400183357,1.8529232182259974,0.7632975802735574,1.917287968605754,-0.13224508519316233,very_high,1
0.6873168559038052,1.2520617152099993,1.164990882563923,-0.824614254630504,0.23386510100924698,-1.5120616344627062,-1.8214496405618572,-0.0376871207422379,-1.6483277893927193,low,0
-0.0673947680922149,-0.2270891969352512,0.5251693132621684,-0.05763753601146293,0.41207113706602394,0.13383968924423514,0.1655464556347586,-1.3806521701101395,0.1942596279685168,high,1
0.9231045066903925,2.281292572897111,-0.6570352370173239,-0.15364201799902022,-1.1132948341146311,-1.844508678776539,-2.2858895142078017,0.8918630221607488,-2.3683013173664746,low,1
0.21637448101949208,0.2021020920780589,0.5095135639296859,-0.18280398631668815,0.8717025855988134,-0.28512444796000574,-0.4178348538563532,-0.5744867054162757,-0.3891970627456231,medium,1
-1.4307408311708016,1.0439261241936988,-2.0807405253909783,0.00023772969879776173,1.605619832565118,-0.6487332410085255,0.6957123669805647,-0.205766993677172,0.9120021180416749,medium,0
-0.05372196007179142,0.9674197767272611,1.1247767199858125,1.0434587501171462,0.8983595683469856,-0.01979143960551585,0.0400402459876013,-1.4991812019576982,-0.2957646252752366,medium,0
1.616421411938282,-1.2488261685423983,1.533012542249183,-0.20026619353820685,-0.04003720752109928,0.6526508722635724,-0.8530676498087743,-1.3945284378654765,-1.0312773989784985,very_high,1
-0.2553171356145616,0.4219915740076888,-0.22347250523693915,-0.25135688141173895,-0.807591340098296,-0.45303189839695296,-0.15185723794966258,1.1971680272478535,-0.029424966866904337,medium,0
0.7845591270991505,-0.5016155041659832,-1.5772283709195007,-0.7381196234567531,0.7791306255883522,-0.17977890848851155,-0.8230680792117246,-0.17963037272551532,-0.696887359361165,high,1
-0.24193610024559264,-0.26353807946332947,0.33607541250534645,0.9034148048496078,0.8353334353648353,0.8044330992755244,0.8679165595780242,-0.08119318413546972,0.6041004874776039,very_high,1
0.24196090086366062,0.21925120364022307,-1.0660321716276806,-0.7305751426808302,0.8264033173305246,-0.6587443503783978,-0.7480814821200593,-0.05843011899748824,-0.54165729614408,medium,0
1.514725148561813,-0.834808964559473,-1.0311060532942633,-1.181379429048468,0.11666175116950343,-0.28518839117664735,-1.5364781563859669,1.5193363510906441,-1.3733610203435649,high,0
0.7847853992777388,1.7494907769210237,-0.33953015666598657,-0.23100197035262005,0.2112093992244567,-1.494887490268872,-1.8849501863813358,1.0219627766781416,-1.9221401361719093,low,1
0.47525727983400917,0.5302777423346461,1.9853803952602933,1.5804545392042324,-0.3266137806612126,0.6095211515178133,0.10395716735120054,0.785345603010283,-0.4899607540340019,high,1
-0.7312603094745007,-0.12951104335024494,1.322926160335532,1.0612296920656101,0.018790511307940762,0.8491442221863694,1.3236180761209486,1.575720450373765,1.0810156070529295,very_high,1
-0.7661458661028502,0.09656153099172395,-0.7387387253049276,0.9811987657263057,-1.8249777469611168,0.6340484916866254,1.1781688642236665,2.1773203810422213,0.9677962578213812,very_high,1
-0.4789747611937492,0.350755359180263,0.3576613666310894,-0.6647177826188553,1.0984848760518187,-0.6538233014707149,-0.12775188745163538,-0.17167365392478334,0.1650317920984316,medium,0
-1.6769000155648415,-0.08966133021509973,-0.081894379572493,-0.508976777319907,0.03344346797315094,-0.1330625907187069,1.319201135106092,0.15809389857678602,1.7387351424679809,very_high,0
-1.9728905807420982,1.359960360555554,1.2782809474594865,0.0929452562138563,-1.4844390681934263,-0.7756446977288659,1.0566918540762884,-0.30152629576934714,1.3240700795049491,medium,0
-1.0743730301157743,0.9014886413252367,0.924721805513421,-0.1781625780486234,1.2746531240383412,-0.6900848164975009,0.3560816824850117,0.430362641506498,0.5778652008820939,medium,0
0.6290307459852285,0.9019704001273093,-1.2952586206671208,1.816573053726367,0.9714123576723597,0.4798823670874176,-0.13020429616700296,1.4617170162571183,-0.8246230442825228,medium,1
-0.7481853967763696,1.0708567887013092,0.16064994035311653,1.2878847686093846,-0.05080078861953355,0.12057519830219061,0.7493663785972523,-0.057397463786793744,0.4367056280775576,high,0
1.5716313719949753,-0.4660917892765827,0.18033869066388744,-0.10790344122247097,1.1626480586861927,0.14395014187866148,-1.226506729665356,0.36254309109296134,-1.4269718424388567,high,1
0.576780479101474,0.5053543482013604,-0.741498249912725,-0.847693546844164,0.43521152828960236,-0.971822608961719,-1.289100596042475,-0.2871095048623429,-1.093364011014069,low,1
0.8656238347775522,-0.587507209130705,-0.37093110360766823,-0.8602481110383884,-0.2793502470569215,-0.2034846124465717,-0.9127214424252426,-0.3700224658372443,-0.7583724247379031,high,1
0.9761482302500396,-0.10080652198720141,-0.27831025587657626,-0.8368539478716535,-1.115246536376814,-0.5532321676924324,-1.2905542113279618,0.3720814786673863,-1.1594731025658354,medium,1
-0.8434164973475289,0.27996904315855187,-1.8750073874719364,-0.2623866503565023,0.6994642468957021,-0.30901077546531536,0.4670955835372869,-0.3755000400755709,0.6809119704104538,high,0
1.2379973940530107,-0.872435025732311,1.465835978602963,2.4842857559909763,-0.6900125998145852,2.167099589460499,0.724721673158389,-2.124027075878851,-0.2859458770586708,very_high,1
0.5615701957369807,0.3902204323256441,-0.4871671830291446,0.6357804520772476,2.8013729896349786,0.0859348354407857,-0.4036699272341225,-1.0886348430590387,-0.6976552653293634,medium,0
-0.1339490368008539,0.14089947699769553,-1.0263536223898961,-0.5895567433889068,1.4846418618765076,-0.4787377656990372,-0.279667617247785,0.6255913025065598,-0.06388793374852546,medium,1
-1.4382944980227301,3.4250110100676916,0.09274306577955228,3.272559387112598,0.5239989555843281,-0.24601596097264647,1.0608256332433528,0.9492964983753157,0.1985506569791863,low,0
0.9386133099860003,0.2533018394804339,0.44769626639501187,0.0717476336874786,-1.1992043250956432,-0.2138638407814195,-0.9743522715980826,-0.24258303628979377,-1.138094091173608,medium,0
0.6205926000431725,1.0585047558012954,0.27751585888189023,0.3583487541654833,0.19200423696867674,-0.5897224875420224,-1.0048007371273808,-0.3095098859272293,-1.2142401081215108,low,1
-0.6349876013683597,0.13040216711328534,0.32548511232461763,0.5711505911442291,-0.16003867357934443,0.3299839926620323,0.815524400379859,-1.894581150472303,0.7215175891549873,very_high,1
-2.1027706709806573,1.42992245125342,0.11835006565517724,-0.1521272211599194,0.5709409939421983,-0.977018617302103,1.00188396330872,-0.7606006644251391,1.3700899665614032,low,0
-3.0540068014446073,1.0351271752738358,0.39559883476294233,-1.2799396508524234,-3.2210163559857135,-1.3507366631580675,1.500106778543359,1.3530691601664073,2.383717924645885,medium,0
-1.3604969558745643,1.028804549430038,-0.23078615210272213,-0.03444004856999411,-0.22789255876583409,-0.6660455793974135,0.6213416483942329,2.5303696686416894,0.8385803377258102,medium,0
-0.49291280064754794,0.7938816885468281,-0.7053167239158482,0.010585895074544438,-1.998344967144626,-0.5344047396405686,-0.012381450505705943,1.3011020630240928,0.05957136265033826,medium,0
-0.9172638923282757,0.9282868059332857,-0.7596730177525534,0.7600170007883664,1.9435288811221971,-0.10745007048290593,0.7036505778594397,-1.1918747041912499,0.5909783277564216,medium,0
0.42980191546912466,-0.04843017752653099,-1.5255717080610838,-0.44556741533576205,1.917259148426123,-0.2911600841923682,-0.6075733879609553,0.3421060396504182,-0.524309534355231,medium,1
-0.017400625155513216,-0.05481151797717817,0.896499670200166,-0.8789830213682692,-0.9650455805761796,-0.5345751104032093,-0.4273234124148185,-1.9133403347228028,-0.13346197737958188,medium,0
-1.6856491501868225,2.137059484587118,1.029180436127967,1.3657709573194068,-1.1341711452777905,-0.5332534485064004,1.0204373566983251,-0.010465129052729338,0.8245386317898692,low,0
2.8556350292084183,-1.349388899612314,-0.2802827130771807,2.556555996279799,0.6051330157589494,2.4333843630054823,-0.44008924951364664,0.7573042237747472,-1.7178568168926103,very_high,1
0.3939980286168526,0.08776054908946768,0.8157544866520694,0.6573469688024386,0.4441451710872574,0.3349037978652185,-0.058416194030334,-0.2904414820111494,-0.3351083342803081,high,0
-0.2186638087969619,-0.6971826932734978,0.6110709051105707,-2.0408614335129327,1.4937097590055342,-0.8097677177049122,-0.4900145504227433,-1.9255673603328771,0.21776186258199062,high,0
0.7169543761830341,-0.6073072638904432,1.089272246931099,-0.9151479792548656,-0.5881085989243096,-0.21301536602445895,-0.7940222099932558,0.7524833770742185,-0.5992631093034951,high,0
-0.0029796081048037992,0.16568786175053893,-1.3657959280509446,1.841462783167012,-0.5237042828895252,1.085883019430166,0.9013012389242816,-0.7294370488476493,0.29167402929983355,very_high,1
0.49308844604019064,0.3804551818125864,-0.33304762097552243,0.05553373828424141,0.46330151023423083,-0.28170489786010394,-0.6490479212908167,-0.3006743604436826,-0.7404581501178045,medium,1
0.6136916671263242,0.3365299904125212,-0.7825913625481332,0.30775685363573496,-2.28577724449495,-0.09395304361095963,-0.5972959319052928,-0.9323712431819872,-0.7904605662825165,medium,0
1.2754240390143825,-1.0111039969193911,0.1288496213559143,0.6252026979997244,0.16344774661747724,1.0471233700207647,-0.23382265228126797,0.039569724133648135,-0.6341210000131818,very_high,1
0.5677452496642864,0.8660732035873046,-0.3774234011303297,1.198659198123738,-0.1383352820163779,0.10610102271506856,-0.38707801747288173,0.320187854921873,-0.8675679209437261,medium,1
0.1387083036507516,0.36561979011116724,-0.43884999047817147,-0.16751505981502995,1.5061472407749465,-0.3885252173026564,-0.4352225514640874,0.7700501089175859,-0.399681274605135,medium,0
1.5477913021430016,-0.734997537720599,1.9941237407344399,0.3581237677244985,1.3486931986455122,0.6481006969054943,-0.7926813843043562,0.878654850180379,-1.1446302199230416,very_high,1
-0.008406234646527011,1.4228625837731832,0.6159670060468382,0.922365636046079,-1.829681815208083,-0.43611461629121,-0.337515034836943,-2.380739105523497,-0.6389974647482283,low,0
-0.656358401137651,1.190946673341514,0.6882597107724135,0.28706702050718935,-0.23457902961918758,-0.6306384350696657,0.05185769996867516,-0.8343736122951215,0.057466045385363415,low,1
0.7507462997797021,0.36484355042905814,-0.7663225247814263,-0.33092495387344123,0.8942327745009349,-0.5442941912775263,-1.0858551911707406,-0.17951457487248015,-1.087758860629451,low,0
1.0652052813492467,-0.5831851455314948,0.2944189776840481,1.3309165203041267,0.1817812325871601,1.2133928638612221,0.08747278083452519,-0.68015236575182,-0.514389320839054,very_high,1
-1.448348356090999,0.9460212627753889,-1.3996815047326863,0.37019253395206797,-2.219777947451851,-0.3331961096032401,0.970294950673652,-0.14685352125530088,1.0663770989579413,medium,0
-0.7746475286510901,1.6358830315580484,0.3812446551620988,0.975343129595386,-0.20141990007697352,-0.49564744503535546,0.26910346477498465,1.0454602404822526,0.06520417194580998,low,0
1.0408017670873457,0.2640318166949742,-1.754284852822499,-0.14873193719054156,-0.9980946277690352,-0.3744404796515274,-1.1940210256292487,-0.6684549108531777,-1.2999495409567352,low,0
0.27254606078897037,0.7426999604024589,-0.25518717151428366,0.20810959693955877,0.2454986817943127,-0.4290702226540398,-0.5787313053879294,1.477720295302075,-0.6869401120935572,low,0
-1.607957769111072,1.7539192405699588,-0.347524942518858,0.9632523719276294,0.697238046390313,-0.5229170366455355,0.9585312628007571,-0.5775342640192128,0.8836224538909144,low,0
0.1498178867163389,-1.2643836265071577,-0.12389236323520093,-0.5520271075812844,-1.087748675353668,0.5514775813329633,0.31393941522617297,0.3927683630511244,0.4718274563515722,very_high,0
0.09510869822396861,-1.2979166791119667,-1.671761273328167,1.0574072297539794,0.1177074184609581,1.6352484458185164,1.255434646011325,0.0017948728781070852,0.8879314605060591,very_high,1
0.10972782909234502,0.5113074149755125,0.9907108466240852,0.16915984446225107,1.8480401917708498,-0.27215642615193225,-0.3127935265806492,-1.0247507500763902,-0.38420976887580843,medium,0
2.16930706229524,-1.711369461439064,-0.4469775528060408,0.6252641166112455,-0.30056939058524895,1.4877364526156012,-0.6398458007244795,-0.4697297964895977,-1.175446706803361,very_high,1
-0.7296366149946294,-0.13147072099783152,-0.8422957167700686,0.3893892107766974,-0.34750029970591045,0.41012127890703787,0.959574957280515,-0.07002977680804456,0.9394328134837228,very_high,1
0.05215255397897556,1.272341849155064,0.6604599523515503,1.172468740487297,-0.8766970856192929,-0.16691049599612973,-0.16844069684697027,0.741073780682286,-0.5622128548575337,low,1
1.3659504534131386,0.4445915105278597,-0.0596543119921916,0.7641968560853434,0.421716933003097,0.06559691129188268,-1.1058656738572445,0.9126203225404405,-1.56270670615467,medium,1
0.2546591870875442,-0.632108286997276,-0.726774137833843,0.14704645751352646,-0.04779925038478981,0.5384919315703254,0.22071272862832075,1.5758758095019694,0.1325117213404786,very_high,1
-0.030478907031078473,0.005267943334024978,-0.01792796824979873,1.4381600508798784,-0.8002932816073767,0.9411715821930109,0.8034669335247422,0.5501284812178794,0.33130649237113374,very_high,0
1.2235914824254759,-0.6032618756885193,-0.6008296390959147,-0.2447813929049124,0.06578468947474944,0.18262624094295965,-0.8992440805491563,0.9148677980978497,-1.0025304344328794,high,0
0.8997366051963506,-0.41450950237995804,-0.0004787180685054915,0.08378012069529717,-1.4910799236114736,0.28588310866434335,-0.5357005095793432,1.7293008660447564,-0.699025933974367,high,1
-0.005157486505221132,0.8251883128197369,0.6368701583954032,0.5056285410459918,-1.7718966822464437,-0.2721029652329356,-0.2113425574217873,0.4337476093485353,-0.37643328058529746,medium,0
-1.0140735603913467,-0.17405103749086823,-0.2841878821547786,-0.4401102751680206,-1.2512279153776757,-0.07949075119649061,0.7972587516701442,-0.8097354673898115,1.0945715746267501,very_high,1
-2.663396959364839,2.605960480287021,1.6764549619146627,1.3910969855660849,0.1929896417729295,-0.7811581700019248,1.6546322414784953,0.20394385751599503,1.5976836375368673,low,0
0.9868062479082514,-0.601156945641015,-0.1026485734506316,0.2000724492950955,-0.265924194072433,0.4916935239139747,-0.4419937443910296,0.27403884064930323,-0.6572968721668173,very_high,1
0.4564661586361982,0.3683574285983555,0.9140771642240336,0.2699058279941918,0.7882916566360036,-0.129404838876513,-0.49214671367327956,1.056101251669989,-0.6491627392703868,medium,1
-0.24663972374161913,0.13185562678016807,-1.1182319393560314,-0.9772157202807177,1.2377381057492252,-0.7171262526382624,-0.3805727943050775,0.7229969346243232,-0.019439791623145596,medium,1
0.7336186236010465,1.0147621567201592,0.023080658950420673,1.2595806660240072,-1.934087745459577,0.023867847098194186,-0.5948382786068396,1.342180131244854,-1.1200365588705543,low,1
0.47154625907629444,0.30685108711901327,0.2177182010871666,1.0690592268161916,-0.270267604363889,0.438162796089121,-0.03686343853247482,0.6419471294437011,-0.4611772548870505,high,1
-0.41789693263975347,1.222843855463761,1.3920387515870913,1.06781261377885,0.6190329465885325,-0.16146282115751487,0.23638523501337066,-0.5168468831738285,-0.05244088691186431,medium,0
1.2307692731540756,-0.33997800444784093,-0.0709053625273688,-0.5347255086413126,-1.1286345143792071,-0.20066407458953037,-1.2190892940312574,0.42232479744987467,-1.2267793183180453,medium,0
-1.1932620814054262,0.7437746737685018,-1.6819687839854107,-0.47704511111052966,-0.22257492722485295,-0.7609870502410845,0.39718293626889317,0.4335416104725293,0.7355043537869228,medium,0
0.6918099280770957,-0.468504563494718,1.0813169577685364,-0.5531499222964045,0.8656746511673697,-0.07531961375525004,-0.6573236012934762,0.24260281305494147,-0.5785051266952544,high,1
-1.450823229544544,0.20766364208053187,0.36075575466383486,-1.270971401787111,-2.0534865486558886,-0.8682592800108223,0.5223688699343397,-0.6275400027440727,1.1612851813492306,high,1
0.01455223619847279,1.1505737132854148,-0.3059544315315921,1.3803091423254084,0.9481429504720496,0.06144888571923918,0.050921691018286364,0.6213467399691023,-0.40637692732251673,medium,0
0.5019919995113625,-0.014958400623327489,-0.2786563338793094,0.8335822388965647,-0.9126787606958671,0.5168951787693855,-0.0013115666056896147,2.031158713073231,-0.3528061104908181,high,1
0.1757912029803097,0.11117827935465018,2.017775813175065,0.37592841474838257,0.4595754883110654,0.15087748736609655,-0.024076782933742834,0.787276293122914,-0.1747703627720179,high,0
0.03901516964879714,1.2772885404564893,-0.2352739099724389,0.7388990087575869,-2.077119853773874,-0.4536368637965206,-0.39402143819889174,0.7344767450012178,-0.6420932162735895,low,0
-1.3633908926463603,1.4244421388983806,-1.6837325676140487,0.5021758824145173,-1.0656826978195666,-0.6036575992531983,0.679666671245229,-1.1546343387288442,0.7202942327352649,low,0
-0.40229040927659854,0.19061630294800147,-0.44352159983711503,1.827619852337471,-0.5129742439678118,1.0906906445250912,1.2460846140889996,0.034143893340212214,0.7008691041510715,very_high,1
-1.1490483210831992,1.424297138371169,2.3246989143234176,1.3696495016458168,0.7163400805404107,-0.052249957408279424,0.9523374740369619,1.1013301648895504,0.6733235512019746,medium,1
-1.1878069114890821,1.765403973696635,1.135947845943822,0.5565763710004165,-0.6117596395045849,-0.8316594668670816,0.3453201175545712,1.5794378916948595,0.34235457654960394,low,1
0.49787492711454756,0.47302861354425063,1.2855822343616794,-1.2907667800329041,-0.23875260206343432,-1.2322090648025592,-1.4372433488421392,-1.3200771877373016,-1.0828906164202385,low,1
0.880646456103473,0.5699590069356848,-1.2540226524285165,0.5680722910162666,-0.06387783283134668,-0.11565106035002033,-0.8403315988727378,0.9389694687047921,-1.1592522018355875,medium,0
1.8483278702770476,1.1634632734267398,1.167741925527779,2.3372039762308763,-2.0713771793381572,0.5316429288419051,-1.124431303947288,-0.3854932409123582,-2.1733879194482366,low,0
-3.0192697550942382,2.0358073187086485,0.8569755369827861,0.9010002960973572,-0.8105286298216263,-0.6564769148362629,2.054883861852745,0.9784578056665502,2.212457596514572,medium,0
0.6079384342117521,0.9569267921197006,0.6946691241185846,-1.161010730624288,0.04729874312872792,-1.510158609539674,-1.7554078762080028,0.8810588920574334,-1.4595177614344037,low,1
2.1838533529782684,-1.0784037386046401,-0.8727849535276425,1.146894757180261,-0.06015449940512768,1.3652129822364711,-0.7465388998743804,0.7796961821794943,-1.4558914214305525,very_high,1
-0.008880732474312869,0.3072141919333714,2.445769569113684,1.5577966514629702,-1.03008605490443,0.7968669345315146,0.6691506476666996,0.532022432272786,0.15473854665040038,very_high,1
0.9382910087125114,-0.7117599919600478,0.29226545615571214,0.37968224585901855,-0.6807755663251802,0.6942574683474807,-0.23450814901547887,0.628102969833705,-0.5023221868830111,very_high,0
0.7165862560292997,-0.29898396320191667,-1.2847277664174672,-0.6406931653517463,0.6779699708965284,-0.25875148194230074,-0.8281170169143026,-1.0469217501069061,-0.7236285710571378,high,0
1.781025696831144,-0.9004414497322745,-0.8358702556183059,-0.9121818952711762,-0.47539224221454224,-0.08214627201078765,-1.5965869395748358,0.21907156253766866,-1.5627054527949298,high,0
1.6819168702022758,-0.6100612224894747,-0.7474292532492047,-0.03409971898799247,-0.17444393428528215,0.2888120824166631,-1.2024764506437515,0.0765180622437113,-1.4442194239736852,high,1
1.267634373349895,0.7163778539622487,0.19540322128332027,1.3950831547207405,-2.245585897565163,0.2880862949243041,-0.8352712028132547,1.7303218148571686,-1.4859520952413494,medium,0
0.8455804405288979,2.0872307980527567,-0.2526248688026368,-0.6108981463862619,0.7570320650539775,-1.9959363576928684,-2.3469771076177324,1.5283315634862455,-2.266620573028756,low,1
0.6203716124952091,-0.7998809725154674,-0.6115158020383546,0.19892202888716765,-0.4075893446596956,0.6658535711621794,0.012194545888463432,-0.3680582821436807,-0.1482989252147528,very_high,1
-0.3427519471659878,1.5154754001146686,0.6882053064528827,1.1431937001731804,-0.9969316264021268,-0.3322635493123715,0.03441541085839454,-0.9331060771871093,-0.2900269541707981,low,1
0.8295573544240684,-0.30490233970261504,-0.3746228193260549,1.6361505351306596,0.3363229693212808,1.2287424307692045,0.3041580517256452,0.015123261584553639,-0.3630238307453318,very_high,1
1.8124630499229994,-1.479150059893999,-0.5532410018397994,0.40562093631758955,-1.063258686531278,1.2025410137925852,-0.5685585895118591,-0.4596052987574804,-0.9774449483166776,very_high,1
0.5582010663834324,0.7524501300914017,1.1377767806686623,-0.3050429500146834,0.6132655446611438,-0.7955082900668793,-1.1249179335660875,0.41905073475346005,-1.1057596002454058,low,1
0.5939962060034608,-0.5402333790769138,3.377768241289362,-0.45304654312795556,-0.7243636318034608,0.0506517144463096,-0.4706366725184091,0.22957264107425313,-0.4105121533392705,high,1
-0.9552056889518303,1.2532933094271743,-0.5151708990920177,1.2148790221331183,-1.4384111667945592,-0.04413343568220922,0.7918602179939204,2.0578111770977623,0.5347738441045299,medium,0
-1.5677823263691253,-0.24989896871791262,0.18780033804252202,-1.016328927447785,-0.8097248357672839,-0.35709242526644075,1.0393415515445086,-1.7016658582874162,1.6103846436658482,very_high,0
1.1608303055499622,-0.39057875588569996,0.9416190135514908,3.1189440671136626,-0.7766940529721439,2.23662149158014,0.8532232215613906,-0.13362772972677125,-0.35525537206899854,very_high,1
-0.718492885613333,0.8934887939056076,1.3281660539573328,0.23801799053135025,-1.8402663847955685,-0.44009414659437457,0.25898753790664597,-0.622270222893996,0.28952567349439245,medium,0
-2.038265712173831,1.3690280874535443,0.12019855874605508,0.05631742974282716,-0.828293760348399,-0.8010275072764371,1.0915776683440197,0.1243847669077142,1.380902367307356,medium,0
0.7607365525436038,0.4036659143303341,-1.471126405373518,1.4153729772578574,-1.917348886010299,0.5710197184031336,-0.17269123804692987,0.015027750287097009,-0.7548860681416821,high,0
0.4319516392600249,-0.08457299317513582,-1.2855991140527723,0.743213499816791,-1.431354847054427,0.514248833188587,0.0554734417044953,1.6372116447028533,-0.25572843616318186,very_high,0
-0.5130560177144243,-0.033095856986411536,-0.31983226412807936,-0.2000782614358021,0.4334524416994807,-0.06563628434420236,0.38296597095533147,0.9341414422336946,0.5260154550099102,high,1
-0.2025225270983455,0.059303117635805924,-0.753707644861746,-0.7516384019542615,0.10142296423965788,-0.5197342306962818,-0.2559420845098852,-0.6284426891553463,0.02365734755221247,medium,1
0.5901570466809002,1.086397253156008,-0.8203284611324674,0.7016483390730189,-0.8796436755512407,-0.3826872280112375,-0.8075268559945795,0.6844861335529961,-1.1261513958151719,low,1
0.04586078344746913,-0.46398325824351616,-1.0777439349303435,-0.18490295571125093,-0.5442744329245381,0.21468756913927944,0.13315202975627605,0.1016557615660292,0.1865981409898981,very_high,1
0.45328891344063227,0.40506018905548175,-0.483933444951233,1.2745701231635178,0.7762285047241061,0.5024504337912575,0.03288228958661118,1.5027343263055881,-0.45661527558420895,high,0
0.8681392455762695,1.1619927975556563,0.5480669247071704,0.9782713425023486,-0.05727041082210227,-0.2790749880118642,-0.9581844654645384,0.2722367253273881,-1.409955595397378,low,0
1.9404595604419868,1.0593828806719403,1.021624764399948,2.0027652240273346,-1.0633544998303186,0.3812093123797032,-1.3284000050240792,0.4753349254274913,-2.280504931472512,low,0
0.17696669219661065,0.5249068493068051,-0.4598592623151402,0.19376366221777774,1.4465632912513675,-0.27139293630637545,-0.36935681828340317,0.48060859334734735,-0.4589646805575594,medium,0
0.8019977398839289,1.161937290630416,-1.7394252442322782,1.3836844846735223,1.4341770365203266,-0.008004238758606314,-0.6778714189973226,0.07957954655656065,-1.2541322590715613,low,0
-0.8802946112751553,-0.13920580720204145,-0.25959672180927,0.9137929528027019,-1.6382456590945336,0.7715983561811527,1.3865577881061082,-0.8501977458146558,1.2151163373268583,very_high,1
-0.3059953055236838,0.43503307453945406,-0.8396083720406722,2.0797361291860326,-0.7449787674850553,1.0693069080567346,1.1489704321361653,0.8264531108587624,0.5062850456084015,very_high,1
0.8388432369990722,-0.4354527051383175,1.2149441068549691,1.7458775206168904,1.8105224784209932,1.3954532327307703,0.4325167278554629,0.9308873827918375,-0.2727048038708476,very_high,1
-1.4902476795828377,2.1139117934960905,0.9878615824065092,1.512713971332016,-1.1164508551840475,-0.4357258211161166,0.9341010272022587,-0.4409021886108555,0.6601950126335745,low,0
0.29424929180553594,0.5949103914553829,1.4901375220998412,0.18750538072728418,-1.5976197291684564,-0.33616149034889153,-0.5221119752892905,-0.520630606562299,-0.6270522879904179,medium,0
0.35090119935742403,-0.10083715981797715,1.0326575166220122,-1.5903319811924232,-0.18722732150688023,-0.9967414469034717,-1.1236748180321694,0.3772632593422264,-0.6492353307925581,low,1
0.5809715066556616,-0.38577019759207504,-2.9937066026606227,-0.557811235001364,-0.40231002275272265,-0.13000643420402214,-0.6070661053818358,-2.55254015202075,-0.5099366049092421,high,1
0.5261864923881714,0.5268927242269041,0.8312111031997558,-0.5706705157168892,-1.6872790796411685,-0.8019532832498176,-1.1054040702933263,0.10254143981752241,-0.9938788025401897,low,1
0.04558176828274685,0.2985011701885592,-0.3827784017095585,1.0975237097820383,0.032863373980213176,0.4971976390106019,0.37507918269717,0.9661253255303113,0.00507177743684326,high,1
-0.2286980058235758,1.16912945415684,-0.5387903045767108,0.17654599235545843,-0.7075522852941063,-0.7215122296414447,-0.38816018769578153,0.4498272137265099,-0.4099751681148511,low,0
0.801621904647002,1.742213684862366,-2.2557913310947475,0.9633204956156589,-0.9869427365015568,-0.7081533402010197,-1.2495385733234665,0.016374241931293703,-1.6851684547731325,low,1
1.9362082228898159,-0.9077177247667233,0.18046814183120646,1.2005814728753617,-0.8138136419289294,1.295406756561623,-0.5911375938620763,1.2075031949519206,-1.2808568814015688,very_high,1
-1.5284947300539438,-0.018274771897244687,-0.5497893596380333,-1.1030671528663465,-0.6529501558320808,-0.5866141942538464,0.8187807092071832,-0.8972530061612568,1.4131863357219405,high,0
0.21307595880420244,-1.0314793018808706,-0.1528549918142255,-0.7668769919489702,0.28203621046222055,0.23512575619959095,0.0012276655012585186,-0.2230256812664022,0.22136053809338682,very_high,1
0.7774170581787759,1.6500722029633628,-1.6571435851323046,0.07962831854430175,-0.42581799836655126,-1.2179477732584723,-1.6509981342743758,0.135428834719957,-1.7902661211994548,low,1
0.13352261074788396,-0.4678828438782789,-0.08857106726878992,-0.1140827617404021,1.0685495584552998,0.25690496517372857,0.09322170704776098,0.8717244241841364,0.11006196110604981,very_high,1
-2.0096037147563917,1.3042319210986568,-1.0179114904771591,0.4985206353700843,-0.4513028643436646,-0.46609123143564857,1.3430864509518319,-0.9096804393124754,1.481398358906911,medium,0
0.4265517086038585,0.3676454872747532,-0.030263057596985755,0.5499928327204207,1.4678504449973098,0.05709272826681202,-0.31259418346509976,0.6072890151016929,-0.5579796964990831,medium,1
0.5409656947270262,0.6638294535217816,-1.3115491378986817,0.005152426214299954,-0.2365373833685352,-0.5259621948972351,-0.8885402795454127,1.399417926653883,-0.9698160198714239,low,1
-0.5397086409884484,1.5381256383261046,-1.7599588821492502,0.9692448353591165,-1.0126855633684928,-0.44700172829511875,0.10785655362654545,-0.9009211185541528,-0.1293946504357341,low,0
0.6324601878090954,1.0369349599682105,-1.5072258203839384,1.2348312818496852,1.2841046951788975,-0.0004419328247730616,-0.5284062277265776,0.5838830222840011,-1.0302116911236028,low,1
0.3090101041513007,-0.3245125310990706,1.17841931756372,2.0884330762925845,-0.7140651179821788,1.581398862387712,1.039173699539328,0.6675480803699957,0.29994094850931435,very_high,1
0.2351265040958862,-0.7486019223345722,0.7980910486615617,1.2196582949357404,0.8314988669316621,1.328311775667327,0.8884958417506964,0.13885603243088018,0.44741317875634296,very_high,1
0.6169099574335248,-0.6632543148391752,1.0895365830766406,-0.8332921668166196,-0.0017141536690639572,-0.11037387558631273,-0.6245310803544416,0.7674793445541306,-0.4420497557461652,high,0
-0.45134515381495555,0.6885808876664895,2.666905222320009,-0.04082080909018171,1.8060891178369614,-0.49437724651580534,-0.015918893167373372,0.09452756758846836,0.06662969446254778,medium,1
-1.0944507523144467,2.1183335273712345,-0.4592203979892406,1.6052763749908245,-0.8065096290255822,-0.41013748219372315,0.6177424673557984,0.39488149000257766,0.25391825910728466,low,0
0.5041381110988215,0.8231750837835791,0.08559470394452544,0.21922410341663723,-0.071120290830336,-0.49931219789581305,-0.8333783699799818,1.1126343052033019,-0.9797665443869393,low,0
0.14035085381584056,-0.11432463151598725,1.3655264625262657,-0.2901519908182508,0.3813528345802849,-0.11778991756143586,-0.21823887922180385,0.14237791251046628,-0.14330704441418676,high,0
0.3112297930750463,-0.08110730696379398,1.6772395929744568,1.7406214568618552,0.486842068967491,1.1751289186169924,0.7043582085260977,-0.5895789959361277,0.08060425913705724,very_high,1
0.4721660390240432,-0.5712398394897631,0.4060940188486671,-1.2696971384174707,0.9230448272267618,-0.4520908645665877,-0.7823464691192394,-0.4966510521282467,-0.43334124621653364,high,0
0.1986912782599225,-0.9171269401621623,-0.9506906934152551,-0.08207017923346582,-1.8119893375620542,0.6014196518540524,0.3173070867933901,-0.5652587392104036,0.3128295514900264,very_high,1
-0.00844707557339125,1.0338651799947782,-0.430996200219813,0.5713557096277366,-1.251356182239287,-0.38147927705712004,-0.29660231566565715,-0.547191788882491,-0.4825465590080577,low,1
0.5873612320102577,0.7119746826783089,0.3358472647200691,-0.884076535894915,-1.0814133807392872,-1.1477330507958405,-1.4411695223442476,-1.3661983376689175,-1.234518608743403,low,1
0.268071948414602,-0.5864204564328578,0.10618291944021628,0.8211332467789854,0.05969188057973627,0.9457752946451439,0.5461932000279027,0.19340636718971696,0.23262913541670371,very_high,1
0.4747994114759794,0.4056491686696149,-0.14055348550243169,1.086985127140451,0.709410980586605,0.37734506802378476,-0.0887940133540421,0.6151639842785803,-0.5193277895255999,high,1
-1.8988187454405596,0.259497615907095,-0.6316515245136439,-0.9706642028420436,0.8293237725828624,-0.6733306206252659,1.0660072633302917,0.39387321816474324,1.6725423237082981,high,0
-0.5518315441581589,0.040338274344639914,-1.3076425810934404,-1.1260829567774797,1.8486630689665502,-0.7231656890581519,-0.12628828557881167,-1.0397932245282346,0.32968082481684396,medium,0
-0.5259384311025539,1.138156715954431,-0.35799043441333583,1.0787533766685384,-1.1640506324058255,-0.0836226959454711,0.3918961655055625,0.2875639051673281,0.11543597231768461,medium,0
2.527821756340322,-1.2620593229906436,-0.004262937643876164,0.882732811352499,1.0750212145109097,1.2988156484217142,-1.096733648427728,-0.22467990162987012,-1.7703946920873797,very_high,1
0.2887975996335897,-0.5061816100234546,0.21000830802258905,-0.1519476198557177,0.5198710181019115,0.24762523186878616,-0.04728345073567779,2.710331644334893,-0.04121459065915035,very_high,0
-0.28097530190308984,1.4641454343767313,-0.305444702441682,2.1820887889606806,0.9641558841719786,0.381227401183527,0.5705202093681531,0.8767141863861161,-0.10765974373634656,medium,0
-2.309409188878693,0.9269430554642654,-1.0581464312944115,-1.3546301904365614,-0.552924016236234,-1.3804171921204083,0.8394011356793238,0.1949677059907586,1.636088472424123,low,1
-0.887041608008407,2.155572544631301,0.7245917787231225,1.5345463700412545,-0.8707277716437414,-0.5004330866956928,0.3666820263894973,-0.773029709602703,-0.00466280173971691,low,0
-1.9204394814108354,0.9264767956171889,-1.4811457246217157,0.7657598230244664,-1.9645360381029247,-0.02165737643187495,1.6300234224128403,0.17852916972047786,1.6656022354414897,high,0
-1.715248675281887,1.043798402568079,-0.663436157219488,-0.6020317557387853,0.5306831230100478,-1.020480911758587,0.6312776385378095,-0.48298392607284074,1.0897986935280668,low,0
0.5309636326652025,1.4519645251961522,0.7699687313352226,2.235972741368326,-0.08259257535129046,0.3601381975066461,-0.13946963859605171,-0.06723030719613125,-0.9570709601548424,low,0
-1.0047168695107032,1.064908162176383,-0.9647897376296856,-0.29610177513434743,1.1870776787417554,-0.8925837853650669,0.13119761886741452,0.3596808476863211,0.38199634458790027,low,1
0.7128903049611374,1.048492288311606,0.32699451327009765,0.2734145700011806,2.209855665748464,-0.6454863102517817,-1.1296848189553808,-0.7074395448121878,-1.3248060916537514,low,1
0.13203241096333462,0.8836600517619405,0.5923295470133433,1.0436781186983417,-0.18455144218594516,0.02670762620571024,-0.08088135229695022,-0.07434532975852426,-0.44474062891884236,medium,0
0.5862146900399005,0.01652499723040328,0.053384272479021756,1.7998541530338816,1.4224229552858216,1.1203764996702386,0.4256869342809304,0.7344258528096671,-0.2586558679112401,very_high,1
0.23295472406189865,0.7186560569302279,0.16336035491580048,0.6449953386325332,-0.9793002302826354,-0.12195240687570146,-0.2915477082415561,0.3537706308913895,-0.5387039490415807,medium,0
0.5031543092387484,-0.13595489665194338,-0.367114170072311,1.4539329791365083,-0.9172616421772875,1.0119320915345773,0.40527984471869377,0.47758881955300486,-0.15228414926087025,very_high,1
0.3125734644171687,-0.28482097281268703,0.046461273154189575,2.1638188437102213,-0.8250972999455244,1.6014722786473072,1.0531494190472084,-0.9900137139031393,0.2884778152629915,very_high,1
-1.225027211974461,2.860231519233331,1.2473036506646777,2.49657603846318,0.087204992037267,-0.35842504938402836,0.7799237796461946,-1.4873744464039769,0.14175997907402543,low,0
0.29558924461684466,0.5953328721799949,-0.7494159869569733,0.34162317294199956,-0.3444772087524527,-0.23556916158067553,-0.44015990739079064,0.2572534211115017,-0.5963881975807332,medium,0
0.5902118079328615,0.8553056977329896,-0.16013013959793715,0.5986509125135083,1.4930031044432035,-0.2810736912990514,-0.7261654721166559,-0.5969935884209324,-1.0111450891113107,low,1
0.20446061864680287,1.1151090492409321,0.250951020712043,1.0358819461725643,0.26841327369456214,-0.15361315865310762,-0.2890665833262259,-0.23860553171462742,-0.6606926877656285,low,0
3.145237064897734,-1.119865196142317,0.09535027433277855,0.824794407889454,-0.8324766217233888,1.1071085432954861,-1.7800748465171627,0.8048559381800797,-2.52664558011944,very_high,1
-0.053149489907244885,-0.18817391546779139,-3.2325654325124336,0.5705380195999945,-0.9844130461752121,0.515922145963008,0.46942674274108565,-0.5382371300747891,0.2878569566061945,very_high,1
-1.476513794593715,0.7434493701271752,-0.6116931217017983,0.48306394493406896,0.13394188295201317,-0.10870306006743877,1.177534354866332,0.3090544381042879,1.2399878342841102,high,1
2.4269619837126033,-0.8577256151446123,1.315821840016223,1.9208460167459356,-0.8447029987029827,1.6914036474327694,-0.6820182222980815,-0.8378230611677818,-1.6838488047019298,very_high,1
-1.5518206455266195,2.0725057119876054,-1.5065252580391153,2.1460718016897458,-0.6191229482499316,0.01463524492301241,1.3581614596058589,-1.0984092179625526,0.8834332527049391,medium,0
2.200028542422876,-0.9346520073718231,-0.15783750984025996,-1.0964483081969496,0.7732399866657592,-0.21158656806569584,-2.061213238350965,1.4164117917002925,-2.029039671189475,medium,0
0.5757311168170922,0.39787474383361393,1.2692556718986205,-0.7997657059416978,-0.6560972360056414,-0.8616678969091588,-1.1983915345225762,-0.3755089806394995,-1.018613014011652,low,1
-0.567285000274343,0.20212327570997396,0.45005467118514625,-0.11677895825814022,-0.046496581126557926,-0.1788225301869002,0.338291332092495,1.3655603704321775,0.4623433120433046,high,1
1.2182320808256246,-1.6054346697158268,-0.7843209703002557,-2.3710320854582227,-1.0706664061901783,-0.477060994758715,-1.4505340740456265,0.4259109671014114,-0.8503123873113448,high,0
-0.9439373745263941,0.09094923918731031,-1.4194331965450098,-1.2231045748731726,-0.5511162400406288,-0.7922488662209977,0.1515967607169754,-0.12666402734766338,0.6985262862475942,medium,0
0.24766548704189922,-0.7139679839113434,-1.349605255711928,-0.5016416768878731,-0.7051105201659605,0.1738106634925713,-0.075447644552643,1.3385921382956067,0.05225761512123155,very_high,1
0.09750919631521726,-0.5557416133332268,0.4283529137714487,-1.5355344447855153,-2.521604801462043,-0.6075231349285565,-0.5910511446049553,0.19767556695424515,-0.09781119284413382,high,1
0.008226472337573065,-0.3984683214028835,-0.6553275232007943,-0.5348823343438458,0.07321945031246505,-0.05960911862223056,-0.06060828210135109,-1.1151262626634877,0.11462399247205644,high,1
-0.42397590858922485,-0.31682914035595255,-0.4225684190212185,-1.0304573623904514,-0.5946729871621688,-0.40938760754921394,0.019954064579205757,0.7787743079777822,0.4243301858192731,high,0
0.4711506149648904,-0.18911113184577838,-0.11607081012048345,0.8956536718281263,-0.10861665493834241,0.6875106573472474,0.16401716302653743,-0.11741030034486948,-0.20380570707023246,very_high,1
0.8583122724683612,2.2189165972869436,-1.828405880841963,0.9356413894522608,1.4355709931636234,-1.0797268044012722,-1.5995983358156918,-0.36162810937254564,-2.0335290349764157,low,1
-0.17278382052471863,-0.1756248697718334,0.2753962341432087,-0.19202638853169274,1.110677684054092,0.016575378473526955,0.1591252907127459,-0.6414157900234342,0.24827080305502447,high,1
1.5560658574447732,-0.24758992961111992,-1.40822676830745,-0.29288708337606717,-0.45699183382523145,-0.13594564514880392,-1.442040621287687,-0.8546246417550657,-1.5783931524502373,medium,0
0.49334828103866535,0.22904104348124243,0.6351000115979253,0.5745417974562427,0.49663461497989536,0.16924523289769938,-0.2784353877410097,-1.153706323630364,-0.5422504422980684,high,1
0.4276611431623394,-0.028636217906353678,-0.526555133136702,-0.8636964953778108,-0.8059917310594155,-0.5795171339787576,-0.8437169381487426,1.0947985022273252,-0.621485673731021,medium,0
-0.053388784770797115,1.7209761492269189,-0.6694369136334904,2.3737471354047566,-0.8534954800613416,0.3005720490402849,0.31261500709757545,1.796665201675017,-0.4626195398029347,low,0
0.5213236530226987,0.5259626014917308,-0.9972282874387761,1.9749729193513308,2.044481557199944,0.8675418422858613,0.27775119499046635,-1.8730058309306206,-0.4538496058060772,high,0
0.7161416954457962,-0.41813213869040744,-1.3369779581405543,0.8099383528124939,-0.14963594425179252,0.77923081633075,0.028342840149396916,-0.5338446438149185,-0.3482224084086453,very_high,1
-3.103902407255478,0.6838391785167904,0.8822864925992157,-1.0032510653699833,1.5512452664277294,-0.9082922461648169,1.9042825735905893,1.4246277320772434,2.70289923120857,high,0
1.8140831902614363,-1.202445054907226,0.1847686502490239,0.5258565188845609,-0.004142584944154457,1.078708782342975,-0.6692026917483376,1.0694473881241897,-1.1176023402586752,very_high,1
-2.6202973129371827,2.1247285614066005,-2.025039913676173,1.4015143284265468,-0.2831518848798757,-0.4256115784869278,1.9063013545538017,2.1216313073302033,1.8384291637464816,medium,0
-0.5590346364226557,-0.8228606570762558,-1.8789809447538273,-0.9049128555087644,1.1748140575856918,0.054095742652636454,0.5124457173703217,-0.9463138227477964,0.8943497075914005,very_high,1
1.1883274673979307,-0.5085723086261555,-1.133042347377462,1.3398462294352649,-0.5060892911918885,1.1547355010513483,-0.06516421001212748,-0.7426591657723782,-0.6882577366518707,very_high,1
1.2625828802510275,-0.4292763549792431,-1.1063441570771089,1.241977916595546,0.4862873047408947,1.026586319383756,-0.2334763928616775,-1.8559332871884366,-0.8350745548868058,very_high,1
-0.7474605404576438,1.0342519193021795,-0.22011373125482853,1.1216222898413797,0.5907443355103258,0.038336927809717807,0.6804185812478022,0.6833245115160919,0.42268594688611766,medium,1
0.13959815380979396,-0.18120279206781986,0.7125044420921607,0.011744624272080006,-0.38749131490543404,0.12907901807928718,-0.014411873942557045,0.9035206838035016,-0.039584305029294053,high,1
0.3067141815527634,-1.0745232704379053,1.8307438248312617,0.6822348615852707,-0.18204043108565582,1.2088468706533306,0.7252033740950136,0.3775547328379105,0.4508648465741511,very_high,1
0.9346964804225089,2.6452936710710344,1.1361913746425423,1.6027842327398334,-0.08269774501839869,-0.9606653593064871,-1.5617344523849852,0.1540318416835874,-2.2273459890782354,low,1
-1.861261088898742,1.7452305618856316,0.7138774440901375,0.39433794559684177,-0.1546903311345547,-0.8690487752365861,0.8885501586277905,0.3861664979983887,1.040126905914529,low,0
0.4590626081119593,-0.331805018754805,0.5915710184530977,1.8794720825759206,-0.82932037436137,1.4377105561218824,0.7924385311390071,-1.124200096946978,0.09999819607492601,very_high,1
-2.0257713224167313,0.22740109180020354,0.36660624701380495,-1.4939583928554385,-0.723168438829393,-0.982596584449012,0.9184675025981976,-1.0053151259972355,1.7174033694815944,high,0
-1.4946242600891209,0.06684236255463025,0.1293680067038185,-0.08858408382860417,-0.31469082878809246,0.013264160803414022,1.2863306211185903,0.03757485933586561,1.5395569961511013,very_high,0
-0.4132539443307647,0.4232783978158583,-0.2801110077500062,-0.623960545393184,-0.16045004326563395,-0.6854735249425148,-0.209150601947689,-1.7262139619578896,0.06043878511215071,medium,1
-1.6019655138767992,1.2354904522974965,0.10776005545254295,0.028602150825703276,0.38420922164946225,-0.7565633635935544,0.7547609670146399,1.734041954422619,0.9876833577290497,medium,0
0.483569794167452,-0.44113744252884024,0.380067440573832,1.2153627879584084,-1.0802670597806927,1.0804937326335085,0.47527905466795256,-0.6389850540666776,-0.0009164046751484764,very_high,1
-1.6193014681036302,0.6565090537584276,0.6555543582884528,1.2842941431879242,-0.1693288571150473,0.4915396588220581,1.7941621949888538,-0.402833428474804,1.6122057494939033,very_high,1
-1.1226770731975892,0.43875330805186913,0.5587238369444854,0.570682138558616,2.059845001737402,0.14324625035288538,1.0805581039151844,0.8007019475455768,1.0603584886322561,high,0
-0.32198058060724954,1.2018189907639196,0.9877285159245996,0.7183301245489078,-1.3845180194249966,-0.3828442535750644,-0.02850692023916677,-0.397548696545778,-0.2158851459557436,low,0
-0.6685905602999682,-0.32173607609395616,0.034204684538075444,-1.6585313358601945,-0.39320100368219,-0.7977593462782949,-0.09228619666175492,-1.7324945949673274,0.5568936612477805,high,0
1.1977978750001366,-2.1642564769045576,0.2802359460024943,-3.277559039125501,0.2921488421187989,-0.6605879044208851,-1.5908097465988813,-0.24989373581204613,-0.6882093432382754,very_high,0
1.7506924984890395,-0.6718960068631513,0.4261565596461849,0.05343491446040394,0.011369908798494166,0.3859030336479712,-1.181607387043962,1.889282454250252,-1.4627926015671768,high,1
-0.6171990872648518,-0.49400587841068605,1.2625774069641502,0.08734749094137373,1.2979165056607622,0.4684355873910265,0.9078920728137541,0.22654275093099605,0.9702756189367235,very_high,1
0.7051072105486265,1.5522645411963312,-0.05123583553219154,0.4756402796964266,0.30703923725182186,-0.88100309760216,-1.3120804869949882,-0.9134585796322228,-1.5720055023121229,low,1
0.46202374181077466,0.6214218679912797,1.1064571522946443,0.36658435682831725,0.39329513816648076,-0.25169201541960307,-0.5951308827094068,1.900649041722087,-0.7844907320188899,medium,0
-1.919896287229015,1.9831659563195867,0.09546204135829657,0.9876895387868494,-0.18705751647366262,-0.6495784496119135,1.1224402938857287,-0.5387848378473886,1.0866082648810451,low,0
0.31698794064332836,-1.3024194786451875,0.33086702840635124,-2.3243703486581904,-0.16176728116566902,-0.595734433555609,-0.7766497226133875,0.031063426398931438,-0.05635305932322464,high,0
-0.6402003875087915,0.7499568073061548,1.267960487103089,0.6955517292797687,0.43945269045799057,-0.04148061786570472,0.5199079748443945,-0.1265188969539503,0.386755835241656,high,0
0.3617610413685092,-1.0374175504513639,-1.5704750453679706,-0.8368260669719298,-0.6302320736464391,0.18166524241329135,-0.16979755406103736,0.39631968200786294,0.05125440475015486,very_high,1
-1.893081734176426,1.0069342248011053,0.3306132610904059,-0.35486425690294093,-0.22366657180344413,-0.8172012660631196,0.9504449883002919,-0.7742699224040547,1.3535733804015257,medium,0
0.9201276031615042,-0.10815141514876707,0.30297187358728317,0.027361878526291405,0.009426360563773238,0.02305987025742949,-0.7668365195638778,-0.2610087241723136,-0.9138633795663075,high,1
-0.6238103277315472,0.5538605054745066,1.879874549421008,0.761555359389017,-0.08708472614314992,0.14397158143638683,0.6569722809580025,-0.03227689410261781,0.4990721125891215,high,1
-1.2606244484521278,0.7309279401546432,-1.3472539175813492,0.6111770464946298,-0.4551989048161591,-0.03294160112109268,1.0558626591928701,-1.349925637861273,1.0435065623753692,high,0
0.7678924554944898,1.5906369824723752,0.3323723332239848,0.8730457317037443,-0.7865720915578501,-0.6536758417111094,-1.1774311497495473,2.2096055760423776,-1.5784082155035442,low,1
0.80047343343303,-0.3437843619226326,-0.7064755007657966,0.27056580969380084,0.5881572644358652,0.36452894963712085,-0.3853118522669373,1.2721985542500975,-0.5955468166122937,high,1
-0.47657204230751243,0.8095022918706997,1.1273500893554853,0.45922092848211865,0.9970593564536414,-0.2531142662649327,0.20620207692920695,-1.079532852166039,0.12702459522860704,medium,0
2.2728477169373322,-1.1745164598926898,0.26118454127962865,0.10259073905387273,-0.3759282454713564,0.7439526059520489,-1.3366521788390267,0.906870534610285,-1.7133542331105427,very_high,1
0.6540965033835544,-0.23057168730189467,-0.7019572982951219,-0.7795802221296503,-0.5632097340426203,-0.39481836650757196,-0.8864693865896847,-0.20493247424160788,-0.726442914172788,medium,0
-0.8396365450033271,0.0659454974126703,0.7963400197488324,-1.0999296355094184,-0.6110011240896291,-0.7016116468113206,0.1372409517655834,1.050319552276355,0.6276743444599929,high,0
0.4029250537892447,-0.08672421163290624,0.40582408667381425,-0.3234700670922819,-0.14486675514609437,-0.1809496341356562,-0.4940359694439369,1.2146667801329025,-0.4473040806742045,high,1
1.3538056284098254,1.1093985105633013,1.5008430302803784,1.9451673355556502,-0.8143981874463238,0.3540514156476141,-0.8499765061003312,0.5096892312246561,-1.6950702072378359,low,0
-0.8710616100117997,0.4819912226949497,-1.525662409286842,-0.6314801901507232,1.232328605214664,-0.6965404733906417,0.1727766934686087,0.8092586281232986,0.5135092249986254,medium,0
1.8523358703050512,0.17325900827077112,0.5991033318635947,0.18559258589155198,-0.1683004231716427,-0.15417847563600812,-1.7051662522006212,-1.269465266012813,-2.043584841234312,low,0
-1.6775763404724335,1.4890386080131326,-1.3157974082181412,0.33576129351713846,0.8514099367626543,-0.7347249530151321,0.8400530950235862,0.9219363780076167,0.9830102961862823,low,0
-1.3863884220335698,0.10585860377469097,0.4608248654038653,-0.5604541717703369,-1.9632891478389742,-0.3332622788135938,0.9082174471841097,0.28475459338556824,1.301744945000911,high,0
-0.41145719965889965,-0.2905998537911899,0.37969967741711247,-1.5832421800047691,0.11650805247587083,-0.7918874647424412,-0.3063838590301948,0.32158454037275613,0.279415874646789,high,0
1.0876392539735429,1.2874914220146185,0.05844948070564989,2.3546980409721856,-1.2894805872096875,0.5135358518090039,-0.48930278953693845,1.7409414865969908,-1.4299335065909407,low,0
0.37414095901109223,-0.2256042929859373,0.7321512260547355,1.0794568444515622,-1.101286489839828,0.8424874471555236,0.37436224178472494,-0.6248346184344824,-0.03994585776980788,very_high,1
0.4671236569144443,0.2919379370408104,0.48459137883927483,0.1831508543854562,0.0812914250424811,-0.13119462983192323,-0.5035492115746819,-0.26836879913738076,-0.6335640208724944,medium,1
1.123937671538819,-0.11677229293501097,-0.6804940477640476,-0.1743293175894728,0.147298000389084,-0.11921633987967996,-1.0582652671163,-0.8838688951407293,-1.1689589864180865,medium,0
0.9606762304530159,-1.1836674947595731,-0.7728337308889638,0.0651213089543144,-0.19260643876080602,0.8316546472098822,-0.14526489467796813,0.9363801346166222,-0.313155550362679,very_high,1
-1.57599853193987,1.1264550102123567,-1.2855910007560276,0.7932491996368944,0.11683017417218379,-0.17770328889512044,1.209567911448314,0.8092646982419858,1.184900744094564,high,1
-1.4733811252792641,2.3887904006723026,-0.6512874649831818,1.7579994172665385,-2.0017060017255335,-0.47748987176337093,0.88822360570247,-0.4507402773027516,0.531065686867616,low,0
-0.7888248021058408,-1.518945028708841,-1.381769188567704,-3.491987957782519,-0.9684836469618956,-1.1135709366570385,-0.2636958921548068,0.17567371249177932,1.0087159146599811,very_high,0
-0.9708835574665372,0.8910942553537966,0.48253370982118504,-0.1857753367963364,-2.161303886302362,-0.6957927775017124,0.2629954774805153,0.16823054118369438,0.4717898879968658,medium,0
0.5938604381016501,0.9451154870653959,-0.3773865174622099,0.8924522857453339,-0.05585218265281086,-0.1545355072308674,-0.6237738475897635,-0.11356256479045149,-1.0065012511028182,low,1
0.09029437364471671,-0.30450512867720836,-1.4208939852234432,1.8347097977686093,-1.4297242430303712,1.4180608942242046,1.0909986032100487,-0.027214132377857005,0.4686526950306537,very_high,1
-2.3957456589900197,2.8638713639441673,0.9154029704849369,1.8110221681202878,-0.6537420298069675,-0.7162203496529203,1.482832139197172,0.8109137726156964,1.2471663296943156,low,0
0.9622244304226827,-1.0791455697202572,0.7947585224719341,-0.1980272394603998,1.5789450927179753,0.5825679912668976,-0.3511907611194043,-3.0185567705677925,-0.43186105468749775,very_high,1
-1.332224811859724,1.1163025485671878,0.07225204823791581,0.45853726188139665,0.9065441571099638,-0.409255882539317,0.8102975558405939,0.06450597286257172,0.8600732670456116,medium,0
0.7441986419793465,-1.2077430499878585,-0.6611371121909724,-1.9354115303874337,0.35641258353437605,-0.444466382933612,-1.014999540231471,0.6400266183843293,-0.4873841186603286,high,0
0.7652947795884864,-0.030997474543929572,0.7039646767942336,1.3545372177286166,0.6455980789595456,0.8488865308585913,0.04819146719314391,1.567791509795664,-0.5154397342482798,very_high,1
0.4516837560826724,0.0719587449122634,-1.2534017182950186,0.5150197977581521,-0.5892537307950677,0.24854579594849344,-0.17911687380243946,0.37034026732884573,-0.41729721671675024,high,1
0.4782077003975088,0.3013082957964938,0.6233423006748285,1.428875192676292,-1.0575146702934315,0.6775079323993055,0.15509626191811346,0.3044922016801448,-0.3895013179564386,high,1
-0.9699857200477788,0.3036145953885251,1.7123046874375993,2.123926485132153,2.5460545359427917,1.247864319001974,1.8612877597586732,0.8892634247589758,1.3030637168682913,very_high,0
0.6451420334788797,0.9290814815790784,-0.38448912104151794,-0.6073259880844586,1.1037200137225964,-1.1298863579863385,-1.473331759781055,-1.0590371220120975,-1.3666095908727092,low,1
-0.5844413451910273,0.9968043895392863,-1.22322023006193,0.17435973507987795,0.491412756355527,-0.5682110772180007,0.03996924249539639,1.2685832356474693,0.0717628817325334,low,0
-0.18313094719403744,0.19703550884161955,-1.1096093679030308,0.07689474518422829,-0.25460798601388357,-0.07906938920480197,0.0930189122754536,0.23787515634886738,0.09535805293225237,high,0
-1.2605342663069727,-0.020439038302780273,-0.15014783201743892,-1.5201131547976834,-1.1693152650864689,-0.8799207079695615,0.3479614409501044,1.117933822727152,1.0404993219675522,high,1
-0.6641070649373925,-0.8731112206655329,-0.467738683858582,-2.4970325128106676,0.8201435941230599,-0.9441563215274859,-0.223061102568846,-0.5969720279011155,0.7022337037369545,high,0
-0.5964191832432574,0.7390991976359563,-0.363131646817078,0.683130439045102,1.0200365069020898,-0.045197645963478646,0.47938157409343235,1.3771809365045613,0.3437706467558292,high,0
0.7170905342987604,1.4525021168607444,-0.8550954744092049,0.1858413590754021,-1.0006293724832407,-0.9988918624863473,-1.4207676107436873,0.5413212940082783,-1.5866325246363238,low,1
0.43113169400181484,1.0382109090921576,-1.6254922701998327,0.8039514575564041,2.0487082576988507,-0.2675791857428936,-0.577353368792203,0.05519924253008922,-0.9061888435351445,low,0
-2.9162612582675926,1.1175408281374355,-0.38762983266324635,0.40063065904687495,0.6332253101150935,-0.32068059622374845,2.2343712627104133,-0.29779615622396016,2.540448693596625,high,1
-0.9059507452314338,0.9892407270068466,-0.11766730219285336,0.6126632509685803,0.6353291952162062,-0.24954505548564482,0.5772969229120902,-1.809267714588258,0.5119064609442844,medium,0
0.4562868940198727,0.1371661617480025,-0.08633785824672688,0.7422775287266994,-0.18919018127507997,0.3493993463798525,-0.09902389733756305,1.7183639957638757,-0.4130885345785867,high,1
0.3701656631933654,0.17618610806535231,0.20199901075732124,1.153968954536147,-0.2336069609828654,0.5975951393929961,0.17986037244518954,1.1288474875493895,-0.2577017783189166,high,0
-2.530360916230402,2.383350983750635,1.7816847864668515,0.9907766914701404,0.8855770816950449,-0.8913167447524643,1.4477516708405733,0.23849892567305414,1.5031200469035015,low,0
1.3176374962451451,0.9032359729326763,-1.7806256729074892,0.9666182557795857,0.7882041407971867,-0.13350457510543057,-1.2241105444616902,0.09116814666643917,-1.739849110042095,low,0
0.6313401781110205,1.016583695268293,1.2428625628583145,0.7802398666461582,0.09262758794892355,-0.2833986256803236,-0.7613983114347194,0.30634753393202263,-1.112387315552856,low,1
0.4148365190263547,-0.1991118061832105,0.6628410930216325,0.33312086730675455,-0.6729053320094016,0.33067410061836633,-0.08281668565940307,0.14204447883054525,-0.25575819933030214,high,1
-2.8586942384253655,1.3510430634632866,-1.320892282506161,0.07313642866392228,-0.1330031639300636,-0.7108396411702117,1.8655540428253092,1.2888634252063023,2.2720697521597284,medium,0
0.6139011136414865,-0.18623455840653305,-0.6391935337501581,-0.5862893170882292,0.6856563925137109,-0.29734902358556536,-0.7711948608992318,-0.8281805638735081,-0.6691316706271406,medium,1
1.1748484094399578,-1.2991539796478988,1.2428268933268276,-2.3171387831538084,-1.2094353289590587,-0.6623984456884155,-1.5632787161828843,-0.9261632634832083,-0.9737796579241623,high,0
-1.82618544881261,0.25274716404457864,1.5745863577623422,-1.3624597552890698,-2.355703490127358,-0.9310177171676751,0.7911385319268213,-0.2712965631476405,1.5166631009082605,high,0
1.1740160915949438,1.4133220602415701,0.8241028968557058,2.0525288528091785,0.3240364427065333,0.216455945116496,-0.8069820992504928,0.872153105684055,-1.66010985595648,low,0
-0.8700750111313771,1.6653707116326302,1.5821167513035672,1.6870802933456792,-1.162065820256283,-0.043075872055925786,0.7246363738473603,1.8674620041613508,0.2991506059289741,medium,0
-0.6072329391247637,0.6749408895838621,-1.3517075320246466,-0.38832591381155357,0.0490947313056715,-0.6996099406167796,-0.05264801201736774,-0.7684355169034929,0.1683994896532666,medium,0
-1.8317750335859475,-0.3607926998712592,1.045056145231206,-2.234292056407233,-0.42158231144029273,-1.0529548247162928,0.6884788080130716,0.014336422175760023,1.7025433465609916,high,0
-0.2016205039737594,-0.5232775605356885,-0.691054377393896,-0.06375449144748224,-0.8343381865826627,0.35739236459952584,0.46143617866335973,-2.388531462477686,0.5116411851282715,very_high,1
0.5301872628330536,0.9720341724823331,0.5665409870816561,3.6055338294063155,-1.2244022070472718,1.609049367101203,0.8875593419705212,-0.2758957214401739,-0.3849360731181676,very_high,0
0.45143538462132443,0.2837180049867697,-1.5693895953746837,0.547567563727523,-1.8804355440630813,0.11492310225712277,-0.28696428608920027,0.29282884358668343,-0.5354482447919244,high,1
-0.27278870127618315,1.6773662031142458,2.291911266818686,2.2178838501711695,-1.097143649628814,0.24798481771204428,0.4558092412605729,-0.5522612521126086,-0.23501024833177972,medium,1
0.33436560951891714,-0.5500782884200288,-0.6411649293968504,-0.18171442117672099,1.9116060670633217,0.25657557174607876,-0.07923139897441253,-1.4241676001875991,-0.07020890471136795,very_high,1
0.5668515337816662,-0.3699098784264457,0.45564691008859476,-0.8949789053632112,-0.22572263161213502,-0.3614585860292297,-0.786032590094173,-0.34034048288290325,-0.5749887140201555,high,0
1.2654123984681742,-1.4090577451463557,0.32868234949648295,-0.9626336170303231,-0.5911468299256105,0.2984953403503986,-0.8480074535097832,0.0217130184848427,-0.7213001709313244,very_high,1
-0.20717859410116912,-0.5676412634464757,0.612171618618584,-1.6849242662084754,-1.3376741860876842,-0.6722133034629943,-0.3847723735185717,-0.24584831744398336,0.20357007120862597,high,0
0.8383224349012369,2.0055236508763836,-0.8679754225283319,1.0551708230767634,-0.015471640726739578,-0.8436084657827411,-1.3898469075020916,1.3137821765718076,-1.860859999897215,low,1
-1.5293895854482797,2.0019459885216055,0.8220660780325274,2.2117044156750465,-1.096875079383986,0.10748518826087994,1.4149555780665224,-1.1681778278502002,0.9149639308273619,medium,0
-1.6250072467138486,2.9819242265108596,1.53739673068429,2.448516510547472,-1.5297489550040915,-0.44680553429545433,1.0493612040937892,-1.0084330205311458,0.4872565997113736,low,0
1.8212492394221718,-1.2946361102493906,1.4443434119799452,-0.11790648449171748,2.171192861062495,0.7236772631292161,-0.9695808978032423,-0.18657325305536468,-1.2058482595067836,very_high,1
2.383121131113881,0.6269695904404412,-0.3807634038618044,1.4202204965684826,0.12417568474461345,0.2802547544190138,-1.7940254387238455,-0.6982618487513923,-2.6201980837996848,low,1
-0.3603185764789131,2.380958555100496,1.7754908492400483,2.660549889508901,-0.10435844943808653,0.030231956814703805,0.3582801588358542,0.45015563394664765,-0.4646864235334818,low,0
-1.7645684686149679,1.9508696308040248,0.6078403387350085,1.807475796571751,-1.2395880125250283,-0.10114787201980475,1.442629523243823,1.2121292042334861,1.1117292662167408,medium,0
0.38527146102156995,-0.19835297028630117,-0.21208966992042563,-0.2434782528423568,0.5647891059076481,-0.04540776720759649,-0.3682418303451631,0.3350543519121714,-0.3456202615231175,high,1
-0.49632267001467123,0.937719644615566,0.8197397172580948,0.8796553353953067,0.15809487586680993,-0.06980624546866268,0.37586119797107054,2.0642201348524107,0.16054232145638386,medium,0
0.6675687965246692,-0.4090242723172819,1.270088025254897,2.1012593348793978,-0.20716168909404023,1.6228089987668521,0.7666695937348723,-0.3812372872728735,-0.03066410788436302,very_high,1
1.50476230550337,0.2799655361815572,0.35533819559013685,-0.3506212682266303,1.2434282781029249,-0.5557454354119816,-1.7392807452957604,-0.9282199673480178,-1.8476986097331785,low,0
-0.9018690789532068,0.28983763717936734,0.40813591277835637,0.6473809438819619,1.1782528475480023,0.28473411617340877,1.007491637896599,0.7075918219746196,0.928500634834012,very_high,0
0.6040167535425921,0.9775404898007491,0.7964303666421104,1.4255863310099393,-1.3993421658487708,0.170335244678136,-0.3637347427024009,2.3059465859677397,-0.9246416144425217,medium,1
1.2051598926765326,0.7821242579174265,1.1905296437176767,0.9244551378770784,1.847866995702103,-0.06345495137797916,-1.0716495344981354,-1.3467856621154346,-1.5568319583248462,low,0
1.266034719844868,-1.0129263434311921,0.6785496546210517,1.0654879449495973,0.23671712102639317,1.3377768225346696,0.014247241325024342,-0.9658267708959641,-0.5305991174273854,very_high,1
0.3942494604140303,-0.4983776941732422,-0.18352817215715306,-0.6782797973011077,0.9102157836647453,-0.11152934550347615,-0.4337944776330017,0.08452698378432454,-0.2690203092906599,high,1
0.49247153927963716,0.5245475889420621,-0.9414031690020248,0.7817533477508678,0.4115657191642819,0.08885843136650731,-0.3408582931458659,0.444853537557488,-0.6726046305143139,medium,1
0.3926223424453701,-0.7715422646015752,1.434309669352076,-1.395803693964638,1.4287601620367705,-0.38175235250862427,-0.6585989775986508,1.0725417995727589,-0.2563086624698835,high,0
-0.5363245093351121,2.0928768334338015,-0.4283182577977557,2.1906572501997696,-0.24788011907866303,-0.0527471287666398,0.4366913704933182,-0.019918396299731203,-0.20477602592077146,low,0
0.37678263272869306,0.7082195869953261,0.2775525134935317,0.6649388782780583,-0.2570524088130647,-0.1128142542543207,-0.4067727264084362,1.2863821369955335,-0.6820907531787711,medium,1
0.45002653173886475,0.382399938431602,-2.072355181695998,1.607083510217306,-0.7948936470016904,0.7372270249216483,0.22934447437445746,-0.61836502004413,-0.3699371765314518,high,1
0.8581722437522277,2.003535876510135,1.209230647223938,0.0003579965223277637,0.5805676870356148,-1.53507846870834,-1.9779574979168377,0.32475823953354177,-2.1022874708889745,low,1
0.5210241694694208,0.342917141330113,1.0729296145073466,-0.28588071918776603,0.39495797032330715,-0.48024450464336466,-0.8372778304588644,-1.606256788401958,-0.8197740316948742,low,1
0.3280975617745292,-1.6870964748701882,-0.5610891309809973,-3.147781201752079,-0.37598357935186616,-0.8547711414670289,-1.004295101918944,-0.3806946237950925,-0.013524580395015156,high,0
-0.06331955541060375,0.3023230024731373,0.8695725186534211,1.3627515244104385,1.0733665824449723,0.676992823964536,0.6165065302437799,0.215031942943456,0.17488790312126384,very_high,1
-2.6969015754900507,1.7972185543638424,-1.5325182768296637,0.6367893756217826,-1.2511991366336779,-0.6809661585214593,1.7571262873305322,0.8715243860879341,1.9535245990360666,medium,0
-0.03363041837020886,1.22728444553658,-0.11131884879780068,1.1463732337878625,1.5361567728549452,-0.14413749091137204,-0.07696508602852839,-1.2692911052431042,-0.4493420192867161,low,0
-0.2869267945208434,-0.44882897399639216,-1.873240111819152,-1.4225130523003866,-0.4992476144946552,-0.5807644515136182,-0.2399254966987065,0.6357265264405499,0.27361916810707476,high,0
-0.03307083888913376,0.6622307796651692,1.221294945685148,0.12406018862903134,0.3202165779488289,-0.4006791709523341,-0.2955236346875171,1.5486392950240366,-0.3302956871041923,medium,0
-0.7455195582648512,1.4651413015747545,-0.18403239919900272,1.3007038911222764,-0.3635732949150291,-0.15979203659074823,0.519816176078698,0.2912027551380325,0.20334194036165676,medium,0
0.40605280914949193,-0.2778325748006774,-1.3129685299472729,0.4237281266650162,1.4950303097358375,0.44837630402366735,0.021036979655272202,0.16279661809991253,-0.1807917404720102,very_high,1
0.3368308513616284,0.07693393173279016,0.4788475732177351,0.7312790809047635,0.056706648839265496,0.3958815640461361,0.04058692302292645,0.5849534930864443,-0.2520788335350837,high,1
-1.9992677588956345,2.0924418218041447,0.7224469852209794,1.7729259468916336,0.04932816579484362,-0.2085193582759176,1.5556429337322708,0.5980991550474662,1.2716259064163073,medium,0
1.1952781017550982,-1.5372546787939172,-0.33186486182197916,-2.2326257062379558,0.609238830889753,-0.43439944085071047,-1.3949745042032742,0.7497666284891851,-0.8370527609832397,high,1
0.29503693930267005,1.6448151234353867,0.09675491843880031,1.6830785440594362,-0.40611035702340326,-0.12438692021853003,-0.3363814113634002,-0.44890838731300636,-0.9349819098745241,low,1
-2.5224710154537684,1.632487282287244,-0.19330422644796988,1.1376209153309222,1.3460997945142577,-0.2461947353501298,1.9656934340845247,-0.3028852437989931,1.969613590893885,high,0
0.3917564106081869,1.9211009752175823,0.5055578532150077,3.1233712729545924,1.466782556898976,0.6096068479723508,0.19043955700171136,-0.2414305647249931,-0.8994938974182118,low,0
-1.738448121546691,1.3951847333660397,0.14775590740012853,1.6630249245903763,-0.11447237179886294,0.2087514481734107,1.67026013158994,-0.34409802826233293,1.3821572023204727,high,1
-1.36862498383603,0.521342263801095,-1.0878930121092583,-0.8935412729580364,0.08497296263582721,-0.8570666440358975,0.4649421091198633,-1.008106506760428,0.9671051533611664,medium,0
-1.57058085148804,0.23685354489560417,-0.33931118713815905,-0.27680481927812495,0.28305316225865373,-0.22840726768798875,1.1533430898627284,1.1196877785533812,1.4806919543287798,high,0
0.5352511941165743,0.7080576271622304,-0.8644267053357196,1.1715652233016085,0.023385214658507663,0.20660028226569352,-0.27808013477484944,1.0073043574732625,-0.7450594917232995,medium,1
-0.5290459166930632,-0.0026302717690620137,-0.9711898691379917,-1.1789915107108127,-0.1664855842815459,-0.7282289651740379,-0.1503722200303422,1.3255002197212566,0.3196338599304308,medium,1
0.3548081638180526,0.567007672389261,1.612868370707128,0.08983314275212906,-0.27027036767460905,-0.3846276675961856,-0.6140961841613757,-0.4434294182350357,-0.6957829909831327,low,0
0.4980072517399414,0.6186282052074049,1.7443111147431112,0.2207949305554609,0.6381869988485734,-0.3480931962431618,-0.7054770922066221,-1.443200793785794,-0.8519014412874778,low,1
-1.632762518149286,0.6790152210921384,-1.8385186232720707,-0.5565607740517968,1.0831452126607344,-0.7303508671553586,0.7965952066502745,-1.7941918665494363,1.2269238823979602,medium,0
-1.5961143566810971,1.084189277232772,0.7985013379072202,0.03430610160771985,-2.0591604836923203,-0.642566946498747,0.8422794873574081,0.5809995399616921,1.0721148661299882,medium,1
-0.7629756829106181,-0.2807968176371386,0.7589816954601127,-1.8222979259733234,-0.34319156868671197,-0.9274604757102102,-0.11847967687985195,-0.9906232233772576,0.5992015166354449,high,0
0.39155699216544626,0.644949149379484,-0.5552804969053294,0.5469767545898301,1.0595655726233972,-0.14501155845561353,-0.4466593387486274,0.6636463470328414,-0.685219712790801,medium,0
-0.5754275262093205,1.2172358335148892,-0.5781134587156433,0.8737425756467285,-1.770481137776078,-0.27187964586181507,0.2794636956444743,0.9280906109910811,0.07853740937265336,medium,1
0.5972909752936414,1.1171742051173241,-0.963396341198569,2.2482757408609926,0.41478446207924113,0.6078797178292488,0.004942956873457642,1.1067745186243287,-0.8273737163507406,medium,1
-0.17282429398255295,0.4029463064548591,0.8634372801898786,0.2750529505679219,1.0472764085594626,-0.10071942786114331,0.06859649879642425,1.075221541181916,0.004141742462471883,high,0
-0.6392808147105226,1.3228639319672693,-0.04020473453637896,0.6897696776086737,0.5069157201363107,-0.4646223959995194,0.17586612602208784,-0.9544386262909633,0.04570621936578549,low,1
-1.3412701306213586,1.3117739644622455,1.0714759302545598,0.15970828807608706,-0.45767699298843306,-0.7474361463623412,0.5408079022873759,0.36849758683903877,0.6914099004083745,low,0
-0.32968150854797296,0.9706280679510955,1.5914003677628041,1.3289993489098995,-1.2101609434141578,0.1872054470718095,0.44640015016530565,-0.1570248284447078,0.057255116813225225,medium,0
-0.7678754890070076,1.6230312633744888,2.171802667396602,0.7946510985608048,0.9537602558113537,-0.6052129276834374,0.17268558781332244,1.9824704501689276,0.027642782137144075,low,0
-2.1958791003537064,0.4711413274163159,0.8425138964550043,0.030926889060707063,-1.4222296495062072,-0.1478763753554625,1.7556890545520711,-0.02439856723615665,2.0751211411238786,very_high,0
1.7576875171263788,0.06898349043214927,-1.3394697749577562,0.926450753126461,-1.481580771551368,0.41531011657978323,-1.1551851826717061,-2.61813319869228,-1.7252434104927048,medium,0
1.4980726007871636,-0.7023299047306749,0.553627409358232,1.0051459469382165,-0.43403335432359996,1.0522534130412735,-0.41608945274144776,-0.2410632224657809,-0.9750075833354745,very_high,1
0.3024561639422726,-0.2744520395002727,0.533695248006193,1.4142008475890857,0.29657267669430815,1.103395629266236,0.6504750795428452,-0.36331200838854505,0.135829704213314,very_high,0
0.39993620799759105,0.12418340095994074,0.1017883337073275,0.33840438720370586,0.23071174907496259,0.09873422638531829,-0.2581605508924927,0.8096575301482413,-0.4299385520852708,high,1
0.40735604768470546,-0.013028539251603586,0.6938234538591022,1.1095813597320094,-1.7240618108680354,0.7039869091677566,0.2339563385834327,2.598822900074582,-0.19485928684359738,very_high,1
0.48852737578461775,0.3068899670299674,1.9262858548553932,-0.9929611800148097,0.06078537250130285,-0.9146868307181927,-1.1688110492933022,-0.009159038534655271,-0.9121301471795722,low,1
0.6241542499979056,1.166344873966074,-0.15464970656083346,1.7996315930709907,0.8918405795948128,0.2756905054763549,-0.29182049900517654,1.6010743061643926,-0.9793335733449046,medium,1
2.5529972995012784,-1.0688623288748231,-1.279647848349243,0.3863658853073664,-0.5944977224267224,0.8300798466944186,-1.503272429831581,-0.5491264809895774,-2.0157526973112567,very_high,1
0.526336993384449,0.2316666192909924,0.23492812508811559,1.9465532737751792,-0.21941232097207036,1.0638907289007202,0.43244530894580074,-1.527461356118704,-0.29110831770046014,very_high,1
0.7874065019832566,1.96364347664016,-0.3433351758524492,0.6757154104427185,-1.3772954892720999,-1.0575589660164955,-1.5236076314428855,1.4338328386598447,-1.8613029734105115,low,1
-2.101266037299757,1.8649444281189869,-2.367477653373278,1.3893096552585713,-0.1493614956496412,-0.28524469063361413,1.5767668126429732,-1.934964117240471,1.4346999266633067,medium,0
0.561059231947861,0.6418446640633576,-1.366114080933685,1.0341529583231817,0.04455216557115131,0.16292111272345536,-0.3368927617472257,-0.8474738905650646,-0.7623247521798707,medium,1
-0.20539723294441492,0.5996834766899966,-0.4037034339979068,-0.07336379042232982,0.7271712595339491,-0.4704332469940056,-0.20686152902490018,-0.1210210310095643,-0.15052784401710909,medium,0
0.37211533892134196,-0.1033622247050437,0.6082671663441893,0.581960220551301,-1.4846047919196528,0.42712742123044534,0.03433453128388147,0.3137231828969071,-0.2144970064222872,high,1
-1.0063983523268913,1.7874017203800385,-0.2768893557688036,2.048219474760794,1.3094441014026479,0.11527541886661133,0.9730288052854715,-1.3154413070498456,0.44849322031739397,medium,0
0.5202525409556531,0.5156543179664632,1.3746112675765545,-0.2766836812705691,0.6036457389607386,-0.6005711989998732,-0.9341228590561099,-0.16841971202888115,-0.9191864847152191,low,0
-0.0029328522802536394,-0.5263102656728014,0.6095098962124401,0.2959758957816413,2.44125584526534,0.5793961611723267,0.47533563037154497,-1.0325332762094106,0.3765474509194421,very_high,1
-0.6332138170881776,-0.9222137282741416,0.15714578370253451,-2.5006983174855013,-0.3997705114430575,-0.9131088844469698,-0.22429862672706094,1.2218046849767015,0.6974831708961289,high,0
0.5311673298853467,0.6468046297678378,0.2290948316463794,0.22784171183848506,1.121689142387919,-0.36676312456129057,-0.7488702211147966,1.4273286515947694,-0.9025343398685483,low,1
0.3857195241212946,1.0710761666312507,0.960305168086668,1.6375622929745262,1.299987372262134,0.2583732739471565,-0.10382426165623579,0.9647698943024456,-0.7021252560125842,medium,0
0.49316040002920436,0.3962049435594268,-0.3128364730515222,0.2091520963870434,1.4980117703044276,-0.1925550584722309,-0.5752985675743117,0.10172320847176979,-0.7176089617797733,medium,1
0.3875016405299634,-0.06085287169052933,-0.9560585516833945,0.3917835499438745,0.1255485866511483,0.27013700384140044,-0.10799813373834712,0.054051662846000936,-0.2960013111347781,high,1
0.7539761231338242,-0.5286184356853534,-0.30466783375565604,0.07476389863933586,0.679373170574121,0.3752099447530014,-0.33885554396991807,-0.8594597234480168,-0.47761592901789046,very_high,1
0.2840524320719518,-0.5558431166413561,-2.5089571784950757,1.0582032627349678,1.7522919091220317,1.0774883454521664,0.6416951155661132,-1.4213499453185472,0.24721776426376751,very_high,1
0.2953425148070529,-0.5989902524400316,-0.28815026242251623,-0.6189879379198169,0.7410169513364492,0.008920297410846673,-0.251051864118962,-0.6368452142703895,-0.091340621542817,high,1
-0.7985651246742422,0.02840106671210589,2.9430483352686214,0.2902645025435809,-0.47364545765119104,0.23369873191675777,0.8743791060479067,-1.3756340887863618,0.8977516698056093,very_high,1
0.43724567914621143,-0.10956324378082818,0.10451403607582113,0.6337377945933966,1.8752253884833885,0.4603611382611283,0.006173731895329038,0.34355457703993575,-0.2695835374783656,high,1
-1.1397553835267065,0.09140409891601371,-0.36515261319821335,-0.3185048765532035,1.7531948020655854,-0.18395078086442238,0.8210588315219458,-0.4333895666861532,1.0974354343178556,high,0
-0.6181969753840356,0.0060638076979335626,-1.0981863837781498,-1.1110993072696926,-0.4638544295059457,-0.6829228038051858,-0.036824190647863776,-0.9972649579684154,0.4240392226832134,medium,1
-1.0116408492289537,0.7099573530931458,0.4981119956445415,-0.3181623635345191,0.13863502853045098,-0.6467169825250357,0.3363114538920429,-1.3141995296231093,0.5947077719158512,medium,0
0.30358067469287847,-0.3715593842436846,-0.06487144105336112,1.5054746124433682,1.1469628682551696,1.2341936510024007,0.7564951443063195,0.7177387066589793,0.21121959331881043,very_high,1
0.6821206351912046,-0.5645109357734118,-1.8481101123885366,0.786482035257098,1.629318517441612,0.8737207555214321,0.13380640732182392,-0.47952499463178405,-0.23020092776368326,very_high,1
0.7223143075099356,1.4408592219717884,0.184827033621654,-0.10476325798315334,-0.19906255375986986,-1.181254570973943,-1.5759830621950588,-0.1471927507680115,-1.6463224013100792,low,1
0.2664106613201721,-0.8027004988808183,0.26429021015325105,-0.3370845571901502,0.8552015077482625,0.3450922183142681,0.04907648564220939,-1.1541633847795414,0.11923918355376449,very_high,1
-0.6742607717133984,1.6374133716878791,-0.6801734763479509,0.5097900369215926,0.364561477355457,-0.8099684519278468,-0.07612356964787914,0.3314708963308953,-0.14072025665343346,low,0
0.06104202272678144,-0.3802024943496437,0.21272612119178486,-0.16097336237207538,0.6381840407282129,0.16783540515857265,0.08242051536995713,-0.7274539247231182,0.12583927497085065,very_high,1
-1.4221950687014582,1.2742274188718952,0.2320946379285372,0.18474244922509303,1.1166812750675223,-0.6970401796543171,0.6510393969862652,0.09715578708624777,0.8053764524327873,low,0
0.38243163840756866,1.260816392400863,0.8917005810695752,1.195415791026524,0.020121129580859987,-0.17000662179844767,-0.4527923242106535,0.3918287077161016,-0.9036328209609132,low,0
0.295081674676819,1.9952019465433888,-0.3043448710539514,2.038128780841564,-0.4952150980047351,-0.14811764621801016,-0.3521919373925089,-1.9768215689475905,-1.0677522846467655,low,0
0.8523610477890217,-0.7614309818417042,-0.8348299105466731,1.5405753279154804,-1.7052076077760168,1.4983750073150146,0.5024401563078356,-0.08251351891139448,-0.13743970645096337,very_high,1
0.049649465541834026,0.07278851826559408,-0.3357859389797497,-0.6243051555314076,1.542806773769682,-0.46643570759535347,-0.4268266651403919,2.05451488940476,-0.2271541281143444,medium,0
0.6650637653426483,1.0629092490110224,1.3469412443889957,0.10788313984030634,0.03302330719303323,-0.7606795347123665,-1.183890540183411,0.39530725264933086,-1.3169506563591227,low,1
0.8057969788408996,1.69668460528754,-2.010216654566063,0.24934809690048348,-0.4929182749492523,-1.1431089645462658,-1.6128740897449667,-0.8252919608308644,-1.8125515539108437,low,1
-0.8227852014939356,1.4636355871792324,0.642301235011176,1.6005237407882293,0.5374120028203807,0.04402876309742262,0.7540511713598516,0.4977883094177774,0.34975223277528533,medium,0
-1.9399434530304225,1.1692487998124284,0.14330630500000371,0.9487099274977424,0.016124787900472438,-0.07785325479918953,1.602891752284846,-0.05111869301537766,1.5812581902657386,high,1
0.7915992705785695,-0.3203144810810359,1.0371714725320045,1.2538502507444433,-1.7101751013917943,0.9925144980744497,0.1412345382671135,0.27924010122099974,-0.3935700749505979,very_high,1
3.7612124167671155,-2.240592699335285,-2.2832386346150395,-0.10786832272893832,-1.3099765543749995,1.2664807302621384,-2.1859959355868916,1.032974234914031,-2.7179739817054696,very_high,1
1.0146090914209358,-0.7651580765325325,2.2689916116594535,0.21961247607715295,2.3596142591001037,0.6222865437327707,-0.35962588953465674,-1.9425705714374064,-0.5859152249893109,very_high,0
0.3318357191991213,-0.09916790199410987,-0.34230484344914897,1.670096207074055,1.193611755172588,1.1404662389712352,0.657956007509038,-0.06744655855518213,0.05445777300962975,very_high,1
1.7356049647528684,-0.8024335906919572,0.42136025430670854,1.0758522799691241,0.028320263677764197,1.1527456158083242,-0.5367480986421795,-0.3920477826671146,-1.1548711735293817,very_high,1
-0.07468963387719696,0.9622661205378069,-0.2589387965783906,0.4803640257858493,-0.4268041949352576,-0.3833871122463812,-0.2424678166511887,-0.8208789224096867,-0.3884855644783192,low,0
-0.0950437891414978,-0.09608320031513992,-0.412420069849907,-0.5997986532538304,-1.0002705227767883,-0.3151460471811361,-0.18030849864818344,1.5083107487475504,0.03254096186632855,high,1
-3.1732371519203846,3.6768344444963024,0.3465270183130004,2.6134492020731965,0.6180684939300419,-0.7227203600587827,2.1494074663095315,-1.8082953284995145,1.765845164088099,low,0
-0.5214604339057527,1.3014317817913297,-0.27633529504421733,0.7202125878397698,-0.05247385606304944,-0.4384635340798831,0.09675990741970524,-1.3646763259005417,-0.061172601115551895,low,0
0.6225682727456237,0.05481398180670079,-0.35824437790750796,0.15033043759392412,-0.29882008902920415,0.008327010895786276,-0.5234607147393245,-0.47655380143352466,-0.6663655174093139,high,0
0.5748053097001973,0.90579654202875,-1.0886934104763422,2.1622406996382004,-1.1251978277377233,0.707996327461134,0.1045062222736774,0.24690606341661173,-0.6963726963490018,high,1
-1.2500314598713946,2.1897955954006165,-1.0588001482478198,2.236418706713213,-0.8246120097650219,-0.036267455187106654,1.0600257254915268,-0.41896344552123466,0.5104241319024433,low,1
0.524883189321751,0.361252631552572,-2.3851136986930364,0.035461712698748316,0.9778475646543314,-0.2833647594933791,-0.677744006457413,2.1209935658451093,-0.7673003897996613,medium,1
-0.5324447278371001,1.6096524349953711,-0.5668133178023392,1.2294057532212852,-0.5224147283775092,-0.3294221707905956,0.199565271581918,0.09901444948725731,-0.12486215232431853,low,0
0.29280362241237395,-0.5552692806293557,-0.815909535148553,0.8698905811480921,1.187713384138455,0.9529436047642655,0.5313631069642615,1.2561974394136823,0.19800058668912132,very_high,0
-0.8732189521395909,2.7116485315211523,0.006131450435226853,2.27669818941117,0.7990680731422993,-0.42209678843314113,0.4256777327976535,0.6314186062724064,-0.19257349183279596,low,0
-1.853277136329687,2.153535436387157,-0.15032837376370992,1.1890031813702273,1.8955073459913552,-0.6476799980998248,1.069056353268598,-0.5326067566734964,0.9568801356293549,low,0
-1.4406651046883774,0.6057076376211451,0.055002936033374625,-0.8177135810197305,0.9468075665118705,-0.8633156174539907,0.5221396142436546,-1.4745026870482356,1.0101284887188984,medium,0
0.3824432189287936,0.015282587154739067,0.011862679180784205,0.43100885951812773,0.4705098473785568,0.24053312310768213,-0.12730519951088695,1.0581700938241017,-0.32739273700046206,high,1
-0.7459523008616107,1.6139027376703579,1.5391972001749075,1.3565295080296083,-1.1179276080367397,-0.2320389830619537,0.4621344186239465,-1.9465252863588642,0.12753441556778083,low,0
0.6954995377436206,1.5529802875860705,2.1857306167225743,-0.15886463587052924,-0.43263751633352826,-1.2966106284006438,-1.647174698015034,-0.47971889676613605,-1.6953288925036998,low,1
2.2795614963429185,-1.5203937512876737,0.8995613767383077,-1.1775509333127316,1.0608000718059476,0.15753133009836645,-1.830547314835523,0.3142674218011834,-1.7846342676100753,high,1
0.6681057728485907,0.9716219591782392,-0.6342747168173137,0.8735240202335125,1.2884336225033886,-0.1923126805670553,-0.7180062696645676,-0.9273730056959336,-1.1055163196493307,low,0
0.2562242273452038,-0.5030679042771152,-0.1554224325277597,0.08805326312448386,-1.94249769096177,0.4052643537039694,0.11074112862290371,0.4986899121355445,0.042134694216232234,very_high,1
0.04697057392963738,-0.24685472178840792,-0.031471370203683895,0.5347336310479235,0.367199798775388,0.5273464529810058,0.39283771539768286,0.6084916486780788,0.20802611987544556,very_high,0
-0.1355921037378769,1.4702991158611622,0.07215323682176132,1.8883135349326685,-0.8711930300076307,0.1724866965925824,0.2741801893985036,-0.16270370156909178,-0.3283649899037082,medium,0
-1.3585044925405687,1.4386606047599702,-0.12653257974705998,0.6030055954334694,-0.8639798490760783,-0.5483722616259782,0.7213210492000635,1.67286820189853,0.7278233990418296,low,0
0.3412284361415897,-0.14471374184104654,2.6068591631497697,1.0727281504425685,0.10798392072522883,0.7815260032481149,0.3529600129887443,1.0152208918143053,-0.05401985296337429,very_high,1
-1.4802306608621096,0.014637173448493952,-0.687784294825431,-1.4371196931330574,-1.5105460503694963,-0.8335225131863445,0.5740313596023657,0.2688049344392308,1.2720169942205442,high,1
0.44852297869551383,0.0928653893146742,0.25678325732472285,0.7089776252071307,-0.13954204292790354,0.3606202975316027,-0.08361824397098071,0.46041564984282407,-0.3855760237705095,high,1
0.45768042555799104,-0.9911505711725249,1.7872399646046684,-2.0361640568142585,-1.9259778184451013,-0.6459616515570282,-0.9347211741117174,-0.24691832748945464,-0.33036179628022977,high,0
-0.6589620049988774,1.288798843843465,0.3699256130043903,0.6808822396365546,0.9346547073366236,-0.4439336206090805,0.20936743327209542,0.9466183083304367,0.0850274196020636,low,0
0.2952071488356186,-0.9589937989651117,-0.44494639089525284,-1.603437483639294,1.524517181115903,-0.3728141610509569,-0.5701871159527162,-0.6141435312471847,-0.08488407648838828,high,1
1.1354833879341217,-0.5165749085791685,-0.07004644372796484,1.430227007699155,0.08534395552050993,1.2240792522026123,0.037093332150031404,-1.7376861982453433,-0.6080674725864514,very_high,0
-0.881584002537825,2.371552250075643,-1.7737751322025186,2.2765068676057694,0.7032538280959473,-0.17265204900556713,0.6351382956296538,0.06354190456093739,0.017482409171430555,low,0
-0.3791730357959274,-0.4831192073047176,-0.4583983632127938,-0.09638657299447684,-0.7967812326691753,0.3208994414897428,0.5831517344611387,0.6756644532569765,0.6708355852230045,very_high,1
0.29532772627006476,0.12475070903784088,-1.1819955218978246,0.6922210946246182,-0.9593549606481229,0.33862731567611287,0.029211631938297636,-1.3432093905839007,-0.24419326465571112,high,1
-1.2626733917076958,0.8532884267765576,0.372842248655825,-0.04045117019712652,0.8301613723463044,-0.5494047752604241,0.6323440041870151,0.9373674142536799,0.8365610894574211,medium,0
1.5371615026382714,-0.1881034002211701,-0.5505339682007013,1.9960302379719623,0.12301867352675562,1.3222044293125532,-0.22082313886039678,-0.8180021847417462,-1.1129702193776165,very_high,1
0.6094323605334943,-0.5539839410169994,1.5783426774972855,1.320716470500163,1.2374645917335385,1.22200335714439,0.4835960187506705,2.0064086377129366,-0.046601475785206445,very_high,1
1.0279398049877235,-0.699709738581021,-0.3628556273736071,-0.12417828211730264,0.33516056653511783,0.34799456777551957,-0.5968469720577065,1.963552833543816,-0.7110303530590385,very_high,1
-2.1574348314286342,0.965027484960607,0.5586952829218191,-0.6699673126504846,-0.9073265593722656,-0.9717848295048347,1.0477448506086224,-0.03494150045863278,1.5948068261534534,medium,0
-0.4145644326449496,-0.27562773279523717,-0.7140417437774549,-1.1352964887814279,1.2998712435306046,-0.5090096352324159,-0.06991063419344429,-0.28554162530722377,0.36789697895993556,high,1
0.5262453826582957,0.01129819057343176,1.1888062411931566,0.8822011513581529,0.3588480726789188,0.5275933133968252,-0.012871590284289589,0.28815004154025464,-0.384057477224812,high,1
0.8938460456739521,-0.7160726944783627,-0.09024288144032204,0.01964435183953217,1.2530582102439143,0.465019192127358,-0.3860047018319466,-0.947530740972112,-0.5278267194778085,very_high,1
0.651017210707437,0.9490664648726891,0.9886087934991747,-0.38894144229337624,-1.1047746736415167,-1.0018549230342944,-1.3723686619722433,0.4583890099570684,-1.3388755933103484,low,1
0.3480488412807099,-0.9228412330674179,0.22623808866742148,-1.72420081557771,-0.8251658997455379,-0.482671910491988,-0.7055999025554229,-0.6149441025160431,-0.1880981444532637,high,0
-0.569487598996365,1.475112326291589,-0.10813899039141675,1.5247911785985049,-1.4028661572078547,-0.03438325165702759,0.4733905823301128,-0.2805020534116174,0.0563060272611622,medium,1
-0.35798864133697106,-0.016817302747503933,0.17866977521907204,1.1155681168186333,-0.3617169878172646,0.7722544262529708,0.943004920316266,0.9334229544758642,0.6267560054825031,very_high,1
0.7681748127611561,-0.6721191769645493,-1.6368018643107916,1.4488911853968245,0.867394492997976,1.3796953449143181,0.4771813751110166,0.012575769600314238,-0.11951583598761628,very_high,1
-1.6161536655313007,1.2115686157259236,-0.9242684025950716,-0.03180214269618192,-1.4512262989011584,-0.7775040857250872,0.7493022168069281,0.8865794927576496,1.0043210185923122,medium,0
0.5652923056094782,0.5438752256534903,-0.5924654553805143,-0.02513567866224542,-0.3542063885087883,-0.4599824701565608,-0.8560976088826813,2.824220426395203,-0.931228487382809,low,1
1.7818616962788614,-0.27172382820061053,-0.22652747238283805,-0.20531702467489993,0.5558260275751273,-0.07905468952698014,-1.5878748841290378,0.0722883471248695,-1.7871048583516993,medium,0
0.5256593815981861,1.0538169407608302,-1.0040796329550274,0.8451486790557252,-2.9431415654717332,-0.2596041892193312,-0.6512103838600953,0.8066764021643629,-1.0078184346925632,low,1
0.46550426461635197,0.4682251776750753,0.8728170831783344,0.7088148302517243,0.0321850870368397,0.08444294351147758,-0.32212288085059354,0.29137898481594593,-0.6257736449132113,medium,0
-0.7005916021280476,-0.6380637090514717,0.00878844263207182,-1.8405923535752633,1.2019316695395432,-0.6830060535176914,0.026334984104884333,-0.16414941272177394,0.7399861703537515,high,0
0.45219465127418806,0.5121724858499623,1.6797473822215292,1.6738499162890044,0.7399440513793163,0.6858383625992545,0.18646625490791732,-0.9807880084135592,-0.43499742761630955,high,1
0.5242881695703274,0.6317557568305531,-1.323649570842179,1.5041403069267762,0.2569974455858305,0.4812940747353974,-0.042664977654184776,0.6552336285137607,-0.6184098067912297,high,1
0.4518455911229989,0.4026751236441464,1.1277880271116458,1.3406575032654646,-0.057836612377593744,0.5476259310008723,0.07140249108154653,-0.6378086928599359,-0.4397913020149795,high,1
1.143185656427587,0.9582166584985277,-1.2715485208922839,1.1122951277690225,-0.09287450139305273,-0.06423028519149034,-1.0175126326082544,0.012169682282905197,-1.5553124874466062,low,0
0.021186525490037966,-0.2415679092569434,1.3461034238624805,0.118761756062497,-1.325281371952441,0.25292227170616705,0.18820772415578496,1.4706619906522893,0.1451567322042296,very_high,1
0.3859865230967835,-0.29327816936722145,-1.0188699570667352,-1.4727548832481336,1.0400578907933893,-0.781666935463569,-0.9780459347235676,0.6024734362823633,-0.548241124357334,medium,1
0.45750718241984417,0.13670535524367428,-0.29969605666431426,1.2676508809133915,-0.7617603706826457,0.6939698641753448,0.1845487943693162,0.9945582357416216,-0.3038547949338963,very_high,1
0.15913728492420387,-1.0035062301035818,-1.1241218588607733,1.3235633279044707,-1.6047050097978122,1.5890747185399063,1.165907585917472,0.42350787402203743,0.7012161059550426,very_high,1
-1.6882305070739754,0.26814456400109055,1.1633760551635501,-0.29535900995575537,-0.6865387531537689,-0.2540031045954875,1.2328765234595003,1.3393265894799997,1.5840523363598678,high,0
0.891034615102222,2.227921857995294,-1.7059590948907353,-0.18882688074861298,2.052073311421935,-1.8259299753293838,-2.2437768212000524,-2.3648553727915123,-2.3098379334756145,low,1
-0.09939669002232754,0.37115725753192297,0.48674150215806,-0.4002270513619141,-0.5831228313242981,-0.525942751957885,-0.3456097458816538,-0.08701522331813741,-0.19727502382061723,medium,0
0.44387416609835945,0.17728772769142864,0.6461296760241716,1.1798193030254454,0.3320814614168105,0.6078015770347102,0.12544302122564355,1.697623779709341,-0.33171882249644735,high,1
-1.6735280855476973,0.9163415062362931,-1.026625482884179,-0.3204509794120812,-0.5334524457759005,-0.7460098261202645,0.8210201774531305,1.257613112576651,1.1796856153107333,medium,0
-0.647713665720266,-0.3363366633130071,-0.37753114855982517,-1.4522831059255599,1.1049972018044145,-0.6535777451132859,0.008845348979452541,-1.1512266575071441,0.5865004135645547,high,0
-1.0146765469704704,1.2246190792938159,-1.9415678006202213,0.9455426703824115,0.36575998609291555,-0.19488798411048794,0.717740061788089,-0.26454589870472217,0.5587767100449911,medium,0
2.0093801696742783,0.9965336656917722,-1.321555786511051,1.634842098629272,-2.0323537642983847,0.18052246746729822,-1.5536328657308827,-0.7171819007224715,-2.394224791044449,low,0
0.05450040397470479,2.8341358930601936,-0.5696989629257314,2.5331979870983043,1.006606541032628,-0.41826134376170254,-0.3609920481205274,-1.6942558959950778,-1.2028747149478125,low,0
-1.3242910192318198,1.1014110859327266,-0.41342377063644137,0.7310697566486833,-1.1630426502846019,-0.22037722163550832,0.9593842259848492,-0.24936962517248124,0.917599409876513,medium,0
0.43282369635888757,0.18726755412950388,-0.4588768450249969,-0.0077679746715024756,-0.642776382899948,-0.17696176522620158,-0.5132455883189643,-1.4162688593406074,-0.5750604883088287,medium,0
0.19746251119176456,-0.30841718692434833,-0.21188953119824255,0.9776216157081195,1.0844775248572875,0.8505639109171274,0.5308031165873849,0.7551849738039433,0.17652268064467277,very_high,1
0.24444777649447813,-0.5252158634130291,0.05237276872756848,-1.4001094593896641,0.7813581198065147,-0.5529262313994618,-0.6709319749212627,-0.7322995497370884,-0.24451347472294632,high,0
-0.5794318417990298,0.7895359565910502,0.9704884596133799,0.02912146807941729,-0.041491104577379236,-0.5121157229476985,0.07976705793324494,-1.1173270089312346,0.158516786642262,medium,0
0.934466831921132,-0.6290815475548671,-0.3536525548815512,0.8631519526983185,1.1378577759693718,0.9509251164387835,-0.018333380442893787,-0.21583075543615446,-0.4456646579633212,very_high,1
-0.18265251123277382,1.2408768657895852,-1.0990392245318592,1.4573767339659367,-0.04147177799914767,0.06173635649005954,0.22032600932841492,-0.39711533156785284,-0.23281017025061143,medium,0
0.2741091961089953,-0.639005804104806,0.7265116223360603,1.716973684562702,-1.4972323944841732,1.5709106545612352,1.0568373589494902,-0.9780230235225682,0.4452972992753735,very_high,1
-1.5585914665580032,0.4725593117914416,-0.029766488336401747,-0.9920174235204127,0.115596738679908,-0.870624207892294,0.615217282928259,-1.0731902740670494,1.1783555526468519,medium,0
-3.672410788545454,2.0637507684280796,-0.5061890610853361,0.5068225730504096,0.5182189504454116,-0.8827281813805626,2.4253146335005176,-0.9546181019500601,2.811377263673987,medium,0
0.18439121316078466,-1.0071581773275673,-0.18428900183271194,0.08944085746410768,-2.440704014775084,0.7808677351963238,0.4767442543894622,0.2496094582097118,0.4173625809976665,very_high,1
2.0512569269693373,-0.7384971673583106,2.580291898690775,1.8400014070197157,-0.24266646142712253,1.5813862713493596,-0.45118216024474783,-0.9770721461414011,-1.3697244387280716,very_high,1
-0.18039742681009585,-0.27934410613273025,-0.32474193508197385,-0.3176631934227635,-1.1858149110149452,0.010751326759595512,0.1596740366933192,0.3343747468732986,0.2913867203374371,high,1
0.400952116770371,-0.046772875190629885,-0.18324524320928193,-0.3826604249391393,-0.20233890687008754,-0.2488225888937633,-0.5479804623175428,2.254038108921119,-0.4812477230029823,medium,1
0.37229794747505796,-0.12446835695913015,0.2607668174830632,0.667244888700295,-1.0578366186102344,0.49845496789963584,0.09286533637801977,1.0064110400265547,-0.18430913144136996,very_high,1
-0.8984132614196305,0.3466544397887124,-0.6292121495294424,-0.5029158261882218,1.6505729632328479,-0.511033240760123,0.347854262976594,0.2820342192093425,0.6497766566928715,high,1
0.4190771407487103,0.05156686231633918,-0.5044226832971694,0.18619663984293777,-0.5442961463142919,0.0505808219513826,-0.3150530894633984,0.4672522151827898,-0.43939479554898153,high,1
-1.6825871663115375,2.2775655170436924,0.7528910814937849,1.5345363733680695,-0.17868088760798354,-0.5257187579409514,1.0255853712483987,-1.2960486928239283,0.7735820302483235,low,0
-0.5151979914824467,0.8748013557559194,0.8369911546336737,0.13393244056184905,0.16585902679867273,-0.5109907005856734,0.02684837360017381,0.3999965529436064,0.06142027891359145,medium,1
-0.3725763050681967,0.9893491349740475,0.31444459087485255,0.32355918828729374,-0.7243025342076668,-0.48201344909028687,-0.0695947085692886,-0.4146305088140306,-0.11898743310561756,low,0
0.9052282981594428,-0.11769374444872499,0.397637501776279,-0.3716603368123235,-0.4245981660221425,-0.23027850340591693,-0.9634942242374225,-1.866700586803942,-0.9760397670117217,medium,0
-2.231433738466883,1.0904345312655728,2.1173241443709534,-0.4268648989971534,-1.560170825129944,-0.8982798814311128,1.1729388670556518,1.2724833308487593,1.6507571036338364,medium,0
-0.49726349536939063,0.4200228525672324,-1.0509411661889605,-0.34873194313356937,0.7735476151070181,-0.49594677032388684,0.019009588517278225,0.19731341229026655,0.2099317374180381,medium,0
-2.75933947952124,0.6467924596646014,0.40482340880826806,-0.7500126053824452,-0.30906623673826017,-0.7429261657120626,1.7466218197892984,0.7320809514330224,2.409639047071214,high,0
-1.5197867819013469,0.8157496567127257,0.5764513451224227,0.2289267037799243,-0.4973543714140932,-0.3246966790214498,1.0368158408412738,0.8671874128277388,1.1901432839246968,high,0
-0.4037646639009813,2.470917049597094,1.1992995729215856,2.4163242005294414,1.3701018536103708,-0.19217471267383446,0.21260501803663623,-0.26556051251854124,-0.5227098646687081,low,0
0.0422670629164118,0.08375454109039986,0.0348075404998322,-0.5732523947857384,1.8686032191630024,-0.4404070628507498,-0.39891106413550576,-0.547407522766873,-0.21503369571269515,medium,1
-0.9932058132291433,2.622724351000786,-1.7047757442280442,2.3498914375291617,-1.1208969737681593,-0.2993943374152277,0.6283862800049145,-0.28275932762936834,0.0036440381337428146,low,0
0.5354125707755393,0.650799243469344,0.15252588289761657,0.23198543035480124,-0.5772287257105709,-0.36731227292361096,-0.752900586599791,0.4781405755558084,-0.9085652835400044,low,1
-1.5352844165764246,2.568140776934581,1.8167556295751046,2.362254777837874,-0.5450872299955903,-0.20773521540308743,1.1657958681853984,0.33776609905460137,0.6179798162267541,low,1
-1.0569485631672513,0.3176443121392914,0.32099756368602317,-0.7069833231218605,0.02443184017803416,-0.6107949323158917,0.40033503092620504,1.3491790488887052,0.793572136212277,high,0
-0.42221036525652456,0.7333452329641154,-1.176644943900053,1.3824132139971543,0.3859700925688759,0.4033107461133256,0.7012221726625458,0.10908297034983186,0.30771859496429654,high,1
1.1501263589013493,-1.8956188344447227,-0.1247181582364859,-2.7587145880024435,-0.4265996362860371,-0.5133010563636233,-1.4255583131520921,0.40073725369161306,-0.6872444760244607,very_high,0
-0.22262346624932905,0.024295854126597783,0.3269108642391749,1.796268509004056,-1.0704682430200712,1.177409396167345,1.1626740024296467,1.7347627931235772,0.6006057754774846,very_high,1
0.5692382058776906,-0.768661629431159,0.007673193321506307,0.355175267318049,-1.6133682362049397,0.7495284162957626,0.12525947091627518,-1.6833821330428256,-0.07931025556366857,very_high,1
-0.48256357891029467,0.04947616052241714,0.11198193262125772,-0.003973232541423677,0.030140661315177376,8.753981007795045e-06,0.4120872886304524,-0.48016228319304444,0.4857408233587351,high,1
-0.5393760801808662,0.27449032131788753,-0.9125881981776266,-0.8416123756242242,-0.72839031324171,-0.7090873456174324,-0.12272262135963494,0.06338339263771817,0.2375791793895889,medium,0
0.4858449300576635,-0.35069157236823634,-0.7012495444040763,0.11635633180687688,-1.0859631707417063,0.2938259963468466,-0.175467506004573,-1.0182539014177285,-0.2875037856232286,high,0
1.4441169464348347,-0.8434348915073505,1.8311771355658875,-1.1409694551760081,2.0221741000873785,-0.24671039369866088,-1.4445732436804066,1.801528407832186,-1.284300958153837,high,0
1.137200039786117,-0.5869761085306016,0.3947573891079933,2.3829630756648608,-1.5763089967712456,1.8998901961992196,0.5930859629424378,0.9761386900669211,-0.36830210045352985,very_high,1
-1.560078555823644,1.2899942013625272,1.3897641339463556,0.473593153732931,-2.205294372755906,-0.5081727274173482,0.9248076044345437,-0.3863224754471755,1.0040661563819833,medium,0
-0.3851018320258172,0.16559967767412437,1.0899049590908303,0.19815228030657045,-1.1471595110117114,0.039657603718876465,0.3629895147126612,-0.8021994080351792,0.35529824347581307,high,0
-0.5227510404898791,-0.17199458220449318,0.4205367059040693,-1.3266051237193308,1.5323803825876219,-0.7015337041805526,-0.1355410828489373,0.44807834101289173,0.3820963542123709,high,0
-1.7265784982752757,3.4116069628157972,-0.20731609600824458,2.927922700159306,-1.587188069678454,-0.43889025838185863,1.1472172328366017,-0.3933511248228728,0.44230831720362296,low,0
-2.060790779903579,0.9512097355960839,0.11447605881877927,-0.3722778638248593,-1.419877164270929,-0.7743406328730484,1.1282646838831243,1.542547211374117,1.5621507209628338,medium,0
-1.5498684859865133,1.6804114595049948,-0.3103961364755137,0.3798662534398072,0.9177681977951373,-0.856147280979167,0.6329370070945594,0.45920418159952925,0.7425634400561276,low,0
-0.2956265932116413,0.18847515676663557,-0.6937666074967505,0.8485176393716183,0.8983025496890353,0.4419697996521515,0.6192469211004784,1.1851630314393404,0.3826223921363683,very_high,1
-2.546498320759314,1.1020998947473768,1.6875480552367936,0.08157083013901917,-1.0391111683677392,-0.548240083403945,1.7308954692017369,0.6622629821596197,2.0873576080303233,high,0
0.6406478518774052,1.0724930969443183,-0.6838489004995763,1.306024887232108,-1.3620433708547575,0.019536923709752654,-0.5184974836618109,-0.3207838618519991,-1.0450530793119792,low,1
0.534752927784699,0.4572097356546437,-0.5927028229571065,-0.7220004760885523,-0.5642898527190192,-0.8508275773308793,-1.1538418782950828,-0.8904357529426616,-0.9935822547069015,low,1
-1.5531107937721016,0.6475132398486988,0.1335654155359782,0.40924599125543576,0.9136072175680342,-0.08071125218571797,1.2649307132991139,0.45963731807481595,1.3631161409901935,high,1
-0.3073022563564671,1.3316355035148704,-1.426018117120452,1.3045813051469464,-0.3278064598765229,-0.09479946468634927,0.19832155084760267,0.5207561203587112,-0.18531450409897685,low,0
0.3537845502715874,0.565329013323034,-1.4337300248102285,-0.48349849782950094,0.44166256418606065,-0.7590802765926669,-0.9225428682165132,-1.3048168904329494,-0.8140270626951736,low,0
-0.48349266957366166,0.4554933708095987,-1.743672602396536,1.1419356206908882,-0.8438538774248993,0.45397502601938633,0.792297359968451,0.813280406064593,0.48709393517275484,high,0
0.16882602783772616,-0.7695705944466491,0.31552294092025324,-1.7154317125488807,1.0277187487795334,-0.5746764517560695,-0.6270767868287854,-0.422495895432434,-0.08533066780457925,high,0
1.4966245976383563,-0.5144289624487306,-0.6719173104649906,-0.070914809054196,1.1346396998210568,0.2096020483543791,-1.1088387424432884,-0.10919309450055267,-1.3104402699893107,high,1
-0.9452957873965397,0.5526317802475599,0.9972655676588726,0.30526533661879507,0.38142561753434195,-0.1283200980997501,0.7062122901808952,-1.0260808441956244,0.7476854841756778,high,0
0.8085431963737717,-0.11588594912469541,-0.885668184006416,0.24007000698157488,-1.3387237061355735,0.17710677688558707,-0.5445156035595231,0.9837360439035638,-0.745366863205924,high,1
1.2737675371463906,0.2117074184395916,0.45635597313269627,0.2498945645869104,-0.7880762539036712,-0.09362787627604766,-1.161316700759212,0.4006416383398367,-1.4343672641693577,medium,0
-1.7115575122001196,1.1129478083994708,1.705362356513084,2.737128251062144,-0.004201915391156093,1.1171122361593961,2.39455706372384,0.20207450616131267,1.7457782986382153,very_high,1
2.519443280101036,-1.1349041217268188,0.903058166736933,1.487028919891929,-0.3494249506357074,1.602489696204145,-0.837361077185886,0.03158900615257829,-1.7098160583559447,very_high,1
-0.9883625709834831,-0.22814375724750252,1.1671207880032974,-1.4564199511607636,0.4168015744831139,-0.7080645314049683,0.2555330319235338,-0.7487997960200538,0.8857779573236731,high,0
0.7777469571215814,1.8867316739796793,-0.20435572664564833,0.851509670993204,0.8913439016052467,-0.885278337185586,-1.373904986348603,1.1665283362210033,-1.7685911329295487,low,1
0.9086321781668183,-0.7759018166593517,-0.5181340566668573,-0.2058209550602894,0.3367122954206112,0.3598444918133371,-0.4861437434296203,-1.5703258142530165,-0.5555664948164546,very_high,1
0.5092490607714618,0.4845080010129967,-2.2185699659510996,0.04819043126275596,0.8495845310466172,-0.3639681819660665,-0.729643020142722,-0.18969349345240752,-0.8208176559335831,medium,1
0.6742316305812587,-0.6748519857842653,-1.422058497167931,0.30226556224429096,-0.5621623419347272,0.6377506765089035,-0.0555850851166984,0.07224913423620272,-0.25813294758868627,very_high,1
0.35794829759747093,-0.041587857336526445,-0.49945119288521345,0.2789287469117637,0.12146106419954589,0.18445014619130737,-0.15336206689606563,-0.34375651951011005,-0.29949071849568515,high,1
-1.3319480494859577,0.7920295802020412,1.9669169625082537,0.1736129678374485,1.368094236814898,-0.3587014923153144,0.8482758972612494,-0.7749628240639848,0.9917726770406979,high,0
0.6518032949297569,1.3649175879886541,1.2090101989009971,0.7349495673211254,0.5354587474096335,-0.5696540858015458,-1.0114922971259688,0.7413198169079143,-1.3497934306149066,low,0
0.5258527550257417,0.5695276456079224,0.5770721838351396,0.9986446592392674,-1.9227717720623363,0.19540589392378713,-0.2808256482093343,1.639256516741752,-0.6893703588571845,medium,1
0.8454075703292707,-0.9747923077176044,-0.8614434294642864,0.5787004891552208,-0.589423411486891,1.0246654731849556,0.11474993298973327,1.3295342439705244,-0.20569030487830892,very_high,1
1.0670223530823213,-0.2918704109587249,-0.3591316281088747,1.6513444097642314,-1.0033018309754966,1.2100594640329554,0.08635354522015865,-0.2137702480623489,-0.6213818695541553,very_high,1
0.03679379517905035,1.6216177440255235,-1.3479957843671688,1.477033540062258,-0.6167753615197077,-0.22167732957204783,-0.196763083800718,0.7595000375161222,-0.6884564470990994,low,0
0.5898035704349823,0.7054796217771504,-0.44258929277415615,1.1779692184418464,0.08939527893161327,0.2082955094888422,-0.32323133283700023,-2.0683757154310323,-0.8005045775546826,medium,1
0.05211885403335598,-1.5136256833478863,-0.22072875695836655,1.0455794022576723,-2.0474371857707503,1.788820108906435,1.41659128925001,1.4854773692725496,1.0589869668365794,very_high,1
0.7346734309965319,-0.6258441556805285,-1.1497414553678929,-1.2237422317346829,0.16614061307833064,-0.40312844575911,-0.9663710966162259,-2.722454140991939,-0.6720079937038115,high,0
-1.7165041223778812,0.17538244651379564,-0.0885442145830127,-0.5427337073440963,0.6874267551265042,-0.3459714003452333,1.1800083298789434,-1.0989162547281939,1.6172217075476185,high,0
1.179358845142658,-0.6227272954466849,0.9632265338939392,0.9208683891104197,-1.2704882455818216,0.9644010977017974,-0.21598117985389256,0.1884535964292827,-0.6990875779303314,very_high,1
-0.6879554814049639,1.5253536737004838,1.4980976334877842,1.4404798725776438,1.1718101432738448,-0.11687936659825858,0.5068287734481093,-0.7780947858327143,0.13553151046082593,low,0
0.5469850853136302,0.8938283908741333,-0.9004484613780268,1.2652747715999217,-1.2876052836530612,0.13111877360944219,-0.3484051254819482,-0.8221656066894069,-0.8478111141713829,medium,0
-0.4687054459084392,-0.28037565302018863,-1.202671507771992,-0.41347605552166267,0.03756685870725232,-0.02809580336676355,0.3734491957213174,0.01783225452975753,0.5800754538328572,very_high,0
0.6181410871391311,-0.8315589042128863,-1.4222345015068736,-1.6331024359462913,-2.191978656279881,-0.5114986598317506,-0.9587531900626234,1.3773350295283417,-0.511684497012231,high,0
0.34550006501784036,-0.34799600554111837,-0.13774106038792705,-0.09404433660504052,0.5628544804571306,0.16524652668512538,-0.1619571195528889,0.561472629826133,-0.1832349762774421,high,1
0.4789923508253131,0.14965817661950803,2.585975175683896,-0.28371139439923365,-0.7621334485140979,-0.33400604345120455,-0.6827501422338768,-0.38418166570697554,-0.6600832379070006,medium,1
0.5102056727882764,0.7044723146187609,-1.2249998886600506,3.157566285362941,-0.35840357551288854,1.5128707803619614,0.8222314048197292,-1.7210775209604694,-0.2993435219817938,very_high,1
-1.2757586881999599,1.1206102842330006,1.137381097628914,0.9666932484960669,0.03263883669087142,-0.0839039655180252,1.0309329319417861,-0.5567787728433663,0.9038177749467301,high,0
-0.9106953163782427,-0.7821411366699346,1.1640601525859375,-2.753869007258228,1.9120054690526975,-1.159225954318135,-0.18942125695116413,-0.05154220860765155,0.8581147085666876,high,0
0.46808614345196187,-0.3694300275117357,-0.6760543665488049,0.6818041770923213,0.5698763759795229,0.6795646871242532,0.15809642928591522,-0.24791602574300886,-0.1387608986363672,very_high,1
0.4430823790490058,0.4302952480422828,-1.4439255470737569,1.093672205995718,0.28802836830548917,0.36624232896500464,-0.07064673384640272,-1.972089026643818,-0.49859750191655183,high,1
-0.5650456785244817,1.307267796251381,0.04596093604893383,0.6658960341765441,1.7127114112762727,-0.4748274558835702,0.10395707562494096,-1.1094555554462198,-0.029433770979148073,low,0
-2.4244231539701118,2.5898002489582606,-0.051509193753927957,1.4459599025370313,1.2450410082232566,-0.7525992095217302,1.47424421707255,-0.5908183480914292,1.3633045816595626,low,0
0.36039530675922626,-0.28511966259427274,0.5303691889987993,1.5940931965977552,0.20173865479604391,1.2244435745097144,0.7009336120732766,0.5105353784512363,0.11796085055021878,very_high,1
0.5345329123981528,-1.6069842226798252,-1.4120756063156303,-2.612172186224377,-0.09512487755346981,-0.5789682741902082,-0.9516558054993665,0.00022394799578804667,-0.16916387665160112,very_high,0
-1.0123596341345789,1.3215159816835123,0.5019002337006719,0.6406956273297255,-0.2927579187724547,-0.46578549320203905,0.4930593225982012,-0.21682705022214338,0.43500770171013453,low,0
-0.466340287665706,1.2512538759870155,0.14432647172603683,1.133455914619875,1.6923465724632047,-0.13533445922545548,0.2995914060900927,-0.7037103993314333,-0.0036834072122664714,medium,1
-2.0008124147371182,2.369271847169723,0.1779083914116544,1.4960756749342117,0.002925966679437699,-0.5924398769814456,1.242863881340617,0.19366176451679923,1.0514370121667718,low,0
0.8345843711300092,-0.9960214114861536,1.6371217900017057,0.4399060869152631,0.6232358966388174,0.9501062474235503,0.06216154051990781,-1.0152923742498159,-0.2106948273842378,very_high,1
0.7221952829501233,1.2276605338795623,-0.22056594026731396,-1.1474063654328275,-2.2029133532057186,-1.7085687465576886,-2.0137779846766,-1.970308581351401,-1.7389265907282663,low,1
0.06753925237697955,0.34812946285321444,0.9575371632797675,0.15878535641175012,-0.6737901056594764,-0.15614119744525698,-0.18276806050706945,-1.0763811874020583,-0.24477590140738364,medium,0
0.21839798993127396,-0.6374763447722329,-1.9899462698211248,1.5491164335143857,-1.330226255641338,1.4642590217461364,1.016270414148538,2.583573660166567,0.4687154060842159,very_high,1
-0.10832672373037766,-0.2714674907633212,-0.0617760622705607,-0.18432887670868525,0.32982306086851004,0.08657664012550062,0.16092927099185222,0.49100394595775343,0.23767204080532145,high,1
0.5744256527091129,-0.9345964454184765,-1.3608349783010791,-1.8274166881466558,1.8961232762543467,-0.5599286883543013,-0.9626016016573173,-0.020921037383076883,-0.44479465856622974,high,0
-0.15870016938078108,0.3099091566843275,-0.14166263187224326,-0.3356250352026644,1.6056779580824545,-0.43400747570201026,-0.21976462528593868,-0.10737861841004537,-0.0840977026601924,medium,1
1.145079962692395,-0.35533564425948416,-0.05589646661359551,0.24041957480931608,-0.736901352231799,0.3255015829623244,-0.7115620122248054,-0.4666189681756455,-0.9634101252675497,high,1
-0.9043567852585981,1.9340816228121214,-0.6478722896465213,1.4126353337587882,1.0270604268730175,-0.41684436287815574,0.4480730871435108,-1.1718313004725252,0.11926314850637955,low,0
-2.1239039849795205,1.1753334950827083,-0.49913895147036563,0.12397954765496383,-2.4928104993953535,-0.6080379563625526,1.3219058320942871,0.3333698512608781,1.6012097500501332,medium,0
0.4682068501907555,0.09787442928257502,1.7230747176462498,1.7823158978891047,0.427962626552635,1.0588404131302722,0.47638595269093403,-0.5552861026010363,-0.18430705390146804,very_high,1
-1.166658077342234,0.43702729611152613,1.3048347633193296,-0.9570309931410077,-1.841919078931543,-0.8532206548168257,0.2949562532616817,0.6069426083866378,0.7877558132541084,medium,0
0.2482633365638045,-0.7363401661166324,-1.9354299597138063,1.2629269382426198,-1.0126444414430895,1.346639664011971,0.8925655175677435,-1.1941866514118442,0.435199390972649,very_high,1
-1.7426940428838769,0.4281414053622402,0.7654374943750158,-0.7901029861236535,0.0647913501233811,-0.6909710497565168,0.9201331440358774,1.3610067047697736,1.4438020743806685,high,0
-0.11090105770658676,-0.40704281447062396,1.49116640428018,-0.2215058028128466,0.9859483833147212,0.1616377486819587,0.2236441565507498,0.2079200673839576,0.31280889578566096,very_high,1
0.5021066247722654,0.8829242657153918,-0.15046814149498222,1.831291236260223,-2.0017401674762616,0.5136783806198386,0.005746649517791766,-1.6651252963040444,-0.6745929275452276,medium,1
0.1985146186742025,-0.41778927645155356,1.5571608896986593,1.2883406144353118,1.3951019065022976,1.1341687677789458,0.7629707347307391,0.9713442845414815,0.30530137764074644,very_high,1
-2.3217245424132384,2.1803843801947616,1.3902553275119895,1.213263204110217,0.6832124040010689,-0.6137431259415121,1.4968827448339397,-0.5125887969785088,1.4468401872445165,low,0
0.675214558612163,0.9954383050593424,-0.43229517910733023,1.4905616827471344,0.07567354061338613,0.19409413983414198,-0.40463290124106194,0.03175945658145075,-0.9976975844974477,medium,0
0.5715691535674242,0.8288965087774419,-0.7513454696033703,1.966820369371175,-1.4823967869957688,0.6364563065268362,0.04733291245261485,1.4781212260994843,-0.6884448244602578,high,1
-0.788249991564921,0.4046113337491311,-0.6705431614166831,0.8800580781040064,0.3160878221089338,0.34409462048837974,0.9608818344834663,0.8437900258815756,0.7879971672510384,very_high,1
-0.5928859303175856,-1.2825023751280789,0.0689061331209721,-3.0315278302816795,0.6534789819517407,-1.0005858256526732,-0.33488540768917896,-0.05275510800076566,0.7560610057825305,high,0
-1.7787552318916808,1.7981277886011413,-0.5550167015441094,0.6805588802889458,-1.2541609869956039,-0.726808587801283,0.9362574288723319,-0.6717207892580773,0.9807174473277034,low,0
0.3223039973785763,-0.29964486820880465,-1.9252622125874854,0.5766292570534295,-1.0828405288683434,0.5712888800045933,0.19374807418988924,0.007350674919699149,-0.046276036024785534,very_high,1
-0.6099117097328182,1.2064554347779006,0.5161440395863797,0.7733965349989576,-0.390408738280471,-0.326983005698177,0.2632387563260093,0.09931381495134962,0.10071492250635812,low,0
-0.23934895635082215,0.2984328471313499,1.0852222636616315,-0.06920628363060388,-0.11381253841375806,-0.24450878476939242,0.00541641550490428,1.8978872926587056,0.06481600732790782,high,0
0.14198994276427468,-0.21332936882333076,-0.5154692730838591,0.7341383437213214,-0.07833084893015722,0.6258574779665551,0.3935408190325076,0.515719619170136,0.1284770045148033,very_high,1
0.5341332997429201,0.8288851884617839,0.4456779070819239,1.5290123593110245,0.20748879785218177,0.35253542498945845,-0.15526246490940798,0.902091311588268,-0.7403083059788745,medium,1
0.16652029158751497,-1.0108642686055462,-0.06433764737916652,2.2349870124889404,0.5789098180691342,2.1912158240444226,1.6569048859259918,-1.18755316677504,0.888966077132346,very_high,1
0.9477839981223624,2.7680204420355112,0.3160678697299512,2.066663652046721,-0.3764225545881953,-0.7475068734554864,-1.395483570363456,0.33237683351960967,-2.2165649787605437,low,1
0.48170279377034647,0.4264841433839721,-1.0356040560453943,1.9595228971487613,1.6080672471727289,0.9334059333686805,0.3648577427856592,0.18863108156798006,-0.3559016281949551,very_high,1
0.39233203526395616,-0.5800825916947991,1.2364895121841768,-0.6160924689812561,1.0945624546137955,-0.01082212896615106,-0.3498671387024961,0.808988609229009,-0.20559337835281982,high,1
0.6355674918325337,1.1441445773233032,0.07904780215027922,0.5325589756303756,0.4664445968402613,-0.5394241641879668,-0.975088761644623,-0.5379785288219551,-1.2443369879451058,low,1
-0.28650054139450437,-0.15019127746168193,-0.3017984933962528,-1.2106174206634086,0.48473464796892385,-0.660477626587265,-0.30286897833429666,0.2932844290048521,0.14100327776452237,medium,0
-0.4838180184971633,-1.0247733155468752,-0.09426907076490067,-2.3654626471698146,-0.684812109738896,-0.7614361303101915,-0.22754398176607393,-1.8596630405497985,0.6268294930576694,high,0
0.5549029412838319,0.63280470036252,-0.07022362057462567,2.844336774859358,0.7195994976248915,1.3564327361399746,0.6541102046176748,-0.7066691040731404,-0.3704748809983187,very_high,1
0.8605320327255481,-0.16678321402892698,0.5487004763949003,2.0470376049939425,-1.5144140623981206,1.3944657634858237,0.41614077844894304,-0.5335436258230818,-0.39158942495603405,very_high,1
1.2420670834990128,-2.1764709429104596,0.17557408492582183,-2.9614801331064835,1.3227032199889794,-0.4480510595141324,-1.4531394702347797,-0.26776551872484483,-0.6619678707074331,very_high,0
-0.1785029722732417,0.5894060927783055,0.2939493879431622,0.3852115266634783,-0.4509940170293094,-0.1645236264948741,0.022774371698720798,-0.9243573336303755,-0.07695185393444054,medium,0
0.3460869488004205,-0.13778470859927042,-0.028217878937229775,2.7036107645208105,0.6672451474292419,1.844950089830753,1.2272903740526162,1.1892264612557852,0.27897881660092483,very_high,1
-1.876600037883311,-0.22820197418399876,0.9109444038394753,-2.013729796074622,0.014287211883989065,-1.0018270987832532,0.7703874899854757,-0.32351494678445714,1.7183284630732343,high,1
-0.866519277882722,0.6321925740012542,1.1910906831461916,-0.08570379375655801,-0.8238368696411541,-0.4491260726844753,0.37491104457522556,-1.1298498572185598,0.5343630349903552,medium,0
0.33808121053270274,-0.44237008452983384,-1.0800026083821321,0.3284646686207051,1.50506203860833,0.5118242122043392,0.12961474493651953,-0.39156997735603927,-0.030809433753782117,very_high,1
0.6240349603393032,0.8112843877801106,1.0306598082415594,1.5165068713704768,-0.0115150880766451,0.3499878410300397,-0.2342289867497565,0.25675079866178757,-0.8286234439288874,medium,0
0.21407505060467258,-0.8924513678858239,-2.162032299927439,1.3969014867124572,-0.7504101277546562,1.5514463667362262,1.089187991309472,1.5895230361038624,0.5921976495304172,very_high,1
0.27246322665760553,-0.7312354008842772,-0.6300484313483411,0.7337875059341656,0.3463127102248866,0.9941571741291848,0.5808294107456051,-1.6171718900455445,0.2952555084474037,very_high,1
-0.33095480581437503,0.349391429336678,0.19286184315019064,-0.45456050929244746,0.6769940973750542,-0.5269953544679916,-0.14923995595263684,1.1234272870957618,0.051719970883842455,medium,0
-0.4840040615951203,0.928705609281992,-1.3641059938183584,0.7761774365758248,0.3225046602899047,-0.13202016117213902,0.3138678748313796,-1.1569413972294713,0.13098777303727147,medium,0
-0.09145426150407432,0.1861330542556062,-0.6784947304872218,-0.41046109881426285,0.6443884535381822,-0.3978804209899356,-0.24862469044619556,0.49576557301551033,-0.09847815475676158,medium,0
0.5236297432917147,0.7039454751950429,1.3744849814275593,1.1371757347894604,-0.31667954593424946,0.18800567810868699,-0.2835733982879449,1.135620585491476,-0.7374222005170921,medium,1
-0.6107711548516876,0.41213139235272533,-0.5297677059230407,2.3530040725809784,0.17782979970543425,1.2896868980364125,1.5906746284597668,1.1026920460743783,0.902975352889992,very_high,0
-1.2750547076188343,0.2375111232058634,1.6785739643487574,-0.8434281801057957,0.2669757831275602,-0.6240300537208973,0.5745319489151639,-0.3005359851787682,1.0454761244208868,high,1
2.371333623575321,-0.8300309326020917,-1.667665266190862,0.8131866769034439,0.573558836877425,0.9496470783767401,-1.246972368022011,-0.6032968487781549,-1.8732411370072493,very_high,1
0.3074557327951995,-0.20962121789550203,-0.31039680375596906,1.0190280899442987,-1.9545930044832756,0.796549874257493,0.39346248499776165,-0.2724269009308716,0.00920134045465498,very_high,1
0.0967131157018698,0.8742022848380122,-1.89203357248567,0.4058879119715173,0.14561699682689125,-0.3815392111988317,-0.38807939377095046,-0.4112604304834833,-0.5352517571870552,low,0
1.1540467087542698,-1.176031926950375,0.01590865839963108,0.5902689241598871,-0.04166002338133474,1.154693703650823,-0.043258209477448434,-0.3277950558774631,-0.41415750680255425,very_high,1
0.379520022954518,-0.20064030092709134,-1.1211340127579221,-0.7127911495212942,0.32717055287779023,-0.35086034433031515,-0.6156685285254468,0.8715559662881419,-0.43661899638789503,high,1
0.6725694418435524,1.1908028231925938,-0.11184710408631295,0.8488446468483042,-0.8741992700141499,-0.36925276107630783,-0.8655716467264509,1.4148406628255548,-1.2451047610113715,low,1
-1.219812482877595,0.9583147520808731,0.9701750825678591,-0.22627839604558364,-0.2728445463401307,-0.7515074742720889,0.4300005727003596,0.3359681734405766,0.6896241246965183,medium,0
-1.1996162586507322,1.7902608443758306,-1.0884112356728457,1.020375304650572,-1.2859997065164936,-0.5449253829516129,0.5925080028424897,1.0687923213942923,0.43761866360174295,low,0
-0.878275474591776,2.130802890752381,0.4575419340047812,1.451303203901139,0.20968606357448813,-0.5375686555521741,0.3282610706450412,0.4508123363317998,-0.016854185855190388,low,1
0.5318596759189476,0.6153377754782866,-0.6973642279161708,-1.2368094266292318,1.3342291941726905,-1.30372726688888,-1.5237455606276256,0.3590550934803667,-1.1920646724971893,low,1
0.21446179001543486,0.43276007323538085,-0.526482354794923,-0.011524545297038225,1.5407523765167723,-0.34151894779939906,-0.46026515893498726,0.03080713499795014,-0.4876298227447401,medium,0
0.44657760939449226,0.1382490807694574,2.0773434395699533,-0.18668627698915408,0.6436687530224908,-0.25945806308448893,-0.5936536139583095,0.9982176559717297,-0.5983216541636487,medium,0
0.5612953612616071,0.8294895650656865,-0.5434204297765169,1.5522963328281005,-0.11359216170196468,0.36516835717536944,-0.16798526019975094,-0.7532037815909708,-0.7648139005899868,medium,1
-2.2954947365413556,1.553591829889574,0.08244176663484246,1.0178818525971298,-0.17749188377428318,-0.285192960792063,1.739048629191328,-1.750975574405228,1.748519314532694,medium,0
0.2311698814888823,-0.5639185125678442,1.2991498205476675,0.44158996208687173,0.33323053499002175,0.683522185422835,0.3612864284658021,-0.24733596389641815,0.1791079380605274,very_high,1
-2.6603893171748823,2.2221442825551754,-0.5412990949622398,0.8001688392105306,0.5043650657184098,-0.8878031109994191,1.5597827898113417,0.9456334275676297,1.6974572116264808,low,1
0.6301426716369342,-1.0682843540116393,-1.0730913283626153,-2.159794315184243,-0.125819351548333,-0.6844138618349921,-1.1144051160302522,-1.1309873884855863,-0.49504175454740984,high,1
-0.7255845378076236,1.1643938189076033,0.20934885733468878,0.4364194361674193,0.2688507864009919,-0.5077506814182925,0.21211126944838624,-0.48021443413239945,0.1785167437681111,low,0
-0.2559000767867722,-0.032266796091453304,0.16392406359342962,-2.3100315410711656,0.4329729280436354,-1.469801320328604,-0.9961856255419674,-0.11382477230747688,-0.192200691789016,low,0
1.4890663332839362,-1.2851052704377188,0.7756752996156893,-0.8607403148745736,0.7082662196573998,0.25657009528372626,-1.0720196945873814,0.7834656483247346,-1.0123036520678965,very_high,1
0.4895333530597131,0.08568300283039745,0.4091409227759939,0.021919704962760966,0.20479787728191723,-0.08772260948113589,-0.4890065219869946,0.6635978685607627,-0.569366153420217,high,1
0.7292621210287157,1.4600893498057577,1.048203967675276,1.1402296150284075,-0.3056324424067956,-0.37991446479911634,-0.9197838313799467,-1.372409737561307,-1.403823465162428,low,1
-1.0984160706327732,0.4255052732811095,0.12184446413245396,-0.7946541695852984,1.7256937928147706,-0.7438560089199778,0.326968458614954,-0.17961972140563326,0.7557028554674511,medium,0
0.5597186298495943,0.4876725812151216,1.6414286277223145,0.6804447501949843,1.8076308056706858,0.04403722239992488,-0.4356336230336342,-1.3239510842195628,-0.7439411565261226,medium,1
1.6710319583395674,-0.18498789626890338,0.29919976608889587,0.9049993457643941,-0.30530915351856486,0.5940893709372591,-0.9363860665938346,-0.1947896212832356,-1.4869003224499058,high,1
-1.2306763621285097,0.840108032640437,-0.17117936979639942,-0.29903646259776373,0.33396514967619034,-0.7118105769381757,0.47076359929405653,-0.21600142157311336,0.7558814519560271,medium,0
0.4345610759582415,0.041412167863885865,-0.5077167691497139,-0.9114854731942512,1.762979652537399,-0.6626577201396873,-0.9175106510877654,0.4335624601918793,-0.6803223507285046,medium,1
-0.9271687215079599,1.4487356564016038,-0.9392415406820068,1.6621005050075677,-0.2165231975361736,0.10368831403096528,0.8921879008529917,0.3604416762927729,0.483069873609927,medium,0
-0.2996068461447353,0.13512145201025832,0.0773637302840967,0.1365771517752441,0.720639231357267,0.014728381498128634,0.26915291038746575,0.6427171526314838,0.26901138950021614,high,1
-0.4504753983724771,1.2396171194768202,-0.2812035954027669,0.5642657290062241,0.08919819661257138,-0.5011436365219175,-0.016227391234958963,-0.6713075913710861,-0.13322145088231743,low,0
0.8596668972804673,-0.7934002476316072,-0.9561357029585392,-1.3600563926397342,0.18030505133750305,-0.37989996747089283,-1.0556121890909433,0.33531725639730775,-0.7351267304881797,high,0
0.8290719452770876,2.044831053403944,-1.0296962396330605,1.8316891127349209,0.6418941228586382,-0.3626984524308364,-0.9842922310834687,0.8931883472072516,-1.7112444660789081,low,0
2.35610594408669,-0.6984086370153088,0.841632255765075,1.1786143116763848,-0.30234956633175064,1.094047727066514,-1.1132711362724195,-0.5112594578695273,-1.8581169769580608,very_high,0
0.2425205953609627,-0.6161473658516667,-0.3751089949435645,0.45578029053569413,0.7798286407550497,0.7301327585648143,0.3895362711781848,0.05245738688944395,0.20084423558237716,very_high,1
-0.23615066500175047,0.6810822922871157,2.305636837367189,0.11917968455279537,0.5032323845324963,-0.4013367115803094,-0.1226704307000525,0.9338104260749966,-0.12538708395054485,medium,0
1.7121581846470582,-0.8561530448415596,0.659849612104565,0.06281250654534859,-2.4923896515830672,0.529996448049128,-1.0317358820493372,-0.3983270128816281,-1.3106519053377477,very_high,1
-0.4419698746395555,0.9044613192623359,-1.7011404742672418,0.3213734900186448,-0.24072430398905076,-0.41573876299745766,0.04340118668213087,-0.6110850624767177,0.0049402918497469675,medium,0
0.21303040356495573,-0.17605401006508653,-0.9265132547797481,0.8365012182739467,-0.3743900332069141,0.6599516138253558,0.36152563008827426,-0.6770111767903435,0.051975049280152855,very_high,1
-0.8117975487277136,0.5666935611110099,-0.3651329377957845,-0.5300852498774091,0.01670086726755042,-0.6968424445988188,0.12291147544514693,-0.8001752986641041,0.42134126139350564,medium,1
-0.024496474034158888,-0.5355345183660624,-1.361675030463631,-1.3141735612274847,1.625330309075195,-0.4674156995572167,-0.37105153201491575,-0.28568654809226357,0.06711478769039773,high,1
-2.8962794816441595,0.20198812773161146,-1.485186162699932,-0.7398027141547734,-0.4033797459686826,-0.39969086499261314,2.1420610251379717,1.0159372235635562,2.821249491448879,very_high,0
-0.3627887353458946,-0.9101230679282319,0.28638674395539016,-2.1788232026098155,-0.4134487034717953,-0.7327546770409111,-0.305815867130162,-0.9001602278736629,0.4688154729863968,high,0
1.0675556948259048,-0.30090645671214045,-1.5145735090585566,1.4797793299232311,1.0095859678911938,1.1041852001266703,-0.0016531693324069103,-1.4621104551954147,-0.6526156692196264,very_high,1
-0.23985163523639463,-0.19383884319816064,-0.9621412281903847,-1.1776553797972489,-1.1310686299349713,-0.6106838621024901,-0.30199896881718563,0.49200405410295983,0.12387175577574715,high,0
1.3559059861714564,-0.57299250133693,0.2149259647767057,0.38165845572767304,-0.10017276878675659,0.5604000411770158,-0.6997089391229235,0.2263042077451344,-1.030394177615667,very_high,1
0.9717092234148714,-1.3679009945796752,1.9856764110148397,-2.207547211693057,0.6185563569779244,-0.5239174372510567,-1.2764025449105247,-0.3129289671900141,-0.6929708990002789,high,0
-1.7148643433144672,1.0252489368951772,-1.3833407769716104,1.0230561525783526,-0.12826348048383082,0.05815151535625093,1.521707436505949,-1.8996702808588812,1.4414334357648348,high,0
-0.5728114323800015,0.022317555226065034,-0.7131923043661328,-0.3878069588951719,0.5080122910545997,-0.22442098645185143,0.30337451401878585,-0.6401465050936997,0.51771566459701,high,0
0.6850277792753396,-1.0572898973387852,-0.0022462017571209794,-0.7908228090943976,1.68076571338819,0.20035298155757772,-0.43026647167161036,0.8219214824159002,-0.2728937680265337,very_high,0
-0.025683059389573215,2.4147592317438336,1.6776254421561345,2.468576996254833,-0.4299001052078867,-0.1472455132927541,-0.07333193359773378,2.6323862046774984,-0.8826794280020782,low,0
1.8312336135326244,-2.020346464228556,-1.3750852331670849,-2.7054995938126307,0.0021835908370359453,-0.4419368971184267,-1.9488351461681572,-0.29954941119919215,-1.330375945005373,high,0
0.572904626634851,0.5878042648931321,0.6746949778086199,0.4535412245251089,0.9475119085755672,-0.1790176017254718,-0.6300298715198196,-0.36249900288206854,-0.8648831376701954,medium,1
-1.3078667261966384,-0.41464450214704784,-2.343039101651841,-1.945607701987065,-1.7821150819848288,-0.8664868044373321,0.39511566127661335,-0.1929813677606896,1.2349502718686254,high,0
-1.1026701147304252,0.2998497074378068,-0.129297457035508,-0.9626420033478451,0.2066776285391162,-0.7616533837982706,0.31452228666899085,-0.0785907959688194,0.7993134187999423,medium,1
-0.1203664480478876,0.3671285674191009,-0.01622311759594124,0.26436855430766276,0.5817817706283626,-0.08572921180019463,0.03585005733897451,0.3912093272373939,-0.03299085107353651,high,0
-1.7322491149533688,0.6478197228085177,-0.23105953684089858,0.42724247468018317,0.30613455310275534,-0.054729146882629524,1.4391680613139184,0.8640699821389469,1.5582025125235228,high,0
0.24028325469290823,-0.792763104481234,0.23173094203039254,0.5720182702503644,-0.4323011858095411,0.9357505497459685,0.5593562456248135,0.47962531955157295,0.3320935249044571,very_high,1
0.01285280135283784,0.985507401647661,1.1912606816318325,0.7280861486413603,-1.4605008994184878,-0.24508085673343913,-0.20262941292026976,1.677115870186871,-0.44381866026988304,low,0
0.6177778784391063,1.0170711838408675,0.3343270545535034,-0.29746287658971715,-2.0149012325066082,-0.9889942998603614,-1.332655306935818,0.7497454754383477,-1.324366968909018,low,1
0.40355266111274946,0.9706001225519246,-0.39343789627455045,0.16182988210116844,0.05821272708505647,-0.6367286147760587,-0.8594931954772448,0.20885354253433172,-0.9714876902093315,low,0
-0.04109204968652369,0.16149024004633442,-0.695680744166515,1.758288522485384,1.43388446819627,1.0375084291749226,0.8938005160493392,-1.3004502289219138,0.31744053736652766,very_high,1
-1.127367672775346,0.37604370889124544,-0.6673333812164803,-0.22845876049000702,0.09982631509976791,-0.3342424139711495,0.689462951544648,0.7534174734210928,0.9347388085802921,high,0
-1.6890119879113308,0.5009747622026287,-0.4357644969706192,-0.9675497856186817,-0.17284567481411092,-0.8648915292982733,0.7314881659710486,-0.012298449308057612,1.306097630205686,medium,0
-0.5716004760116462,-0.27802891557765425,-0.01813424350808177,-1.4789846534172049,-1.5235978106681667,-0.7198733695096434,-0.11018895735317077,-1.8829834466717266,0.46504797180667745,high,0
0.6661207542650118,1.286856847876242,-0.787036278933299,0.6568707832872519,0.641541644936012,-0.5648507755703307,-1.0205880541563126,0.6229440304133081,-1.3353153403498672,low,1
-1.6978342931467363,0.9468362811525091,-0.02243605198057349,0.9060182063864773,2.091094272732477,0.03746018319080056,1.4892356758824223,-1.4023692834238248,1.4450432690965238,high,0
0.4807426341645412,1.2354048288587545,-0.528998414203127,1.9911732632417227,-0.44027463685080354,0.3622237727656568,-0.09728432791396996,0.08797354712916895,-0.8266787400092087,medium,1
-0.5246561114912054,0.672204123507028,-0.2580455156111615,0.17652468903706686,1.0653762722596027,-0.3340452840433839,0.17885876499947137,-1.3700266273644293,0.20029852254449104,medium,1
-3.2377646515482876,1.3207949926573024,-1.9473424741408143,1.468104536587163,1.127686294516429,0.25605969135603607,2.987169589925624,0.9588163064676725,2.987945596800928,very_high,0
-1.6447006222192357,0.5903258123434579,-0.8178918421385055,-0.16528217946195556,-1.5794362987175987,-0.4080384169524973,1.0720399936919784,-0.36931877015818887,1.3742633689453891,high,1
0.7396690899492913,0.28922166689007583,-0.9310017116324415,-0.18352035259591604,0.7297729370341954,-0.39145020928933555,-0.950984285781761,-0.35895838517941375,-1.0002529769134083,medium,0
-0.615093393915721,1.0527266672383555,-2.0276772716708487,0.6924364856992009,0.6932176016587042,-0.2671222686919983,0.315423191483555,0.29471925290230155,0.1801867715952277,medium,0
0.8226620910175929,-0.41375754024300426,-1.0414529517748186,-0.04655294728822579,-0.466227391717112,0.20611260752733895,-0.5358528578491194,-0.39039446711714254,-0.6444359897704908,high,1
-1.4851304008731947,0.9696009881419425,0.7906723186907282,1.6943365950928426,0.9845928948957969,0.5203547368623771,1.7069619182584528,1.6588696944553298,1.3696608867251532,very_high,1
-1.4646599931612223,1.5156417032843863,-1.5297740801093362,0.6182622509198699,0.9389571782348514,-0.5861710241160303,0.7814716746873042,-0.18859482914748824,0.7989693314559037,low,0
2.237501945193875,0.1330949603733175,0.3097267791360022,0.1680407221761906,-1.6808704592381203,-0.1672743527038788,-2.044899422046603,0.034271814200222225,-2.435237726264718,low,1
-0.3064664533411282,-0.37395015060471376,0.2483054757359842,0.10686647207929822,-0.9683358632535589,0.36836837582032067,0.5615490874293501,0.4931956884898786,0.5712050745528569,very_high,1
-0.7474152580713781,0.8798069193483823,0.07843924608367009,0.48140750740750327,0.8739897510068825,-0.2682360886045131,0.4254598865260973,-0.6566240707997048,0.3796173738904422,medium,0
0.6330581142633307,0.16343825662667036,1.061256258512118,0.5530589390720195,-0.9487486952680001,0.19193677750183852,-0.3795561269783462,1.3140749815246042,-0.6573009992269195,high,0
-2.3919193206732254,1.4296369797212942,-2.651828063044949,0.5686821975882076,0.5896392313574,-0.4811271588163969,1.6580831681834038,0.475751991831532,1.8306291113926247,medium,0
0.5024202708580217,0.5083426383499084,-0.0018287588441003935,0.6893776887075902,0.2971600238082216,0.03937423718664566,-0.3903942641222559,-3.2415138253291205,-0.6930425902776138,medium,1
0.4435593260972004,1.1187423850001121,-0.22549342333463607,1.0877581547874435,-0.3532641354381582,-0.14150753388665557,-0.48293540655178335,1.9186063338762078,-0.9075392631713548,low,0
-1.4601582061203664,0.8745333131616904,-1.3293590589340638,-0.6207002872234368,2.2369710770616296,-0.9293625130879217,0.48714638699796975,0.3566676072498469,0.9133146427334217,medium,1
0.5214280346586109,0.5026524529145714,2.6366691419455885,-1.0754572128189694,0.04189592115427648,-1.114669279783514,-1.3599171785198971,-0.4895706470306716,-1.080399904388821,low,1
0.25995687129578504,-0.4667739399236538,0.29335203632298334,1.8846916831712952,1.419035611367264,1.5559253967774855,1.0584111123017732,-0.8098900990894081,0.3937575200171889,very_high,1
-1.8145506161984897,1.111228303174717,-1.1321491407160067,0.41558578671819885,0.9764313771980682,-0.39489038019457207,1.2334446834320085,-0.4211988166129132,1.3696436683344786,medium,0
0.225789850958941,0.13614352729021514,-1.4723540615107777,-0.37947821574373053,2.0084730109816995,-0.36651151764857065,-0.4938117958596674,-0.43042769880071585,-0.40152772138118387,medium,1
1.2163310967601422,0.5427731194366996,-0.23372405785172545,0.4308898771636379,0.7147456498889451,-0.21267046129701309,-1.207045829504103,-1.7776809623702012,-1.530795950123727,low,0
-0.224405414877637,-0.09282701218552086,0.04154184056389461,-1.0247154806371714,0.8229885920033214,-0.5856139985248114,-0.2933598880791485,-0.46595097807205077,0.0797148541980192,medium,0
-0.14025151660967317,-0.6968225923334189,-0.4198469958312289,-0.21888003809036005,-0.25308684101411083,0.3777932706098015,0.4240541878795748,0.9937402628679574,0.5161281476611067,very_high,1
-0.32334018309114987,0.12356216245371983,0.21671964212288297,-0.6533579913592997,1.598110895751759,-0.49262884578413635,-0.12981491524406036,0.12437612230092951,0.1354261273304032,medium,1
1.496883756140308,-0.9263919157408881,0.10264552853966442,-0.4561270142795151,-0.12740687238995974,0.2586041480819084,-1.0730859694792823,-0.22001802765967404,-1.1479051790957484,high,0
-0.4667551600332487,-0.6928896443474593,0.4076897368371771,-1.8755027854809154,-1.574341717731963,-0.6845743163150667,-0.17497974557498205,1.1494873640103684,0.5151263565948162,high,0
0.17276449258470727,1.584106027669607,-0.7756066046023912,1.3014466338524469,0.20545568703630285,-0.32024354500747454,-0.39454803017345813,-2.241915934508913,-0.8484682917543073,low,1
0.6191884414076376,-1.1441133986967191,-0.2606083323339582,-2.0161416944163553,-0.7057555622271979,-0.5338872244681522,-0.9815555020008911,-0.6842421805152435,-0.4083322697926827,high,0
0.5175283174178968,0.9313757107305075,0.7851850823103762,0.8926829155523611,0.39876376442481426,-0.13818816795003366,-0.5453234860056559,-0.005106632027225022,-0.9167307966999108,low,0
0.3596124412685892,-0.3147709674357315,-0.10381248440296688,0.863691217610592,-1.4000712344017388,0.7674987656448949,0.32383658201967347,2.3456241618964406,-0.01696179892221445,very_high,1
-3.0685197079892954,1.224024271422923,-1.4363524570391606,-0.6952817030103744,0.3435975351782162,-1.1046254147516188,1.717838291795858,-0.07459267700807634,2.410214294954404,medium,1
0.42948406043823284,0.07811356984036834,0.435546318992364,1.1315518363810797,1.1625736681878402,0.6499045236320179,0.1714087083586093,1.1535028497815438,-0.26780907083748967,very_high,1
-1.288902334568846,1.786920478312886,-0.3451040968191901,2.230851988218108,-1.3077765651476607,0.25805265398567967,1.3318835805877454,0.0780074184788575,0.7890924780889199,medium,0
-0.6088187480968423,-0.01878411707694356,0.05469486537462616,0.4439321333027065,-0.49705248683568226,0.3536803178937308,0.8111500146466004,-0.25876441187237875,0.7550817252335185,very_high,1
0.6831919758004167,1.4041103039250429,0.6079475670057539,0.7875957887472835,-0.8464978028689073,-0.5663576807787857,-1.0351099534200936,0.1697477679706617,-1.3954780781663196,low,0
-0.6927752415204962,1.021047028384266,0.10338199621209512,0.5040716589100567,0.47001366124666144,-0.3611432703097943,0.30366329516679075,1.3906435959499572,0.24242826914117022,medium,0
0.03649637372055692,0.6476868383364262,1.6857017540349715,-0.1881201184562754,0.8399445397420275,-0.6002358943591332,-0.5198465056422005,-1.5057478005641665,-0.46157816428041737,low,1
0.37570763498390236,-0.5716133685751558,1.2959278615737506,0.09668594969021976,2.3330164182526882,0.4514744956796044,0.04626428337982132,-1.1617513001764113,-0.043233605429923466,very_high,0
0.00028932963846173276,0.5822717661509073,-1.5475697941363111,0.11749289741311075,0.32324718753356224,-0.3491497122462397,-0.28228389207891325,-1.1097501278882742,-0.3200417419161929,medium,0
0.4877229111048393,0.42108071091167315,-1.7681310327067183,0.29902957956933096,-0.022030072516940464,-0.15141677965875372,-0.5364089077458994,0.7907593122325293,-0.7076460921850634,medium,1
-0.011812646256461834,-0.4372681835848689,-1.1811935394294981,-0.6415238559834009,0.45134754786463266,-0.09949478885981322,-0.07688852231526616,-0.9469827656173482,0.13661156697073612,high,1
0.20371364167906036,-0.3114301990017884,-1.8825207514674638,-1.2427533525773349,-0.39167060950403243,-0.6029751043296535,-0.6751974737384654,0.7637997723632599,-0.2943908100773288,medium,0
0.3215086328861294,-0.5226184583188317,0.8957962182359285,1.0547690115225052,-0.8373807896824669,1.04790897997307,0.585682049665151,-0.34590728066682785,0.18680690493066363,very_high,1
1.009677490920034,0.041008365913810234,-0.34677157676671216,-0.1708857881443776,-1.1340201859349581,-0.22323806803591564,-1.0450205267227692,-0.9291363405097582,-1.1394187849109316,medium,0
0.36785263337132645,-0.033544004360256646,0.18745938208891083,1.9622506754206812,1.0156278839944708,1.2810213313536203,0.7440571129190879,-0.4551717839537639,0.03846081622728103,very_high,1
0.44916961708653774,-0.09510073903257965,-0.01605403924858619,0.2464531659584604,0.08739142892012171,0.1949899465053096,-0.22303620688128467,-0.17125630482493448,-0.37216719334551146,high,1
-1.3187013783078678,3.0501922968079977,-1.31246730344855,2.7840793834089395,1.1770006367903372,-0.30147994710916853,0.9089241598187923,-0.13260407824049675,0.1898799702922015,low,1
0.6676716491401389,1.0162166809132986,-0.3712573706703938,-0.09058356977922133,-2.1564453770050327,-0.856793438430875,-1.266015869166855,-0.6484692000191374,-1.3337757506349095,low,1
0.6374012179937047,1.1009069333345145,-0.7656111570301878,0.9239073933441677,-0.4238335382064832,-0.251437445861292,-0.7392454729490422,0.1602688574175767,-1.1385873085094227,low,1
2.4570118444163063,-1.4573449163445449,0.04052294231700992,1.991625766997737,0.08036232596303014,2.174202809933126,-0.31540208411175585,-0.33149938829951425,-1.3464630720328228,very_high,1
-1.0014285578631976,0.5077332809119771,-0.4553424231453126,-0.556450275876982,-0.8146856532376702,-0.6557169157676384,0.3179580585896007,-1.0188051975907135,0.6533872820815867,medium,0
-0.7736846430000218,0.8737057931604166,-1.1207676506962496,1.495609310390373,-0.0120435529599315,0.4030535678613734,1.002287656373158,3.1176811292080475,0.6241678928005944,high,0
-0.09449708362281162,-0.24381817131451838,0.9330666057209853,-1.255538507326683,-0.30173305395863576,-0.6368452757963412,-0.4481158719332401,0.1485479035926389,-0.018290749601151537,medium,0
-1.2108652225816696,-0.46431048943591335,1.388664520102482,-0.867327968101534,-1.8357687561770901,-0.13123459191927242,0.9191732240278523,0.044062567406599355,1.3869456350738705,very_high,0
0.24703034768438104,-0.06506340980520307,-0.1439999777016611,0.4955571690779592,0.19261914758693635,0.3525327692691662,0.07981207720503006,-0.589160387988942,-0.12157359776884542,high,1
-0.555034669314546,0.28540283111210196,1.3779743339254138,-0.9913228202158606,-1.0769545408779464,-0.8139346046913826,-0.19585421594323826,0.6847148540498922,0.21644183945119397,medium,1
0.7400968289890004,1.3708660390058087,-0.171810463802674,1.4512551761017942,0.7914974359729572,-0.11164143168876596,-0.7084030181815923,0.9606132325034853,-1.2973548192127047,low,0
-0.247298923398931,0.19235185008461253,0.8519290707908426,-0.06503153991278066,-0.007674063684503472,-0.1634984153719535,0.07795223379591916,0.6776371019248881,0.1369332841850308,high,1
0.39860304632045895,-0.6393889966584642,1.143566044928613,-1.4311912990626294,-0.30704834092510147,-0.5021421268455419,-0.7616981740971317,-0.4627366479963379,-0.34829263072805383,high,0
-0.25797253828478467,0.5375486156461808,-1.1044518278549962,-0.26749515564262394,-1.095839163003958,-0.5479649967790367,-0.22674533393405524,-0.6710148456624536,-0.09832123377246105,medium,0
-0.006515322455097339,0.1129481374517832,0.4527563520766945,-1.2139630820133516,0.18497057507315626,-0.8777716447662267,-0.7182566270074733,-1.5085559682128564,-0.3146271916972021,medium,0
2.9028992180850857,-1.1142711743143114,-1.6037294750298954,1.055624929941684,0.4331840672715426,1.2737974593680519,-1.4356568440115867,-0.6167301099564017,-2.2224595218638594,very_high,1
-0.006761598524157364,-1.9116759701408657,1.3339981858769252,-3.456313905254006,1.5413211448013207,-0.8656885253147056,-0.730193208611159,0.13549137231676192,0.4124996458536009,very_high,0
-0.2705542352433211,-0.5354340078179828,-1.1830855152497652,-1.4456201679507945,-0.115188328776479,-0.5338447724595644,-0.2160787559043987,0.3753596961444733,0.3024915628601987,high,0
0.6124852187708137,1.2234476173021216,0.7445863984731299,-0.39275458860042656,-0.19360951103550808,-1.20205822260202,-1.501878869593236,-1.1497074728974057,-1.4607731607200325,low,0
1.6037132868895354,-1.6685673713455724,0.293008807258655,-0.7792134408291882,1.1407858004524745,0.581414038990759,-0.9056596053867279,0.04406463491293769,-0.8909415492935455,very_high,1
0.6479210457928828,1.1489017189769586,-0.5877379693198984,-0.6540368611250424,1.5920248985760834,-1.3215983496223576,-1.6316551763247924,-1.1804604852320821,-1.5093993601366305,low,1
-0.7868542560213045,0.1853490771176659,-0.007062904550829715,-0.9224354070166478,0.2839110587363809,-0.6769123099416954,0.11393407595345457,1.5894412835616984,0.5378823667360354,medium,0
0.7380500678742297,-0.734348062799523,-0.03540743904535086,-0.8467987744347774,0.6104398198094931,-0.07694223634538716,-0.7010038041724078,0.1804960560780812,-0.532328385457469,high,1
0.2813631107082831,-0.36052033655228793,-0.12492159532356542,0.6515056344468665,0.05651064846555637,0.6682080513957817,0.30805404493787975,-0.24341030256790794,0.049208517480423944,very_high,1
0.607351477322041,0.4263256839610551,2.196646054978954,-0.3524370829093134,-1.2261793578126834,-0.5918526692368531,-1.0021771741060281,0.9625028858001017,-0.9753558189923401,low,0
-1.28365622798915,1.2542781340227436,0.1871071001250919,0.08621161402976063,0.2687757891486415,-0.7581631398367931,0.48218470440885064,-0.9249258157192739,0.6484044285622438,low,0
-0.26604617106058515,0.3540302841014394,-2.336069605021263,0.39976489386271574,-0.2619450064243539,0.024315638262642488,0.25084337839226334,-0.7133109002802115,0.15889819248240347,high,1
-0.9998024426172775,1.5478377953249927,-0.7087782027214982,0.9968171963435353,-0.26789873415849874,-0.3990245332133904,0.5399689792278561,-0.8456893114465224,0.36246674896236375,low,0
0.4908345857504964,0.2720714741962748,-0.48915617518421617,-0.8614447296136165,-0.42369071691067595,-0.8031944421405568,-1.0790654801671908,-1.1774165052492886,-0.8663998753248365,low,1
0.19479059060194337,-0.24723310960349296,1.9235134876034545,-0.9791644386321446,1.0323893981263967,-0.4764824093562027,-0.5624019811212831,0.2201893142051328,-0.2675004833351183,high,0
-1.8672479751542534,1.113193979542235,1.2744284266875814,0.5051987112615571,1.1188945979306693,-0.3333569023550975,1.3292346866543971,-0.1878594010087195,1.4436200755805515,high,0
0.6468050499859979,1.4109744300745253,-0.17387382031458634,1.3999559871763612,-0.010352289907736689,-0.16711094401016094,-0.6742220054984899,0.21282439866996872,-1.232119556064413,low,1
0.575822933755803,0.9357955562997569,0.8848425828011585,2.997468812837873,0.13111932467514684,1.2333711800809164,0.5379306906886583,1.5200917409911012,-0.539905688586658,high,1
-0.010450465494603045,1.570793905342174,-1.3537546747097586,1.744025993035879,-1.03799135498923,-0.005693759583423077,0.02137666576163063,2.779963624223556,-0.5518576243803764,low,1
-0.4004680299694219,1.1855969416442467,0.3924560184705202,0.5517446551275034,-0.4326595133965921,-0.47383871500727687,-0.03691089618712165,-0.04504411801092395,-0.15735402028155687,low,0
1.9563808960398588,-1.7925437596134521,-0.02230853891243119,-1.1915020539086607,0.019290880373942807,0.3735583346009969,-1.3794668726808523,-1.4439289224922272,-1.2811307733291346,very_high,1
0.3509967556172394,-0.5668317221920435,0.9498890682492921,-1.418219593523251,2.3491085580250326,-0.5429111158983699,-0.7539812026625606,-0.14663177404360228,-0.3375961209302802,high,0
0.3328384697118021,-0.2257861115825219,-0.42390107233259605,2.5788344437062265,-2.1146935990737354,1.8286403299402785,1.2241551368485624,-0.7101366068373821,0.3190022402236072,very_high,1
0.7563926928390647,1.6859705689348703,0.3849664160476343,1.356841888602496,-0.6867323955673516,-0.40543832670361096,-0.9615355543933279,-0.9820194972109048,-1.5209623690728535,low,1
0.16358992616019646,-0.032022568850605844,-1.3673264612849558,1.203266510629173,-0.04798579485058113,0.7988997936144914,0.5200360132770617,-0.5737031442926516,0.09661230271366242,very_high,1
0.8739402145727804,2.1020052896108257,-0.23927314715185138,1.2309384925016567,0.20713943677856853,-0.801884590565074,-1.384703657656908,-0.6368823889389575,-1.9191088174319193,low,1
-0.20713478325265722,-0.12013325470309409,-1.1975323112651621,-1.0729275420632765,0.955388571179851,-0.5986178549262096,-0.31912834692644315,-0.8192664641893721,0.0672851999028162,medium,0
0.05228689265816622,0.6355859720068597,0.9623451692665695,0.5123148517387771,0.5880766751678318,-0.13358286409183617,-0.14798552046281174,-0.05795054176271757,-0.32429264446572464,medium,0
0.8675629675639542,-0.4163362110125562,-0.5738199139101188,-0.896048887608141,0.32864402580480856,-0.35237490480472455,-1.0354891707126848,-0.301579807791105,-0.8692003833761976,medium,0
0.48872826778121986,0.39416225974707036,0.3630042848060769,-0.5207102386115321,0.87278741446961,-0.6690577875520711,-0.9651367176459706,0.9724439979180102,-0.8648469188112334,low,1
0.29245073123878773,-1.62704836145781,-1.2451505759600856,-2.842443256177707,1.2696132625998429,-0.6957296978563577,-0.8418688452118522,1.1565816515942398,0.0531484951092642,very_high,0
-1.5550561599194757,1.8012175896665092,1.6656032136865273,1.4661828795085148,-0.7721923878043793,-0.23216554656520222,1.1540961035774386,-0.1840868670159194,0.9046531989905928,medium,0
0.5016983955157118,0.5733045032474531,-0.6783346293354934,-0.22821776014101725,1.6666632592275232,-0.6095047153722739,-0.9250486339663957,-0.22535148504419977,-0.923278838697929,low,0
-0.7150623187683466,0.7107375115742751,0.22392687394660638,-0.5469111573754286,-0.7560040194566048,-0.8210700211410104,-0.06062499857315345,-0.45025338777827145,0.22920777088759817,low,0
-0.8221414748599973,0.697333142233572,0.0873574252602637,-0.22921963270139745,0.12249092537445466,-0.5944296566488841,0.21775465129110597,-0.36123019291437297,0.41827584654221167,medium,0
0.4842242044137948,-0.18999516316381554,0.6165793523072711,2.079155409852212,-0.5972789358462477,1.4627768694326462,0.7932351102590239,0.163427820386131,0.031136040797442907,very_high,1
2.133490845066927,-0.8658107526271354,-1.7959827345840234,1.598709054098415,-0.7648492283081031,1.5098004347938103,-0.5818347825913573,1.2537347862197346,-1.432970017226061,very_high,0
0.6129309016347667,0.6889424944592061,0.9531762543293538,-0.9914650237442642,0.9459295852703784,-1.2033169195861881,-1.5091403270852153,-1.4419103561118092,-1.270767469551093,low,1
0.6269094309576175,1.2481522441300823,0.12682468513496187,0.921228143825823,-1.0043378262939064,-0.36010987397237443,-0.8184530398495966,-0.3001287868282,-1.215024481903083,low,1
-0.1444895546726218,1.063677549450982,-1.4762625440017794,0.8647305739982434,-0.8148681489093441,-0.20007395035599704,-0.03041443280710293,0.1802948805034444,-0.29318271243515853,medium,0
-1.3926778787500382,0.9498237615389025,-0.6902762332372047,-0.4015994001125062,-1.744532888606054,-0.8462925731332455,0.4990372829165781,-0.33516697322638483,0.842634835952851,medium,0
-0.784522010530972,0.5007510648007348,2.441221722471914,-0.0886811649908763,-0.8508840890388987,-0.3614794424376601,0.3759426081123449,1.871074482308114,0.5238296047688343,high,0
-1.0901700306257218,0.22305397199184607,-0.4214829971663628,0.5331941689164271,0.6128253216693214,0.27391946756462193,1.1584153564696975,-0.5582302623977843,1.1453200524938796,very_high,1
0.4784542075811166,0.2609952027920699,0.8264223241917663,0.7258181200828391,-0.09872089445567296,0.24620501275342696,-0.201814724596646,1.3690945827628513,-0.5134791081742642,high,1
0.7775221265857797,1.846111756907233,0.6122698101053926,-0.09507856508621859,-0.4466430468146064,-1.4759299293718864,-1.862040827763945,-0.3984452749893668,-1.9429960522655692,low,1
1.6814214360145499,-0.8569203812544075,0.24854510511898723,1.6524318922740824,0.4021978249123513,1.5748726062178438,-0.14245408431468914,-2.0265777765994355,-0.9437117896762178,very_high,1
-0.3145373699979906,0.8037550822253925,1.6814924574180155,0.09433889546650814,1.783922595201769,-0.5010885939555073,-0.1368760338681785,-1.0448363139030712,-0.11936529748809926,low,0
-1.2272287297603195,0.6488461894979655,-1.622974962003564,-0.6361805270214187,0.8155942445961629,-0.7930795879695585,0.39860411834315135,-0.43479469337221693,0.7945603417432197,medium,0
-3.5548168507544475,2.269572947799265,-1.4127257589005562,0.7637655093222848,-0.49156193901893,-0.8744167803418855,2.3341430550346125,1.306072203871629,2.6178660188475336,low,0
0.4393780987861755,0.0061025311668899684,-0.12839826591760886,-0.7970411101150792,0.3387581622803661,-0.5621969055146244,-0.83902304692703,0.42896794854851705,-0.6405675571131885,medium,0
1.039284459723334,-0.827068525743758,0.8603325594167204,-0.30323923016101706,-1.661580989177992,0.32293143261327856,-0.6286162081902308,-0.07627815173958268,-0.6854107124669537,very_high,1
1.8494841927915047,-1.265189054422842,1.026087440960004,0.32833589142578756,-0.6929570045312151,0.9923239118903153,-0.7714337685344645,2.2331159171321766,-1.1597893689063083,very_high,1
-0.22922827390615175,0.45349438291813615,0.1699745397492694,-0.19289465996814958,-0.031261414154246076,-0.4398694971932224,-0.1628897489633262,-0.21800563112112403,-0.06367539739790186,medium,0
0.6835859436371736,1.2951153036569474,-0.38611277608614164,2.143145110842765,-0.9400159321237541,0.40180943703268385,-0.23692222423244633,-0.22777097912363464,-1.0469293848419627,medium,1
0.29331751026547714,-0.6942210650393601,1.4837439102037069,0.003660468972555786,-0.6401544568346118,0.48686308188520316,0.1444194384466074,0.029796165121424436,0.0978312296062926,very_high,1
-0.27660541994872456,-0.6704014379069106,0.6188603301446354,-1.6959328598503396,0.736763345167897,-0.5986387315752847,-0.26591367327965854,0.22399496890104872,0.3362524223523944,high,0
-0.8972953259771703,1.759629101704994,0.9919263098869546,1.2406238423710338,-0.7798066757376003,-0.40247745077156355,0.45201152867097627,-0.7756063614376031,0.1787950481771584,low,0
1.8965848163991337,-1.5736462400821425,0.0779372965582097,1.7718702423281343,1.9519290895174237,2.160374279243884,0.14984709549224226,-0.2867216948200629,-0.7247271684309651,very_high,1
0.8758597360151453,0.01578598857396626,0.6868274954528385,1.8752928353184548,-1.0703205486518375,1.1470585313441555,0.20070369980229813,0.24784628190182476,-0.5520027467285861,very_high,0
0.4241629814030007,-0.8401433990303253,0.9951676651586061,-1.8447964249920108,-1.7684154256380724,-0.6283558137532055,-0.8899439046147443,0.5343472134537843,-0.34368395681197006,high,0
-2.7584365479730644,1.3168771068664427,-0.9823242722767759,0.9268762431314637,0.5009173290858575,-0.1343571912162184,2.2558587875066856,-0.5318777502893286,2.364290165390878,high,0
1.53937618707132,1.2232444539927882,0.8789639730706512,1.5261995944840465,-0.009664421313347188,-0.01878774182887111,-1.3149589123160896,0.24748054764010466,-2.0487052717147782,low,0
1.6244053402164225,0.614041247589968,-0.40328779191093866,1.706327324878594,-1.081914368713133,0.538269355381097,-0.9339971597620674,-0.0919684662030466,-1.7414713161906077,medium,0
0.3377053749902279,-0.18826377976842049,1.198225393201287,0.08916686317658495,1.352759030614763,0.16905187742563071,-0.15042067203010645,0.45722481194934356,-0.23092598292396754,high,1
-1.5171079825867986,0.22146490301973715,-1.7392051521728,-0.7300283320361001,-1.1145323150080617,-0.5184912216632321,0.867960223067918,1.555198534147342,1.3375109723525533,high,0
-0.6624621012228422,0.6306993330239328,0.17969538110620695,0.6627424437135201,0.9772633703031223,0.026084772970760596,0.5933994375491991,0.3683520038409712,0.47420286964840996,high,0
0.2717869212507399,-0.29558153574466667,0.6491477210704204,0.30209940138510527,-0.22666220372399956,0.39245140665177725,0.08915300291442786,0.09748893902369685,-0.05229740317573134,very_high,1
-2.016960788506366,0.482837755730008,-0.6866045318482008,-1.1009506088779035,-0.9896509661643634,-0.9126663694033011,0.9715084132828367,-1.2666319951066096,1.6393887737598132,high,0
1.18182080098719,-0.19652361110929034,1.2813833981236349,0.012704578597975469,-0.26257565931562216,0.05707514278144749,-0.9628823205771067,0.3736534056211483,-1.1444086760727639,high,1
1.299341214743159,-1.1205495393696583,-0.5432015003763371,-0.41654836795380323,0.5220206351107666,0.44252911861659194,-0.7548162209477869,-1.874865655501711,-0.8135976451843423,very_high,1
1.5836288216689705,-0.6688125478011512,0.17118714374566293,2.3698887847028685,-1.116064176071895,1.9152980885103639,0.22419573289768407,0.11833021889820218,-0.7998545568983255,very_high,1
-2.0727205414669445,2.819506602255078,-0.8577331766050195,1.916653559845083,0.591668049693131,-0.6405080853729127,1.2694043808321271,-0.5693514235811376,0.9502775659070756,low,0
-0.6745933355895217,0.013870960495104306,-0.9032931107791092,-0.4480226063992735,0.4080960585699445,-0.24951671634970055,0.36935442442724165,-0.12168868568726955,0.6188735394551139,high,1
-0.045068286424931436,1.0461095879820075,-0.47687646064383565,-0.029267028324866717,0.8652897561352498,-0.7811442844771544,-0.595364202686943,0.053059312932619035,-0.5767012963665089,low,0
0.30605256650062707,-0.7578769366066548,0.4764301667171248,0.9055181304724107,2.2409265562057925,1.1235052086613782,0.6587352837945242,-0.9885290078659005,0.31115044559402,very_high,1
0.68677797110379,1.1828275084645499,-0.0038041336707993834,1.8260281463982888,-1.941858659379406,0.2758901918010299,-0.3448821065412473,0.7549587661419644,-1.0504841574948762,medium,0
-0.8601963485123071,1.578932056448499,-0.44480683817049027,1.5146466696212049,0.6909109573921928,-0.09362462274734693,0.6735132323232874,0.08409438825019651,0.3035255454011747,medium,0
0.3486490839727831,-0.014749933333526522,-1.326262161949157,1.1659730360093845,0.05389734703320638,0.7469288925673708,0.3194744044914332,0.13998209632135372,-0.119250619779736,very_high,1
-0.2860124199874775,-0.5080503715498536,-0.027969414486982293,-1.0006273873118106,-0.46039233265665513,-0.260991956162287,0.022782487712458256,-1.1907458007366716,0.3962145556433712,high,0
0.8126402991885122,2.072643104809322,-0.518637997484576,0.9283342924235075,0.26881235641215423,-0.9737923776288728,-1.4747442473959134,-0.3231676657024847,-1.8997261474425617,low,1
2.500687874694277,-1.5710628610734902,-0.31444379029762937,-0.19896440177936559,0.9078523849098702,0.8181927267155717,-1.4739694499601768,0.21747348301422456,-1.785652972278997,very_high,1
-1.300781820321795,2.1262420190374276,0.12063476089345412,1.6073952849352153,1.5907957421712526,-0.39793744901729977,0.803869268167245,0.27168358450003066,0.4702437159655093,low,0
-0.3163613305513564,0.14784681784399678,-0.38163109541321133,-0.6556350553505548,-0.552692953783497,-0.5124552424578553,-0.1518779880295227,-0.8002227353999037,0.11312468358424801,medium,0
0.6281125925626194,0.4823902497874294,-0.6172857068788872,0.14079084414201049,0.5328917202270399,-0.31129011819021873,-0.787522663696245,1.21317918839159,-0.9271896518221567,low,1
0.8364290091621267,1.8311524231250838,-1.1738733263060288,0.5509365531543522,0.3888189102637133,-1.0463205576974854,-1.5575799339700889,-1.1251861017311617,-1.8615309091924441,low,0
-0.4593830469387623,1.1595112892551027,-0.10986412310193568,0.877324476946957,0.5740419308840301,-0.23662236557031438,0.20899073227712583,-0.6301428301423468,-0.010615065827359854,medium,0
0.4738823788662041,0.3405951454304915,0.08486545836110417,-0.24897095712342,0.33078380653823597,-0.4505618898044041,-0.7725816867065066,0.14425352228204003,-0.7602616372106986,medium,1
0.4922376792061167,0.4512326780345294,-0.08378309988906465,-0.2791736826493205,-1.4035586295636626,-0.5528028509957835,-0.8714782344641113,-1.5530352778398206,-0.8516595172623372,low,1
1.1471434417423159,-0.36958420062764197,-0.9744525476102961,0.021687785157998407,-1.424971171815412,0.19240574310055383,-0.8234158967425984,1.1003928922787292,-1.0030959384498905,high,1
-0.9653819645165955,1.032532567276626,-0.3410929321416082,-0.0013497738316295416,-0.49987103450503223,-0.6788729201914807,0.27382537031969784,0.10722928841915275,0.42096080890168613,low,0
0.09929519594218766,0.24734212090429766,-0.39925664594596205,0.9354307302599552,2.1772934475490655,0.4240805884770068,0.2683168787383504,-0.4917666126562028,-0.056106873481338436,high,0
0.4947520456238802,0.1254484823423585,0.6276804178744745,0.8752846091548838,-0.02518868352947947,0.44205366413266123,-0.05542245094221078,1.0845005302909256,-0.4193598319658953,high,1
-1.0139114631409778,0.258558468811106,1.7441031844659785,0.10768554604566127,-0.8463983057776877,-0.037078936174524096,0.8368811059972613,-0.734975101257266,0.9534976489997876,high,1
1.296716314863402,-0.45651892337064603,-0.7602844386215937,0.6650169537007815,-1.8662459348495894,0.6656354761345562,-0.5610324797562041,-0.5516751380466781,-0.976541505541413,very_high,1
-0.784194492291225,-0.18258899215824823,0.6731336922329685,-1.6300122960426187,1.5991232408367342,-0.8716015416884568,-0.05317055721006669,-0.11365684249904019,0.6041541924064197,high,0
0.15066978123741648,-0.9730248044341222,-1.825657995664608,0.7959979683844695,0.40329960416682403,1.2216801928522554,0.8699907152099189,0.2956655514819996,0.5815131715376676,very_high,1
-0.8189289544448364,0.478443936516349,-0.30093529297013316,1.1673134899110904,-2.52345736251247,0.4807969667248394,1.1007697527331917,-0.28451030433922214,0.837411643167422,very_high,1
1.2408890444419407,0.3087455825332624,-1.4776124069194447,-0.18959222346471283,-0.3717790115234884,-0.45004068040885403,-1.4266170093147628,0.06364906149651771,-1.5488558287791099,low,0
-1.9173044074082561,1.037297657720941,-0.016568409822520076,0.7679580322043003,-0.04592882874016064,-0.10157237760252281,1.5625504225857367,-0.4842583519308302,1.5971659612873108,high,0
0.7500487791457424,-0.968587288089253,-1.1037585626023165,0.22781265246653115,-0.7176391376105407,0.7978228028982021,0.008767395645502211,-0.1349902279770614,-0.18107074305290258,very_high,1
0.10497315793445594,-1.253081544175816,0.8687983383055493,-2.4923823089795953,0.114845090277753,-0.7249013525306492,-0.7019933559843586,0.2921688282073261,0.10583690931630792,high,0
0.5660750723262998,0.7006501864705909,0.23425926445676556,-0.1958444267751731,-0.4486956826194842,-0.686663226609288,-1.0422921404329548,-0.8963675478251808,-1.0606201802900148,low,1
-0.20049657925659414,1.683715015231152,-0.6026243046145574,1.3486157718529075,-0.7742038183529005,-0.3321985286464618,-0.08501023122465855,-0.2643558332034669,-0.4984846671849461,low,0
0.5279613014782017,0.8789152977904126,0.5845240518374347,0.7934962894168196,-1.655224712189433,-0.1656419340748297,-0.577471341320289,1.1706616293176602,-0.9176721416558264,low,1
-1.8779290138229479,1.0027448752404544,-1.0401987109554731,0.6050213441776469,-0.6161434580489434,-0.18624210572259176,1.4586547388789237,-0.5942108723816666,1.5413149394639591,high,0
-0.9510782438847465,0.27648302757413123,0.283130822319525,-1.012640899048481,-0.16878473741594932,-0.7895174506261978,0.16197052594694356,-1.4931898122089313,0.6405954815771313,medium,0
2.375488194758766,1.0643957974944682,-0.7199895332219391,1.3492991211104584,-2.7075438553811773,-0.08574071799015134,-2.0850508613102128,0.8642483846986365,-2.8856450531242652,low,0
0.3246308006336184,-0.43498452408775057,-0.31815850161792886,-0.4455798718029924,1.2892030514068733,0.00018982980093291618,-0.2814484736364878,-1.2565653359454354,-0.1832567079044891,high,1
-0.7687067557624041,0.4162797466045061,1.46644239118858,-0.6301746320996676,-0.3386690538837576,-0.6558286210413197,0.11839673706878373,-1.0820177850419361,0.44323653307768274,medium,1
1.0694345723465821,-0.4813302239523958,-1.218176066807319,1.2423605534325706,-0.9501045691456493,1.0804709073839307,-0.024815609816269173,0.596081494132487,-0.5977397760059758,very_high,1
-1.31318009140892,0.04661011007316786,0.8153241668090142,-0.5262738313687882,-0.5719285461984328,-0.2733892741239103,0.8945921187619449,-0.6760707152936095,1.2657056950956858,high,1
1.0650232390565941,-0.715865342602865,-0.27811986436633407,0.8178487395715046,0.8530151882434975,0.9742422806168216,-0.11136262763655254,0.4414197598929505,-0.5434022834426222,very_high,1
2.488068432536478,-1.0951298608765585,1.5018791337963189,1.273376076706,2.7148169394863215,1.4358764499486134,-0.9477933889899683,-2.767325422602398,-1.7446443557153501,very_high,1
0.4179007004551112,0.3283941815666199,-0.3266475631886115,-0.08967436526003636,-0.650656621336195,-0.33272552400077887,-0.6276388802622435,0.06970426942928022,-0.6597701655118319,medium,0
0.5247393289336109,0.5784866078639714,-0.8642852619405358,-0.4420976082081921,0.781497239460632,-0.75532838420015,-1.065093430870372,2.45987198502938,-0.9958627548756634,low,1
2.0404897230675303,-1.1703885844269486,0.5990841852948223,-1.1950596184950004,0.25200376120192847,-0.09085983007762034,-1.8280105234994313,2.060422698444699,-1.7397673328570797,high,0
-0.40196370979472396,1.5533694041372734,0.48058675842771265,1.0418728267830106,-1.265258409085215,-0.42163854996081823,0.011501896329960947,1.0409541737977894,-0.27041049264634404,low,0
-2.389893988139506,0.4629461671269415,1.500274609000988,0.2254887314841057,0.34121584249203324,0.0012459271771117272,2.0442354378100123,0.8544020011207198,2.32819589954266,very_high,0
1.283317529613258,-0.6069982539437565,-0.05008059885646664,0.8300027075651146,-0.32832094269055984,0.8849728908671136,-0.37007563148814415,-0.012365938242364536,-0.8385886498408046,very_high,1
-1.1593971167292936,0.8703838483407482,0.7777976308777149,0.05250151207489706,0.22992434541793752,-0.5093028894017114,0.5775794121477513,-0.6257730437317763,0.7355612089082789,medium,0
0.3739053403793249,-0.0978351501031632,-0.38281748098675,0.7658162339596726,-1.245051223503995,0.5434383110126251,0.1289422537559313,0.5163966677865788,-0.18109170036752698,very_high,1
2.131316621942345,-0.7219017187305857,0.6672189393045282,1.358168762135247,-1.9495901727260327,1.2470055792565318,-0.7954787283649914,1.419064413357521,-1.5662473911581425,very_high,1
0.8392383723929484,1.4348450366795187,-0.22580674907604184,3.017401135473829,0.9049620414941998,0.8600174540692007,0.01034560266840033,0.23614240987910107,-1.112470202010643,medium,0
0.41582041828284166,0.4122184178732559,-0.0628938668998582,1.8799718152930767,-0.3617238360933866,0.8970083160862966,0.3908227976736356,-0.27595145169613816,-0.2937350116398847,very_high,1
0.09297521844788303,-0.17219828240545051,0.7679376635165371,0.8071449049971933,-0.975532935614632,0.6475478848460662,0.4537075031529511,0.5981721503347945,0.17186662241320358,very_high,0
-0.606421495085107,0.14348880824597016,-0.8898447709411417,-1.1014094601689688,0.2274050789916206,-0.778092929704645,-0.12397600511129536,0.8678054595424457,0.33220375382056305,medium,1
0.06491480950386247,-0.6909664473417407,0.4288111804330056,-0.6349657645896745,-1.2325890641689152,0.08429814808625855,0.006718808670465767,-0.6295942318637977,0.20602291684090993,very_high,1
0.7135947614832334,-0.9110729727544695,1.1529132562048097,-1.5714442949108152,-0.9939209291753933,-0.420574997515712,-0.9659231240489289,-1.173630392546798,-0.5537496021341133,high,0
-0.23062538196429166,0.09211850067941399,0.006548657804539276,-0.8638111090121545,0.5870575345945356,-0.615007476400395,-0.31031337212686794,0.44670361080914417,0.010746059251633478,medium,0
1.5404232911276345,0.18327321560195395,-2.0495145161883253,-0.38864985271868246,-0.6545335709983099,-0.5127747530396397,-1.735255691269489,-0.03916211544275943,-1.8366101188758246,low,0
0.7866939871850327,2.0078420137048623,-0.23955585893709952,2.9031450051938026,-0.012024028913188147,0.3700167511833275,-0.3433262778604249,-0.6794449849177494,-1.4191890714067752,low,1
-0.6917028931929551,2.241218156675997,1.7445838700752485,2.5979728741101473,-0.08106710543541713,0.11814628390210603,0.7119817584919762,1.048399887813541,-0.04093448744215133,low,0
1.7769306957563116,-1.087564431513502,0.8410412769616195,1.6844383625211545,0.7738771734428223,1.7569614527234116,-0.07601986207364807,0.2595956466989539,-0.9026718996449729,very_high,1
-0.7233630483233946,0.6578749598912784,0.6509656787794414,-0.3529404358495032,0.5724714117797358,-0.6545860764866053,0.08339354617557257,0.18794177643275645,0.3100577549608844,medium,0
-0.11386810580443951,-1.48668640390343,-0.14027558555042832,-2.7847606733738597,-1.0944943608348963,-0.727959466807516,-0.520440524717169,0.5444598695274623,0.41657204564203804,very_high,0
1.400146909329959,-0.6877974837676201,-1.1084970907967833,2.0755366485861724,-2.2912928068840652,1.7510335964494244,0.24478110199909878,-1.4780022553041843,-0.6542708212408128,very_high,1
0.5619127909469481,0.768252483280331,1.1835491025816047,1.0410565738908808,0.9559358223307622,0.07486638589829163,-0.40897317882125434,-0.7346710936768595,-0.8365537209002913,medium,1
0.4077726394557424,1.6857095599203857,0.9229775651404308,1.8543951416379905,0.7248293734858318,-0.051103209948632815,-0.37154458542336966,1.4916738588018077,-1.0437226438193932,low,0
0.6738203313518452,-0.9788392691727904,-0.3351431387781925,-1.5346430589061466,0.0999881637655518,-0.3436612347733207,-0.8692118915104331,-0.9218236563202137,-0.4634274995159163,high,0
0.18715734454097482,-0.3663556248576244,-0.20963999341916223,0.4805184341829389,-0.25177867392637926,0.5679917182222195,0.3055511136569612,-0.04946657132325152,0.1174745755153359,very_high,1
0.40759253997005374,0.290379458372875,0.7226748248882985,0.3469427520919164,1.745858970273136,-0.01791510896738522,-0.3592270596531511,2.9928105700606413,-0.5346295186109438,medium,1
0.09240431201369681,1.949931025278496,-2.6745671281541408,3.0359330305826755,0.28004534269740444,0.5552829448112752,0.4011757199853489,-1.0232532233755844,-0.6149039028000266,low,0
0.5359521222047952,0.8075962551761094,-0.8076505577467649,-0.02758002254438019,-3.688365291428444,-0.6522265820004968,-0.9869889079623984,0.23545579511111434,-1.056359322447066,low,1
0.4788641818171637,0.19584526508334496,-0.12058718847346953,1.2042236467789196,1.3304323443788164,0.6074001548702397,0.09547411485940609,-0.5491589417637764,-0.37497561405178825,high,1
-1.3276959862871955,0.8307261230816213,0.5724453061551018,0.3843442822535926,0.6091355190535136,-0.24924936230080288,0.935481041847012,0.46425123812300356,1.008568257681729,high,0
1.8214310316691134,-0.8379693090605113,0.37105373821536314,0.820152117829268,-1.6713322676347722,1.0042608549489769,-0.732980338998947,0.5855215328568677,-1.2792636792764287,very_high,0
-0.2857060974050951,0.21396468148078301,0.49127402072628285,-0.3566313800809384,0.9661470124092959,-0.3673413223306813,-0.05743330764933916,1.1575196058099577,0.1040044670399166,medium,1
0.06452780833441402,-1.4635477256597391,-1.7681569117532319,-0.08656329185257972,0.08184433452953882,1.0091625039824053,0.762551663779475,1.0579607138387925,0.778488462660324,very_high,1
0.2832080141296132,-0.6086218643563096,-0.5100639500960824,-0.19730551371274052,-0.5499248324643456,0.2933174023997211,-0.005893976914495288,0.09293565268297786,0.015830250522557935,very_high,0
-0.43768595834329915,-0.06753958927419591,3.287761187388739,0.357725606152065,-1.509993170579207,0.31909422347342636,0.6361034556015739,-0.5773420157083338,0.5828926980242819,very_high,1
1.4987190282909781,-1.4901601686749355,0.0637023597657709,-2.1198098544306214,0.2644816849513739,-0.41933678704578087,-1.6407980601172225,0.3740620881310435,-1.1655937893585724,high,0
-0.4387983437361237,-0.008666898286032235,-0.193155224849579,0.1819316226194327,0.20139455871528109,0.16088216660905946,0.5070109338002031,1.494141897266825,0.5123650667005444,very_high,1
0.14313310826111836,0.24671815805535677,-2.2175910793587708,0.2167477933834825,0.03352470238858753,-0.05001667008668729,-0.16068443010335742,-0.03204749416371351,-0.25343604578936807,high,0
-1.1314018346433425,0.25773690538025373,-0.6683581639908888,-0.03916908184011625,0.09406984119152385,-0.12327474505585284,0.8658716030463728,1.0084159699429913,1.0487533931490505,high,1
-0.7859736248222866,1.2165989818055944,-0.5878563049080002,0.46212891256077887,-0.7180647836182643,-0.5242483774935803,0.2505555308978274,0.23304295152948393,0.21758838934161154,low,1
-0.6761197636018706,1.5331808303798506,-0.3109714664860723,1.1744332046418662,-0.6886944334452347,-0.297927661830597,0.3472730390056565,0.010021151740569072,0.06241220126130489,low,0
-1.673901521082476,0.804457672423863,-2.0653027750406103,-0.19579825474142387,0.6868579110122561,-0.582400540666513,0.955258630152537,0.04303097332128144,1.2724220716338492,medium,0
0.46493106693548975,0.241997838430153,-0.35208774745388094,0.6383197207194677,0.22063080430716323,0.20384928200588684,-0.2254757823830463,-0.8407718898986251,-0.5061514783842661,high,1
0.904497516394539,-0.5322017891675057,-0.09734596889273275,0.19364216341012536,0.8049425736373473,0.4436363573815806,-0.41074134613221797,0.6248178230538752,-0.6114466489553569,very_high,0
-0.06391795209844847,-0.5354657305353369,-0.08317177193461948,-1.4826031636519659,0.729236949310753,-0.5746839584335512,-0.42603596700815616,1.6129781705930544,0.07386373982973182,high,0
-0.6558934056142636,0.12561545533902993,0.21411098228613354,-0.9668312830440602,0.291732725378309,-0.6728294982063019,0.004967794937247934,0.3070030600053617,0.4239036787474425,medium,0
-1.35638770128966,1.9670091935720564,-2.0648652776836416,1.4481416200402015,-1.0257233949746074,-0.38130593974979066,0.8632885161124164,-0.8093466847948803,0.5904398271210809,low,0
0.1011498749444748,0.3406507617121817,0.6734727961582307,-0.12480779589139485,-0.9331190886861417,-0.3392397911815182,-0.3627546897342288,-0.7664664310197877,-0.33580139463080155,medium,0
-0.37941218713882546,1.5643251368484759,1.7448614066234935,2.190619102556561,-0.49898725597911187,0.32142147689035155,0.6061636767301578,-0.8003354061653037,-0.0598974850802754,medium,1
-0.7889647417793777,-0.27256258428562696,1.2740635835161493,0.24187953328048456,-1.2008189998350405,0.42147294555175296,1.0180056731098455,-0.8249606865912409,1.0553429669134589,very_high,1
0.6282277748456381,0.8900136204833382,0.9943515198154235,0.28958599187747225,1.542276627661302,-0.5120949681779756,-0.9490325755666373,-0.2151138001704899,-1.137177525157682,low,1
0.3856977116816751,0.44817795548794753,-1.9819644857387133,0.2349843528856002,-1.5449359221534005,-0.20501537527656366,-0.4933766754383405,2.1458249250764885,-0.6280547479799281,medium,0
-0.2895037892708284,-0.08099923498472297,0.0005599923396953997,0.39118717035641104,0.38714831606090655,0.3389543307537977,0.5259884343538341,-1.6724045258123525,0.4394766569505581,very_high,1
-1.782945572480098,0.5184660278888475,0.1258865305766578,-0.13991402881511383,0.9838523436061467,-0.3277003182427922,1.2555125387125268,-0.6597486412539658,1.5698674409286575,high,1
0.4180820837426129,1.1433969926555865,-1.5714199983383004,2.1709038002217858,1.22393634423789,0.5523960435743979,0.11223224901558874,1.6053559623618066,-0.6675564038073039,medium,0
1.0253103262140564,-0.6896957224979972,-1.314748860310423,0.9305864658100427,0.2536835542980969,1.0321737554255017,-0.0293567646519991,-0.05321243627298323,-0.49276792598999014,very_high,1
0.6974976220474497,1.4549313441673208,-0.07878840008029991,-1.0101873506447487,-0.766352609265016,-1.7829746638286286,-2.051691452534238,-0.5330040818263343,-1.81814851223169,low,1
-1.6859834740233974,1.6298529482595987,0.21498281745454795,0.7222228061061122,0.3149718715553322,-0.5838144706998539,0.9734152799046621,-0.02881660158862331,0.9898214606620619,low,0
-0.2283687085515806,-1.0384914517826829,0.24889396913325643,-2.497577574610019,-0.1771681151147619,-0.858535737747807,-0.5257510687747686,-0.0016217169633801235,0.3341514780215561,high,0
0.4138549064616729,0.07349642778341438,0.7775960617922721,0.011882906409766913,-0.5289163791046552,-0.07929386419987636,-0.4176374822443833,1.1381503309676184,-0.48336803956063445,high,1
1.4965671979032396,-0.02126637824479061,-0.33577861774042206,0.15169993932234982,-0.574601858183391,-0.005408602496147983,-1.281000726014808,0.7339504783642384,-1.5553436058833412,medium,0
1.9208378199976293,-1.0036363839135032,0.6418790614777692,2.2529989401232053,-0.1271585968748843,2.056598635037016,0.04967375223855098,1.1044777038374665,-0.9868124397225934,very_high,1
0.17683128075105503,0.14327270803401665,0.5753567245201257,-0.4282847238740583,0.14340596107130443,-0.39977825511368215,-0.4794597182981148,-0.5653499525010943,-0.363653464388608,medium,0
-2.1199277666602527,2.5698930736278034,-0.0006084823222894505,1.653051107494182,0.05517063787146392,-0.6267982717058829,1.3182599668713422,0.4891305566492876,1.09305192809703,low,0
0.302248740728858,0.9792062936226824,-1.718930412953847,0.8706725562057993,0.22693194380024787,-0.17029935627442144,-0.3877303904377298,-1.0296109710894006,-0.7195164842726599,low,0
0.4872045626736041,0.2501825247245671,-0.07782143613647309,-0.4344255510109978,0.7034921482250248,-0.5070133347686201,-0.8315606397547399,-0.8246503402906875,-0.7599500577636485,medium,1
-0.9047973382067813,-0.07837806909729014,0.8889877491836431,-0.5996263579222234,1.5623545093732296,-0.26284687430820775,0.5536577075029573,-1.177031631453071,0.8876940847579293,high,1
0.4940158177349123,1.2000896594274175,-1.4239581121976068,1.1022357176693376,-2.106889114626081,-0.19561150598032714,-0.5697669778551265,-0.8374057253154913,-1.0065502123863757,low,0
0.40470183648064906,-0.16844886013831825,-0.14648067072816137,0.9593328793819269,-0.04091753519506904,0.7194703969565064,0.24731079438515116,-0.627092824772296,-0.13163098889824218,very_high,1
0.549997475254205,-0.2883097265829745,0.5656329018867201,-0.9501122013328527,-0.3346038545302957,-0.45595576706962343,-0.8488228519266829,-0.0178621548877335,-0.6168073449758046,medium,0
0.559394593646376,0.7125698990503098,-0.8668845848834666,1.2190223182126454,-2.0140632742377633,0.23245923958314163,-0.27726103001302893,0.40016960520049744,-0.763576183896796,medium,1
-1.9700892199269968,1.3537621602855892,0.28134834748957704,0.12850175062488012,-0.05195477090077795,-0.7480301072153811,1.0770449652083753,0.1351762413426691,1.3322041730698342,medium,0
0.43835981322038,0.22277246078636143,-0.17237495745366196,0.962884058202391,-0.5036502603755963,0.43277741957568144,-0.013928687881351803,-0.03302526371956056,-0.3982572283652028,high,1
0.835931979646463,1.2050824038602819,-1.8037504840924963,1.7787768653886282,-0.09830984745437601,0.21663520087159463,-0.5207853998660346,0.4394860480085117,-1.2330029147237156,low,0
-1.3163509481420579,0.9652434652518036,-0.5102911595630633,2.4227903765379453,-1.4771644163123816,0.9873967129828605,1.9487569545341046,-0.9201522314576858,1.3447090562972088,very_high,1
0.22456072265957855,-0.7475442994528043,0.09030979920643496,-2.2601428568860977,-0.8814337052269955,-0.952285535869707,-0.9862762302706828,0.995693754370362,-0.2722604393706364,medium,1
0.6718203351466381,-0.8055526691077687,0.2916589331890461,-0.8441005761974301,-0.7480909828486626,-0.017735119486828994,-0.5963944202335154,-1.265636445089811,-0.4188507259096511,high,1
1.1218763828136271,0.28112039446377346,0.504270748038384,-0.043944093410432816,-0.3656770825305199,-0.32479068589494614,-1.2219650388637067,-0.8140106692915557,-1.3747288628891834,low,0
0.1727300141088045,0.5220368889987289,0.5010900093087719,0.1189757621154286,-2.476792066877087,-0.31796797946059213,-0.40424647890745324,-0.10205639062884797,-0.46843491655631375,medium,0
0.3089695106167607,-0.38566067883418736,0.38818579565473343,-0.1934189290999183,1.031380525277331,0.1306195605290326,-0.1598170076020305,0.7124817644338045,-0.1427650588735905,high,0
-0.6978850131435268,0.3159936619932663,0.7356551436413686,0.5207480806694598,1.9489631114476191,0.166186148189822,0.735894329291297,-0.7853179202632383,0.668403078518966,high,1
-1.246967646219173,1.607083862262231,-0.5462640091774649,0.8551947971492269,-0.8582160317716268,-0.5153190395957425,0.6553433064131878,-0.6735396478972429,0.5619092479243293,low,1
0.020261721758147777,-0.30737776114384135,-1.125096327023029,-0.18703327722952978,-2.2484965344996555,0.10074008172429531,0.06257328300794007,1.0995844643276695,0.12088895141819918,high,1
-0.09363456144057197,-0.7933474994998309,1.3049626887904189,-1.9220420070539956,0.4202685290565615,-0.6715739444191945,-0.4835435233669285,1.5184220306521798,0.16592717193915774,high,0
-1.4399863235981676,1.0291479023289059,0.43841269949664524,0.4736658727264747,-0.16195481694132746,-0.32688772416341544,0.9692829376587273,-0.1539976651978317,1.029989218872272,medium,0
0.001512122837229124,0.030465031392029142,0.6943263811492989,-0.6591890944693313,-0.8604384680668331,-0.45445201139736685,-0.37633814660439613,-0.13377937252123967,-0.15798624962265145,medium,0
-0.3087162957125192,2.21823395295835,0.1454272174057594,3.1278583908304,-0.30601395435740886,0.4514450777570158,0.6604202289777521,-0.7615878650362199,-0.3255224158594744,low,0
0.49453459246754505,-0.24310722237359658,0.8439514005189311,0.8638487886085084,0.7851265854600545,0.7043010952012393,0.1573537914012608,-0.3098449013640731,-0.20354065209344452,very_high,1
0.3345771179266525,-0.1952641965972515,-2.1529135157575157,-0.6630584711012644,-1.3992282592246312,-0.3185842476329653,-0.5506212625169401,-0.7348108975341908,-0.3813189660415028,high,1
0.5221251368044965,0.5716156656484546,-0.9019926494431975,1.4757095572071077,2.8652120230859626,0.5068476005932623,-0.020370134219732165,1.9025582052295598,-0.5864940750305404,high,1
0.6258293858166296,0.9859062897557778,0.5711412420380737,0.03654854849363276,-0.9846336870179554,-0.7479220113351424,-1.140734464722061,0.41709532442324604,-1.2444383042056733,low,1
-0.35632964418851687,0.11296531545658192,0.569758919704179,-0.7353482602691958,-0.03756350936619123,-0.5359563510985348,-0.13758561198618705,-0.9728278925829571,0.15974980626794844,medium,0
0.5623001012871809,-0.7912064098680076,1.0772936730156928,-1.584218975293923,-0.2658283656469923,-0.5044996423700449,-0.9049086732344185,-0.8361948507041709,-0.46560038338094717,high,0
-1.0064685511825828,0.5319089586727453,2.5031717909057107,-0.6479803144573819,-1.1229146774475707,-0.7329933549511353,0.2586894304820893,-0.75311733062058,0.6252654228985204,medium,0
0.9305695790991275,1.7046250478776592,-0.7029114380395675,1.862619805682107,0.47314545326778695,-0.10161425130540884,-0.8589115354499262,-0.6951493580768724,-1.612029863226396,low,0
-1.3258420255838008,-0.37171418587355776,0.13982135851821087,-2.1645004058453576,-1.4396081307988273,-1.0399219872150351,0.26765547263161144,0.47803781519228344,1.1828320476193872,high,0
0.30801577821397724,-0.4616061509281886,-1.8360052833568312,1.040122532027841,-0.6116051462045847,0.9947436646043559,0.5539407832636191,-0.07984915348779596,0.16206963512813663,very_high,1
-0.545666061901656,0.2852742541400955,1.2592837114361684,-0.0031432769928527726,0.5918011911450157,-0.16693802478902417,0.3305797718856816,0.4203098174852043,0.4139028981191389,high,1
0.9062086452660745,0.14791453759809675,-0.6849961501263927,1.765964848105089,-0.6892766231523877,0.9762656831429699,0.035189165746951426,-0.235164878251097,-0.685539217185449,very_high,1
2.1397260272753993,-0.8150817532475739,2.1563496317292987,-0.6922029032859709,0.5168252658244509,-0.02929820517130995,-1.8579074545067007,-0.9864404990992466,-1.9504571843405403,high,0
0.576270226453229,0.9118873690527436,0.13259767202610107,1.3709623031972238,0.20786050106708062,0.1848144413480174,-0.32882956277852043,-0.6631645901261828,-0.8676150249985053,medium,1
0.4271655106465371,0.22364048543485507,-0.9648933001863843,0.2519301855913054,1.6158724901223136,-0.03291881457997141,-0.3890418559087208,-0.9870461789363153,-0.536019797276036,medium,1
-0.9992698080515953,1.5934168915250486,-0.6417271436521294,2.056248229665565,-2.954248941242031,0.26193050098287607,1.0859678079686232,-0.015563088870293978,0.5572929741033215,medium,0
-1.8045466546027613,0.7680484037634417,-1.3121632011955178,-0.07883458158984791,0.3824333156925354,-0.468586047378976,1.1602891607373202,-0.39361158203300994,1.4581587553278232,high,1
0.27609886244217086,-0.7074282215438661,-0.01020560039093268,-1.6691248377872911,-0.48663118818926915,-0.5984352102476407,-0.7375068752427639,0.5011292760645764,-0.22703631373482916,high,0
1.611001516861875,-1.0307957150882596,-1.165441526221057,0.0940168218374931,-0.1829015674239269,0.686396847235387,-0.8181880927337132,-0.5379439663331403,-1.0926763599152332,very_high,1
-0.49283882628274994,0.8168676062108855,-0.6072614140860845,1.472359420142252,0.8900577324754597,0.40681847215599504,0.7652656977643639,-0.45389141615312834,0.35269473568112075,high,1
0.5610234011731045,0.7408844875545243,-1.487861703490623,0.7456173503751278,-0.485678744575047,-0.09866483449511636,-0.5518521808843906,-1.3401248956547858,-0.8814227924055972,medium,1
0.43039864772984043,0.3626328407006824,0.4131474759526224,-0.1384731606773998,0.9067872729323987,-0.3907711936019569,-0.6858694231127328,3.157771283044298,-0.7036226892597701,medium,1
-0.6561080240453445,2.672150221555311,1.1864155905176088,2.703540638795224,0.9156538042583441,-0.13090254349167968,0.4806188753601165,-0.7932211972070344,-0.3117072997953853,low,0
1.3918389683029564,-2.3343157184891585,0.03162197391024777,-3.327872339581618,-2.1268334877992654,-0.5847170543992791,-1.6954802329990286,-0.5076941283897106,-0.8056063592410254,very_high,0
0.5167334599448874,0.5290914621631647,0.49201428056689855,0.10229914080577579,0.3461173287977227,-0.3617353692484671,-0.7336942747783854,-2.3849055089505824,-0.843831214163574,low,0
-0.759396820563059,2.1145259298409504,-1.127263792554147,2.458552081200782,0.31047275418075143,0.12493417338923404,0.7739346405595825,0.39946937260218507,0.07709917150520118,low,0
1.3373354762855585,-1.0005168658496835,-0.9913343922342502,0.21866655552207853,0.37086779247102475,0.76794940792046,-0.5171064433422247,-0.198669133822903,-0.7918873468232066,very_high,1
0.4724019568858471,-0.47166275114988393,0.12792720237457925,-1.1390331377884229,0.49911050679894126,-0.43934704327593205,-0.7709328600253103,-1.4266492108103472,-0.4650657220184202,high,0
-1.0602143271594549,-0.03710266699725441,0.5948543733972447,-1.4459081662129103,-1.0658027113487583,-0.8352068273561062,0.21387677383928932,0.2588875157127058,0.8517967156781507,high,1
-1.6387085142709892,2.0732030024559944,-0.8216808263050224,1.4085504765849581,-0.06701004172522106,-0.4622589856983245,1.0383496792806517,0.200033787312328,0.821108578274928,low,0
0.7932169261205295,0.6751801516982066,-0.52738906163962,0.42814694062507697,0.7690316554422755,-0.27733039598810355,-0.8981686867854636,-0.29786680495686124,-1.1573960670612469,low,0
0.372985570553363,-0.5902176368281805,0.8571583884232884,-1.6763144660179814,-0.37962449667683384,-0.6967215052433124,-0.9000380611525444,0.19022322184489376,-0.4014383299361441,medium,0
0.35000104187788655,-0.4245754417441176,1.0615091571758442,0.5607826444164028,1.1850069835830157,0.6501043650475105,0.23386444425556738,-0.35166018383421516,-0.005317030735731171,very_high,1
-0.10100560000269443,-0.2691453023089911,1.1711190647375707,0.7150560480135272,1.4238989372468513,0.6737480716443652,0.6397200541629071,-0.4644017814099108,0.41723596954017844,very_high,1
0.7884695050123878,1.6949102225661388,-1.3477092303094034,-0.3309144936282511,2.2143299425565965,-1.5207224620007957,-1.9100285031641269,-1.5515374209681267,-1.9147656115377072,low,1
-1.080179570183381,0.8366931058245575,2.1168030549638535,-0.21337474995181727,0.2335950812615763,-0.6652756863263114,0.3808180200751551,-1.08318844666605,0.6150059050783099,medium,0
0.29952780070281104,0.24644908334513935,-0.6421271738316033,0.3430686942177289,1.5301856237965608,0.020389639106791264,-0.2359074577104274,-0.3146014474420489,-0.3939432569138607,high,1
-0.5219121943192263,1.209999457962542,-1.1809724836643856,0.48653233386693234,-0.03204237068048687,-0.5246678788281244,0.024940320930982862,-0.605679999935798,-0.055655825335463115,low,0
-0.6699861653458121,0.5955293206445502,-1.4108022850909592,0.4772518879442967,0.20348200345228765,-0.06914211884760861,0.5207734364254476,-1.375149392040303,0.4641166382025684,high,1
-0.8117549426998116,-0.03250214206071316,0.18007103769598148,-0.6239541313992041,2.387967705524732,-0.3198505077911254,0.42772525587640203,-0.3652808582038849,0.7559962743177088,high,0
-1.5635096631617214,1.9804568706550512,0.3188083396282559,1.2975862140000654,1.3908335481766434,-0.4731593525289315,0.9642012424228729,-0.3199072780029138,0.7722911304851828,low,1
0.32564414207419246,0.20736475108602245,0.7418222943901266,-0.04694899506194938,-0.36234755754610226,-0.2087266780097658,-0.4478593067593368,0.4939773822056448,-0.48060060060111565,medium,0
-2.2023297299649616,1.2662228110478915,2.64201191049262,0.5139402524377328,1.0256321138725824,-0.4126638915586226,1.551162900649966,0.07450959382677262,1.7131307468561132,high,0
-0.9624919334689872,0.9544926197346957,-0.4647672239117277,0.7557417564182951,0.2172079375284009,-0.12579209068802086,0.7273576343731961,2.404837542253973,0.6229279529600084,medium,0
0.015401581229760986,-0.5489520103798984,-1.5058324053306205,-1.6913811221266262,0.36926377764990465,-0.7080290411876242,-0.6039728183921899,0.9752005416847661,-0.0467669452150147,high,0
-1.580283971889918,0.8480303908980118,0.12999822580159529,-0.5959159490933024,-0.7100154428915523,-0.8840588264869061,0.6267235143372348,-0.7598021319877752,1.0626007340306736,medium,0
-0.7125772698667279,2.191122065177805,-0.8024300398648369,2.5123279154164697,0.019599616577628293,0.10035609601128283,0.714541455568169,-0.041337204809170254,-0.006965995459335459,low,0
0.708467710999203,1.4899026777360687,0.0105457117410256,0.6245975898776046,-0.23227350279947281,-0.7380072166842041,-1.1975120348609334,0.3389758936682615,-1.5074497810607805,low,1
1.4821495041467236,-0.2384163206512787,-0.03813456882464037,2.7365976356951487,-0.8033604327656939,1.8488215927240648,0.26053286960965794,0.11835020112343628,-0.868976089401256,very_high,1
0.31274776937516313,-0.40225779317526317,-0.011900823094228097,1.3613917558852127,-0.5751864496435164,1.1614902084501972,0.68828805470276,-0.6608411967525808,0.1893371721067944,very_high,1
1.642832103099633,-0.4710978737023279,1.5206400960170445,0.2690241002852882,-0.7706179501253388,0.38892537389040366,-1.0849309769391622,0.5711026285913683,-1.421011460606012,high,1
0.5150467473760414,0.44890449468130983,-0.08837328752639602,1.0822643753225727,-1.9062366200893806,0.3393571058784125,-0.15402336355240848,-0.6335895154938127,-0.5889250178962478,high,1
0.777667477946611,1.509146295978192,-0.5789842199399048,1.5704862324810072,-2.044629003801268,-0.13771898483662284,-0.7604729922712329,-1.8482585300784151,-1.3942794121053155,low,1
0.728969905997769,1.5025362903496056,-0.06477225979787651,1.8745613829707979,0.2951409793374166,0.0703280298426459,-0.5471662803313139,-0.578212098219754,-1.274494957567168,low,1
-0.1041705699917706,1.6085894104382406,-1.543450943185747,2.375416954872521,-0.26995189682516413,0.3880012620315494,0.4269117157000491,0.2450386643154059,-0.3415131661945545,medium,0
-0.3386296416224165,0.6376941869914342,-0.7267419048820193,-0.3002791364646581,0.5342078623746747,-0.6362538296044452,-0.22979231720489676,-0.8607568017018197,-0.07821561249839358,medium,1
-0.3148610295898615,2.2235389096926967,-2.49116140815146,2.146438885778669,0.579076300875503,-0.19516860571399816,0.13160971025285761,1.8115557731939131,-0.5280724798645062,low,0
-0.4559696227569535,0.19865454952696954,-0.630863510683409,-0.4238513715205763,-0.28212494313773495,-0.38649543073577897,0.07178184386809962,1.2950071499384181,0.28095546082017614,high,1
-0.7566218690162818,-0.1248442520287142,-0.6531373899299409,-1.5128187233401207,0.52252076644239,-0.8392707641207604,-0.04934839167879525,-0.6007479306385678,0.5651231361481232,high,0
-0.48736684319427553,0.6774864866391164,-1.9516029128828867,-0.14898936789886696,1.5602555295309308,-0.5542540200589579,-0.03477893381969733,1.0022361667029254,0.08899465641982225,medium,0
1.802621239792182,-1.0905230338313523,-1.031025275147307,-0.984258014797667,-0.20698458909836875,0.007987392938163343,-1.5426302170893234,-0.8729889668893527,-1.4884913217952094,high,0
-0.6521439793417299,-0.3656017965656068,0.43426364992207156,-1.680285880832918,-2.8019115694878916,-0.7812376216854484,-0.09314446910070366,1.5246385964827562,0.5606921062188251,high,0
0.09433860001064043,0.1985693284329716,-0.09534109119668262,-0.3440645559880522,1.2744402278489033,-0.37841210519552393,-0.3908554234657741,-1.236478286592349,-0.29050233326548486,medium,1
-1.3553906333337133,0.6308366708628613,-1.7047859057901145,-0.5285461097140479,-0.4290372480926655,-0.6990450260167708,0.5853795918320008,-0.39115637225284255,0.9648017766051377,medium,0
-0.8366708742726128,0.25443146913842185,1.3442845752345964,0.7351642972301531,-0.2731522465199018,0.3629342733768473,1.0160964682184266,-0.45669914469351297,0.8981722219603206,very_high,0
0.873848336232125,-1.022151876619336,0.3310389028172135,-1.9206038239565262,-0.589915396249933,-0.5810151650026915,-1.2363294445050612,-0.04991023304116202,-0.7326359874249682,high,1
0.5566470070272048,0.6369162018686357,2.6983288359370876,0.4956239397948451,-0.9026543599878197,-0.18607078553003534,-0.6214543106409444,-0.2650649968885794,-0.8677200274755605,medium,1
0.7307297055379697,0.01272694802218539,-0.38850706711885274,1.6991842753215494,0.5930540502830212,1.0455506551927674,0.24059345770882307,-1.3853605184444944,-0.4320179386320688,very_high,1
-1.550282183234857,1.193399284239322,-0.3825838427224335,-0.0861302627581545,-0.1135881136210503,-0.8051130901388323,0.6701219074336404,1.27427225873437,0.9332515333846435,low,1
-0.705371550363456,1.2234266933672704,-2.061405424022905,0.6184633344115484,-0.19856918688096045,-0.43326742303484,0.2570422858471986,1.316176081530022,0.1602017314343852,low,0
0.6533053027673532,1.013391531566109,-0.3952835480161807,-0.8341236508240737,0.6581430360025633,-1.340888771087218,-1.6536620459331108,-0.44787764493195836,-1.4728023879231673,low,1
0.8690955413707502,-0.8919094998289038,-0.9262391125885509,0.6519054634223437,1.4744973675705146,1.0100813659279946,0.08340761461695578,0.6463201631358254,-0.26466942263755017,very_high,1
-1.0371829483187116,1.5295009713602619,0.5571376184034819,1.8070187315758106,-0.8679224627511536,0.1484111546513139,1.0238342812477874,1.8338965460243755,0.5833158179049717,medium,0
0.4007458914956226,-0.37374867865039185,-0.9915270411046322,-0.39002202168276845,0.18301292831148205,-0.014335772116545404,-0.3576898856281714,-0.28815603051111766,-0.2891783985390657,high,1
0.43633597921690037,0.3886664344350796,-0.29987747449661223,1.481022800648061,0.9530094982140498,0.6511217091083344,0.16996474144108686,-0.3574150481706999,-0.38546669482937207,high,1
1.1937505895892793,-0.6041833828199848,1.2869472861164193,2.3590380876074293,0.1227289077054837,1.8922532880175669,0.538362370089182,-0.24272858931102861,-0.4235959385922816,very_high,1
0.9404615900610498,2.718980648471708,0.20849197057558072,1.7673381178092182,0.9280156591516868,-0.9072073074330156,-1.5216888702825928,0.7095994793835665,-2.2425550574399775,low,1
1.5973046380465072,-1.6000578593039487,1.7772947680304536,-1.3384714426844304,-1.9128513533478293,0.16525181831431687,-1.2431992565305583,0.8496447827066518,-1.0419891594227235,very_high,1
0.6833614834757897,1.5285385845972954,0.7704635956872266,1.6132651192906238,0.42876125888076383,-0.11628687951339228,-0.6621320038687545,-0.556717897857163,-1.2959620480001695,low,1
0.5538120238505572,0.8765917378578824,-1.0758938287242596,0.06716834875106426,-0.9358312297905655,-0.642058868689866,-0.9930674839868873,0.5308671620671488,-1.0963731337039095,low,1
1.6558650576700007,-0.2760800998360497,0.06502463118878012,1.097890364181759,0.13965167421589658,0.7883961626562808,-0.7639478110941222,-1.4791960183577666,-1.3763259229288747,high,1
2.181836021843414,-1.0341603829304469,0.26201657435847575,0.7082053972597677,0.5102522224050186,1.045477599677151,-1.0084393035276655,0.6611529286613466,-1.5719756170448773,very_high,1
-1.738153905758181,1.3208115079369964,-0.04129136178466144,0.7557405307954932,-1.125654967800585,-0.33147989950307716,1.2229603285330137,-0.7202120210067899,1.2354103736823983,medium,1
0.0865800601812704,0.9483350851872598,0.4449683153761758,0.53974016684318,1.3967601773984912,-0.3472503959252903,-0.35030464947301765,0.07758538948639096,-0.5401737874407669,low,0
0.9646488115801906,-0.4138340383938265,-0.689655504900944,1.5796319918875217,-1.8075896491814576,1.2605529854130926,0.21403478954203353,0.5432569649742733,-0.45486343781255195,very_high,1
0.7972583801450747,-0.20219386817095045,0.6280786969002486,1.3145968955032505,0.6037330161902218,0.945427008275795,0.09880459914341078,-1.4560464933464334,-0.45673377990203384,very_high,1
0.2861711299823664,-0.4372015724889437,0.32525167585434406,1.4396009410417339,0.24140911637004694,1.2404601958694172,0.7758011442439934,-1.3124886903363124,0.2548288823850985,very_high,0
-0.3364139435960287,1.0602975972351583,-0.8935950137191204,0.9058362643088107,-1.3045894438004726,-0.1552194781803103,0.17027557393158377,-0.4765514232192414,-0.07739806901329181,medium,0
-0.8799479775506417,1.7494562421384627,0.3989921575016956,1.5593440334132256,0.967794469003426,-0.1875378057684093,0.6146483232715496,-1.1530843317397823,0.23316155753220755,low,0
-0.5421654564672476,0.12860058645250222,0.405850266692899,1.9812032882889146,0.9067842666754293,1.2479882939008555,1.4946242194157984,-0.8664477699523984,0.9193031647130974,very_high,1
0.5892484729219299,0.9170039295781599,0.5704873308635735,1.2239198641329943,1.277856655030514,0.08365373190233591,-0.4234014119818585,0.7147317275176998,-0.9153757611944142,medium,1
1.0182044607787493,3.0463887723996486,-2.1357998487348056,1.5732968934588492,1.5199520059142992,-1.2802483202197346,-1.8925464751435634,-0.33346069318177196,-2.560033675711777,low,1
0.5107225486316709,0.8330682150579612,0.8507193944606469,0.7893186452182934,0.44489589500988425,-0.13344026159390185,-0.5366719989974631,-1.4089191026905246,-0.8730046912822054,low,1
-0.10608938976159865,0.12117840778289984,-0.4070158918067711,0.49041007151979005,-0.20891795737087174,0.24126755197825644,0.29108862222682064,-1.0456949708779122,0.14465964692176456,high,1
0.2083610323711993,0.42732829613280193,-0.3089600145979074,-0.19299752801793246,-0.6518885825313808,-0.45599093935257495,-0.5496765988365178,-0.779375325260117,-0.5159833441549266,medium,0
-0.9991805045644192,0.1676581782412899,-0.13111133868048266,-0.9751129046680249,1.9920944074974534,-0.6814089791248532,0.29110227129285865,2.035531456719595,0.7642567755862831,high,0
0.5094529091825958,0.005770785837462786,1.8341345643623908,1.8825424946389824,1.1772087874169148,1.1886164987507777,0.5474001614698835,0.925904176727718,-0.15288571083656893,very_high,1
0.3832256918776713,-0.2511333858866453,-0.7931346636139368,0.563146766203055,-1.1152172279709192,0.5220485366544241,0.10165011581014964,0.310539637914204,-0.14292092984671195,very_high,1
0.34230389183247534,-0.16260018304796664,-0.9652140767505479,-0.8339783693139787,1.8876251206260046,-0.4551322674784941,-0.6696437306057758,-0.9773641174837107,-0.4447708215192655,medium,0
2.0037415253861184,-1.2536366277318107,0.5465897256886387,-1.4486084692254408,0.5286348153345591,-0.19315572847171822,-1.882078147415197,-0.5963246890919207,-1.704462079991497,high,1
0.2900458610122947,0.7655143391976248,-0.43578972962363594,-0.10067815729299312,0.6872384503952884,-0.649555134431326,-0.7755286864468054,-0.8404929855066914,-0.7839489627552569,low,0
2.8753163410369815,-0.11853365840810459,0.14299063480921648,0.35935650003239217,0.3246582355025183,0.09095601112628147,-2.3782890038805906,1.0500490415534267,-2.9280493017226665,low,0
0.43396000469858453,0.33152205543570396,0.5430322792896524,1.0116185505606086,-0.4998724304108518,0.3854844686282903,-0.04805232170437155,0.9022713999434526,-0.4476469281158385,high,1
0.5021786409361972,0.4830294808285059,1.360168130828013,0.10738872122794668,-0.17464794568162792,-0.323518573717336,-0.6902176436408998,1.3459350078383152,-0.7999606500358851,medium,0
0.569455204368435,0.8146687140916625,2.505448905356894,1.096448643447339,1.0641707023410438,0.07659434974220757,-0.4134708883334576,-1.7798751082081674,-0.8604439559974115,medium,1
-0.7249503796646724,1.5203818050939657,-0.11455942747251965,1.4733540516905221,-0.28857511715410117,-0.08871869923324703,0.5615853525359821,-0.4432634648179029,0.184917659193784,medium,0
0.6208756278895563,0.7683421364733225,-0.6891117977217902,-0.7213578672356595,-0.4572185393191959,-1.0850350234645947,-1.4173460378998235,-0.27464374936629743,-1.2695317004500914,low,0
-2.879883884803792,1.6786215860989036,-1.7554378973107099,1.680614101446027,-0.9253922576429561,0.1046751386234443,2.560827820429877,-0.51590531313234,2.438348294363385,high,0
-0.45216330229751095,1.4736120476433021,-0.1650805650030461,1.591413402828509,-0.14365952989711814,0.0009405568176166479,0.40249560165369336,-0.11366668908143539,-0.05423812499407861,medium,0
-0.25111312105988326,-0.04229235688413232,0.11333446390530184,-0.3537831164623906,-0.32573889318261995,-0.18071753227352935,0.06441744798555947,-0.14114967234280568,0.21919041456062002,high,1
-0.7202768088362095,0.559421531892855,-1.5075529446334208,-0.286991533774928,1.5161161803550431,-0.539558751007385,0.17469916015907816,1.1966271208272423,0.37883161024626305,medium,0
0.42561139370578394,-0.10829458767064937,-1.1204179189363892,-0.7119864548064094,-0.993593003931448,-0.4216235249841671,-0.7124178983074011,2.5299277492519523,-0.5403386672068813,medium,0
0.30416749039937885,-0.46703163417888516,0.8174671266983724,1.3447137273368392,1.3286464115446437,1.1986539448528113,0.7255951445137809,-0.6590238266596705,0.23331999796902722,very_high,1
0.07334077999879784,-2.558398618439274,0.18217062771210168,-4.15979576077522,-0.5098939528656328,-0.859897399104493,-0.8007906204400389,0.3624498815945265,0.5617390172393701,very_high,1
0.21744795639688902,-0.5263458564056277,0.14880876167959034,0.4037003174043461,-2.5208470065727346,0.6322958013656427,0.3310859177421169,-1.2983259396689026,0.16360092210799176,very_high,1
0.07429394954380902,-1.0185895458519323,-0.0487656518431153,2.946622998597573,0.6268770635290218,2.670697609614543,2.1315291796083558,-0.9866590277241104,1.1414794754143298,very_high,1
2.0719962126490974,1.1008389923175474,0.7025333139338557,1.9973794853199505,-0.3677845265710552,0.3367581505008908,-1.476840933060791,0.8981173241223475,-2.4467615931040334,low,0
0.5960359109141357,0.8315050938813711,-1.2981039036871578,0.9072301500928865,-1.4072934434924025,-0.06188005786300949,-0.5503365422019492,2.3176367886738785,-0.9385288546189947,low,1
-0.6890426583592276,0.13312591711271454,0.003582601832783283,-1.1249033558907704,-0.5276537761783373,-0.7792601290442204,-0.05459249270077772,-1.070668371416597,0.4217202859414157,medium,0
1.7467034495553424,0.5095054913821319,0.17648418366295282,1.1967170969387209,-1.5858456403858474,0.27093417354879173,-1.2602590959425137,0.9853997114500495,-1.9173305736516362,medium,0
0.12449728405087179,-0.33145686270848934,0.12060854761357863,0.5699275091605082,0.42076656251858635,0.6060912216939149,0.39084074860528684,0.8898569517854946,0.1825791771739156,very_high,1
0.6380973324207968,0.9860711494910823,-0.6181750421001689,-0.6630216643303986,0.17394720841281136,-1.2075302580803073,-1.530835633053313,0.43100969213007667,-1.4044758223868246,low,1
0.12498372192441387,0.8330874509000206,1.0829999385168685,0.5601514785961124,1.2785751679393744,-0.2526190736061131,-0.3061492316687083,-0.023050556085466193,-0.5087769224731453,medium,0
1.4613065444903,-0.6870063139685243,0.6573210951195391,0.6906743559643845,0.05461178291007045,0.8378909968157584,-0.5616325175464987,0.4133720291303957,-1.0107711633056726,very_high,1
-1.627981575217476,0.5812883328858306,-0.8218148284213459,0.06849070050820733,-1.1370328831474874,-0.24955389768449615,1.1885925718703916,-0.2290810309217097,1.4108011844625925,high,0
-0.7789851622027077,0.15630105915423784,0.8468399454691652,-0.824638115790058,0.42124737869098017,-0.5921901005418574,0.17688701792816505,-1.0630362728537182,0.5671772298244748,high,0
0.8882278169622899,-0.7162690000636027,0.5259372802546505,-1.2248871001879404,-0.5037223368294537,-0.350055235301009,-1.0544744800789583,-0.44579531382681703,-0.7829078692772915,high,0
-3.0481773509268324,4.002411856635501,-1.4822314236773086,3.014126967991877,-0.1149509314918426,-0.7084473517285691,2.0581020215969237,-0.18354032201646558,1.5236896639824817,low,1
0.0929742250986747,0.3699418872060418,0.2006986942888783,1.3448155988012775,1.1062315588599687,0.6031774991278369,0.4229831239893337,-0.9365920062436421,-0.0359413165989527,high,0
0.6833688273556888,1.5269410955722464,-0.39828303354254857,0.7585174351144496,0.1551553428653563,-0.675322846635429,-1.1239245701335896,-0.17802329006383844,-1.4744199139954715,low,1
0.016294581863888213,-0.5535548158266191,0.4613307130354217,-1.9528612523932312,-0.1305754572951713,-0.876107300726861,-0.7436188771718917,-0.7193216868081737,-0.09987871468643665,medium,1
-0.7619925871152505,-0.6235927528337117,0.11041804694611956,-1.8866585058019198,-0.5973810610451429,-0.7188488052822026,0.04925061552483799,-0.3054994630536529,0.7873935522546369,high,0
-0.46637241124796086,0.5843804851166816,1.3098651694335341,0.10994343572259024,0.1934485749917961,-0.3180985698693755,0.14136562209200937,0.624903594654043,0.17596624207441008,medium,0
0.44619061618710104,0.1649500106023001,0.8778260312391258,2.7008552174137668,-0.14170872170182425,1.6135365168777276,0.9540789672844173,-0.7619412381350837,-0.007661925608117198,very_high,1
1.128970865166927,-0.8872241711213193,0.15226937580750002,-1.027315336038852,0.4685312569051241,-0.11482111797908146,-1.067347543959798,-0.2134326970879245,-0.8976709532004801,high,1
0.6766613449000569,0.3482366414445356,-0.8610496721655755,0.2713044210672006,-1.3450144839306688,-0.13147735302963887,-0.68186514216936,1.5328733556363119,-0.8723469233049671,medium,0
0.04531797480550703,1.3145073161777059,-0.6799058967468314,1.0093592605634838,-1.2270140772885358,-0.3041216742650136,-0.27548890058478004,0.8918776345702746,-0.6140798003158644,low,0
-0.8134323051576859,0.36865581058326774,-1.0971438697704636,-0.5131316727215555,1.0556942488831498,-0.5406669044446195,0.25114367722908437,0.07707861138149362,0.5437788735024085,medium,0
1.2164790837860657,-0.8286037103739682,-0.7554608013928819,1.279016776101781,0.7932624959550306,1.3468157404527186,0.06598993798078849,-0.6449284603222979,-0.5418308398429464,very_high,1
0.4714767038478261,0.3671021786003845,-0.5209685512310958,0.3187043987142159,0.4403539938779136,-0.09771102537510284,-0.4787823275898598,-0.2671374859417547,-0.6542240122587937,medium,1
2.2527020136002323,-1.2437554424815112,0.2316480716109227,1.956770870728183,-1.1363751667038573,2.011481238402902,-0.27323797082555384,-0.4411766907937603,-1.2617108980248446,very_high,1
0.27915903345127596,-0.6764620411227528,0.6823387820596591,-0.8078126740850189,0.6322163140318503,-0.056836918094410306,-0.29241304904857635,0.5574085568511856,-0.06785020266364232,high,1
2.6037322164410677,-0.9150693123721864,0.09600926799704997,0.7661516150090444,-0.33908829452682704,0.9623587398651824,-1.4355957198162712,-0.4597413950630392,-2.081239151465668,very_high,1
-1.0698555247924262,2.6412000209904885,1.5391423458106503,2.6266812877623384,1.3992279500711593,-0.12534026890218894,0.8377267828814549,-0.20020125430036984,0.1327441403735425,low,0
0.6882310307337008,1.1189079982580894,0.41870457829236835,0.24490735969949012,-1.18023173420037,-0.7137194876937477,-1.1642465735263945,1.1402505526712048,-1.3460778356255276,low,1
-0.027915109755623724,-0.4441080614183317,-0.972162217943325,-1.364682575874888,-0.25111783464244086,-0.5671542889086982,-0.4495218344080955,-1.7582088766554351,0.006092969852124622,high,0
-0.496683637027571,0.16012407709695267,0.599089759263809,-1.0370688307472644,1.5668547072137862,-0.756926545254256,-0.19989708430682918,0.2736601192125019,0.21856379263343045,medium,1
1.1042507504799126,-0.24433725277335466,-0.4350526002358597,0.87828642093746,-0.7084881015290911,0.6656128767783573,-0.394593920901871,0.6389568142127453,-0.8515411733378315,high,1
-3.3820647797324153,1.3645877723039557,0.7031401972360493,0.5677611523250476,-0.33257937984987496,-0.3544690621629998,2.6064077205547425,-0.8860402469783771,2.92732941555879,high,0
0.5482935027351112,0.6263806654228702,0.5935394322931908,0.9420960650718269,-0.6003386590064871,0.1149309271518828,-0.3658152491288394,-0.8381764823315314,-0.7588533523746824,medium,1
-0.2149103702001175,-0.14010755175959638,-0.07937614002031229,-1.851087242624756,1.2972975339255457,-1.0933827316496727,-0.7213958143603891,0.22732590682319032,-0.07590955747438355,medium,1
1.8400221129041952,-3.9801310719089504,-0.4957059465748997,-5.451415378656445,0.7735577062068134,-0.8080711236253484,-2.2801791175339328,1.0467127137757637,-0.7569454621491734,very_high,0
0.31683156568956217,0.6598197885452984,0.19145071595735258,0.21635408366998943,1.4336250198209464,-0.36657417437416684,-0.5657823177975752,-0.7708136306140894,-0.6835283843185616,low,0
0.5529562954352503,0.8602747217475173,-1.1419418191613115,1.6267785712618419,-0.13698957769394238,0.3921252224609432,-0.13827047419925068,-3.1385146662340397,-0.7584757242325688,medium,1
0.9282632793717966,1.023571906705802,0.3018733807210118,0.8581966564533605,2.6378817522602,-0.2613068421298183,-0.9962955441330222,-0.3578279334412669,-1.4175559564313602,low,0
0.07985756409605604,0.8160916453168994,-1.151997547579143,0.578758498205299,-0.7507296070055988,-0.22435536351772917,-0.2445044579007667,0.44231686816448523,-0.4465815258534029,medium,0
1.0155864616620125,2.5504152983707935,0.43102295801089313,-0.07928074516300154,-0.2880627983512786,-2.0001677619243305,-2.49039442616449,1.030919338366907,-2.610729252084962,low,1
-0.15015844944254786,0.25601019908541983,-1.6795027929134034,1.2116370117521085,-0.056836852206949735,0.6188316582704824,0.6420165620551876,-2.1797886613902455,0.2633909404033113,very_high,1
1.4257250452532697,0.45750339029739207,1.8197717873125976,0.800858846429042,0.7191686663554372,0.07536704093543174,-1.1486312413348747,0.9668071042505444,-1.626545220970831,medium,1
-2.7547051701097978,1.29794071131485,-0.38148941482409277,0.556434112967271,0.13249714349564554,-0.36358791186679834,2.0631229587882656,-0.8839988567464406,2.2937530851599677,high,0
-0.2056797031942046,0.6910241409346716,-1.4509129285940126,2.486743626890833,0.5772623672009194,1.1406453815289455,1.1251433872386563,0.043908301877156795,0.3330661461803825,very_high,1
0.3274148784124056,-0.03710071144870124,1.0599501697623763,1.0492434876988028,0.16663789531183854,0.6884894876770576,0.28906757590079396,-0.26813913924176325,-0.10783184979140524,very_high,0
1.464965162683096,-0.41590616432458133,-1.0236597461307144,1.0672032511110676,-0.5270661182397741,0.8859721414465619,-0.5220743005273367,-0.035420140691509526,-1.0960015629847206,very_high,1
0.8338062683171349,-0.46011374051893306,1.6038660672678657,0.5035414333435693,1.1116314741410516,0.5996752409364824,-0.22077710501349934,-0.6560347582406549,-0.5134765584616008,very_high,1
-0.5167481606007126,0.6898756372714762,-0.2592218130040925,-0.18630068043312092,-0.21673178915646166,-0.5854112062869284,-0.03532271129440448,0.12352920184109302,0.105243282996497,medium,1
3.0189579245138396,-1.7259989453448994,0.8179920992573367,0.39561006570411317,0.06820678260283634,1.2795735911508919,-1.536548412805547,0.24245018063581938,-2.1232310774126546,very_high,1
-1.0886690434178492,1.1400107761099774,-1.2295262512173861,0.12434203727559812,-1.2628647537281779,-0.6652330042406758,0.3914082568077186,0.15551160376356082,0.5155598893971255,low,0
0.3906656633905631,0.07525226644083326,-0.9875229624269947,0.2584819019290263,-0.5552730880131715,0.08290848740815514,-0.2638614359624169,-0.11315849445608397,-0.4078620097193895,high,1
-0.5231930546158109,0.1147331887478234,-0.6286702470308604,-0.9149133701054104,-0.4665740712027766,-0.6415137835238474,-0.08245343425046123,1.3528005348967251,0.2993861856701321,medium,0
0.7921632572130721,-1.6157424640308748,-1.4921020171453638,-2.615548305460945,0.2750022982918108,-0.5954973637583557,-1.1851167249966705,-1.4089607467920393,-0.4400871431561486,high,0
-0.4000838438005818,0.6251058881482693,0.8467711090082444,1.3314093682771646,-0.6465284794765146,0.4473168411330693,0.7175187345766734,0.7875433243268652,0.33738117636835874,high,1
-1.7978237034910085,1.5492356636839797,-0.29505618980564213,0.36321081886687556,0.5755619258303651,-0.7511155068522226,0.9297214687185422,0.9954151904494745,1.0817059521102215,low,0
1.172279674597835,-1.2191013032826576,0.9442148402518143,-0.08777425050752441,0.537179814541736,0.740355156226286,-0.40152578384291765,-0.40602915441271537,-0.5504818171112205,very_high,1
-1.2796075903872173,0.768438446331367,-1.332449780998205,-0.40556695963933154,-0.5198341457252261,-0.7252436618380824,0.5006139364406729,1.6218737477850513,0.8282178599197864,medium,0
0.668622140942652,1.126373847127902,-1.0525471918701104,0.9494171471173445,-1.572989257072861,-0.2558677405637843,-0.7692523981346111,-0.6608342358101458,-1.1816697484071952,low,1
0.6558173084261347,1.3179921388834874,1.515413815348209,0.59388931374484,-0.2885329006817962,-0.6280862953620219,-1.0636939197223771,-1.327798673479431,-1.3559353761017756,low,1
1.5534820195643375,0.4614823386798671,1.25451870238119,1.070615037030278,0.731898069234381,0.2389762987187893,-1.1223985636231568,1.179942130038464,-1.708848319581528,medium,0
0.7984893316297851,1.716896739101533,0.23782954075833587,2.357366059392056,0.5846229524867408,0.22428882763268776,-0.47693795213914836,0.003060116738572855,-1.3742628764073286,low,1
-1.1264980499293586,0.7748109841286834,-0.11765493160216407,-0.01193345199683049,-0.6290378612036109,-0.4842361102227155,0.5691833288484177,0.6989530717174212,0.7433977619155808,medium,0
-0.5349858227038194,1.0677082285667243,-1.464974746104889,0.9439957694185049,1.1711676327061467,-0.119658179548786,0.36907637070873345,-1.332448347894566,0.13849185961887053,medium,0
-0.0010238285710674755,-0.08997513927074074,-0.9809467270133695,-0.8297351859441315,-1.7759822469618927,-0.47788114713840935,-0.39484442689606153,-0.37146202108768545,-0.11983388668438404,medium,0
-1.641677537447903,1.337957610862499,0.10311758244563701,0.21530189587631132,-0.17426703446692562,-0.7059948461542929,0.8315180668328929,-0.8797173613845565,1.008712815152831,low,0
1.2196995846789955,-0.16836100184911654,-0.49154441380690456,-0.3797783720580705,0.18087111148243243,-0.22381740982749074,-1.2268980980297646,-1.4942635290662387,-1.2839309797630483,medium,0
0.39034128419149694,0.01600779256113621,0.27798244021892227,2.4332722131228204,1.2718995454239435,1.551657088709377,0.9489675467195452,0.47139126276499077,0.08397169887876875,very_high,1
0.3387668854637258,-0.14254165230252785,-1.7794389254234309,0.13812703941890592,-0.9057972133711476,0.16759371206770504,-0.15203070314221623,0.830498133985952,-0.2488278270511851,high,1
2.294806846351108,0.050609895992459304,1.3954340821991853,-0.16755848460392297,2.369287300811497,-0.3314711603513104,-2.2302996844668503,0.7244910603817276,-2.5181429048672657,low,0
-1.058097648582585,1.7944649034911044,0.7152365838912327,1.257369927142604,0.6399029571520845,-0.4040600180266507,0.5882202937282084,-0.5329937194259537,0.33359585757564775,low,0
0.6640594676042815,1.137168922360838,1.3427218613511855,1.0386094875702025,0.38082641834525377,-0.20494402460346223,-0.7231798262760619,0.2674753888980612,-1.16445761234866,low,1
0.9406422277916389,-0.9576434097857203,1.1896426454852358,-1.6352635411851708,0.13734132456510456,-0.44658576031619013,-1.1815475911887696,0.3915511752600938,-0.7823025307779151,high,0
0.04354638842890146,0.8662413962058002,0.3140226024861145,0.602531356009363,0.12147857932905783,-0.24255512342563018,-0.22802267783994176,0.233285041087872,-0.43243880696649084,medium,0
2.194115009205798,-1.2148753735927686,1.2962567097480018,0.7819378697528221,0.18609302087593527,1.2250693295173853,-0.8725416945543566,0.913711652342591,-1.4627401303562235,very_high,1
0.06600030019578373,1.2704032883482421,0.6312243569717831,1.1015569917002894,0.04456961088927163,-0.21308160375018564,-0.21840926204777333,-1.098679373434385,-0.5907518586783145,low,0
-0.4712439275167524,1.395306804059329,2.054092441435975,0.9565969267529797,0.5557421780428925,-0.35627810522033343,0.1228462145687049,-0.38479202360407067,-0.12076280572713284,low,0
-0.8810233021257954,1.1291608495456469,1.5142807357204837,0.3241367368868594,-0.11965890247315014,-0.5430512775626719,0.3151286985483352,0.8083595496657083,0.34194658562216385,low,0
0.6397652799583721,1.1179750303281601,0.49199348683649613,0.7177524758352278,1.101737861786209,-0.39923342522234156,-0.8631558867635165,0.8444558720716657,-1.1944774175650388,low,1
-1.2054287250254856,0.8882528414779175,0.22084177029035232,0.7487386825374334,-0.033068001361767865,-0.06236084048099895,0.9862095668662921,1.323340922489938,0.9203246223452579,high,1
-1.222635001387823,1.0129435369082653,0.4762403533876659,0.4204041325414908,0.09205513731199198,-0.36742222503863003,0.7502626588306524,0.43712677973105185,0.7960564385229129,medium,0
-0.30853177521100245,1.2070815740963432,1.5360611817095284,1.2480689739540587,0.6869566320986773,-0.04058496711024467,0.24279051476852012,1.953107198272574,-0.12219206012162491,medium,0
0.7040468284562001,-0.3564391305573515,-0.44859687310912016,0.4396201381879115,0.5224452109266943,0.49234642489611935,-0.19763732081748822,1.0925378336083031,-0.4495052323174604,very_high,1
-1.1527731188880588,0.6610062833858317,-1.6880343251976782,-0.440433057472166,-1.5341246934488515,-0.6796751834044575,0.4289129474897818,-0.17613419771077837,0.748862093345821,medium,0
-0.13638592475844835,1.3160922879562738,0.8085710068901167,0.8219618472119059,0.25062823210330204,-0.4134846710857369,-0.21084590376499057,0.4610780322964351,-0.460115296623942,low,0
-0.12644796937236835,0.12840223455488275,-0.5002610165866755,-1.8203505019070199,-1.059211708372902,-1.2768615355392414,-0.9454588184648604,0.001783041104608902,-0.3228341837921733,low,0
1.320599118573484,-1.43489649636716,-0.6633383235123018,1.0137286317676555,-0.8121694717263299,1.60827997678405,0.18654001639397974,-0.9659709246115364,-0.35020965963379014,very_high,1
2.721407841883696,-1.189245066438067,0.3476735422449994,1.600824100924858,-0.26867787752495675,1.7005927036142627,-0.9291601806018526,0.563673654270156,-1.8696827598740458,very_high,1
0.921532592980338,2.3381817513769647,1.9126881343567956,1.5958310617148104,-0.032481035842094615,-0.7394056813570711,-1.3711019801049042,-0.32175270399020833,-2.0330885486910533,low,1
1.6388688847675756,-0.5300197487929416,0.01188043451779194,-0.9496603435481366,1.9836336524360194,-0.3663640686302468,-1.7060710518828623,2.4523699128687237,-1.6377029828335328,medium,0
0.7423467313366463,1.6633596358206566,3.377382919082646,1.1860207295328595,-0.3998267342865265,-0.49971744630437553,-1.0276794300030578,0.01999548620641927,-1.5284263999985734,low,1
0.9423201630702924,-0.026725770549641644,0.2183387504421607,-0.22397245415906508,1.4140291355619874,-0.2030416640086937,-0.9716347863203043,1.0618166459897318,-1.0384965866392724,medium,0
-0.6537969757871707,-0.6211503275509812,-0.24402835217113436,-2.2342868116688726,-0.9104867035315213,-0.9571772285852236,-0.23985541687794337,1.0371814056490503,0.5973324704254946,high,0
-1.860704627629198,1.2541065130550109,1.431152117761741,1.7862895466488706,0.10353815394917538,0.4026220180197523,1.9331197965426599,1.5941779562040121,1.6221570423270564,high,0
1.688138160438675,-0.6269777190983888,-0.6270508454473506,-0.4258914195622846,-1.1013266287697099,0.04391022229625423,-1.410258153040112,-2.382762352073065,-1.5230936577549579,high,1
1.4185189286332789,-0.7938230508102648,-1.4036162110718102,0.47845669372113786,2.448586988174057,0.7804181506192895,-0.5737829441108999,-1.1275909512087632,-0.9463954437997231,very_high,0
0.3891099179961987,-0.11611914364427818,1.4469441463869799,-0.592719108895795,-0.10198665459367798,-0.33479246261888884,-0.60965101145818,-0.7554988831339492,-0.471660465580913,medium,1
-0.065857571615353,-0.09543984837612156,-1.4500163561675328,1.4906853450878759,0.26264198787169046,1.0521453231773676,0.9242032073003807,-2.707565693672108,0.4397135592807276,very_high,1
1.3005104303410397,-0.842589269404297,-1.431114142771255,0.5331827052793411,-0.6650318903039252,0.8614686221701547,-0.4067276081336333,1.302928421945811,-0.7799205341015016,very_high,1
0.6480783867095987,1.0379819182058299,-1.0237559477078506,-0.8276412410760581,0.15165727214501756,-1.3542159883865215,-1.6599440856864192,0.9443852228353897,-1.4803988185732424,low,1
0.02546941152666221,-0.0032154674797160196,0.22442003838225033,-0.0580533592141067,-2.153588112944552,-0.037744128732852766,-0.052932934083031395,-0.1513974919414092,-0.03750805585563953,high,0
1.233774168009202,-0.7816164105621455,-0.06660102702197371,1.8879529318061201,-1.1290644218323018,1.7101358249191538,0.3518596212458214,-0.17281335189340633,-0.46030588323725075,very_high,1
-0.3991881418643979,0.8415286676079459,1.378142680497613,0.17100577533979788,0.7331793174225577,-0.47167516332979414,-0.039975661923738956,1.0219631550600035,-0.035128336616858054,medium,0
1.105727767277366,-0.8343888786350178,-0.2686216239380641,0.28876137210845554,0.3886472460333105,0.7109426776094594,-0.36485946718041096,-0.47935394265608433,-0.6278564216959699,very_high,1
-1.3976178876460734,1.6086254400722908,1.1329263873010347,0.651030021247919,-1.66871386234613,-0.6381378911059656,0.6823880237325016,1.2227117928319309,0.6791853588274909,low,0
0.6254692184308744,0.9598013224695582,-0.7067067683730057,0.1726191764246775,-0.6292206728473624,-0.6396071475460117,-1.0512435392737598,0.7890752013999099,-1.2000546208013434,low,0
0.6111854641690453,-1.664500051511013,-1.314878664404412,-2.961694517136265,-0.4351387479620344,-0.7721204045088671,-1.1772005799772474,1.6772005099660963,-0.2904413533069785,high,0
0.42597985868045757,0.16682670480802764,-0.4012092065446777,-0.16333466490920967,1.163000969705304,-0.26341061780358815,-0.5790399814197582,-0.09390356871304721,-0.5883051623484283,medium,0
-0.5292531642626134,0.42293056860333145,-1.2502160258948012,-0.6526334871715341,1.1064617708120716,-0.6946793223304334,-0.11783215287707073,-0.5019919601812046,0.1786243928204983,medium,0
0.5433200091775601,0.5479980951113087,0.980004236133894,0.39010759725243604,-0.20260577291807386,-0.1890802910923908,-0.6135464720876526,-1.1557075749169152,-0.8230281811649801,medium,1
0.5843484809533648,0.9657324643873584,1.2304600477599754,1.4382367912691238,0.018252460856112946,0.18885030975316597,-0.3317967062874521,-2.354482922696602,-0.8939780563381782,medium,1
-1.3118052763626775,1.4367839101174604,1.782905600065144,1.1294314848448699,0.4685401615460691,-0.2057344204309976,0.964496570028046,-1.1772264174512104,0.7895006318860633,medium,0
0.6417064879653236,1.2534750777599575,-1.2689825772544985,1.1392886177318737,-1.756868699401502,-0.22227819500461865,-0.717163842423334,-1.9320651585199595,-1.1882234631609176,low,1
0.316747133067966,-0.538800741960339,0.06573766004728737,-0.6160155171628199,0.312865651490911,-0.034902830279328376,-0.30484661359294696,0.685619374218483,-0.1491971497438884,high,1
0.282792251455363,-0.45862058963586017,0.5092953236420079,1.0350126612418697,-1.135635904757829,0.991238875550566,0.5725895245010714,1.2746838496794863,0.18619410225509156,very_high,1
0.015696695909291736,-0.40053030020479485,1.027959002257798,0.7117760672802284,-0.23731223419521827,0.7583630383056356,0.6086509500839226,-2.3254201541396804,0.36950754173296524,very_high,1
-2.325202077670301,0.4525249344430897,0.28092849694782634,0.49458337859624246,1.366214785205788,0.18003378598918013,2.1366314744913897,0.3162737802597137,2.3216847434830012,very_high,1
-0.05016239604395756,-0.13015289410598418,0.5546387081318072,2.5769765691191693,1.3079641925493437,1.7882460729216503,1.5184646630878116,-1.331913110391086,0.6714589566437362,very_high,1
-1.2707305492849317,1.0503252498252558,0.2691809202551599,0.34875246757409667,-0.8800119816907639,-0.43787129573563166,0.7334964197044164,-0.26003625018044474,0.8103201727691185,medium,0
0.4683265750423694,-0.796603501854896,-1.391983286797076,-1.6479113670761711,-0.9985703864824396,-0.5347339740239725,-0.8497990978954684,-0.7511672196238788,-0.375322667760475,high,1
0.12874571287160108,0.9247139791943424,-0.24672442411444054,0.7942615711549923,-0.4836586374375685,-0.16654144223064832,-0.237255216169809,0.03855516878431771,-0.5178568306650354,medium,0
0.328165078020497,-0.6704974400863293,0.8852563208659603,-1.41647274106194,-0.33348628096969524,-0.4640623858711272,-0.670513117865908,-0.013973228476073308,-0.2515091017691837,high,1
-0.30271987354786745,1.2472562363969049,1.1951774115114164,0.7140307091484854,-0.16206210203682392,-0.4204645463303713,-0.0755109325546423,1.295207072669644,-0.26425073755763184,low,0
-0.20786977178228422,0.8264227488673012,-0.14713950481410695,0.24561869113601098,1.3592975993648058,-0.4271097607573958,-0.16648924088217204,0.3865862299051922,-0.2150443953276874,medium,1
-0.8175343680490785,1.7893146535430686,-1.7257711248125733,1.5732813896216737,0.032143146964560894,-0.21259442067050835,0.5411594429433458,-0.754866196571921,0.14579473433551146,low,1
-0.7484174118367464,1.0193114688890814,1.2914688890653634,0.32848205702981914,1.0304387856367914,-0.47047878348346284,0.2607848816382232,0.2725179902295931,0.2660808464575924,medium,0
1.7132600338953718,-0.9551295502082606,1.3055827158105235,-0.0316817431264792,-0.07875288624464047,0.5404112481286281,-1.025154566345628,-0.12430093887849918,-1.2731213372950954,very_high,1
0.265309855199204,-0.7586968562384965,-0.20470723352228773,1.134897529587068,0.6927757697082377,1.2777189845575183,0.820854471314781,-0.8644303136735378,0.40332972359536723,very_high,1
0.7785982150918507,-1.0614447484013316,0.6184072157441348,-0.21283173747499684,-0.5212548068561296,0.5746833395867449,-0.20091019968085522,0.018999082259871004,-0.24914971870738198,very_high,0
1.8171249971386487,-0.6343076869884369,-0.6514425498636812,-0.7340548811604377,1.0331898643631479,-0.16307357737106856,-1.6913111914793464,-1.0010095444828142,-1.7213166869556171,medium,0
0.04668492831659088,1.0310258112022301,-0.36702261472164177,0.7896078217586193,0.5052613431742017,-0.24079343941823234,-0.22744316657339378,-0.1482228888431208,-0.4939938645507902,low,0
-0.15644540270974283,-0.4338435271080088,-1.869731661954991,-1.530111465376217,-0.2717300398697084,-0.6727488694600712,-0.42701868621577344,1.4985463606698537,0.10269448989805925,high,0
0.9268674087627018,-0.7740581025609758,0.8254145978230849,0.23559867673715007,0.5484632735405707,0.646336082677518,-0.26503025626219284,1.0033658927291456,-0.4835042233519767,very_high,1
0.5088942074082918,-0.5709439858885162,-0.9345938948984711,-1.4356563264953404,0.021222650834258405,-0.5640323232535539,-0.9061303839428294,0.03277363755578143,-0.5076085335831267,high,0
1.2084809966222145,-0.9907528212006741,1.0692837063951832,-1.0369100455028994,-0.6005066354139633,-0.05173926453717926,-1.0841805720476068,0.27361458116570514,-0.9234440112529193,high,1
-0.3448245963821238,1.704903890973445,-2.1098382406256415,1.0194079587584421,-0.8905688105910143,-0.551858362081669,-0.1431340388833944,-0.8596135138784541,-0.4258314555589443,low,0
-1.3528110211079547,1.0331721666202232,-0.10609063534142033,0.5616751114266866,0.9573048225935312,-0.27916444673348734,0.9344020418770664,-0.5289467627246989,0.952894096373586,medium,0
-0.04634442937757355,-0.3727672617652782,-0.18643641582155404,0.5491591989895315,0.4330639467413191,0.6364563353793441,0.5611681618771569,-1.1130641011871776,0.3852757128410642,very_high,1
-1.950173921801582,1.2564271869495016,0.6817434088151417,1.2945248099162543,0.20335945999876773,0.08581708660523243,1.7477624784149102,-0.7871740699869963,1.6132111366005126,high,0
0.804494761408233,-0.20002004433009932,1.6049345017539018,0.5846821419333819,-1.184951941226075,0.46486538424147245,-0.30429128120465415,-1.1429425463832155,-0.6189497430914467,high,1
-1.1032177013554432,0.3117679347720938,-0.08187417719083905,1.860184492433746,-0.5902219663056348,1.0797583107301865,1.836142509459404,-3.321114555589139,1.3853058126041458,very_high,1
0.5649532184520307,0.7339515798511338,0.1664931271151245,0.6676797366467023,0.3726481864800551,-0.14498775381806536,-0.5935425307406468,-1.615846470966832,-0.8978806144720877,low,1
0.7197756865750631,1.5632231722409962,0.9080226625361912,-0.05256100745571657,1.6389605275998331,-1.236388046318138,-1.6180215040388766,-0.024286495670025846,-1.7050261903858523,low,1
0.32943771137161104,0.4396822911347858,0.7145497614635058,1.9995339749503844,-0.49736953314026283,0.9622198817754711,0.5186571087341347,0.574386351133876,-0.1925460016438553,very_high,1
1.0826467424442423,-0.22854312042273528,1.2160065389114765,1.829485457354767,0.46852360281883604,1.2792110883645789,0.1308407601783904,-0.5373625893133998,-0.6381510023751263,very_high,1
-1.0350951731872078,0.706029808783276,1.667256841749534,1.2488719393151804,0.29722722158508635,0.38508375205622064,1.2085477041269208,-0.19547264358597383,0.9509922903776873,high,0
-0.396621825861044,0.08619800196638407,1.4436703191662383,-1.4702195496305557,1.3465716626102961,-0.994762516928517,-0.4824943300683386,1.3534536476212031,0.06441698435078577,medium,0
2.1211553891156516,-1.0055966097227442,-2.013824756281078,0.29419268746653116,0.42262861719256595,0.758109760093046,-1.1937460129206083,0.5085353176271308,-1.6108984385216099,very_high,1
1.2769021262821045,-0.31146354970261225,-1.2977283756812326,0.5411442415169723,-1.410467416412775,0.47988511364480857,-0.6959807426324317,-0.6893290680800719,-1.067154343953643,high,1
0.9865556289674058,-0.3289056953263914,0.3805203053163029,1.0911235042426424,-0.7974854973437886,0.8764662789072513,-0.12097871266521383,-0.069851868183643,-0.6310411443398506,very_high,1
0.41663993588210474,0.21247780545822792,0.08551332963959903,1.5055913596492814,0.7230379395798638,0.7977510085271409,0.30595345885758557,-0.9878659101397719,-0.255047107476541,very_high,1
-0.6178751434657805,0.04435627467446274,-2.9086607444805037,-1.4521675673566434,1.3163448375195195,-0.9345100561947944,-0.24449353320169626,-0.28368622092717277,0.3294630633847967,medium,1
-0.3868426583366559,-0.21870834603604766,-0.8837191406910628,-0.41918821575194765,1.8921917608330678,-0.08355613180403251,0.25849829488284376,0.2576008573981294,0.45489516904185145,high,0
-1.645695671913757,1.1126383734314764,0.45721306369251385,0.6262082828148625,-1.5681443134200506,-0.27146380598716513,1.1914088954526096,0.440059929023145,1.2325171370742796,high,1
-0.23138186800541655,-0.21914219908245233,0.25893042822568985,-1.2326501897903066,-0.09621226204057896,-0.6288909354635659,-0.32453789962913576,-0.04060623167853,0.11824161715459461,high,0
0.5031137220604094,-0.10168307334946171,0.8509826785067651,-0.3480512305144978,-0.16065328636607445,-0.19417271793323013,-0.5905646323913226,-0.20316852898467888,-0.5507126080831656,high,1
-0.15297291272381597,0.43589763153247296,-0.4352481970051683,-0.1899386196660282,0.583837081539059,-0.4311886801072543,-0.2209436424858833,1.0440251294423797,-0.13416059769160868,medium,0
-2.0045427300654985,0.7013376763346353,-1.9911401489546665,-0.8231140115225356,0.49982163597380935,-0.8914780485313913,0.9808078202102358,2.572752389244474,1.55519241548818,medium,0
0.0009830625847353502,0.5704963644125784,-0.591018455733432,0.9181387278442906,1.455434483915325,0.18415817855918515,0.1575130012163058,0.3735336834117687,-0.1457786547537826,high,0
-0.39491178899666823,0.8971393176098463,-1.2590649114481933,0.3858244117820432,-1.0674339329604994,-0.3719246183472725,0.0393800260790301,-0.0022381164741810933,-0.027504931848081185,medium,0
0.5747654649287788,0.9602751991635621,1.5741467860324088,1.727674160860914,-0.11717200497437547,0.38331333292629155,-0.16305552907658574,0.3959142209580454,-0.8197592304172567,medium,1
0.6232665853617285,1.4122248412131155,-0.24897365528067522,1.5450808754679162,-0.795988910008754,-0.07101707314981526,-0.5747598727332233,-0.31267716965327597,-1.177238719465874,low,0
0.45218143080383955,0.3634476215632137,0.23817130613962828,0.6467456371806803,1.889278795503996,0.12151514115864555,-0.28128406839702763,-0.07285768884105508,-0.5625872703608865,high,0
-0.6263712054067158,0.7053459630877552,0.4185145591570548,-0.009470232872798967,-0.1435815887121344,-0.4720187611094637,0.15199816849995537,1.3576196330501393,0.2503883640429467,medium,0
1.4525518246410014,-1.2307880542502567,0.4189116113727865,1.429566401113549,0.6089844464924351,1.7208306249297824,0.1692068553695942,0.8730660663320997,-0.5247072216872772,very_high,1
0.09572479685112323,-0.04642931364317428,-0.40615141657380355,0.8669924478617863,-1.4511039864667385,0.5945077909408418,0.4089255513061838,-0.5225209294096369,0.10710065112517007,very_high,1
-3.0653075652358783,3.031852798902705,0.8949300615655605,1.5618555567103223,0.040307699330247825,-0.9485956681502213,1.863738911081957,-0.03287448515243416,1.8112469300860063,low,0
0.44215521466630203,0.8129964020266877,-0.03658003987684579,1.0736062823240557,0.3014070697811174,0.0730883806444376,-0.3078212944672315,0.24180207155574857,-0.7281712438397361,medium,0
-1.3036850547401193,1.3741988912484726,-0.6124228909008682,0.37202734143948235,-0.9779388355526387,-0.6569904629937994,0.5841458556880095,0.02310434600073103,0.6588728263240645,low,0
-0.4564031152979891,1.206824702167481,1.992036635959309,0.9696398845699927,-0.5436068960930526,-0.21098427349166,0.22814378430219795,-0.0023689161328080566,-0.02240938106508434,medium,0
0.4197946335589571,1.1575859449195347,0.09743411029730303,2.1021802954163338,1.0522111559570586,0.4968325672642884,0.06503088527176758,1.1799885296897865,-0.6922029969607938,medium,0
-0.30474024351068807,0.397837286714383,0.2472714521087559,-0.42243567727271714,-1.8429369062476757,-0.5435043347361339,-0.1847033276975254,1.0525473107347487,0.001786289569497212,medium,0
2.7006860869741116,-1.4170711132368394,-1.3135277983539944,0.7879932898326958,0.18146106348063867,1.33626067204076,-1.2149198220504136,-0.09427271723096599,-1.8833789347475993,very_high,1
0.9193621436664916,-1.262295153727257,1.029604361419693,-1.8990561835598152,-0.4046958568633263,-0.3948070554749843,-1.1239594262664914,-0.20068521837532977,-0.6347299518342383,high,1
1.727521145661838,-0.9977411293099343,1.451926632314722,2.6856670697853144,-1.4839790594674176,2.351408448046448,0.45811790378074446,0.22352376254153686,-0.6928441249788725,very_high,1
0.21922062427118016,-0.9452120504484677,0.5921139002849184,-0.31018328863499167,1.4201849387819487,0.47081589731856205,0.1916124263549562,-1.3496496702201406,0.2596194324225518,very_high,1
0.3579149432461318,-0.16393370714059446,-0.16007448660830478,1.075810053571355,1.6629314471898375,0.7962694870904671,0.35069764044871027,0.06578864864896251,-0.0598422323815872,very_high,1
-0.5177828408806933,-0.08642440706983999,-1.2814909728688244,-0.4915309648455638,0.2257880340855212,-0.21724695256220797,0.2611824557129778,-0.8043615017626171,0.5014398092267098,high,1
-1.7526681376416706,0.7580111574512428,1.336657357758983,0.9912155485743337,-1.33656850031492,0.23590051418417007,1.6978488553349855,-0.8954279609250417,1.6332223440408387,very_high,0
-1.7752896328130314,1.7410043841774807,-1.027923765010739,1.455557334577257,2.935406206388468,-0.17734543548326756,1.3865392026596721,0.3319184477078873,1.1734562986463517,medium,1
0.3715492041437103,-0.2489535372980037,0.883606785994169,-1.0151114262634915,-0.6489985204731576,-0.5130031047324811,-0.743330294945875,0.2651639227465874,-0.4629742235378487,medium,1
0.46669497929741705,0.7218875598306802,0.10163005353342468,1.2163347288214257,-0.019318304271835673,0.2313362818724851,-0.19903078905475022,-1.8132934720171585,-0.6705597273159685,medium,1
-1.0424754969018641,0.1224915493313416,0.15875605093754283,-0.5289967797753528,-0.4697644643371368,-0.35248506056825213,0.5992256040462115,2.14300705458491,0.9308825522209466,high,0
0.8073362925974896,2.0419923904516564,-1.7447603876053015,0.3866107453722236,-1.015995431168029,-1.3059815807183364,-1.7449472093121772,-0.4949645508907007,-1.9896248705966368,low,1
1.2492120707827032,-0.45056022478459834,2.602479874874313,1.1555795182592234,0.6632733812644779,0.9866126417585638,-0.2553247533033342,-0.748811671023577,-0.8263265089893673,very_high,1
0.5524847780374664,-0.9518359946037789,-2.072135116096487,-1.9387669927002664,0.9765065890631646,-0.6185262867890271,-0.9924805775347816,0.15734656767307767,-0.434514594176192,high,0
-1.6832056578637649,0.6478722072649031,-0.7184839851611164,0.1890201088303305,-0.49920199827593026,-0.21484477477031885,1.2650864697874014,1.8701386928213053,1.4557480662094502,high,1
0.4020418234698723,-0.43526767736205507,0.7531899497325488,-0.9547375088539696,-1.6102631187918002,-0.33953417997058033,-0.6280843020803505,-0.8455521763546138,-0.37270027547775336,high,0
-0.6901771395418876,0.2931649960881961,0.4479307327729469,0.6716782645295027,-0.421130234801084,0.281193211947187,0.8240683029041362,-1.8897034836215454,0.7053433228677392,very_high,0
0.8000984887680643,1.6058374639587527,1.6833145759275296,-0.6567127967691033,0.8259235830306532,-1.66999999619046,-2.044224022123692,-1.7151799707034205,-1.9428919659607202,low,1
0.03448635850955173,1.1549253801984072,-0.7907709190853537,1.4868186375655073,-0.07310730200893852,0.12646715211171264,0.08767474056204391,0.4512260161360988,-0.4079051588356422,medium,0
0.9180929966564311,-0.7383042523030547,0.9068341463729263,1.1557543203731337,-0.04233189566021276,1.2239488412073691,0.21995693085446685,0.4838411250264615,-0.30214912170160646,very_high,1
1.8023903435876605,-0.217361175242489,-1.6076413105231968,-0.09164448447622475,0.6992124386719866,-0.045989771887355035,-1.577476039792897,-0.4839843396005531,-1.8173448501467189,medium,0
0.40462016807870405,-0.11397619323249322,1.0734127024104452,-0.8694841582871204,0.7654021560133495,-0.5190012841567625,-0.7750132035541387,0.8011817639881827,-0.547595263137996,medium,1
-0.9622041818573508,0.2991936957584935,-2.2690772729524014,-0.5387629402992209,-1.2428715860631347,-0.49466183552418685,0.4152605902217995,0.6325827996421973,0.7385138251599656,high,0
0.30617328372084485,-0.4146095089286407,1.587400602415537,-1.1659175065148288,-0.30209704102460566,-0.48534829686838665,-0.6665438264791911,-0.21245170271305602,-0.32676236105870243,high,0
0.5001883456127313,0.3384498234937511,-0.7542981326071427,-0.11914347850832596,1.8690665036782608,-0.3660187683217195,-0.7252059631099259,0.669085210267524,-0.7598643586464997,medium,1
1.4374198922837849,1.2840371402371271,-2.350455852624361,2.7014488802067955,-0.906902874722061,0.7151861009350522,-0.6210751126720484,-0.9489528277686782,-1.729013423533199,medium,0
1.9963971673676637,-1.5990784555092343,1.3698682233619108,1.2303490410293905,0.6259320959729026,1.8160420952063483,-0.2199742599318336,0.18700772147472028,-0.930034467091863,very_high,1
-0.3167338968118909,-0.5009142625333902,-2.9733061712925575,-1.8167049844665528,0.13349941906137147,-0.798602949921411,-0.395011284954784,0.34961533102838527,0.2535548710172527,high,1
0.5162787329232373,0.7772413272682761,0.9057176004973654,0.8086104966483472,-0.034564239843803336,-0.08038677345778907,-0.49819788852603575,-0.11955875662639608,-0.8418754983673776,medium,1
0.449030485701286,0.02885453022888855,-0.3860025756494393,0.43800692522574763,0.9262574910843923,0.22983028361845728,-0.19278439138060655,-1.5198927996189848,-0.40512996648842586,high,1
-1.311215241892313,1.052902860814391,-0.07749429989298792,1.2751241039096515,-0.5784597288763313,0.17064630388348925,1.2706918276571817,0.5374787046064285,1.0464992074110977,high,0
1.0470328989554458,-0.466542737072764,-0.47553444673535483,-0.7880715006195307,-1.0523294696031953,-0.2593009814449551,-1.112213312868482,-0.27362761039326816,-1.0086877664287113,high,0
2.05309050852739,-0.9897922590554948,0.6223791184731187,0.08554587038665423,-0.7586652015427723,0.6152713634758487,-1.2535120982411478,0.749698021444869,-1.5912788261001576,very_high,1
1.056040757647871,-0.32579747529021275,-1.2425008369193873,-0.6204803714501472,0.2452917426369353,-0.2531893387739032,-1.1133088886300244,-0.7308131256087531,-1.066388186710918,medium,0
2.0386597080072626,1.3902545829836752,-2.1200872151201744,1.3582767196395658,-0.43145564455988483,-0.29123691081171144,-1.9639775618353676,-1.0757366484416113,-2.716440104054777,low,0
-0.41201705078184825,-0.4192597559601816,0.9948686937879384,0.2681588366065536,-1.315438265887262,0.5157308699137485,0.7727922079999959,0.32005819149324455,0.7446848098026793,very_high,1
-0.9400733679466982,-0.038828277096066136,1.0574272871141361,0.07118636489100677,0.9165676137777012,0.1506996874815131,0.925767274973362,1.5803397708229694,1.042800809111988,very_high,1
-1.0112539916701588,0.14784511786584775,0.9671781224389495,-0.5760871114596564,0.9687698956813533,-0.4044147897143786,0.5299819743375708,0.07333674477813668,0.8726291871871654,high,0
0.6357262748588548,0.9121167143700696,0.6041074554390441,0.45630812960823464,-0.9085025115121911,-0.4196039672846064,-0.8787874539618545,-0.12243598974739747,-1.1232744991882075,low,1
-0.46000045068262874,-0.5582222092656499,-0.36317555873281615,-1.9173824801366242,0.9158237815976042,-0.8111212718835616,-0.28379743914858324,1.2519474545131573,0.419465413836445,high,0
0.11396278372685387,0.3304094631533607,-0.49061223402665266,-0.29698681272428973,-0.47606255777786693,-0.445622250656266,-0.4616665973530329,1.6641920547838993,-0.3795774718829825,medium,0
0.533302395605489,0.7220900739768834,0.29593324034609525,-0.9920608888632498,-1.814883829481406,-1.2215602737256286,-1.4559385384229104,-1.6032168466140961,-1.2053789116490417,low,1
-0.126521298160733,-0.23218705905279216,-0.9807648436625377,-1.1560260708128163,-2.4581694305490185,-0.5775603368183385,-0.37170799534586546,-1.139061507616351,0.02994799912974132,high,0
1.8215322791037698,-1.1758229445248694,0.6116015615496833,0.4832010323085752,-0.4384273672152734,1.0306697519924024,-0.7149451391550959,1.3636072951996998,-1.1502636052653425,very_high,1
0.4050327394627333,-0.21291290407609123,0.9758233372885634,-1.5756236471742788,0.8055747028061735,-0.9094344891935859,-1.0989477581444005,1.1209670236143776,-0.6377238342101752,medium,1
0.5689748988666218,1.0050209374745553,-0.0412596526500604,1.4687944527987902,-0.004072837121435025,0.18136168347920778,-0.3244421106730174,-0.48401712362208477,-0.894368614398785,medium,1
-2.5880854545076857,3.250174879460514,0.5712242102362395,2.4561169808823236,-0.8034342741712571,-0.5606631931929463,1.77957674754962,-0.3171028325739657,1.3596773935814872,low,0
1.655626542409283,-1.3259807614273194,-0.5029096500380191,0.21097622490234025,-0.7712694166774808,0.9754915945426723,-0.6206763552146853,-1.0867108113847272,-0.9412400455523364,very_high,1
2.9827977676902,0.2941372254894733,0.6166639764711183,1.4342086586564826,1.2608495199993097,0.4847605552438748,-2.1401548885408666,-2.049474485669681,-3.0614308039914526,low,0
1.3317035826536747,-1.745966820868717,0.4733366755549671,0.5710859097989816,0.08286484186899613,1.5449318416794802,0.12134405065064006,0.6467439354186445,-0.27099545065581904,very_high,1
-1.217616699086959,0.9282031692000449,-0.013283088959019524,-0.12870945445022636,0.01342048538846011,-0.6657001526645275,0.4986765093394801,0.3975277565731539,0.7255646250033507,medium,0
-0.7182949579834552,0.464466853811304,0.3589175837406595,-0.4584547198687706,-1.0783150666292278,-0.5826037912407435,0.1364156297814893,-0.6568354686944304,0.3968884585770784,medium,0
0.5414337615655307,0.45237600058018135,0.8639235499624459,-0.2760708549375964,-0.8509750806815649,-0.5555637417804313,-0.9157016074956845,0.24207067028796736,-0.9042728506553538,low,1
-0.01888834356660607,1.254130925225335,-0.3672039342117483,0.1470565919386596,-0.4661886119462229,-0.8199263531223875,-0.6474518049015426,0.42243497290143983,-0.6907163739438862,low,0
-1.4004793153941253,1.0118294379342279,1.1983685693734596,-0.10037212795406858,-0.0785883929143568,-0.6936180340167977,0.6324787351104991,-0.06330322278133675,0.8775219051127494,medium,0
-0.27244011345652996,-0.19540969311201023,-0.9723350038161881,1.414009526910877,1.3250046549456387,1.0916732935466704,1.1319385806363844,1.805668878116265,0.7035763465096353,very_high,1
-2.422794573805376,0.7157074718127302,0.4050353858557128,-1.1932357390209285,-2.7452995536723845,-1.110925680779977,1.1563921745502515,-0.4894142344944204,1.916103655498901,medium,0
0.5824384177464761,0.9250692815051295,-0.13080059372695568,-0.18124309713485365,-0.45121882694387655,-0.8426494808963141,-1.1826404838632623,-0.23320849820639397,-1.2077827861031818,low,1
0.4811505972074036,0.6183398495630511,-0.6849871791437476,1.2403581544212958,1.5884471762401118,0.32169907432908385,-0.13785000245001258,1.167217733304373,-0.6197254716546564,high,1
0.6590745085029368,1.0290663766819508,0.10769944910661848,0.05599683836119135,0.09112486725337687,-0.7694364836847264,-1.1863859823397036,-0.07083684791609023,-1.3014215514332255,low,1
0.47569060762366333,-1.2144835020496945,-0.7506268219767557,-2.218901929987288,0.023980019015592963,-0.6037328576281127,-0.9176400599690206,0.10307822153084817,-0.2558738997533438,high,0
0.5743434769709042,0.5919464758288953,-0.976620315863556,0.12197725616900151,0.21416894113174983,-0.39947293719217813,-0.8133098116609901,-0.11657134645332866,-0.938459975492738,low,1
-1.4334356636235555,2.473832721103845,0.14341763068147614,1.963796059314772,-0.48462856460008136,-0.4080612758919251,0.9124354586524545,1.1523486389619257,0.4812592024374896,low,1
-0.2568876616073221,0.03777718284155008,-0.34610427178001524,1.2028004929727358,-0.6160275437179559,0.7813387664242798,0.8648845155619682,-0.2805717065985525,0.5047015425284569,very_high,1
0.379317212800644,-0.17852224027152203,0.6658778237063901,0.7010925700633901,-0.19449148486477605,0.5596331312231628,0.13682213746638158,-0.7347432134727092,-0.15273758496090567,very_high,0
0.03792124891442683,0.14556066783791263,-0.8516172401867081,1.0199541476203553,-1.3395179235650372,0.558903045141935,0.43090994397258436,-0.19280608730741247,0.08743875386348973,very_high,1
0.8162195378053572,1.8746102646002711,-3.8366555484593694,0.8660551411251369,0.07964958261392499,-0.8699692851950527,-1.3942021880366182,2.206468979884672,-1.7994943624094137,low,1
0.2562206849050341,-0.8918332815895956,0.1358559015662905,1.4367988775865173,1.9358610256806046,1.5737523456669078,1.0716770977020553,-1.636403019206485,0.5551540360456605,very_high,1
-1.3581889965872187,1.600075194848281,1.6079150611191575,0.7612994021876525,0.7769316923548287,-0.562781534553276,0.7109139173822552,0.707457710864381,0.6652382504430304,low,0
1.8232714887828791,0.500400045762906,0.5206894964226687,1.9542082326441996,0.46643128741231693,0.7679003535251799,-0.9151586495288272,-0.2378070374259397,-1.834810098926842,medium,0
0.8968866295614946,0.5457550447150991,-0.40409531183239966,0.5888233024556557,1.3755969643042085,-0.0856437723151577,-0.8296597579268234,0.3023229003482749,-1.1579412226607468,medium,0
1.2096531027342328,0.9241935257041191,-0.04460653218300141,2.0202495027174967,-0.47783985070379115,0.5503984258549116,-0.5668802070625545,-0.8414495141290085,-1.4156777706857016,medium,0
-0.7308245001983662,-0.18819064449613107,-1.4193843557960406,-1.3639377967960509,1.118338136793128,-0.6974094415548676,0.04513756004631649,1.5089188942669034,0.606261169209755,high,0
0.7829068349179857,1.6231708987458755,-0.8857137997996899,1.4480062990734748,0.4539052294413472,-0.3018623801088048,-0.8992789774713675,-1.7555055887046276,-1.4930274702350317,low,1
-1.0592383337584863,1.294024192665204,-0.5650604735511925,0.5708914808441514,-0.6362237126519298,-0.48764435217778174,0.5146822826548623,-0.258008536197609,0.4867286852088703,low,0
-0.7297300941794055,0.35780973578379033,-0.027384320403744018,-0.2686600450954362,-0.27036669676116976,-0.37923549123994993,0.3129861442372792,-1.7260106186667665,0.5120299769192057,high,0
0.607931456720357,-0.3725443198750206,1.4838901537677616,0.5817973644614429,1.7624731648696121,0.6050486864065779,-0.02275123044547978,-0.5717358227493337,-0.30739652697773223,very_high,1
0.3896273230598808,-0.05012195719673038,1.569628586939493,0.7805511372470939,1.1209365124062458,0.5169122234458456,0.09414492188665576,0.7985666731105902,-0.2230257654080433,very_high,0
0.6192905265594809,-0.5831146569185622,0.9109070350337493,1.1559339746447292,-1.277371133550618,1.1345304004452452,0.402616949626687,0.3424508791769014,-0.0744943024314478,very_high,0
0.0142485074762152,0.8145497087962472,-0.9722982447348347,1.4934744493528975,-1.0501865373616694,0.38155914696546994,0.31192228319236476,1.436368034243754,-0.18355545763881606,high,0
-0.2969533475275735,-0.5913319623812129,0.6506676287920862,-1.8123417276412694,-1.0345979596066548,-0.7311629914061927,-0.3571626721359822,0.39188126224558456,0.2868048275239133,high,1
0.6478586319047289,1.1188630806559472,-0.3283752594168024,0.6547352299182224,-1.1678653072917102,-0.44183615214208743,-0.9052385881950418,-0.4526901485095334,-1.2168801739021191,low,1
0.7981134515328066,1.5179393010961633,-1.167757415899921,0.056915506989644316,-1.1123274696705807,-1.137798249029181,-1.6038882633581106,1.1464871587330383,-1.7390049193735746,low,1
0.3532511069199001,-0.05387766580265221,-1.5030468593574806,1.421179545148458,0.15060249284463378,0.9424572321644278,0.4766302850557498,0.10527862390967795,-0.04746451123916759,very_high,1
-0.317060300391407,0.08872222664945886,0.34222557942434556,-0.6610488675547902,0.2726335143194143,-0.47267730766351795,-0.11907113410989993,-0.9989363762455913,0.14770557631629191,high,0
-0.3065148495087886,-0.11236423785908317,-1.3115439660370012,-1.0087835872352653,0.8225729212004805,-0.5542683968695729,-0.1976571827164952,-1.015581379650545,0.1823853515878628,high,0
0.022900825122856294,-0.31404820787714016,-0.9849461251170324,0.7805216672739979,-0.8781217036054526,0.7395482340210028,0.5879111055204295,0.9905668274427895,0.325084106673841,very_high,1
0.4911010325177364,1.1560563043398888,-0.1850976494212187,1.8287834953555133,0.028775564080998586,0.31303034021142867,-0.14761960294089824,-0.06844649266641564,-0.8249021528446293,medium,0
0.022952794292353973,0.029114392741023547,-2.0615231121122495,0.7185241607013563,2.1050866393345022,0.44776944033928034,0.35060528974098304,-1.325157155197762,0.10904866764164073,very_high,1
0.4258172505683557,0.13027673729445743,1.6000978468204783,-0.030962769446030602,1.1211881425699046,-0.1498917058957706,-0.4855331014535009,-0.470755099124782,-0.5387311262117082,medium,1
-1.0382838065459314,0.8701782683148561,1.0179570524293595,-0.0522867066221398,-1.8331704516987275,-0.5875743956344618,0.40963646577300145,-1.1933757685433153,0.5842253024176385,medium,0
0.2905856273407321,-0.06927975812637448,0.7811753362875992,-0.7732558196068295,1.3984839930693214,-0.47946976265998437,-0.644620502301584,0.8878039355788485,-0.43193745740285605,medium,0
0.691886799683638,1.5013032817242016,-0.12887737868875357,0.8470616297979165,0.25473113738020947,-0.5992130839978123,-1.0686016935744376,0.9942988266876233,-1.4497777243183594,low,1
0.4593336482298832,0.2907302719755265,-0.6844404020861826,-0.23276265261787865,0.6469045232565658,-0.4022752141572535,-0.7208339966696732,0.9609321786082614,-0.7118147097274113,medium,1
0.4612011364442563,0.1958789498467616,1.3722713166079914,1.2893095299135677,-0.8395275580176573,0.6645620442522379,0.15775410712699578,0.7597872369530771,-0.3382566956893058,high,1
0.2995635762861862,-0.263058753912366,0.9778722722111376,3.0234106005780306,-1.4155240669137066,2.1499716832922777,1.5175478859577345,0.008857703668895378,0.469924790642361,very_high,1
0.32782117487536055,-0.5179779648593157,-0.8005903423481054,-0.15434173069823032,0.5233237827285886,0.2515498101103936,-0.07745067831082678,0.1464756116533182,-0.07645435298763048,very_high,1
-0.5979622843220801,0.10122050637020616,1.110911144734433,-1.1745245157650694,0.13931963072955983,-0.7957595417639446,-0.14624491925229033,-0.029172699226560628,0.33281594319926905,medium,0
1.4362789228988606,0.27560616017710327,-0.26330780687791616,0.9284386192356935,0.3374820747263991,0.29125446815239725,-0.9812947676461102,-1.3204934434050315,-1.5034649236222135,medium,1
0.2586078300653839,-0.4928885574957774,1.1328046971748071,2.2308164569145505,-0.4047953794202932,1.8019970656449695,1.2625336489738699,-0.38003684628935364,0.48329024032935713,very_high,1
0.0171720063928531,0.9206824229709994,1.2687138945765704,0.412344868796086,-2.19750100526203,-0.40492449652555884,-0.33905370782134586,-0.32417686104064125,-0.47636208132813646,low,0
-2.0483753363250568,3.599139620174383,-1.4902475232990466,3.3836743951342463,-1.1040256334723855,-0.25154544654101074,1.5784497529922619,-0.8938164305816126,0.7710290245314287,low,0
-1.1134946340172425,0.42006130444117884,-0.5001526812147293,1.1742160583177674,1.3561067142103251,0.5517452993959376,1.409946826131927,0.5292999339436693,1.1882685082451439,very_high,1
1.105432450789118,-1.0518267110658874,1.0621674475886602,-1.789957572450834,0.5400178017231407,-0.49230249141539284,-1.3608755843636837,1.8481091041055524,-0.935216982097284,high,0
-1.2731039064110377,2.761958873098263,-1.3938176478742055,2.1970880539905933,1.868527188073091,-0.4789225920572048,0.7203183803436034,-1.8190510153025476,0.18841962932246606,low,1
1.12473980106385,-0.35580682354860366,0.43235271420033994,-1.4002410383283785,-0.6308464029471887,-0.7478116950894595,-1.5807873151729928,0.2573731064173494,-1.2857314220580724,low,0
0.08784918708861184,-1.5315365523526134,-1.0976109822757267,-0.877410435268096,-0.4177830125136188,0.5387196343393119,0.3533295614507322,1.85204004481367,0.6277884434080294,very_high,1
0.27249856208951184,-0.635453134428089,0.3431585541974166,0.07196812158317151,-1.0777207457916016,0.49029808868440056,0.16565385978701486,-1.5594357791262254,0.09966313244529501,very_high,1
0.545948667388677,0.7998239138975944,0.7571768211020226,0.5030382733772358,1.9837041354787512,-0.2995736516030283,-0.7043045353086176,-1.32484578093274,-0.9510816828894977,low,1
0.08089167040788842,-1.410093925537678,-0.4100294115389108,0.5694433678187362,0.6040516449216232,1.3986752048997786,1.0709215258746718,0.9465770035733866,0.8670633406913697,very_high,1
-0.8554098080915402,1.880241067504898,-0.15195112347198586,1.5291371504025615,0.1756035498043702,-0.3050235562773591,0.49810676440273305,0.44176064964947936,0.12323723669594042,low,0
-1.296644609576948,0.3505900870367879,0.9397354817471042,-0.863230587851072,1.9687573094339588,-0.7180278167796558,0.5165370635680192,-0.3904091864216333,0.9975166166190353,high,1
-2.1054160070098895,0.7993749944009162,1.0567249112804185,0.27621863754768394,-0.7370293611526971,-0.23460458361231704,1.6104894328501667,0.3362778892475625,1.8357643423312469,high,0
1.8249795038032155,-0.5567696234561097,-0.42999140861483903,1.667965165242738,0.5399509007551029,1.353840791211644,-0.44417703677924664,1.7305179518279585,-1.2714364818663642,very_high,1
0.7766257653592961,1.3724903914977562,0.9210258397309934,0.39229953576666876,0.4494335159472622,-0.8098119736870273,-1.3162331127160645,0.5446245744993387,-1.5596174352947378,low,0
0.5696930595800134,0.6682813684893009,1.3111622966036165,0.07192517454601877,1.178865937036939,-0.4877682961002392,-0.8814423515926446,-0.5028687536709558,-0.9891430799410912,low,0
-2.139349420162981,0.9968490949044952,-0.5166141987601078,0.3031163771528713,0.6959321009408497,-0.35876590730223085,1.5390283139594019,-0.9509533830944716,1.7608843633845268,high,0
-0.2714681613789752,-0.10106109245156546,-1.4144630113663208,1.503425891656331,-0.5461661042180197,1.0811504969880528,1.1234489029762913,0.6623068966479679,0.6655004644872049,very_high,1
0.2223788481168053,-1.0099503770338623,-2.8500301093171823,-0.9867075146482926,-0.8859707338977769,0.07454389293063934,-0.13911281581097817,-1.2060223714081189,0.15254448996435496,very_high,1
0.8098853242209609,1.642102645216338,2.148296863786959,-0.42067423896700407,-0.3524537316377418,-1.5426273039748397,-1.9469630594313962,0.18125394834505026,-1.9252632432799974,low,1
0.9182189912408771,-0.6817158538134392,0.3543093815188606,-0.09685519134291287,0.44841324947910954,0.3615604075632786,-0.491872825815169,-0.2673170231678089,-0.5986520307878729,very_high,1
0.4723453363912963,0.5733829901757287,-1.700627249651378,1.5634189793014583,-0.9769457393818821,0.5670439651969513,0.0718250843928864,-0.21392646635116538,-0.5159185925372737,high,1
0.11319367909401667,0.24844868733063763,1.067997778058972,-0.4168934817841516,0.67101780491777,-0.46416516647029893,-0.4772230691004865,-0.10200628012726169,-0.35544467881125286,medium,0
0.20335899480537223,-0.6204459399314778,1.1942144830139918,-1.267144016647745,-1.498635497149212,-0.39278120574281017,-0.5046502060456268,0.6621687539474996,-0.11635960293920679,high,0
1.533443352018057,0.6672074702774332,-1.1966655922843958,1.134503140909123,0.012223548415169466,0.13190230737380418,-1.1915049137079563,-1.6413801156020968,-1.7956977549299549,low,0
0.030342517379339018,-0.4035268985524115,0.678728069279419,-1.1183564316231516,-1.1909165059737268,-0.44009711307904936,-0.3938111270543342,0.43623570480105506,-0.028484907053379162,high,0
0.3179257641001122,1.3617657514930563,-0.4751252784446032,1.374989123370095,0.6369080790029854,-0.12100335433858789,-0.35620005969408636,0.701823040543344,-0.8566978637830389,low,0
-0.849408353694536,1.9348678543919309,-2.301471717669987,2.2563204738162153,-0.24633528117984818,0.13111376775053316,0.8538390700135673,1.7873464144298254,0.2371338625879545,low,0
-0.4786966817917808,1.6840938003297004,-1.7176721483633963,0.6870025388749758,-0.8342713430679655,-0.743718423031798,-0.1876710071047876,0.1829944496452604,-0.34018544917980853,low,0
0.471639345307918,0.5095963440259396,0.0022316221624020006,2.5181730771974693,-0.33787777547380676,1.239531614572983,0.6272110102255837,0.5422030069090485,-0.27705224335560674,very_high,1
0.4840013882251786,-0.11335990470461318,-1.2783526288023244,-0.36502034362877,-0.7708188027286894,-0.19521115825176225,-0.5752506522719496,1.7073298095592229,-0.5269374898648225,high,0
1.0865501067493992,0.919887644179325,0.14342656685749322,0.8565504849801786,-1.5646221273358043,-0.1992390902312901,-1.0811501829754322,0.0923767916399243,-1.5257773565452237,low,1
-0.017055347118313247,-0.4329141267494482,1.2762639878735544,-0.3690435381971321,-0.18716554786386091,0.07632500311478824,0.07285890119965534,-1.2083035156593327,0.19682881401505678,very_high,1
1.4011453287899005,-0.44778036828167966,-0.15350069556978385,0.6785352579537616,-1.308684130989139,0.6596989853762619,-0.6548996045859957,-0.8489046563704645,-1.090502563964156,high,1
1.2817450547371545,0.8834990875126528,-2.7738149399339167,1.2338291372566244,2.1245562298290137,0.05895813686865491,-1.0347405319576557,-0.5161166418714347,-1.6337257780860617,low,0
-0.20789933563431895,0.01220752562866321,0.005205261894946381,0.44019358185745944,-2.729404384923734,0.29629558278770407,0.4221767673925766,0.6205008990991628,0.3074024753410156,very_high,1
0.5871654999599407,0.8415890618449147,1.8418156093866072,0.36138594201882046,1.4152045267018234,-0.42629444643740133,-0.8436711118053625,-0.15326055339930547,-1.0495731418952299,low,1
-1.8558494572219533,2.701874929933718,0.0018035063564141765,2.0961125197046115,0.11430875305924776,-0.45424913541396456,1.2370186195725255,0.20548642756002017,0.8256921255020448,low,0
1.5178661333432937,-0.8963883586089267,-0.48171705093552597,0.3079288216851974,-0.7287901963773834,0.7357229890531433,-0.6965476785457132,-0.8507827486281534,-1.027719923912353,very_high,0
-0.7812805748437432,2.256991191442407,0.29787619102384516,2.7058723381284437,0.7474449714270559,0.18452697298829526,0.8433787402846767,0.9911911129266663,0.06813672244670262,low,0
0.9439533486414686,-0.40388184971383917,-0.16164379447861094,0.841724089684007,-1.1627104393277614,0.7713071620222935,-0.1723285046642516,-0.12454847968642378,-0.593499775978353,very_high,1
-0.6923238653517438,0.025340439495939063,-1.2258922634399458,-0.08939730042333749,-1.2787358548192564,-0.021439955367409017,0.5729942058784615,0.10752500043079882,0.7063113423484971,high,1
-0.47839129270753666,-0.13889082569083563,-0.06541023359539401,-1.1989996063063362,0.7819425354519183,-0.6456960677957835,-0.12688771705755747,-1.2126571326233138,0.34188012518783484,high,0
0.24824718159516662,-0.551433016880682,0.36022603707742873,1.2385094448979876,-0.3075714171157992,1.1953146041391842,0.7696042794110103,2.002427467644797,0.3207262545262741,very_high,1
0.46396042069401894,0.3168522520105562,-1.5450564074064352,0.6734958269327456,0.667065472728354,0.1722002079493965,-0.24997232930222094,-0.22847254380954055,-0.5420047045447106,high,1
0.6389531035753779,0.9758388660223641,0.4752586047173115,0.14477211769325682,0.14159578673988282,-0.6706799324062506,-1.0882339803192043,-0.05706129143115594,-1.2297984275150573,low,1
0.5360795565645989,0.4813166356209356,0.8976557716497436,0.09964878964935048,-0.5140888043678978,-0.33006510153486013,-0.724555196243068,-1.8156489758788175,-0.8368105290934246,medium,1
-1.0365148418728367,0.9380313894647881,-0.6049067639281748,-0.5313814202716307,0.9289320135322151,-0.9513748326244779,0.10836693204045415,1.3325514676651278,0.44164914533193134,low,1
-1.3017224551366307,1.7691535420773157,-0.37563366071734017,0.9307480281755374,0.6951652483301405,-0.5800058501332176,0.6503786214544856,-0.9103243419282839,0.5404385996055904,low,0
0.49177688597427244,0.10824734177542016,-0.49419002306691273,-0.855296119315679,0.8533489773401466,-0.6793468404209058,-0.9793602899897788,0.5989963416842641,-0.7692208417681202,low,1
0.4372857732775761,0.3409585070171736,-0.546407619463673,0.4469449496967898,-0.9384671057410849,0.008221946667443419,-0.3624077763536401,-1.2107426266291645,-0.5752973047632197,medium,0
-0.4944812783651992,-0.9161764565574494,-0.8065198324565613,-2.2759022152882222,-1.6755804496240945,-0.7813559589289544,-0.2337172448621739,1.3297943652050759,0.5927940374749532,high,0
0.14695847083201996,-0.8650437552905202,-0.011997344627723866,1.6605246581394153,-0.16681474069839325,1.7095672396974149,1.2773351119643805,0.21871826614148773,0.7030609388018123,very_high,1
0.053334045866578306,0.6910968154194764,-0.9988208693340495,0.2452726162831802,1.1685803642733814,-0.34931271670327146,-0.32646670724223986,1.024774112281728,-0.4142915439177355,medium,0
1.082870784034278,3.1962232953376284,-0.43507724157631605,1.9170559034173482,1.1788434440256437,-1.1698052263693084,-1.8548305650375123,0.08127716759106869,-2.6456321605998854,low,1
0.34965425995588284,-0.06614797708892772,0.12631251458699935,1.6175123639160707,0.06832212993981754,1.080403723979445,0.5935087096107373,1.6478776057836733,0.004844210202007245,very_high,1
-0.4935223258127547,-0.273855481538081,-0.7228347951782497,0.4398892272682667,0.0352953907452159,0.5284273964894184,0.8543780342698318,0.21930891313205408,0.7818518386745081,very_high,1
-1.9597253208518726,2.2834713669900726,1.5891473016364572,1.3241562610901325,-0.23450753514589096,-0.6456293350194028,1.1629513268784866,0.6884959745615665,1.0221820561149197,low,0
-0.5862007183117487,1.653685822862173,1.5404412397766734,1.2833803640207644,0.4600423238604662,-0.3219479688610318,0.252064400702756,0.5789286485712348,-0.08211537922846554,low,0
-0.07316581672593941,0.0025654449680227328,-0.5159809893490795,-0.9709341953708317,-0.4799681461487265,-0.6323449233491926,-0.45989748808060776,-0.24795420732788961,-0.12708666294428836,medium,1
-1.4828775033731656,2.315905110400952,0.2321945046423276,1.463403823407366,0.6586319527905097,-0.6164642276296295,0.7807316288487759,0.41687306259004037,0.5224959210210176,low,0
0.3895682869084913,-0.24425332581012443,0.638543317267599,0.5148993454293165,0.7099327481472374,0.4848816366100982,0.06561602329420209,1.2663302679562887,-0.1638963594183836,very_high,1
1.2625055235610838,-0.6304174443601714,-0.8037236608946853,1.7812791722431407,-1.2298831152865406,1.527256140027635,0.17794915242483983,-1.771422551443844,-0.6028356305229016,very_high,1
1.5876924139535245,-1.146879481804343,-1.197957962340662,-1.5680067178916857,1.8054168464197806,-0.3160686226991428,-1.6276240311128418,0.6235257988258587,-1.347927145196257,high,0
-0.44129085760186604,0.446431531842402,-1.5736290221169846,1.224982342160088,-0.06420379495271358,0.5116408891232861,0.8038403529704496,-0.9907369187412842,0.46477178646755174,very_high,0
0.27358983752991684,-0.20336307964534212,1.8641995258873496,-0.7641858274401854,-0.6964610897866884,-0.37402999355435984,-0.5444973681096537,1.3134731613252366,-0.3325608739550634,high,0
-1.853066099731753,0.47544223341605873,1.21644738727708,-1.2237873031044275,1.2812386535229803,-1.0009467027788264,0.7587347369625838,-1.1565552170673363,1.442786121653213,medium,0
0.3248111354744214,-0.13498115216545925,-0.7248610838000522,-0.8143740096700782,0.8100272385061165,-0.4610890368140275,-0.6593440721195288,0.31695200698411535,-0.4382929275421284,medium,1
0.7342159126850649,-0.27676473181748235,0.9758368916238178,1.4909843419148812,-0.00836078727145676,1.120677800070694,0.296512174320436,-1.681376891715264,-0.30821815751007403,very_high,1
0.04377299231957221,0.02157461314347725,0.08747375368073924,-0.6079464707700704,-1.1433389910838607,-0.4177608644289818,-0.38216895368266784,0.738237230816162,-0.1871479769070623,medium,0
0.5197659395839426,-0.3180898328807088,1.645354952270745,0.4511760234263226,-0.25083367181123084,0.48667967564886466,-0.04474076378285759,-0.561050852022268,-0.27277435037017833,very_high,1
0.42293971949723913,-0.7134509893871823,-0.3360666965057405,-0.4860994693053766,0.5245846830476146,0.1695181328388714,-0.22846483699307146,-0.029803781851440635,-0.13214616414200758,very_high,1
1.7412233523208482,0.1900085987192077,-0.30971081180657256,0.513859576732234,1.4106923204208948,0.05764959094330668,-1.435252412824658,0.6067621502064073,-1.8658206424286543,medium,0
-0.31269688267754403,0.6355317387183836,0.5519642593318276,0.3757457238591355,-0.836980354439587,-0.19368856143091792,0.11363107980067773,0.8223504708957536,0.03722691655585328,medium,0
0.4047850065935583,0.13730298007285874,-0.5459619271149279,0.11410080785487903,-0.019122179853707483,-0.05826664420599995,-0.39183647356796675,0.7065054635472527,-0.48995837888152716,high,1
0.7321742902367846,1.5872389991701543,0.53034290167058,0.20444905849852224,2.045654547677154,-1.0865160634547542,-1.5045371605835167,-1.1231950508753776,-1.6785427817904108,low,1
-0.9718244292192761,0.4867774311240606,-1.601181198811573,-0.7238011264165933,-1.0272518875051289,-0.7524444387431021,0.21258424733520795,0.3884246136775064,0.5990127652332196,medium,0
-1.2225304180840657,1.3095181277487116,-0.7209701084698963,0.9228166164654651,-1.1694806292030167,-0.2551939365691424,0.8461163673868461,1.2727147339712648,0.725978469943564,medium,0
-0.06407661512507801,-0.33798434824006857,0.3939905721750079,-0.09618247096088972,0.29003780305390187,0.18946813915746272,0.207454295375845,0.3362629511858955,0.24821317295598433,very_high,1
0.4993029080600105,0.5965899890931412,0.08291185317203993,0.4133752319147356,-1.6251212588825248,-0.20585113705492986,-0.5893296633607599,0.059905256796438384,-0.7998328088695856,medium,1
-2.313545734249864,1.5638188857306865,0.0935234964386097,1.27853522147333,0.7453607240778758,-0.12039229444551693,1.89068149773337,-0.040333910214043756,1.816472130433403,high,0
1.1338963463280516,-0.46597898727401604,-0.7696664090113885,0.7114969064586657,-0.8136645751375527,0.716120533524884,-0.38057880716178805,-0.3864948903227902,-0.7871440227906437,very_high,1
-1.2264401683223465,2.262138114515092,-0.6734142395598725,1.8651848658443062,0.6174286309273244,-0.3344166296004644,0.7944233107612502,-0.9681285978523266,0.36450350547934546,low,1
-2.1440241934933946,2.2584354873146157,-2.8106283166180837,1.0500559772023776,0.06908519272427115,-0.7921266296307208,1.1988431518992795,0.18411939832816962,1.1764684596489776,low,0
1.8497667475531427,0.8187377469954903,1.489599409447649,0.3409550552581375,0.28123049221860413,-0.5245359826011051,-2.001839438230864,0.15682301609819319,-2.3900075015181015,low,0
0.13985669875950735,-1.054922159436877,-0.70128957079155,1.5000284543550848,-3.601085104459518,1.7439100522005608,1.309683910219056,-0.2145376645179636,0.7892733401389456,very_high,1
0.6657598250371592,0.8745258185413963,-0.532143890173102,-0.1325063053294646,1.0578010075419184,-0.780420431491796,-1.2028491819261113,-1.4766572235180533,-1.2567260288021085,low,1
0.6243794224068706,1.301058193903429,-1.4955415364982039,1.3452943145582958,-0.5974788580244034,-0.12069081624453538,-0.617954843894778,0.7492825568794513,-1.1546086875563155,low,0
0.07890083410080617,-0.6616182581775535,1.298693290993424,0.3744910363380378,0.5951311859137686,0.7232960755766993,0.5229301710046078,-0.7113199105465682,0.3855794501853067,very_high,1
-0.12213814410785667,-0.23465008893845604,0.014694095544366792,-1.1875311530561128,-1.2738373251342043,-0.5967589402357104,-0.3913311733864749,0.23873792529135657,0.020107098794784083,high,0
-1.5197573715439954,1.0124855797836518,-0.9910911353316136,-0.29559343343685607,0.383455014854216,-0.8124511567228856,0.6360512323706445,-0.7634653033091117,0.9636633712706282,medium,0
1.2404461500660928,-0.6479449190940949,-1.3412597272367377,1.5736373606020049,0.25203397993487703,1.4057690155921807,0.09622076162992861,1.3845049626510342,-0.6124683088034337,very_high,0
0.6668136776595462,0.9681129235582143,0.6763570476749083,-0.41952615000562743,0.1686513676101955,-1.0371100707045633,-1.4147531017014576,0.9252818927168314,-1.3734456821017174,low,0
1.9737439358133007,-0.7821438034754662,-0.5106839381956507,1.3438925321111292,-0.5054472096535272,1.2944131745545633,-0.6225970524433054,1.2114275036324305,-1.3651748848736724,very_high,1
-1.0596717372077877,0.6220003854059594,0.4158027257204452,-0.24061341234466804,-0.1735444175613875,-0.5276564028115557,0.4746569410116787,0.7401256641052443,0.7143498202179883,medium,0
0.0075673853823250425,0.9976836981224563,-0.08616210409949455,0.7529875351018789,0.22848217771819174,-0.23724634057076155,-0.19151745180790009,-0.06213606646930852,-0.4401443040734714,low,0
0.2659814012654198,2.133586812114932,-1.05470445496592,2.922100560138819,-0.7039163254155445,0.3323054582385535,0.07097164837870003,1.4364295195588668,-0.932966469726717,low,0
-1.2301249712457651,1.1114526778731737,-2.252793394731339,1.061150942454848,-0.46126705049830724,-0.018965318538564296,1.0455554712464874,-0.7660452024003999,0.8802786628560892,high,0
-0.9039553887190181,0.3483121198281212,-0.17870688456349573,1.4483939130220307,1.6652522339446956,0.7670943766446524,1.4083439634733053,0.195162047141818,1.0642623395044575,very_high,1
0.6145338774466155,0.7302411948343378,-0.9880028180029409,-0.22105228752529982,0.347397486434762,-0.7287389716144362,-1.1180502718218543,-0.1453494223138852,-1.1352130001594005,low,1
-0.20084917838239918,1.7841528664159436,1.278434957965715,1.6924400678482332,1.4955717364824264,-0.18033133566829213,0.04183186664012912,-0.433990462215957,-0.48535096546953616,low,0
1.1155020964273856,0.1541943712556503,-0.18487675624526564,0.06115901033795834,1.161503048481976,-0.1625030014991273,-1.0838649999608077,0.14641429184260343,-1.2707839689525664,medium,0
0.31317231205093976,-0.6715185137140482,0.4301429743153713,-0.603827378467239,1.134768614866765,0.07050151440307181,-0.2161834714811363,1.1760109851977065,-0.06432019110480823,very_high,1
0.6093288998581934,0.3367935873355649,1.0421905769830173,-0.14788425751659307,-0.062088698214287405,-0.39242368277186573,-0.8401118904396119,0.34562034465144587,-0.8815830625366288,medium,0
1.7884913393573922,-0.35760510309948645,1.065963719731826,1.3528669459702902,-0.8331415233289663,1.0045025775304608,-0.6994391203302474,0.39662793922145717,-1.4163636530626553,very_high,1
-0.27751552388726486,0.5591980612031736,1.4086194934459193,-0.11723365939995684,-0.568876975197369,-0.4637549031124687,-0.1402837865220222,0.7831556560131748,-0.05869856901787916,medium,0
-1.1867806340131142,1.8421113397925768,0.7151743901280584,1.2995023192111528,0.2680504275897533,-0.40096365066866974,0.7010419339760691,-0.31526633391625575,0.4518136699636927,low,0
0.48511867997526253,0.44972532285131656,-0.17149560038823927,2.2699188921215807,1.1572445477310251,1.1195568010651153,0.5159609431034724,1.1422073928855578,-0.30815327203927184,very_high,1
-0.692840976602162,0.835948979764333,-0.9258899038911499,-0.20490855900314153,-0.04512289032405165,-0.6903432242879088,0.02977420883517275,0.1390286869531256,0.2031759743415753,low,1
0.8105882267322697,-0.5243240304583812,-0.7163942937007461,0.5545640621746231,-0.15914947153772793,0.6819753724853991,-0.13369741889187328,-0.21053494035299194,-0.43997091672923916,very_high,1
-0.6065275405634265,0.1616773880520191,-0.06616593454643473,-0.7917499269916954,0.4547043964167744,-0.5884436955977141,0.032965227284436766,-0.3310243342080806,0.38655074553607877,medium,0
-1.8668261376066242,1.4563996198611284,0.11345604005655238,0.6815907422719796,0.05674168329681941,-0.46895565039930154,1.2206200628826371,-1.209198711239606,1.2771971232304,medium,1
2.011176053177019,-1.0664767161725137,-0.29045391622778904,-0.7739515439439468,1.4622546040347288,0.11144685443381668,-1.6347684266497249,0.03239621368357873,-1.681509986337141,high,0
-2.4039610338165085,0.7693356185478738,-0.35807944617931886,-0.10819766902709116,-0.06644897530945597,-0.4405506369553862,1.694652629391244,1.1818900425588936,2.09198076977296,high,0
-0.23147006095671907,0.007832040365803015,1.9529445539995067,1.0397020967999855,-0.3399837223515192,0.6943138703968164,0.7709972682298508,-0.11399655283962636,0.4610115664039232,very_high,1
-0.14685578047850723,-0.5674780144205717,-1.67308401250574,-0.41803086606407025,0.9610934572320833,0.15314049822788525,0.24553479868816802,0.8255570748695653,0.40488745254446773,very_high,1
0.041839673818989676,0.2593699206358449,-1.556951086706478,-0.8238716048358268,0.2023833705986952,-0.7331522812150868,-0.6384374950050559,-1.1709248938074537,-0.37104683764074137,medium,0
0.36614609823916267,-0.13375045719290118,-0.7402322525487084,1.7030152973587245,-0.7329260381085351,1.184590305174007,0.6647643955970324,1.3448540311806945,0.045144934131901335,very_high,1
0.9151040657675111,2.6465051850949277,2.0777775851984446,2.631234706911357,1.6529130512304218,-0.2859259363331812,-0.9876714691735946,-0.8351245039722351,-1.9912674752850574,low,0
-1.444452111603963,1.7546388368506962,0.23773172790598612,0.8997651665362794,-0.32461967439794126,-0.5782072146192009,0.7734282222719122,-0.6132118924759965,0.695092169911073,low,1
-0.5347672308065704,1.072296231390254,-0.6610250546274942,1.2350494741537204,1.1214992118499283,0.0677241065134257,0.5237195838545393,-0.7155129854852287,0.19663106014212664,medium,0
0.4646325613377875,0.4222853388102399,0.14197991387400533,0.18842350288552673,-0.906215332047211,-0.22293238174426724,-0.5757764004583356,0.6007330151455916,-0.7068901330403914,medium,1
-0.7887046310733055,-0.08638111175292383,-0.8505653895034339,0.3275757258066079,-1.6653846382409996,0.34136193313990787,0.9536462149853353,-0.38758089125557005,0.9629315161895503,very_high,0
-0.609697543714659,0.2867644566194255,1.2288565502005595,-0.4037224734094551,-0.6274207344263732,-0.42541831278658643,0.1716962222465013,-0.33781509419140304,0.39739441350878285,high,0
0.3664300479090532,1.6076479395869272,-0.20412976887271617,1.7519047268758274,-2.2746210312061996,-0.057820940399121445,-0.3426888957706366,1.1067104242873174,-0.9748695524813169,low,0
1.7666723329972847,0.4031461421165451,0.5278393499155871,0.6480759520418445,0.5053371476473485,-0.012415162800845543,-1.5125005062713777,-0.2811640424645573,-1.990917889237983,low,0
-1.89873606042811,2.2464317185965785,0.6970509788397266,1.2438060857438258,0.2541276870714354,-0.676090398501229,1.0853726053316228,-0.9607795582448903,0.9620310023837212,low,0
0.40103585999024827,0.05685452621261468,0.19112423383639218,-0.04408201155375635,-0.2209317249396126,-0.10276291894754028,-0.4262726938051309,-0.05883285413152221,-0.4715679588528142,high,0
0.5382004352610379,0.6250295046253851,0.3990441406465261,0.4111523845054811,-0.5820613340930124,-0.23125052273871677,-0.6431715153384843,0.3270723748778453,-0.858699896395976,medium,1
-1.505889419620445,0.5253684385418377,-1.1889411180533487,-1.0352215984429574,-0.8193868304987907,-0.9418281843664574,0.5120340018936828,-0.922351329061918,1.0817171822592744,medium,0
0.3572706040105007,-0.22153524712281944,1.4043162819949524,0.8485583705254592,-1.1785727847701737,0.6895351104361392,0.2624540348744261,0.6727567871994219,-0.07278000801127016,very_high,0
0.5382748037454372,0.46252558165452184,0.23764265629995912,1.039841243999814,0.5598284488280599,0.2997156757924683,-0.20642800713110993,0.33276047863701036,-0.6307148803351093,high,1
0.6082382666447202,1.0585849737418962,0.21187917882888407,0.5032277471918586,-0.32390885321592183,-0.49383312820897773,-0.9150583601167881,-1.0553241585924595,-1.170674070835919,low,1
0.5170481210330187,0.6169508468967873,-1.1574157902154336,0.7014507622198346,-1.874892064047533,-0.0333740083483087,-0.46177289673414196,-0.4805744132024745,-0.7703828645238056,medium,1
-1.5036716668011996,2.3721475133768988,0.3252594982295819,1.985364039677291,0.19821732772082012,-0.31385751845860854,1.049035885797074,-0.8574424295472166,0.6210079115863997,low,0
0.4835162263824141,0.2665010991372933,-0.9710620291077331,-0.894346677739877,1.2666612531984123,-0.8200930947731235,-1.0868435668473655,-0.7234866224198,-0.8621876987204614,low,1
0.6548556488863695,0.7144907144296527,0.12645921906069005,0.8364168259893398,-0.9154770290902925,-0.027387133167531632,-0.5732865173214448,1.4194556807978391,-0.9470571341604336,medium,0
0.2735488398320618,-0.6650036833298054,-0.7423280128765718,0.6457378082104285,-1.3290076372234483,0.8878905351112361,0.49285021434676846,-0.31167588576523414,0.23644154494151695,very_high,0
0.9955934354351685,0.8701935983112662,0.6098800471904189,0.8299788443962646,-0.31093751635109385,-0.17296863203347546,-0.9824240901109427,-0.7360636534685142,-1.4047336084821507,low,0
0.5186871274341918,0.004143867276800066,-0.18901429768247416,-0.11648535592843678,-0.7289592500331622,-0.121105264810505,-0.542334942613662,-0.04427331984464883,-0.5813513624538249,high,0
0.2618195071271307,-0.5805157716343784,-0.5046337422892345,0.9232690846742402,-0.8022718339345204,1.0088971610591426,0.6037291744983945,0.39397522586440237,0.25725662520985243,very_high,0
0.3137389244332328,1.7184052842301587,1.2205506039312326,1.6627755444838317,0.9944145282075845,-0.19305458855084445,-0.408246665656906,0.5704860860796908,-1.00276048828681,low,1
0.32445657455684207,-0.169559200339425,0.021888821164834777,0.24493201692021366,1.391920887679919,0.25851790796595425,-0.06501765718971458,0.7298193622676307,-0.1951346210347278,high,1
0.7074316149170502,1.4097408827416353,1.4794817618608729,1.3247161631506568,-0.3910246668655764,-0.2203979418748198,-0.7699545154630674,1.4929526227538277,-1.3119883090956834,low,1
-0.3512903063603545,0.8291720296691856,-1.5138305012448536,1.5780985620562404,-0.05796399966830253,0.45572795324655735,0.6850846061427044,-0.7725421118422359,0.21630092966832848,high,1
-0.8853029614807977,0.7292447482841481,-1.4069774621039888,-0.340607564280513,-0.22800572680971787,-0.6857067129592084,0.1965730380689658,2.498430483721495,0.4435398643378309,medium,0
1.1560062993690199,0.23150913641269844,-0.28790607686792025,0.3087713610132788,-1.7930763979123896,-0.06005784118162386,-1.032942122052207,0.25373729677483314,-1.3078408606640726,medium,0
0.26075037496379727,-0.13533059031745662,0.4670909439935746,-0.0860745332701014,0.5790615726946706,0.021650212969148125,-0.20596861101339975,0.727122481485493,-0.21675241673118842,high,1
2.0175164094720968,-0.7383046838537781,-0.9427752402304745,-0.5872205064501395,-0.6059900460849119,-0.006849566592694758,-1.7343028980835378,1.083261776294304,-1.8431977883511055,high,1
2.0501860381450188,-1.0297735142113456,1.1127981956129065,0.7484075602415243,-1.038540857035756,1.0792068030478104,-0.8682571366269912,-2.477506118629017,-1.4254049258050976,very_high,1
0.2221432033126507,1.246484354043544,0.6149612320467747,1.2178265706365285,0.12390681652107108,-0.13193471779452204,-0.2848042162670153,-0.7969866688138775,-0.7191114894740104,low,0
-0.8628398352747457,0.40276771722523197,0.10801412097950092,0.19874222417975068,1.32099578954071,-0.09509217114624924,0.6617009874162431,0.40226807720129804,0.7258257596453934,high,0
-0.8600372474115265,0.02330292904047381,-0.6638331028256903,0.6196801982325916,-0.47548474118944284,0.4582752703653086,1.1122502578375197,-0.05750296879491637,1.0356157980388887,very_high,1
0.3402251155811423,-1.046103617265268,1.3160074197184983,-2.1724374362155885,0.2899111740376629,-0.6856095341858347,-0.8679031734826884,0.6543881340607632,-0.20090599005601634,high,1
0.1879959517206211,0.44595699024186564,-0.9028089269627998,-0.028842395321576952,-0.6646510975020625,-0.36039805682855436,-0.4531446792787034,-1.590141830680298,-0.470779233391021,medium,0
1.0446896368118697,-1.6866834663599413,0.8185946183432132,-2.8245991855244674,-0.8476272124968842,-0.700907736143035,-1.4883212461240958,-0.7816720723468876,-0.711942856779229,high,0
-0.8607493436041768,-0.1100168939329573,-1.2774366038453426,-1.2797618791470524,0.38767987903284645,-0.6889989106919172,0.16374146503787035,-0.4625329663133788,0.7165748237296178,high,0
0.7009621496083925,1.1523627589596106,-0.6304584541854775,-0.9243378478393629,-0.38045590416635117,-1.5055545467573561,-1.8288013130702458,0.09131472861134962,-1.6248758146974152,low,0
0.12232936486469592,-0.5764808507364343,-0.08621709800745275,-1.639479392726813,1.0781253957947718,-0.662467880385078,-0.6578297789854679,-0.9530404633648498,-0.13389233446917573,high,0
0.17120279397261717,0.6065962060080098,-0.8980272263244584,0.7057960650906518,0.7841464163534985,0.004874703466109871,-0.13534885536370622,0.9017286971402739,-0.39365391842724845,medium,0
-0.897135186123017,0.6330147968494235,2.7107942990405327,0.4335811113910164,-1.716033248310689,-0.10692373876272016,0.6836921263087042,0.6751370564069208,0.6755914780868487,high,0
0.5785270573990204,-1.6964110540410309,0.8582704301818718,-2.751158296796069,0.3120621317267384,-0.6081530830473014,-1.0142591201429414,0.12375464252427706,-0.1924694261796247,very_high,0
-0.4577418997879822,1.0942731388579519,1.2106745525421971,1.0108768325188253,0.01804725246822428,-0.10147963237217121,0.3185072738846351,-1.7378046158464995,0.05424658051162435,medium,0
0.2400480511165593,-1.110741913727955,-0.9250846204786352,-0.3301891592306171,-0.7934597298834714,0.5771703596792516,0.25989106934900463,0.11397066812777235,0.3310617508362273,very_high,1
0.61719016013837,0.9028309608142754,-0.029351702115694548,-0.11515952485344438,-1.1797767493745086,-0.7858588544564579,-1.1656108919288204,0.4891783506377937,-1.2179079959707046,low,1
0.605268124280852,1.1572832778542237,2.3674143640271215,1.1621870477962495,1.15469376671672,-0.1339417465447647,-0.6141730929701199,-1.2703620463250862,-1.0875727681567837,low,1
-0.9776645685486793,0.39422722308068137,-0.4908064664964202,1.3030709026242637,-1.129667459310537,0.6441763394581067,1.3701749272350816,-0.24707943680771946,1.0853964956597641,very_high,1
0.40314964321534796,0.0937959884273577,1.5268126635772652,0.8321594641167942,0.725081044447508,0.44432326005882833,0.024226579328070597,-1.1554517938176596,-0.31177098707436834,high,1
-1.3042848851231867,1.5842535103550797,0.8515910458931973,1.1989687993976479,0.41195299906180954,-0.2686890724591699,0.9076936318837574,-0.5996399948212037,0.7088334673605458,medium,0
-1.1207827447424124,0.14239651843512982,-0.4357108323847371,-0.9960535292104498,-0.2622335693828559,-0.6668632149358109,0.40654580333529733,0.6858904564379201,0.9047902111370333,high,0
-1.2783726841753595,1.8024118938847877,0.2075422948887419,1.0855993544291924,-0.24965553821891934,-0.5047341335312379,0.6930041103235537,0.9792597442869628,0.5283079852861369,low,0
-2.163155993213649,1.279955107875067,0.2408767572004076,-0.21557814702715894,0.7026599984993058,-0.9039940536120747,1.1120616535807375,0.3857499681816948,1.5100220193868834,medium,0
-0.8618157649046796,0.5536821381676549,1.3491351051134295,0.3783931127245818,0.794923113875559,-0.08787646708766267,0.6684372418965542,-0.03992646337336377,0.6731760695096404,high,0
0.5848326359941102,0.7531051934313914,-0.0325038930576894,0.12675010746100146,0.613460165671837,-0.5151315567868543,-0.9160289222080975,-0.8687675445729097,-1.0439900125254777,low,0
-2.517695899943923,1.0779614821245125,-0.6281493997556425,-0.18756459558426053,0.7267940464018038,-0.7092839234592455,1.5730447181599903,0.24511428437261784,2.014359848771346,high,0
-0.9105818884969306,0.2677423236496659,0.8070464166066873,0.34841336498835596,-0.3686193657856996,0.10566100694908022,0.8667645705892746,-0.07492655611844788,0.8881353082817092,high,0
0.8379751895700562,-0.33065205996038316,-0.023393960243946223,0.3073733604937952,-0.5927992331786469,0.37602498656433225,-0.40765470085949523,-0.48016958420723416,-0.6356765271154459,high,0
0.36083162652959994,0.09681754613916999,0.8102600443753338,0.5260123442959278,0.8601826383951566,0.24486653820734758,-0.10440387891913273,-1.0175847772133757,-0.3325764438944589,high,1
-0.3739858855378677,0.6122825326934187,1.0546206284873183,-0.13431047129733303,2.1655214522065567,-0.5060356994409071,-0.09235620075678024,-0.35385896282010376,0.009442195410685875,medium,1
0.6329761663218596,-0.2404091598366498,-0.5279940217656136,0.144792330546183,-0.6111771520193271,0.21991708484300249,-0.36078794986878665,-0.6525282932166452,-0.5040399869998888,high,1
-0.2199056721438462,-0.39451009750280003,-0.9948563524675411,-1.3358981891868809,1.9530596955398964,-0.5691414481188283,-0.28688800901591655,0.4070903833988318,0.1880278961488827,high,0
-0.927366534248913,0.43558727155379534,-0.21495483807895113,0.18585092247052998,-1.2535060123717616,-0.12236885342393418,0.6945584729886927,-0.9240628073410654,0.7726846304138066,high,0
-2.2085115883281707,2.276728131399844,-0.8383618800008077,1.2997600870866755,-1.6711471647953489,-0.6366691422898232,1.3824484543694313,0.5363892188475762,1.2869910952223902,low,0
-0.6555151595427327,1.5914081504422974,0.26425476360733907,1.499545865984174,-1.5478015563090313,-0.12911862361020196,0.469775233971434,-0.3103909913775655,0.07418236763442809,low,0
0.4365871093701676,0.09056307628844561,0.5644982040474971,0.357429318443497,-0.9677523395470999,0.1328595203840158,-0.2615967657639025,-0.3075773895637438,-0.4452385368158383,high,1
0.05023829364997534,0.12411330859234711,-0.5674472812283516,-0.50265515815003,-1.9111593252604877,-0.4243149657456316,-0.391975773920235,-1.2629629368673227,-0.2326082859624416,medium,0
0.9112744652286437,2.2849208954516476,0.665334534508875,1.5311881549603168,-0.851180482447485,-0.7419690062565397,-1.3650530798610025,0.18807335699177305,-2.0041885723458552,low,1
1.8371663477540197,0.45054354405775815,0.4612720843178312,1.3881778690415478,-1.4228769078115544,0.4322914838504428,-1.2047693448335812,0.03971382171963468,-1.9389735397285934,medium,0
-1.374092739657614,0.4380568057372241,1.130526619537311,-0.90138609846659,-0.9465645185278149,-0.8008163929637746,0.5151581010418779,-0.5630810770523736,1.0205636815923131,medium,0
0.497978879694755,0.6939319375035365,0.3780462604278832,0.26270163659813917,-1.1238784051255941,-0.37573564830957773,-0.727462811111251,-0.38856822049120293,-0.887615048270384,low,1
0.30637432193269953,-0.4278741072729498,-0.5982793341978477,-0.441054126591198,0.9437155057560443,-0.0005789821420035353,-0.26643633915154097,0.28727251402742693,-0.1669970606941223,high,1
1.0603153659326758,1.169501769792903,0.11712421614985134,2.327223367402955,-0.7113032269494793,0.5840769635390505,-0.4090223800555958,0.5975377058947282,-1.3367054814758852,medium,0
-0.9433557171724645,-0.13766973394682375,-1.185921599186856,0.3943103499060896,-0.8557425799515072,0.4350767426096061,1.1623843330965717,-0.6650459180031121,1.172587928843148,very_high,1
0.5034050241619491,0.6317024086949161,-0.5587995720623407,0.7896678692413722,0.2637555848225758,0.014745516684968114,-0.41022941484530884,1.664641821966275,-0.746008974049939,medium,1
-0.3262957885785977,0.6655752110993617,2.135586730077366,0.336326465176486,0.4136162575716805,-0.24041717386851233,0.086958569242284,-2.1239928181256356,0.02572059272194256,medium,0
0.8795967969495879,2.001197481470944,1.4548261741466506,1.7219637428173205,-0.20937561331191326,-0.4067445497904655,-1.0642401359916651,-0.6996008087023639,-1.762474775367869,low,1
0.31363069496093937,-0.5385462156371902,0.4137542029473876,0.19138769527847715,1.7283293805663333,0.4943363727360852,0.13497036862424103,0.09502788527207305,0.023441824131085354,very_high,1
0.5436330029901774,-0.3132973112050291,0.28456679047452627,0.97488035589988,1.435856464085898,0.8244897955644371,0.2139915943899772,-0.5953056976939823,-0.19120640137649006,very_high,1
0.3019988506176943,-0.41614901412407185,0.5647762643141505,-0.2426395684584216,-1.5377078085300024,0.12123365268063288,-0.16195835426521624,0.7341063358072487,-0.12761149207054875,high,1
0.42176208972797236,-0.03624988945699826,-1.98468794144591,1.0602630045381007,0.23513529936618852,0.687498935732,0.20779758742832935,-1.4587583925306935,-0.20687507832108915,very_high,1
0.7361448234884175,1.2130917280466524,0.32093006192565754,1.7670461206406332,0.07991526374003749,0.21111300987731027,-0.4401588755886738,-0.5106084992975795,-1.1335343554765536,low,1
-0.21485887471196874,0.2622339494823045,0.5308015836727296,-0.5663443278961895,0.47263976299001165,-0.5458129958297209,-0.2647448567778787,0.6054045047627467,-0.04429204036201762,medium,0
-3.516678991902918,1.6678108552396045,0.21740585272700344,-0.3736682694015472,1.2724283828165954,-1.1825672829635352,2.040506487940678,-0.19466369502467995,2.6942929798808026,medium,0
0.4909805857317117,-0.4193575374957404,0.5136092944152219,1.78142705421793,1.5498186063283395,1.4349584783803477,0.7619881632389373,-1.6612044051839225,0.09708565692043912,very_high,1
0.5182446368943168,0.8961087356602283,-0.4580251830145565,1.5008145219238342,-0.2544760766453415,0.28613559001437955,-0.1958244922121037,1.2371808002890092,-0.7690024496162093,medium,0
0.8094599325876024,-1.4743740578086566,1.027151035893151,-2.4543323806677098,1.7464906315946216,-0.5946869200359152,-1.19765318864262,-0.7957176635206115,-0.5083545206282665,high,1
0.31095574526327396,-0.2783714699290239,-0.7704247991378789,-0.8393886093051592,1.6170449245216825,-0.3714298015897397,-0.5750357132754945,-0.6160712153363237,-0.3439222368375652,high,1
-1.7024909797779355,0.8657472774947952,1.907490672553268,-0.5433240714222594,0.4457598512171287,-0.8527245218452378,0.75702001040713,1.0864801228903818,1.193793476763446,medium,0
0.6690862237612824,-0.3701082558156663,1.5480082208186925,2.364099688725913,-0.5912156192423738,1.76647294497063,0.8844685605685498,-0.8818184989854194,-0.00013846780083129941,very_high,1
0.8066009495280633,-0.8028208997451066,0.02250038824543957,-1.340304018561123,0.07468584263688564,-0.3557906674421954,-0.9905450036877452,0.7777350472478546,-0.6686840995538923,high,0
0.7699190581235785,1.5143506845782557,-1.722256933957519,1.7672199507722435,0.4458388752292466,-0.01196449495267228,-0.6499337503785717,0.5274808330277304,-1.3477843415168334,low,1
-0.20194046010460054,-0.42368171960100615,-0.12049741389935952,-0.29620906745687736,-0.5902146122004895,0.1321780529745489,0.2767684488851057,2.523373331399558,0.4042883131894301,very_high,1
-1.5684598276239947,1.4156115994604987,0.21838898754417418,1.540180251179486,-0.1934276285812056,0.09961403479963504,1.4353656486119881,1.4751123643098556,1.1625831949002343,high,0
-0.4795290592631373,1.008587077734561,0.2252697220150467,0.3652727549591671,1.0745297902299311,-0.46014918562010115,0.039886954912774095,-0.7974381170700989,-0.00728357117463203,low,0
-1.1609749571101613,1.1487598334540632,-0.39272623842581755,-0.10065585096536411,-1.1929733710191368,-0.813283392930784,0.33087674300932096,0.24389094162045094,0.5404541395976435,low,0
-0.3088205333702244,0.5183196259782529,1.3355704555367565,-0.1406829567415923,-0.32307574267702455,-0.4466885954822434,-0.09993612250832012,-1.5008020152621748,-0.00597845749773634,medium,0
1.3150801780318224,-1.3470694287599214,0.24489730171272925,-1.0868891568565358,0.365169001048321,0.16769640327066745,-0.9977287184156498,-1.4168235279491899,-0.8371352982356892,very_high,1
-0.049685509735216016,-0.12665223290532582,1.4137696482912587,-0.6860396856987812,1.4239538455411669,-0.3529459824075359,-0.2505480818955843,0.3090468350240348,-0.01596480293864768,high,1
-2.919948599784181,0.371004732970015,-0.8605654038138869,-1.0030556377266766,2.1112963340995843,-0.694017225644128,1.920977422474785,-1.1516811090343435,2.6913320345406553,very_high,0
1.6783910915967049,-0.8790749179005293,-0.4552205808827054,1.3870063667507804,-1.742082457705964,1.4173692658676846,-0.2702110851424654,-0.08081557316355767,-0.98307655600338,very_high,1
1.8032241273707523,-2.2324172799765387,-0.104009227724695,-2.7328813869311803,0.8268386307091143,-0.3024270893533385,-1.8120294943828126,-0.10852784256484785,-1.1807500709098684,very_high,0
-0.7276473834040706,0.4890496600208412,-0.5208929039037633,-0.606833850840807,0.046637366565965746,-0.6970903401115985,0.05009328229717514,1.0469545344282092,0.3612040716334434,medium,0
